[{"code_insee":"01001","nom":"L'Abergement-Clémenciat","codes_postaux":["01400"],"code_dep":"01","code_region":"84","population":860,"surface_km2":15.64,"lat":46.1517,"lon":4.9306},{"code_insee":"01002","nom":"L'Abergement-de-Varey","codes_postaux":["01640"],"code_dep":"01","code_region":"84","population":270,"surface_km2":9.19,"lat":46.0071,"lon":5.4247},{"code_insee":"01004","nom":"Ambérieu-en-Bugey","codes_postaux":["01500"],"code_dep":"01","code_region":"84","population":15934,"surface_km2":24.55,"lat":45.9575,"lon":5.3706},{"code_insee":"01005","nom":"Ambérieux-en-Dombes","codes_postaux":["01330"],"code_dep":"01","code_region":"84","population":1906,"surface_km2":16.04,"lat":45.9992,"lon":4.9119},{"code_insee":"01006","nom":"Ambléon","codes_postaux":["01300"],"code_dep":"01","code_region":"84","population":115,"surface_km2":6.04,"lat":45.7483,"lon":5.5928},{"code_insee":"01007","nom":"Ambronay","codes_postaux":["01500"],"code_dep":"01","code_region":"84","population":2841,"surface_km2":33.71,"lat":46.0099,"lon":5.3627},{"code_insee":"01008","nom":"Ambutrix","codes_postaux":["01500"],"code_dep":"01","code_region":"84","population":760,"surface_km2":5.18,"lat":45.9347,"lon":5.3359},{"code_insee":"01009","nom":"Andert-et-Condon","codes_postaux":["01300"],"code_dep":"01","code_region":"84","population":348,"surface_km2":7.01,"lat":45.7841,"lon":5.6607},{"code_insee":"01010","nom":"Anglefort","codes_postaux":["01350"],"code_dep":"01","code_region":"84","population":1174,"surface_km2":29.56,"lat":45.9086,"lon":5.7948},{"code_insee":"01011","nom":"Apremont","codes_postaux":["01100"],"code_dep":"01","code_region":"84","population":415,"surface_km2":15.07,"lat":46.2045,"lon":5.6619},{"code_insee":"01012","nom":"Aranc","codes_postaux":["01110"],"code_dep":"01","code_region":"84","population":331,"surface_km2":21.71,"lat":45.9972,"lon":5.514},{"code_insee":"01013","nom":"Arandas","codes_postaux":["01230"],"code_dep":"01","code_region":"84","population":138,"surface_km2":14.05,"lat":45.8885,"lon":5.4982},{"code_insee":"01014","nom":"Arbent","codes_postaux":["01100"],"code_dep":"01","code_region":"84","population":3555,"surface_km2":23.67,"lat":46.2838,"lon":5.6879},{"code_insee":"01015","nom":"Arboys en Bugey","codes_postaux":["01300"],"code_dep":"01","code_region":"84","population":710,"surface_km2":22.61,"lat":45.7189,"lon":5.6404},{"code_insee":"01016","nom":"Arbigny","codes_postaux":["01190"],"code_dep":"01","code_region":"84","population":462,"surface_km2":17.54,"lat":46.4808,"lon":4.9613},{"code_insee":"01017","nom":"Argis","codes_postaux":["01230"],"code_dep":"01","code_region":"84","population":419,"surface_km2":7.82,"lat":45.9322,"lon":5.4819},{"code_insee":"01019","nom":"Armix","codes_postaux":["01510"],"code_dep":"01","code_region":"84","population":25,"surface_km2":6.97,"lat":45.8523,"lon":5.5837},{"code_insee":"01021","nom":"Ars-sur-Formans","codes_postaux":["01480"],"code_dep":"01","code_region":"84","population":1528,"surface_km2":5.52,"lat":45.9904,"lon":4.8195},{"code_insee":"01022","nom":"Artemare","codes_postaux":["01510"],"code_dep":"01","code_region":"84","population":1139,"surface_km2":3.32,"lat":45.8701,"lon":5.692},{"code_insee":"01023","nom":"Asnières-sur-Saône","codes_postaux":["01570"],"code_dep":"01","code_region":"84","population":78,"surface_km2":4.67,"lat":46.3859,"lon":4.882},{"code_insee":"01024","nom":"Attignat","codes_postaux":["01340"],"code_dep":"01","code_region":"84","population":3409,"surface_km2":18.94,"lat":46.2858,"lon":5.1823},{"code_insee":"01025","nom":"Bâgé-Dommartin","codes_postaux":["01380"],"code_dep":"01","code_region":"84","population":4050,"surface_km2":57.01,"lat":46.3277,"lon":4.9704},{"code_insee":"01026","nom":"Bâgé-le-Châtel","codes_postaux":["01380"],"code_dep":"01","code_region":"84","population":971,"surface_km2":0.88,"lat":46.3081,"lon":4.9305},{"code_insee":"01027","nom":"Balan","codes_postaux":["01360"],"code_dep":"01","code_region":"84","population":3077,"surface_km2":17.99,"lat":45.8268,"lon":5.1076},{"code_insee":"01028","nom":"Baneins","codes_postaux":["01990"],"code_dep":"01","code_region":"84","population":621,"surface_km2":9.07,"lat":46.1117,"lon":4.9045},{"code_insee":"01029","nom":"Beaupont","codes_postaux":["01270"],"code_dep":"01","code_region":"84","population":734,"surface_km2":14.16,"lat":46.4274,"lon":5.2634},{"code_insee":"01030","nom":"Beauregard","codes_postaux":["01480"],"code_dep":"01","code_region":"84","population":872,"surface_km2":0.98,"lat":46.0012,"lon":4.7567},{"code_insee":"01031","nom":"Bellignat","codes_postaux":["01100"],"code_dep":"01","code_region":"84","population":3525,"surface_km2":7.82,"lat":46.2402,"lon":5.6371},{"code_insee":"01032","nom":"Béligneux","codes_postaux":["01360"],"code_dep":"01","code_region":"84","population":3535,"surface_km2":13.36,"lat":45.8622,"lon":5.1415},{"code_insee":"01033","nom":"Valserhône","codes_postaux":["01200"],"code_dep":"01","code_region":"84","population":16712,"surface_km2":62.86,"lat":46.1234,"lon":5.7944},{"code_insee":"01034","nom":"Belley","codes_postaux":["01300"],"code_dep":"01","code_region":"84","population":9388,"surface_km2":22.55,"lat":45.743,"lon":5.6927},{"code_insee":"01035","nom":"Belleydoux","codes_postaux":["01130"],"code_dep":"01","code_region":"84","population":306,"surface_km2":17.82,"lat":46.2519,"lon":5.7816},{"code_insee":"01036","nom":"Valromey-sur-Séran","codes_postaux":["01260"],"code_dep":"01","code_region":"84","population":1351,"surface_km2":56.6,"lat":45.9236,"lon":5.6626},{"code_insee":"01037","nom":"Bénonces","codes_postaux":["01470"],"code_dep":"01","code_region":"84","population":311,"surface_km2":15.36,"lat":45.842,"lon":5.4834},{"code_insee":"01038","nom":"Bény","codes_postaux":["01370"],"code_dep":"01","code_region":"84","population":777,"surface_km2":18.28,"lat":46.3189,"lon":5.2789},{"code_insee":"01040","nom":"Béréziat","codes_postaux":["01340"],"code_dep":"01","code_region":"84","population":475,"surface_km2":11.27,"lat":46.3699,"lon":5.0431},{"code_insee":"01041","nom":"Bettant","codes_postaux":["01500"],"code_dep":"01","code_region":"84","population":774,"surface_km2":3.43,"lat":45.9366,"lon":5.3648},{"code_insee":"01042","nom":"Bey","codes_postaux":["01290"],"code_dep":"01","code_region":"84","population":286,"surface_km2":2.78,"lat":46.2182,"lon":4.844},{"code_insee":"01043","nom":"Beynost","codes_postaux":["01700"],"code_dep":"01","code_region":"84","population":5198,"surface_km2":10.69,"lat":45.8359,"lon":4.9964},{"code_insee":"01044","nom":"Billiat","codes_postaux":["01200"],"code_dep":"01","code_region":"84","population":713,"surface_km2":14.04,"lat":46.0778,"lon":5.7632},{"code_insee":"01045","nom":"Birieux","codes_postaux":["01330"],"code_dep":"01","code_region":"84","population":275,"surface_km2":15.77,"lat":45.9509,"lon":5.0401},{"code_insee":"01046","nom":"Biziat","codes_postaux":["01290"],"code_dep":"01","code_region":"84","population":889,"surface_km2":11.58,"lat":46.224,"lon":4.9393},{"code_insee":"01047","nom":"Blyes","codes_postaux":["01150"],"code_dep":"01","code_region":"84","population":1401,"surface_km2":9.42,"lat":45.8442,"lon":5.2515},{"code_insee":"01049","nom":"La Boisse","codes_postaux":["01120"],"code_dep":"01","code_region":"84","population":3449,"surface_km2":9.42,"lat":45.8483,"lon":5.0262},{"code_insee":"01050","nom":"Boissey","codes_postaux":["01190","01380"],"code_dep":"01","code_region":"84","population":396,"surface_km2":9.45,"lat":46.3723,"lon":4.9975},{"code_insee":"01051","nom":"Bolozon","codes_postaux":["01450"],"code_dep":"01","code_region":"84","population":103,"surface_km2":4.97,"lat":46.1971,"lon":5.4701},{"code_insee":"01052","nom":"Bouligneux","codes_postaux":["01330"],"code_dep":"01","code_region":"84","population":318,"surface_km2":26.24,"lat":46.0202,"lon":4.9957},{"code_insee":"01053","nom":"Bourg-en-Bresse","codes_postaux":["01000"],"code_dep":"01","code_region":"84","population":42372,"surface_km2":24.03,"lat":46.2027,"lon":5.2469},{"code_insee":"01054","nom":"Bourg-Saint-Christophe","codes_postaux":["01800"],"code_dep":"01","code_region":"84","population":1562,"surface_km2":9.0,"lat":45.8842,"lon":5.1393},{"code_insee":"01056","nom":"Boyeux-Saint-Jérôme","codes_postaux":["01640"],"code_dep":"01","code_region":"84","population":367,"surface_km2":16.71,"lat":46.0356,"lon":5.4616},{"code_insee":"01057","nom":"Boz","codes_postaux":["01190"],"code_dep":"01","code_region":"84","population":513,"surface_km2":7.69,"lat":46.4089,"lon":4.9166},{"code_insee":"01058","nom":"Brégnier-Cordon","codes_postaux":["01300"],"code_dep":"01","code_region":"84","population":804,"surface_km2":11.26,"lat":45.6406,"lon":5.6174},{"code_insee":"01060","nom":"Brénod","codes_postaux":["01110"],"code_dep":"01","code_region":"84","population":576,"surface_km2":24.02,"lat":46.0791,"lon":5.6116},{"code_insee":"01061","nom":"Brens","codes_postaux":["01300"],"code_dep":"01","code_region":"84","population":1123,"surface_km2":6.88,"lat":45.7163,"lon":5.69},{"code_insee":"01062","nom":"Bressolles","codes_postaux":["01360"],"code_dep":"01","code_region":"84","population":1028,"surface_km2":7.66,"lat":45.8714,"lon":5.0984},{"code_insee":"01063","nom":"Brion","codes_postaux":["01460"],"code_dep":"01","code_region":"84","population":592,"surface_km2":4.49,"lat":46.1689,"lon":5.5477},{"code_insee":"01064","nom":"Briord","codes_postaux":["01470"],"code_dep":"01","code_region":"84","population":1119,"surface_km2":12.32,"lat":45.768,"lon":5.4832},{"code_insee":"01065","nom":"Buellas","codes_postaux":["01310"],"code_dep":"01","code_region":"84","population":1899,"surface_km2":10.25,"lat":46.2116,"lon":5.1468},{"code_insee":"01066","nom":"La Burbanche","codes_postaux":["01510"],"code_dep":"01","code_region":"84","population":98,"surface_km2":11.02,"lat":45.8629,"lon":5.548},{"code_insee":"01067","nom":"Ceignes","codes_postaux":["01430"],"code_dep":"01","code_region":"84","population":257,"surface_km2":10.17,"lat":46.1258,"lon":5.4957},{"code_insee":"01068","nom":"Cerdon","codes_postaux":["01450"],"code_dep":"01","code_region":"84","population":747,"surface_km2":12.1,"lat":46.075,"lon":5.4755},{"code_insee":"01069","nom":"Certines","codes_postaux":["01240"],"code_dep":"01","code_region":"84","population":1531,"surface_km2":16.02,"lat":46.1336,"lon":5.2638},{"code_insee":"01071","nom":"Cessy","codes_postaux":["01170"],"code_dep":"01","code_region":"84","population":5832,"surface_km2":6.4,"lat":46.3157,"lon":6.082},{"code_insee":"01072","nom":"Ceyzériat","codes_postaux":["01250"],"code_dep":"01","code_region":"84","population":3328,"surface_km2":9.23,"lat":46.1822,"lon":5.3191},{"code_insee":"01073","nom":"Ceyzérieu","codes_postaux":["01350"],"code_dep":"01","code_region":"84","population":1064,"surface_km2":19.86,"lat":45.8368,"lon":5.7197},{"code_insee":"01074","nom":"Chalamont","codes_postaux":["01320"],"code_dep":"01","code_region":"84","population":2533,"surface_km2":32.99,"lat":46.0149,"lon":5.1735},{"code_insee":"01075","nom":"Chaleins","codes_postaux":["01480"],"code_dep":"01","code_region":"84","population":1505,"surface_km2":17.09,"lat":46.0361,"lon":4.7999},{"code_insee":"01076","nom":"Chaley","codes_postaux":["01230"],"code_dep":"01","code_region":"84","population":129,"surface_km2":4.64,"lat":45.9511,"lon":5.5408},{"code_insee":"01077","nom":"Challes-la-Montagne","codes_postaux":["01450"],"code_dep":"01","code_region":"84","population":184,"surface_km2":7.76,"lat":46.1237,"lon":5.456},{"code_insee":"01078","nom":"Challex","codes_postaux":["01630"],"code_dep":"01","code_region":"84","population":1632,"surface_km2":8.71,"lat":46.1765,"lon":5.9735},{"code_insee":"01079","nom":"Champagne-en-Valromey","codes_postaux":["01260"],"code_dep":"01","code_region":"84","population":831,"surface_km2":18.33,"lat":45.9317,"lon":5.6921},{"code_insee":"01080","nom":"Champdor-Corcelles","codes_postaux":["01110"],"code_dep":"01","code_region":"84","population":665,"surface_km2":31.49,"lat":46.0371,"lon":5.5882},{"code_insee":"01081","nom":"Champfromier","codes_postaux":["01410"],"code_dep":"01","code_region":"84","population":725,"surface_km2":31.92,"lat":46.2264,"lon":5.8216},{"code_insee":"01082","nom":"Chanay","codes_postaux":["01420"],"code_dep":"01","code_region":"84","population":574,"surface_km2":18.4,"lat":46.0024,"lon":5.7674},{"code_insee":"01083","nom":"Chaneins","codes_postaux":["01990"],"code_dep":"01","code_region":"84","population":1046,"surface_km2":12.73,"lat":46.0947,"lon":4.8517},{"code_insee":"01084","nom":"Chanoz-Châtenay","codes_postaux":["01400"],"code_dep":"01","code_region":"84","population":989,"surface_km2":13.36,"lat":46.1868,"lon":5.0302},{"code_insee":"01085","nom":"La Chapelle-du-Châtelard","codes_postaux":["01240"],"code_dep":"01","code_region":"84","population":388,"surface_km2":13.69,"lat":46.0683,"lon":5.0174},{"code_insee":"01087","nom":"Charix","codes_postaux":["01130"],"code_dep":"01","code_region":"84","population":280,"surface_km2":18.61,"lat":46.1893,"lon":5.6773},{"code_insee":"01088","nom":"Charnoz-sur-Ain","codes_postaux":["01800"],"code_dep":"01","code_region":"84","population":951,"surface_km2":6.6,"lat":45.8756,"lon":5.2251},{"code_insee":"01089","nom":"Château-Gaillard","codes_postaux":["01500"],"code_dep":"01","code_region":"84","population":2443,"surface_km2":16.07,"lat":45.9723,"lon":5.3091},{"code_insee":"01090","nom":"Châtenay","codes_postaux":["01320"],"code_dep":"01","code_region":"84","population":373,"surface_km2":15.22,"lat":46.0276,"lon":5.2085},{"code_insee":"01092","nom":"Châtillon-la-Palud","codes_postaux":["01320"],"code_dep":"01","code_region":"84","population":1698,"surface_km2":14.1,"lat":45.9757,"lon":5.246},{"code_insee":"01093","nom":"Châtillon-sur-Chalaronne","codes_postaux":["01400"],"code_dep":"01","code_region":"84","population":5250,"surface_km2":18.08,"lat":46.1264,"lon":4.9549},{"code_insee":"01094","nom":"Chavannes-sur-Reyssouze","codes_postaux":["01190"],"code_dep":"01","code_region":"84","population":726,"surface_km2":16.51,"lat":46.4403,"lon":5.0069},{"code_insee":"01095","nom":"Nivigne et Suran","codes_postaux":["01250"],"code_dep":"01","code_region":"84","population":820,"surface_km2":31.21,"lat":46.2824,"lon":5.4323},{"code_insee":"01096","nom":"Chaveyriat","codes_postaux":["01660"],"code_dep":"01","code_region":"84","population":1078,"surface_km2":16.78,"lat":46.1991,"lon":5.0534},{"code_insee":"01098","nom":"Chazey-Bons","codes_postaux":["01300","01510"],"code_dep":"01","code_region":"84","population":1142,"surface_km2":15.57,"lat":45.8007,"lon":5.6678},{"code_insee":"01099","nom":"Chazey-sur-Ain","codes_postaux":["01150"],"code_dep":"01","code_region":"84","population":1632,"surface_km2":22.08,"lat":45.8937,"lon":5.2604},{"code_insee":"01100","nom":"Cheignieu-la-Balme","codes_postaux":["01510"],"code_dep":"01","code_region":"84","population":131,"surface_km2":5.96,"lat":45.8233,"lon":5.6022},{"code_insee":"01101","nom":"Chevillard","codes_postaux":["01430"],"code_dep":"01","code_region":"84","population":149,"surface_km2":6.63,"lat":46.1087,"lon":5.5815},{"code_insee":"01102","nom":"Chevroux","codes_postaux":["01190"],"code_dep":"01","code_region":"84","population":990,"surface_km2":17.2,"lat":46.3822,"lon":4.9598},{"code_insee":"01103","nom":"Chevry","codes_postaux":["01170"],"code_dep":"01","code_region":"84","population":2372,"surface_km2":5.82,"lat":46.2841,"lon":6.0474},{"code_insee":"01104","nom":"Chézery-Forens","codes_postaux":["01200","01410"],"code_dep":"01","code_region":"84","population":433,"surface_km2":46.61,"lat":46.2244,"lon":5.8693},{"code_insee":"01105","nom":"Civrieux","codes_postaux":["01390"],"code_dep":"01","code_region":"84","population":2016,"surface_km2":20.17,"lat":45.9208,"lon":4.8895},{"code_insee":"01106","nom":"Cize","codes_postaux":["01250"],"code_dep":"01","code_region":"84","population":168,"surface_km2":4.55,"lat":46.2015,"lon":5.45},{"code_insee":"01107","nom":"Cleyzieu","codes_postaux":["01230"],"code_dep":"01","code_region":"84","population":143,"surface_km2":7.72,"lat":45.9027,"lon":5.4317},{"code_insee":"01108","nom":"Coligny","codes_postaux":["01270"],"code_dep":"01","code_region":"84","population":1360,"surface_km2":16.88,"lat":46.3889,"lon":5.3352},{"code_insee":"01109","nom":"Collonges","codes_postaux":["01550"],"code_dep":"01","code_region":"84","population":2398,"surface_km2":16.33,"lat":46.1397,"lon":5.9007},{"code_insee":"01110","nom":"Colomieu","codes_postaux":["01300"],"code_dep":"01","code_region":"84","population":159,"surface_km2":5.88,"lat":45.7338,"lon":5.6269},{"code_insee":"01111","nom":"Conand","codes_postaux":["01230"],"code_dep":"01","code_region":"84","population":134,"surface_km2":15.34,"lat":45.8836,"lon":5.4787},{"code_insee":"01112","nom":"Condamine","codes_postaux":["01430"],"code_dep":"01","code_region":"84","population":480,"surface_km2":4.54,"lat":46.1056,"lon":5.5596},{"code_insee":"01113","nom":"Condeissiat","codes_postaux":["01400"],"code_dep":"01","code_region":"84","population":839,"surface_km2":21.76,"lat":46.1541,"lon":5.0863},{"code_insee":"01114","nom":"Confort","codes_postaux":["01200"],"code_dep":"01","code_region":"84","population":668,"surface_km2":11.29,"lat":46.1536,"lon":5.8358},{"code_insee":"01115","nom":"Confrançon","codes_postaux":["01310"],"code_dep":"01","code_region":"84","population":1356,"surface_km2":18.18,"lat":46.2732,"lon":5.06},{"code_insee":"01116","nom":"Contrevoz","codes_postaux":["01300"],"code_dep":"01","code_region":"84","population":494,"surface_km2":14.24,"lat":45.7971,"lon":5.6164},{"code_insee":"01117","nom":"Conzieu","codes_postaux":["01300"],"code_dep":"01","code_region":"84","population":155,"surface_km2":7.13,"lat":45.7246,"lon":5.602},{"code_insee":"01118","nom":"Corbonod","codes_postaux":["01420"],"code_dep":"01","code_region":"84","population":1333,"surface_km2":32.06,"lat":45.9668,"lon":5.7902},{"code_insee":"01121","nom":"Corlier","codes_postaux":["01110"],"code_dep":"01","code_region":"84","population":116,"surface_km2":5.55,"lat":46.0369,"lon":5.5003},{"code_insee":"01123","nom":"Cormoranche-sur-Saône","codes_postaux":["01290"],"code_dep":"01","code_region":"84","population":1179,"surface_km2":9.94,"lat":46.2459,"lon":4.8305},{"code_insee":"01124","nom":"Cormoz","codes_postaux":["01560"],"code_dep":"01","code_region":"84","population":703,"surface_km2":19.67,"lat":46.4375,"lon":5.2209},{"code_insee":"01125","nom":"Corveissiat","codes_postaux":["01250"],"code_dep":"01","code_region":"84","population":601,"surface_km2":23.03,"lat":46.2514,"lon":5.4771},{"code_insee":"01127","nom":"Courmangoux","codes_postaux":["01370"],"code_dep":"01","code_region":"84","population":522,"surface_km2":15.04,"lat":46.3243,"lon":5.3585},{"code_insee":"01128","nom":"Courtes","codes_postaux":["01560"],"code_dep":"01","code_region":"84","population":289,"surface_km2":8.96,"lat":46.4564,"lon":5.1128},{"code_insee":"01129","nom":"Crans","codes_postaux":["01320"],"code_dep":"01","code_region":"84","population":326,"surface_km2":13.25,"lat":45.9667,"lon":5.1917},{"code_insee":"01130","nom":"Bresse Vallons","codes_postaux":["01340"],"code_dep":"01","code_region":"84","population":2388,"surface_km2":26.17,"lat":46.3271,"lon":5.1822},{"code_insee":"01133","nom":"Cressin-Rochefort","codes_postaux":["01350"],"code_dep":"01","code_region":"84","population":380,"surface_km2":7.79,"lat":45.7833,"lon":5.765},{"code_insee":"01134","nom":"Crottet","codes_postaux":["01290","01750"],"code_dep":"01","code_region":"84","population":1847,"surface_km2":12.27,"lat":46.2848,"lon":4.876},{"code_insee":"01135","nom":"Crozet","codes_postaux":["01170"],"code_dep":"01","code_region":"84","population":2416,"surface_km2":27.25,"lat":46.2906,"lon":5.9929},{"code_insee":"01136","nom":"Cruzilles-lès-Mépillat","codes_postaux":["01290"],"code_dep":"01","code_region":"84","population":984,"surface_km2":11.92,"lat":46.2233,"lon":4.876},{"code_insee":"01138","nom":"Culoz-Béon","codes_postaux":["01350"],"code_dep":"01","code_region":"84","population":3453,"surface_km2":29.31,"lat":45.8553,"lon":5.7716},{"code_insee":"01139","nom":"Curciat-Dongalon","codes_postaux":["01560"],"code_dep":"01","code_region":"84","population":472,"surface_km2":23.97,"lat":46.4883,"lon":5.1666},{"code_insee":"01140","nom":"Curtafond","codes_postaux":["01310"],"code_dep":"01","code_region":"84","population":825,"surface_km2":12.74,"lat":46.2742,"lon":5.1051},{"code_insee":"01141","nom":"Cuzieu","codes_postaux":["01300"],"code_dep":"01","code_region":"84","population":424,"surface_km2":4.86,"lat":45.8216,"lon":5.6802},{"code_insee":"01142","nom":"Dagneux","codes_postaux":["01120"],"code_dep":"01","code_region":"84","population":4778,"surface_km2":6.83,"lat":45.854,"lon":5.0748},{"code_insee":"01143","nom":"Divonne-les-Bains","codes_postaux":["01220"],"code_dep":"01","code_region":"84","population":10464,"surface_km2":33.89,"lat":46.3754,"lon":6.1114},{"code_insee":"01145","nom":"Dompierre-sur-Veyle","codes_postaux":["01240"],"code_dep":"01","code_region":"84","population":1245,"surface_km2":29.15,"lat":46.0672,"lon":5.2167},{"code_insee":"01146","nom":"Dompierre-sur-Chalaronne","codes_postaux":["01400"],"code_dep":"01","code_region":"84","population":456,"surface_km2":4.77,"lat":46.142,"lon":4.9004},{"code_insee":"01147","nom":"Domsure","codes_postaux":["01270"],"code_dep":"01","code_region":"84","population":554,"surface_km2":15.29,"lat":46.4211,"lon":5.2945},{"code_insee":"01148","nom":"Dortan","codes_postaux":["01590"],"code_dep":"01","code_region":"84","population":2074,"surface_km2":18.78,"lat":46.3184,"lon":5.6443},{"code_insee":"01149","nom":"Douvres","codes_postaux":["01500"],"code_dep":"01","code_region":"84","population":1104,"surface_km2":5.2,"lat":45.9847,"lon":5.3724},{"code_insee":"01150","nom":"Drom","codes_postaux":["01250"],"code_dep":"01","code_region":"84","population":215,"surface_km2":7.84,"lat":46.2202,"lon":5.3674},{"code_insee":"01151","nom":"Druillat","codes_postaux":["01160"],"code_dep":"01","code_region":"84","population":1129,"surface_km2":20.87,"lat":46.0691,"lon":5.2947},{"code_insee":"01152","nom":"Échallon","codes_postaux":["01130"],"code_dep":"01","code_region":"84","population":784,"surface_km2":28.15,"lat":46.2293,"lon":5.7346},{"code_insee":"01153","nom":"Échenevex","codes_postaux":["01170"],"code_dep":"01","code_region":"84","population":2328,"surface_km2":16.45,"lat":46.3197,"lon":6.018},{"code_insee":"01155","nom":"Évosges","codes_postaux":["01230"],"code_dep":"01","code_region":"84","population":142,"surface_km2":12.03,"lat":45.963,"lon":5.5008},{"code_insee":"01156","nom":"Faramans","codes_postaux":["01800"],"code_dep":"01","code_region":"84","population":934,"surface_km2":11.23,"lat":45.9086,"lon":5.126},{"code_insee":"01157","nom":"Fareins","codes_postaux":["01480"],"code_dep":"01","code_region":"84","population":2533,"surface_km2":8.26,"lat":46.0235,"lon":4.7682},{"code_insee":"01158","nom":"Farges","codes_postaux":["01550"],"code_dep":"01","code_region":"84","population":1082,"surface_km2":14.2,"lat":46.1657,"lon":5.9054},{"code_insee":"01159","nom":"Feillens","codes_postaux":["01570"],"code_dep":"01","code_region":"84","population":3411,"surface_km2":14.9,"lat":46.3393,"lon":4.8866},{"code_insee":"01160","nom":"Ferney-Voltaire","codes_postaux":["01210"],"code_dep":"01","code_region":"84","population":12094,"surface_km2":4.79,"lat":46.252,"lon":6.1061},{"code_insee":"01162","nom":"Flaxieu","codes_postaux":["01350"],"code_dep":"01","code_region":"84","population":71,"surface_km2":2.92,"lat":45.8125,"lon":5.7466},{"code_insee":"01163","nom":"Foissiat","codes_postaux":["01340"],"code_dep":"01","code_region":"84","population":2034,"surface_km2":40.14,"lat":46.3792,"lon":5.1851},{"code_insee":"01165","nom":"Francheleins","codes_postaux":["01090"],"code_dep":"01","code_region":"84","population":1597,"surface_km2":13.66,"lat":46.0707,"lon":4.8111},{"code_insee":"01166","nom":"Frans","codes_postaux":["01480"],"code_dep":"01","code_region":"84","population":2582,"surface_km2":8.09,"lat":45.9905,"lon":4.7819},{"code_insee":"01167","nom":"Garnerans","codes_postaux":["01140"],"code_dep":"01","code_region":"84","population":711,"surface_km2":8.63,"lat":46.2124,"lon":4.8289},{"code_insee":"01169","nom":"Genouilleux","codes_postaux":["01090"],"code_dep":"01","code_region":"84","population":701,"surface_km2":4.1,"lat":46.1211,"lon":4.7926},{"code_insee":"01170","nom":"Béard-Géovreissiat","codes_postaux":["01460"],"code_dep":"01","code_region":"84","population":1048,"surface_km2":4.69,"lat":46.1884,"lon":5.5497},{"code_insee":"01171","nom":"Géovreisset","codes_postaux":["01100"],"code_dep":"01","code_region":"84","population":852,"surface_km2":3.28,"lat":46.2518,"lon":5.6163},{"code_insee":"01173","nom":"Gex","codes_postaux":["01170"],"code_dep":"01","code_region":"84","population":13627,"surface_km2":31.94,"lat":46.3515,"lon":6.0488},{"code_insee":"01174","nom":"Giron","codes_postaux":["01130"],"code_dep":"01","code_region":"84","population":174,"surface_km2":9.44,"lat":46.2209,"lon":5.7891},{"code_insee":"01175","nom":"Gorrevod","codes_postaux":["01190"],"code_dep":"01","code_region":"84","population":815,"surface_km2":6.89,"lat":46.4157,"lon":4.9507},{"code_insee":"01177","nom":"Grand-Corent","codes_postaux":["01250"],"code_dep":"01","code_region":"84","population":183,"surface_km2":7.03,"lat":46.2089,"lon":5.4388},{"code_insee":"01179","nom":"Grièges","codes_postaux":["01290"],"code_dep":"01","code_region":"84","population":1910,"surface_km2":14.78,"lat":46.2669,"lon":4.8475},{"code_insee":"01180","nom":"Grilly","codes_postaux":["01220"],"code_dep":"01","code_region":"84","population":889,"surface_km2":7.51,"lat":46.3318,"lon":6.1139},{"code_insee":"01181","nom":"Groissiat","codes_postaux":["01100"],"code_dep":"01","code_region":"84","population":1205,"surface_km2":6.19,"lat":46.227,"lon":5.6179},{"code_insee":"01183","nom":"Guéreins","codes_postaux":["01090"],"code_dep":"01","code_region":"84","population":1512,"surface_km2":4.48,"lat":46.106,"lon":4.7839},{"code_insee":"01184","nom":"Hautecourt-Romanèche","codes_postaux":["01250"],"code_dep":"01","code_region":"84","population":748,"surface_km2":21.42,"lat":46.1592,"lon":5.4311},{"code_insee":"01185","nom":"Plateau d'Hauteville","codes_postaux":["01110"],"code_dep":"01","code_region":"84","population":4857,"surface_km2":106.38,"lat":45.9305,"lon":5.5775},{"code_insee":"01187","nom":"Haut Valromey","codes_postaux":["01260"],"code_dep":"01","code_region":"84","population":801,"surface_km2":121.8,"lat":46.0436,"lon":5.6846},{"code_insee":"01188","nom":"Illiat","codes_postaux":["01140"],"code_dep":"01","code_region":"84","population":702,"surface_km2":20.41,"lat":46.1838,"lon":4.8884},{"code_insee":"01189","nom":"Injoux-Génissiat","codes_postaux":["01200"],"code_dep":"01","code_region":"84","population":1115,"surface_km2":29.62,"lat":46.0505,"lon":5.7678},{"code_insee":"01190","nom":"Innimond","codes_postaux":["01680"],"code_dep":"01","code_region":"84","population":95,"surface_km2":13.25,"lat":45.7875,"lon":5.5723},{"code_insee":"01191","nom":"Izenave","codes_postaux":["01430"],"code_dep":"01","code_region":"84","population":162,"surface_km2":13.14,"lat":46.038,"lon":5.5234},{"code_insee":"01192","nom":"Izernore","codes_postaux":["01580"],"code_dep":"01","code_region":"84","population":2299,"surface_km2":21.33,"lat":46.216,"lon":5.5609},{"code_insee":"01193","nom":"Izieu","codes_postaux":["01300"],"code_dep":"01","code_region":"84","population":225,"surface_km2":7.77,"lat":45.6555,"lon":5.6387},{"code_insee":"01194","nom":"Jassans-Riottier","codes_postaux":["01480"],"code_dep":"01","code_region":"84","population":6247,"surface_km2":5.02,"lat":45.9771,"lon":4.7626},{"code_insee":"01195","nom":"Jasseron","codes_postaux":["01250"],"code_dep":"01","code_region":"84","population":1917,"surface_km2":18.95,"lat":46.2176,"lon":5.317},{"code_insee":"01196","nom":"Jayat","codes_postaux":["01340"],"code_dep":"01","code_region":"84","population":1261,"surface_km2":16.29,"lat":46.3698,"lon":5.1117},{"code_insee":"01197","nom":"Journans","codes_postaux":["01250"],"code_dep":"01","code_region":"84","population":387,"surface_km2":2.44,"lat":46.1455,"lon":5.3333},{"code_insee":"01198","nom":"Joyeux","codes_postaux":["01800"],"code_dep":"01","code_region":"84","population":262,"surface_km2":16.6,"lat":45.946,"lon":5.0998},{"code_insee":"01199","nom":"Jujurieux","codes_postaux":["01640"],"code_dep":"01","code_region":"84","population":2260,"surface_km2":15.51,"lat":46.0503,"lon":5.4122},{"code_insee":"01200","nom":"Labalme","codes_postaux":["01450"],"code_dep":"01","code_region":"84","population":204,"surface_km2":8.93,"lat":46.0915,"lon":5.4945},{"code_insee":"01202","nom":"Lagnieu","codes_postaux":["01150"],"code_dep":"01","code_region":"84","population":7411,"surface_km2":27.37,"lat":45.8863,"lon":5.3396},{"code_insee":"01203","nom":"Laiz","codes_postaux":["01290"],"code_dep":"01","code_region":"84","population":1293,"surface_km2":10.39,"lat":46.2462,"lon":4.9006},{"code_insee":"01204","nom":"Le Poizat-Lalleyriat","codes_postaux":["01130"],"code_dep":"01","code_region":"84","population":732,"surface_km2":33.19,"lat":46.1392,"lon":5.6955},{"code_insee":"01206","nom":"Lantenay","codes_postaux":["01430"],"code_dep":"01","code_region":"84","population":260,"surface_km2":6.51,"lat":46.0531,"lon":5.5379},{"code_insee":"01207","nom":"Lapeyrouse","codes_postaux":["01330"],"code_dep":"01","code_region":"84","population":348,"surface_km2":20.19,"lat":45.9849,"lon":4.9821},{"code_insee":"01208","nom":"Lavours","codes_postaux":["01350"],"code_dep":"01","code_region":"84","population":138,"surface_km2":6.22,"lat":45.8108,"lon":5.7707},{"code_insee":"01209","nom":"Léaz","codes_postaux":["01200"],"code_dep":"01","code_region":"84","population":912,"surface_km2":11.42,"lat":46.1114,"lon":5.8768},{"code_insee":"01210","nom":"Lélex","codes_postaux":["01410"],"code_dep":"01","code_region":"84","population":241,"surface_km2":17.74,"lat":46.2856,"lon":5.9274},{"code_insee":"01211","nom":"Lent","codes_postaux":["01240"],"code_dep":"01","code_region":"84","population":1512,"surface_km2":31.74,"lat":46.1165,"lon":5.1974},{"code_insee":"01212","nom":"Lescheroux","codes_postaux":["01560"],"code_dep":"01","code_region":"84","population":726,"surface_km2":20.24,"lat":46.4089,"lon":5.1573},{"code_insee":"01213","nom":"Leyment","codes_postaux":["01150"],"code_dep":"01","code_region":"84","population":1441,"surface_km2":14.3,"lat":45.9287,"lon":5.2927},{"code_insee":"01214","nom":"Leyssard","codes_postaux":["01450"],"code_dep":"01","code_region":"84","population":164,"surface_km2":9.33,"lat":46.1605,"lon":5.4767},{"code_insee":"01215","nom":"Surjoux-Lhopital","codes_postaux":["01420"],"code_dep":"01","code_region":"84","population":138,"surface_km2":8.05,"lat":46.0302,"lon":5.7666},{"code_insee":"01216","nom":"Lhuis","codes_postaux":["01680"],"code_dep":"01","code_region":"84","population":886,"surface_km2":24.65,"lat":45.7469,"lon":5.5398},{"code_insee":"01219","nom":"Lompnas","codes_postaux":["01680"],"code_dep":"01","code_region":"84","population":171,"surface_km2":12.64,"lat":45.8118,"lon":5.5263},{"code_insee":"01224","nom":"Loyettes","codes_postaux":["01360"],"code_dep":"01","code_region":"84","population":3554,"surface_km2":21.28,"lat":45.7953,"lon":5.2163},{"code_insee":"01225","nom":"Lurcy","codes_postaux":["01090"],"code_dep":"01","code_region":"84","population":406,"surface_km2":4.79,"lat":46.0628,"lon":4.7802},{"code_insee":"01227","nom":"Magnieu","codes_postaux":["01300"],"code_dep":"01","code_region":"84","population":651,"surface_km2":11.46,"lat":45.7763,"lon":5.7197},{"code_insee":"01228","nom":"Maillat","codes_postaux":["01430"],"code_dep":"01","code_region":"84","population":669,"surface_km2":11.52,"lat":46.1204,"lon":5.535},{"code_insee":"01229","nom":"Malafretaz","codes_postaux":["01340"],"code_dep":"01","code_region":"84","population":1257,"surface_km2":9.26,"lat":46.3299,"lon":5.1462},{"code_insee":"01230","nom":"Mantenay-Montlin","codes_postaux":["01560"],"code_dep":"01","code_region":"84","population":331,"surface_km2":10.88,"lat":46.4318,"lon":5.1064},{"code_insee":"01231","nom":"Manziat","codes_postaux":["01570"],"code_dep":"01","code_region":"84","population":2018,"surface_km2":12.72,"lat":46.3651,"lon":4.9026},{"code_insee":"01232","nom":"Marboz","codes_postaux":["01851"],"code_dep":"01","code_region":"84","population":2264,"surface_km2":40.32,"lat":46.3452,"lon":5.2461},{"code_insee":"01233","nom":"Marchamp","codes_postaux":["01680"],"code_dep":"01","code_region":"84","population":137,"surface_km2":13.21,"lat":45.7762,"lon":5.5509},{"code_insee":"01234","nom":"Marignieu","codes_postaux":["01300"],"code_dep":"01","code_region":"84","population":162,"surface_km2":3.5,"lat":45.8023,"lon":5.718},{"code_insee":"01235","nom":"Marlieux","codes_postaux":["01240"],"code_dep":"01","code_region":"84","population":1185,"surface_km2":17.23,"lat":46.0542,"lon":5.0756},{"code_insee":"01236","nom":"Marsonnas","codes_postaux":["01340"],"code_dep":"01","code_region":"84","population":1039,"surface_km2":18.35,"lat":46.3401,"lon":5.0608},{"code_insee":"01237","nom":"Martignat","codes_postaux":["01100"],"code_dep":"01","code_region":"84","population":1664,"surface_km2":13.08,"lat":46.203,"lon":5.6099},{"code_insee":"01238","nom":"Massieux","codes_postaux":["01600"],"code_dep":"01","code_region":"84","population":2843,"surface_km2":3.15,"lat":45.9101,"lon":4.8279},{"code_insee":"01239","nom":"Massignieu-de-Rives","codes_postaux":["01300"],"code_dep":"01","code_region":"84","population":650,"surface_km2":9.16,"lat":45.7564,"lon":5.7566},{"code_insee":"01240","nom":"Matafelon-Granges","codes_postaux":["01580"],"code_dep":"01","code_region":"84","population":623,"surface_km2":21.76,"lat":46.2505,"lon":5.5272},{"code_insee":"01241","nom":"Meillonnas","codes_postaux":["01370"],"code_dep":"01","code_region":"84","population":1426,"surface_km2":17.86,"lat":46.2451,"lon":5.3347},{"code_insee":"01242","nom":"Mérignat","codes_postaux":["01450"],"code_dep":"01","code_region":"84","population":129,"surface_km2":3.17,"lat":46.065,"lon":5.4425},{"code_insee":"01243","nom":"Messimy-sur-Saône","codes_postaux":["01480"],"code_dep":"01","code_region":"84","population":1338,"surface_km2":5.96,"lat":46.048,"lon":4.7609},{"code_insee":"01244","nom":"Meximieux","codes_postaux":["01800"],"code_dep":"01","code_region":"84","population":8247,"surface_km2":13.57,"lat":45.9047,"lon":5.2116},{"code_insee":"01245","nom":"Bohas-Meyriat-Rignat","codes_postaux":["01250"],"code_dep":"01","code_region":"84","population":938,"surface_km2":23.42,"lat":46.1422,"lon":5.375},{"code_insee":"01246","nom":"Mézériat","codes_postaux":["01660"],"code_dep":"01","code_region":"84","population":2172,"surface_km2":19.25,"lat":46.2424,"lon":5.0481},{"code_insee":"01247","nom":"Mijoux","codes_postaux":["01170","01410"],"code_dep":"01","code_region":"84","population":299,"surface_km2":22.06,"lat":46.3593,"lon":6.0106},{"code_insee":"01248","nom":"Mionnay","codes_postaux":["01390"],"code_dep":"01","code_region":"84","population":2294,"surface_km2":20.02,"lat":45.8959,"lon":4.9274},{"code_insee":"01249","nom":"Miribel","codes_postaux":["01700"],"code_dep":"01","code_region":"84","population":10395,"surface_km2":24.46,"lat":45.8444,"lon":4.941},{"code_insee":"01250","nom":"Misérieux","codes_postaux":["01600"],"code_dep":"01","code_region":"84","population":2008,"surface_km2":7.46,"lat":45.9745,"lon":4.8138},{"code_insee":"01252","nom":"Mogneneins","codes_postaux":["01140"],"code_dep":"01","code_region":"84","population":841,"surface_km2":8.53,"lat":46.1454,"lon":4.8203},{"code_insee":"01254","nom":"Montagnat","codes_postaux":["01250"],"code_dep":"01","code_region":"84","population":2186,"surface_km2":13.87,"lat":46.172,"lon":5.2776},{"code_insee":"01255","nom":"Montagnieu","codes_postaux":["01470"],"code_dep":"01","code_region":"84","population":668,"surface_km2":6.21,"lat":45.802,"lon":5.4598},{"code_insee":"01257","nom":"Montanges","codes_postaux":["01200"],"code_dep":"01","code_region":"84","population":369,"surface_km2":13.68,"lat":46.171,"lon":5.7903},{"code_insee":"01258","nom":"Montceaux","codes_postaux":["01090"],"code_dep":"01","code_region":"84","population":1196,"surface_km2":10.07,"lat":46.0978,"lon":4.8041},{"code_insee":"01259","nom":"Montcet","codes_postaux":["01310"],"code_dep":"01","code_region":"84","population":709,"surface_km2":6.57,"lat":46.2199,"lon":5.1123},{"code_insee":"01260","nom":"Le Montellier","codes_postaux":["01800"],"code_dep":"01","code_region":"84","population":336,"surface_km2":15.33,"lat":45.9284,"lon":5.0699},{"code_insee":"01261","nom":"Monthieux","codes_postaux":["01390"],"code_dep":"01","code_region":"84","population":664,"surface_km2":10.76,"lat":45.9631,"lon":4.948},{"code_insee":"01262","nom":"Montluel","codes_postaux":["01120"],"code_dep":"01","code_region":"84","population":6895,"surface_km2":40.16,"lat":45.8868,"lon":5.0185},{"code_insee":"01263","nom":"Montmerle-sur-Saône","codes_postaux":["01090"],"code_dep":"01","code_region":"84","population":3799,"surface_km2":4.14,"lat":46.0843,"lon":4.759},{"code_insee":"01264","nom":"Montracol","codes_postaux":["01310"],"code_dep":"01","code_region":"84","population":1018,"surface_km2":14.68,"lat":46.182,"lon":5.1234},{"code_insee":"01265","nom":"Montréal-la-Cluse","codes_postaux":["01460"],"code_dep":"01","code_region":"84","population":3568,"surface_km2":12.46,"lat":46.181,"lon":5.5976},{"code_insee":"01266","nom":"Montrevel-en-Bresse","codes_postaux":["01340"],"code_dep":"01","code_region":"84","population":2743,"surface_km2":10.0,"lat":46.3262,"lon":5.1122},{"code_insee":"01267","nom":"Nurieux-Volognat","codes_postaux":["01460"],"code_dep":"01","code_region":"84","population":965,"surface_km2":19.52,"lat":46.1855,"lon":5.5155},{"code_insee":"01268","nom":"Murs-et-Gélignieux","codes_postaux":["01300"],"code_dep":"01","code_region":"84","population":239,"surface_km2":6.04,"lat":45.6404,"lon":5.6585},{"code_insee":"01269","nom":"Nantua","codes_postaux":["01130","01460"],"code_dep":"01","code_region":"84","population":3416,"surface_km2":14.53,"lat":46.1486,"lon":5.6079},{"code_insee":"01272","nom":"Neuville-les-Dames","codes_postaux":["01400"],"code_dep":"01","code_region":"84","population":1565,"surface_km2":26.27,"lat":46.1599,"lon":5.0103},{"code_insee":"01273","nom":"Neuville-sur-Ain","codes_postaux":["01160"],"code_dep":"01","code_region":"84","population":1794,"surface_km2":19.9,"lat":46.0909,"lon":5.3702},{"code_insee":"01274","nom":"Les Neyrolles","codes_postaux":["01130"],"code_dep":"01","code_region":"84","population":628,"surface_km2":9.58,"lat":46.1367,"lon":5.6354},{"code_insee":"01275","nom":"Neyron","codes_postaux":["01700"],"code_dep":"01","code_region":"84","population":2421,"surface_km2":5.3,"lat":45.8204,"lon":4.9356},{"code_insee":"01276","nom":"Niévroz","codes_postaux":["01120"],"code_dep":"01","code_region":"84","population":1662,"surface_km2":10.43,"lat":45.8241,"lon":5.0615},{"code_insee":"01277","nom":"Nivollet-Montgriffon","codes_postaux":["01230"],"code_dep":"01","code_region":"84","population":122,"surface_km2":8.46,"lat":46.0002,"lon":5.4567},{"code_insee":"01279","nom":"Oncieu","codes_postaux":["01230"],"code_dep":"01","code_region":"84","population":72,"surface_km2":7.56,"lat":45.9685,"lon":5.4716},{"code_insee":"01280","nom":"Ordonnaz","codes_postaux":["01510"],"code_dep":"01","code_region":"84","population":151,"surface_km2":14.79,"lat":45.8357,"lon":5.5439},{"code_insee":"01281","nom":"Ornex","codes_postaux":["01210"],"code_dep":"01","code_region":"84","population":5082,"surface_km2":5.69,"lat":46.2779,"lon":6.0953},{"code_insee":"01282","nom":"Outriaz","codes_postaux":["01430"],"code_dep":"01","code_region":"84","population":263,"surface_km2":5.9,"lat":46.0631,"lon":5.5543},{"code_insee":"01283","nom":"Oyonnax","codes_postaux":["01100"],"code_dep":"01","code_region":"84","population":22480,"surface_km2":36.12,"lat":46.2599,"lon":5.6517},{"code_insee":"01284","nom":"Ozan","codes_postaux":["01190"],"code_dep":"01","code_region":"84","population":732,"surface_km2":6.58,"lat":46.3863,"lon":4.9191},{"code_insee":"01285","nom":"Parcieux","codes_postaux":["01600"],"code_dep":"01","code_region":"84","population":1315,"surface_km2":3.16,"lat":45.9197,"lon":4.8299},{"code_insee":"01286","nom":"Parves et Nattages","codes_postaux":["01300"],"code_dep":"01","code_region":"84","population":962,"surface_km2":15.86,"lat":45.7318,"lon":5.7495},{"code_insee":"01288","nom":"Péron","codes_postaux":["01630"],"code_dep":"01","code_region":"84","population":2916,"surface_km2":25.99,"lat":46.1933,"lon":5.9141},{"code_insee":"01289","nom":"Péronnas","codes_postaux":["01960"],"code_dep":"01","code_region":"84","population":6444,"surface_km2":17.9,"lat":46.1693,"lon":5.2195},{"code_insee":"01290","nom":"Pérouges","codes_postaux":["01800"],"code_dep":"01","code_region":"84","population":1387,"surface_km2":19.32,"lat":45.8789,"lon":5.1791},{"code_insee":"01291","nom":"Perrex","codes_postaux":["01540"],"code_dep":"01","code_region":"84","population":869,"surface_km2":11.19,"lat":46.2462,"lon":4.9718},{"code_insee":"01293","nom":"Peyriat","codes_postaux":["01430"],"code_dep":"01","code_region":"84","population":153,"surface_km2":6.11,"lat":46.1486,"lon":5.506},{"code_insee":"01294","nom":"Peyrieu","codes_postaux":["01300"],"code_dep":"01","code_region":"84","population":940,"surface_km2":14.14,"lat":45.674,"lon":5.6829},{"code_insee":"01295","nom":"Peyzieux-sur-Saône","codes_postaux":["01140"],"code_dep":"01","code_region":"84","population":654,"surface_km2":8.68,"lat":46.1227,"lon":4.8192},{"code_insee":"01296","nom":"Pirajoux","codes_postaux":["01270"],"code_dep":"01","code_region":"84","population":397,"surface_km2":13.04,"lat":46.386,"lon":5.2703},{"code_insee":"01297","nom":"Pizay","codes_postaux":["01120"],"code_dep":"01","code_region":"84","population":937,"surface_km2":11.22,"lat":45.8906,"lon":5.0901},{"code_insee":"01298","nom":"Plagne","codes_postaux":["01130"],"code_dep":"01","code_region":"84","population":159,"surface_km2":6.06,"lat":46.1889,"lon":5.7179},{"code_insee":"01299","nom":"Le Plantay","codes_postaux":["01330"],"code_dep":"01","code_region":"84","population":559,"surface_km2":20.77,"lat":46.0236,"lon":5.0891},{"code_insee":"01301","nom":"Polliat","codes_postaux":["01310"],"code_dep":"01","code_region":"84","population":2741,"surface_km2":20.25,"lat":46.2504,"lon":5.1355},{"code_insee":"01302","nom":"Pollieu","codes_postaux":["01350"],"code_dep":"01","code_region":"84","population":167,"surface_km2":3.65,"lat":45.7953,"lon":5.7463},{"code_insee":"01303","nom":"Poncin","codes_postaux":["01450"],"code_dep":"01","code_region":"84","population":1803,"surface_km2":19.92,"lat":46.0918,"lon":5.4129},{"code_insee":"01304","nom":"Pont-d'Ain","codes_postaux":["01160"],"code_dep":"01","code_region":"84","population":2843,"surface_km2":11.24,"lat":46.0556,"lon":5.3491},{"code_insee":"01305","nom":"Pont-de-Vaux","codes_postaux":["01190"],"code_dep":"01","code_region":"84","population":2204,"surface_km2":7.76,"lat":46.4415,"lon":4.9265},{"code_insee":"01306","nom":"Pont-de-Veyle","codes_postaux":["01290"],"code_dep":"01","code_region":"84","population":1594,"surface_km2":1.96,"lat":46.2647,"lon":4.8818},{"code_insee":"01307","nom":"Port","codes_postaux":["01460"],"code_dep":"01","code_region":"84","population":832,"surface_km2":4.29,"lat":46.1535,"lon":5.581},{"code_insee":"01308","nom":"Pougny","codes_postaux":["01550"],"code_dep":"01","code_region":"84","population":871,"surface_km2":7.57,"lat":46.1457,"lon":5.9492},{"code_insee":"01309","nom":"Pouillat","codes_postaux":["01250"],"code_dep":"01","code_region":"84","population":77,"surface_km2":6.41,"lat":46.3263,"lon":5.4243},{"code_insee":"01310","nom":"Prémeyzel","codes_postaux":["01300"],"code_dep":"01","code_region":"84","population":244,"surface_km2":7.62,"lat":45.6827,"lon":5.6423},{"code_insee":"01311","nom":"Prémillieu","codes_postaux":["01110"],"code_dep":"01","code_region":"84","population":49,"surface_km2":8.51,"lat":45.8785,"lon":5.5657},{"code_insee":"01313","nom":"Prévessin-Moëns","codes_postaux":["01280"],"code_dep":"01","code_region":"84","population":9153,"surface_km2":12.09,"lat":46.2594,"lon":6.0722},{"code_insee":"01314","nom":"Priay","codes_postaux":["01160"],"code_dep":"01","code_region":"84","population":1842,"surface_km2":15.74,"lat":46.019,"lon":5.2829},{"code_insee":"01317","nom":"Ramasse","codes_postaux":["01250"],"code_dep":"01","code_region":"84","population":336,"surface_km2":9.59,"lat":46.1893,"lon":5.3569},{"code_insee":"01318","nom":"Rancé","codes_postaux":["01390"],"code_dep":"01","code_region":"84","population":775,"surface_km2":9.6,"lat":45.9674,"lon":4.8665},{"code_insee":"01319","nom":"Relevant","codes_postaux":["01990"],"code_dep":"01","code_region":"84","population":465,"surface_km2":12.36,"lat":46.0808,"lon":4.9399},{"code_insee":"01320","nom":"Replonges","codes_postaux":["01750"],"code_dep":"01","code_region":"84","population":3956,"surface_km2":16.68,"lat":46.307,"lon":4.8784},{"code_insee":"01321","nom":"Revonnas","codes_postaux":["01250"],"code_dep":"01","code_region":"84","population":915,"surface_km2":7.78,"lat":46.1637,"lon":5.3351},{"code_insee":"01322","nom":"Reyrieux","codes_postaux":["01600"],"code_dep":"01","code_region":"84","population":5358,"surface_km2":15.7,"lat":45.9368,"lon":4.8314},{"code_insee":"01323","nom":"Reyssouze","codes_postaux":["01190"],"code_dep":"01","code_region":"84","population":996,"surface_km2":9.63,"lat":46.4284,"lon":4.9145},{"code_insee":"01325","nom":"Rignieux-le-Franc","codes_postaux":["01800"],"code_dep":"01","code_region":"84","population":1180,"surface_km2":15.1,"lat":45.9513,"lon":5.1675},{"code_insee":"01328","nom":"Romans","codes_postaux":["01400"],"code_dep":"01","code_region":"84","population":640,"surface_km2":22.1,"lat":46.1216,"lon":5.0217},{"code_insee":"01329","nom":"Rossillon","codes_postaux":["01510"],"code_dep":"01","code_region":"84","population":166,"surface_km2":8.08,"lat":45.8359,"lon":5.5987},{"code_insee":"01331","nom":"Saint-Alban","codes_postaux":["01450"],"code_dep":"01","code_region":"84","population":195,"surface_km2":8.23,"lat":46.0968,"lon":5.4568},{"code_insee":"01332","nom":"Saint-André-de-Bâgé","codes_postaux":["01380"],"code_dep":"01","code_region":"84","population":841,"surface_km2":2.71,"lat":46.2975,"lon":4.9132},{"code_insee":"01333","nom":"Saint-André-de-Corcy","codes_postaux":["01390"],"code_dep":"01","code_region":"84","population":3370,"surface_km2":20.98,"lat":45.9287,"lon":4.9529},{"code_insee":"01334","nom":"Saint-André-d'Huiriat","codes_postaux":["01290"],"code_dep":"01","code_region":"84","population":667,"surface_km2":9.07,"lat":46.2163,"lon":4.9144},{"code_insee":"01335","nom":"Saint-André-le-Bouchoux","codes_postaux":["01240"],"code_dep":"01","code_region":"84","population":409,"surface_km2":9.3,"lat":46.1137,"lon":5.0775},{"code_insee":"01336","nom":"Saint-André-sur-Vieux-Jonc","codes_postaux":["01960"],"code_dep":"01","code_region":"84","population":1229,"surface_km2":24.54,"lat":46.15,"lon":5.143},{"code_insee":"01337","nom":"Saint-Bénigne","codes_postaux":["01190"],"code_dep":"01","code_region":"84","population":1359,"surface_km2":16.48,"lat":46.4517,"lon":4.952},{"code_insee":"01338","nom":"Groslée-Saint-Benoit","codes_postaux":["01300"],"code_dep":"01","code_region":"84","population":1227,"surface_km2":28.68,"lat":45.7011,"lon":5.5823},{"code_insee":"01339","nom":"Saint-Bernard","codes_postaux":["01600"],"code_dep":"01","code_region":"84","population":1590,"surface_km2":3.21,"lat":45.95,"lon":4.7419},{"code_insee":"01342","nom":"Sainte-Croix","codes_postaux":["01120"],"code_dep":"01","code_region":"84","population":544,"surface_km2":10.68,"lat":45.8978,"lon":5.0477},{"code_insee":"01343","nom":"Saint-Cyr-sur-Menthon","codes_postaux":["01380"],"code_dep":"01","code_region":"84","population":1890,"surface_km2":17.04,"lat":46.2751,"lon":4.9669},{"code_insee":"01344","nom":"Saint-Denis-lès-Bourg","codes_postaux":["01000"],"code_dep":"01","code_region":"84","population":6160,"surface_km2":12.63,"lat":46.2097,"lon":5.1825},{"code_insee":"01345","nom":"Saint-Denis-en-Bugey","codes_postaux":["01500"],"code_dep":"01","code_region":"84","population":2246,"surface_km2":2.61,"lat":45.9497,"lon":5.326},{"code_insee":"01346","nom":"Saint-Didier-d'Aussiat","codes_postaux":["01340"],"code_dep":"01","code_region":"84","population":843,"surface_km2":15.14,"lat":46.3075,"lon":5.0536},{"code_insee":"01347","nom":"Saint-Didier-de-Formans","codes_postaux":["01600"],"code_dep":"01","code_region":"84","population":2203,"surface_km2":6.6,"lat":45.9587,"lon":4.7767},{"code_insee":"01348","nom":"Saint-Didier-sur-Chalaronne","codes_postaux":["01140"],"code_dep":"01","code_region":"84","population":2934,"surface_km2":25.15,"lat":46.1877,"lon":4.823},{"code_insee":"01349","nom":"Saint-Éloi","codes_postaux":["01800"],"code_dep":"01","code_region":"84","population":525,"surface_km2":14.12,"lat":45.9343,"lon":5.1507},{"code_insee":"01350","nom":"Saint-Étienne-du-Bois","codes_postaux":["01370"],"code_dep":"01","code_region":"84","population":2584,"surface_km2":28.65,"lat":46.2755,"lon":5.2793},{"code_insee":"01351","nom":"Saint-Étienne-sur-Chalaronne","codes_postaux":["01140"],"code_dep":"01","code_region":"84","population":1637,"surface_km2":21.1,"lat":46.1451,"lon":4.8694},{"code_insee":"01352","nom":"Saint-Étienne-sur-Reyssouze","codes_postaux":["01190"],"code_dep":"01","code_region":"84","population":572,"surface_km2":14.0,"lat":46.3998,"lon":5.0031},{"code_insee":"01353","nom":"Sainte-Euphémie","codes_postaux":["01600"],"code_dep":"01","code_region":"84","population":1757,"surface_km2":4.64,"lat":45.9651,"lon":4.7927},{"code_insee":"01354","nom":"Saint-Genis-Pouilly","codes_postaux":["01630"],"code_dep":"01","code_region":"84","population":14432,"surface_km2":9.81,"lat":46.2556,"lon":6.0368},{"code_insee":"01355","nom":"Saint-Genis-sur-Menthon","codes_postaux":["01380"],"code_dep":"01","code_region":"84","population":490,"surface_km2":11.68,"lat":46.281,"lon":5.0162},{"code_insee":"01356","nom":"Saint-Georges-sur-Renon","codes_postaux":["01400"],"code_dep":"01","code_region":"84","population":228,"surface_km2":5.65,"lat":46.1033,"lon":5.0286},{"code_insee":"01357","nom":"Saint-Germain-de-Joux","codes_postaux":["01130"],"code_dep":"01","code_region":"84","population":507,"surface_km2":11.48,"lat":46.1812,"lon":5.7435},{"code_insee":"01358","nom":"Saint-Germain-les-Paroisses","codes_postaux":["01300"],"code_dep":"01","code_region":"84","population":422,"surface_km2":16.38,"lat":45.773,"lon":5.6191},{"code_insee":"01359","nom":"Saint-Germain-sur-Renon","codes_postaux":["01240"],"code_dep":"01","code_region":"84","population":264,"surface_km2":16.45,"lat":46.0764,"lon":5.0626},{"code_insee":"01360","nom":"Saint-Jean-de-Gonville","codes_postaux":["01630"],"code_dep":"01","code_region":"84","population":2096,"surface_km2":12.24,"lat":46.2184,"lon":5.9395},{"code_insee":"01361","nom":"Saint-Jean-de-Niost","codes_postaux":["01800"],"code_dep":"01","code_region":"84","population":1866,"surface_km2":14.06,"lat":45.8384,"lon":5.2066},{"code_insee":"01362","nom":"Saint-Jean-de-Thurigneux","codes_postaux":["01390"],"code_dep":"01","code_region":"84","population":863,"surface_km2":16.21,"lat":45.9597,"lon":4.8959},{"code_insee":"01363","nom":"Saint-Jean-le-Vieux","codes_postaux":["01640"],"code_dep":"01","code_region":"84","population":1839,"surface_km2":15.31,"lat":46.028,"lon":5.3799},{"code_insee":"01364","nom":"Saint-Jean-sur-Reyssouze","codes_postaux":["01560"],"code_dep":"01","code_region":"84","population":762,"surface_km2":27.51,"lat":46.3912,"lon":5.0582},{"code_insee":"01365","nom":"Saint-Jean-sur-Veyle","codes_postaux":["01290"],"code_dep":"01","code_region":"84","population":1143,"surface_km2":11.3,"lat":46.2687,"lon":4.9203},{"code_insee":"01366","nom":"Sainte-Julie","codes_postaux":["01150"],"code_dep":"01","code_region":"84","population":1094,"surface_km2":11.45,"lat":45.8802,"lon":5.2837},{"code_insee":"01367","nom":"Saint-Julien-sur-Reyssouze","codes_postaux":["01560"],"code_dep":"01","code_region":"84","population":679,"surface_km2":7.5,"lat":46.3977,"lon":5.1062},{"code_insee":"01368","nom":"Saint-Julien-sur-Veyle","codes_postaux":["01540"],"code_dep":"01","code_region":"84","population":859,"surface_km2":9.88,"lat":46.2072,"lon":4.9559},{"code_insee":"01369","nom":"Saint-Just","codes_postaux":["01250"],"code_dep":"01","code_region":"84","population":952,"surface_km2":3.43,"lat":46.1948,"lon":5.285},{"code_insee":"01370","nom":"Saint-Laurent-sur-Saône","codes_postaux":["01750"],"code_dep":"01","code_region":"84","population":1810,"surface_km2":0.52,"lat":46.3053,"lon":4.8395},{"code_insee":"01371","nom":"Saint-Marcel","codes_postaux":["01390"],"code_dep":"01","code_region":"84","population":1340,"surface_km2":11.67,"lat":45.9485,"lon":4.9862},{"code_insee":"01372","nom":"Saint-Martin-de-Bavel","codes_postaux":["01510"],"code_dep":"01","code_region":"84","population":428,"surface_km2":8.59,"lat":45.8467,"lon":5.6779},{"code_insee":"01373","nom":"Saint-Martin-du-Frêne","codes_postaux":["01430"],"code_dep":"01","code_region":"84","population":1023,"surface_km2":19.5,"lat":46.1345,"lon":5.5711},{"code_insee":"01374","nom":"Saint-Martin-du-Mont","codes_postaux":["01160"],"code_dep":"01","code_region":"84","population":2023,"surface_km2":28.13,"lat":46.1063,"lon":5.33},{"code_insee":"01375","nom":"Saint-Martin-le-Châtel","codes_postaux":["01310"],"code_dep":"01","code_region":"84","population":796,"surface_km2":12.66,"lat":46.2903,"lon":5.1206},{"code_insee":"01376","nom":"Saint-Maurice-de-Beynost","codes_postaux":["01700"],"code_dep":"01","code_region":"84","population":4332,"surface_km2":6.96,"lat":45.8325,"lon":4.9763},{"code_insee":"01378","nom":"Saint-Maurice-de-Gourdans","codes_postaux":["01800"],"code_dep":"01","code_region":"84","population":2903,"surface_km2":25.55,"lat":45.819,"lon":5.172},{"code_insee":"01379","nom":"Saint-Maurice-de-Rémens","codes_postaux":["01500"],"code_dep":"01","code_region":"84","population":756,"surface_km2":10.34,"lat":45.9542,"lon":5.2706},{"code_insee":"01380","nom":"Saint-Nizier-le-Bouchoux","codes_postaux":["01560"],"code_dep":"01","code_region":"84","population":580,"surface_km2":28.18,"lat":46.4549,"lon":5.1716},{"code_insee":"01381","nom":"Saint-Nizier-le-Désert","codes_postaux":["01320"],"code_dep":"01","code_region":"84","population":921,"surface_km2":25.0,"lat":46.0518,"lon":5.1471},{"code_insee":"01382","nom":"Sainte-Olive","codes_postaux":["01330"],"code_dep":"01","code_region":"84","population":357,"surface_km2":7.43,"lat":46.0147,"lon":4.9349},{"code_insee":"01383","nom":"Saint-Paul-de-Varax","codes_postaux":["01240"],"code_dep":"01","code_region":"84","population":1634,"surface_km2":25.9,"lat":46.0949,"lon":5.1309},{"code_insee":"01384","nom":"Saint-Rambert-en-Bugey","codes_postaux":["01230"],"code_dep":"01","code_region":"84","population":2190,"surface_km2":28.79,"lat":45.953,"lon":5.4418},{"code_insee":"01385","nom":"Saint-Rémy","codes_postaux":["01310"],"code_dep":"01","code_region":"84","population":915,"surface_km2":7.39,"lat":46.1857,"lon":5.1646},{"code_insee":"01386","nom":"Saint-Sorlin-en-Bugey","codes_postaux":["01150"],"code_dep":"01","code_region":"84","population":1152,"surface_km2":9.17,"lat":45.8863,"lon":5.369},{"code_insee":"01387","nom":"Saint-Sulpice","codes_postaux":["01340"],"code_dep":"01","code_region":"84","population":260,"surface_km2":5.17,"lat":46.3215,"lon":5.0406},{"code_insee":"01388","nom":"Saint-Trivier-de-Courtes","codes_postaux":["01560"],"code_dep":"01","code_region":"84","population":1125,"surface_km2":16.5,"lat":46.458,"lon":5.0672},{"code_insee":"01389","nom":"Saint-Trivier-sur-Moignans","codes_postaux":["01990"],"code_dep":"01","code_region":"84","population":1963,"surface_km2":42.32,"lat":46.0632,"lon":4.8984},{"code_insee":"01390","nom":"Saint-Vulbas","codes_postaux":["01150"],"code_dep":"01","code_region":"84","population":1247,"surface_km2":21.57,"lat":45.8234,"lon":5.267},{"code_insee":"01391","nom":"Salavre","codes_postaux":["01270"],"code_dep":"01","code_region":"84","population":306,"surface_km2":7.79,"lat":46.363,"lon":5.3457},{"code_insee":"01392","nom":"Samognat","codes_postaux":["01580"],"code_dep":"01","code_region":"84","population":630,"surface_km2":14.25,"lat":46.2732,"lon":5.5826},{"code_insee":"01393","nom":"Sandrans","codes_postaux":["01400"],"code_dep":"01","code_region":"84","population":582,"surface_km2":29.35,"lat":46.0709,"lon":4.9824},{"code_insee":"01396","nom":"Sault-Brénaz","codes_postaux":["01150"],"code_dep":"01","code_region":"84","population":1021,"surface_km2":5.68,"lat":45.8612,"lon":5.4007},{"code_insee":"01397","nom":"Sauverny","codes_postaux":["01220"],"code_dep":"01","code_region":"84","population":1022,"surface_km2":1.88,"lat":46.3132,"lon":6.1102},{"code_insee":"01398","nom":"Savigneux","codes_postaux":["01480"],"code_dep":"01","code_region":"84","population":1469,"surface_km2":14.88,"lat":45.9946,"lon":4.8559},{"code_insee":"01399","nom":"Ségny","codes_postaux":["01170"],"code_dep":"01","code_region":"84","population":2941,"surface_km2":3.26,"lat":46.2944,"lon":6.0732},{"code_insee":"01400","nom":"Seillonnaz","codes_postaux":["01470"],"code_dep":"01","code_region":"84","population":134,"surface_km2":9.69,"lat":45.8006,"lon":5.504},{"code_insee":"01401","nom":"Sergy","codes_postaux":["01630"],"code_dep":"01","code_region":"84","population":2288,"surface_km2":9.8,"lat":46.2615,"lon":5.9872},{"code_insee":"01402","nom":"Sermoyer","codes_postaux":["01190"],"code_dep":"01","code_region":"84","population":670,"surface_km2":16.94,"lat":46.4987,"lon":4.9733},{"code_insee":"01403","nom":"Serrières-de-Briord","codes_postaux":["01470"],"code_dep":"01","code_region":"84","population":1317,"surface_km2":8.52,"lat":45.8129,"lon":5.4424},{"code_insee":"01404","nom":"Serrières-sur-Ain","codes_postaux":["01450"],"code_dep":"01","code_region":"84","population":135,"surface_km2":8.36,"lat":46.149,"lon":5.4472},{"code_insee":"01405","nom":"Servas","codes_postaux":["01960"],"code_dep":"01","code_region":"84","population":1286,"surface_km2":13.03,"lat":46.1366,"lon":5.1845},{"code_insee":"01406","nom":"Servignat","codes_postaux":["01560"],"code_dep":"01","code_region":"84","population":186,"surface_km2":7.95,"lat":46.4354,"lon":5.0587},{"code_insee":"01407","nom":"Seyssel","codes_postaux":["01420"],"code_dep":"01","code_region":"84","population":1008,"surface_km2":2.39,"lat":45.9477,"lon":5.8257},{"code_insee":"01408","nom":"Simandre-sur-Suran","codes_postaux":["01250"],"code_dep":"01","code_region":"84","population":673,"surface_km2":16.35,"lat":46.235,"lon":5.4214},{"code_insee":"01410","nom":"Sonthonnax-la-Montagne","codes_postaux":["01580"],"code_dep":"01","code_region":"84","population":293,"surface_km2":14.26,"lat":46.2235,"lon":5.5015},{"code_insee":"01411","nom":"Souclin","codes_postaux":["01150"],"code_dep":"01","code_region":"84","population":262,"surface_km2":13.31,"lat":45.8811,"lon":5.4368},{"code_insee":"01412","nom":"Sulignat","codes_postaux":["01400"],"code_dep":"01","code_region":"84","population":602,"surface_km2":10.77,"lat":46.1727,"lon":4.9601},{"code_insee":"01415","nom":"Talissieu","codes_postaux":["01510"],"code_dep":"01","code_region":"84","population":508,"surface_km2":4.94,"lat":45.8627,"lon":5.7199},{"code_insee":"01416","nom":"Tenay","codes_postaux":["01230"],"code_dep":"01","code_region":"84","population":1030,"surface_km2":13.2,"lat":45.9222,"lon":5.5147},{"code_insee":"01418","nom":"Thil","codes_postaux":["01120"],"code_dep":"01","code_region":"84","population":1261,"surface_km2":5.16,"lat":45.8184,"lon":5.0189},{"code_insee":"01419","nom":"Thoiry","codes_postaux":["01710"],"code_dep":"01","code_region":"84","population":6569,"surface_km2":28.77,"lat":46.2448,"lon":5.9685},{"code_insee":"01420","nom":"Thoissey","codes_postaux":["01140"],"code_dep":"01","code_region":"84","population":1626,"surface_km2":1.33,"lat":46.1697,"lon":4.7963},{"code_insee":"01421","nom":"Torcieu","codes_postaux":["01230"],"code_dep":"01","code_region":"84","population":739,"surface_km2":10.96,"lat":45.9189,"lon":5.4056},{"code_insee":"01422","nom":"Tossiat","codes_postaux":["01250"],"code_dep":"01","code_region":"84","population":1425,"surface_km2":10.19,"lat":46.1355,"lon":5.3076},{"code_insee":"01423","nom":"Toussieux","codes_postaux":["01600"],"code_dep":"01","code_region":"84","population":1257,"surface_km2":4.79,"lat":45.961,"lon":4.8289},{"code_insee":"01424","nom":"Tramoyes","codes_postaux":["01390"],"code_dep":"01","code_region":"84","population":1852,"surface_km2":13.13,"lat":45.8742,"lon":4.9624},{"code_insee":"01425","nom":"La Tranclière","codes_postaux":["01160"],"code_dep":"01","code_region":"84","population":290,"surface_km2":14.78,"lat":46.0915,"lon":5.2656},{"code_insee":"01426","nom":"Val-Revermont","codes_postaux":["01370"],"code_dep":"01","code_region":"84","population":2488,"surface_km2":45.79,"lat":46.2816,"lon":5.3537},{"code_insee":"01427","nom":"Trévoux","codes_postaux":["01600"],"code_dep":"01","code_region":"84","population":7013,"surface_km2":5.63,"lat":45.9398,"lon":4.771},{"code_insee":"01428","nom":"Valeins","codes_postaux":["01140"],"code_dep":"01","code_region":"84","population":128,"surface_km2":4.36,"lat":46.1145,"lon":4.8646},{"code_insee":"01429","nom":"Vandeins","codes_postaux":["01660"],"code_dep":"01","code_region":"84","population":732,"surface_km2":9.34,"lat":46.2155,"lon":5.0786},{"code_insee":"01430","nom":"Varambon","codes_postaux":["01160"],"code_dep":"01","code_region":"84","population":675,"surface_km2":8.0,"lat":46.0443,"lon":5.2909},{"code_insee":"01431","nom":"Vaux-en-Bugey","codes_postaux":["01150"],"code_dep":"01","code_region":"84","population":1201,"surface_km2":8.3,"lat":45.9184,"lon":5.3612},{"code_insee":"01432","nom":"Verjon","codes_postaux":["01270"],"code_dep":"01","code_region":"84","population":346,"surface_km2":5.11,"lat":46.3466,"lon":5.3472},{"code_insee":"01433","nom":"Vernoux","codes_postaux":["01560"],"code_dep":"01","code_region":"84","population":290,"surface_km2":10.25,"lat":46.4861,"lon":5.1036},{"code_insee":"01434","nom":"Versailleux","codes_postaux":["01330"],"code_dep":"01","code_region":"84","population":497,"surface_km2":19.36,"lat":45.9883,"lon":5.115},{"code_insee":"01435","nom":"Versonnex","codes_postaux":["01210"],"code_dep":"01","code_region":"84","population":2182,"surface_km2":5.84,"lat":46.2992,"lon":6.1008},{"code_insee":"01436","nom":"Vesancy","codes_postaux":["01170"],"code_dep":"01","code_region":"84","population":520,"surface_km2":10.73,"lat":46.3634,"lon":6.0856},{"code_insee":"01437","nom":"Vescours","codes_postaux":["01560"],"code_dep":"01","code_region":"84","population":221,"surface_km2":12.54,"lat":46.4743,"lon":5.0286},{"code_insee":"01439","nom":"Vésines","codes_postaux":["01570"],"code_dep":"01","code_region":"84","population":96,"surface_km2":3.84,"lat":46.3593,"lon":4.8638},{"code_insee":"01441","nom":"Vieu-d'Izenave","codes_postaux":["01430"],"code_dep":"01","code_region":"84","population":719,"surface_km2":20.1,"lat":46.0823,"lon":5.5555},{"code_insee":"01443","nom":"Villars-les-Dombes","codes_postaux":["01330"],"code_dep":"01","code_region":"84","population":5163,"surface_km2":24.73,"lat":46,"lon":5.0443},{"code_insee":"01444","nom":"Villebois","codes_postaux":["01150"],"code_dep":"01","code_region":"84","population":1206,"surface_km2":14.11,"lat":45.8499,"lon":5.4483},{"code_insee":"01445","nom":"Villemotier","codes_postaux":["01270"],"code_dep":"01","code_region":"84","population":612,"surface_km2":13.86,"lat":46.3418,"lon":5.3087},{"code_insee":"01446","nom":"Villeneuve","codes_postaux":["01480"],"code_dep":"01","code_region":"84","population":1638,"surface_km2":26.96,"lat":46.0346,"lon":4.8598},{"code_insee":"01447","nom":"Villereversure","codes_postaux":["01250"],"code_dep":"01","code_region":"84","population":1420,"surface_km2":17.52,"lat":46.1939,"lon":5.3936},{"code_insee":"01448","nom":"Villes","codes_postaux":["01200"],"code_dep":"01","code_region":"84","population":381,"surface_km2":9.01,"lat":46.0952,"lon":5.7598},{"code_insee":"01449","nom":"Villette-sur-Ain","codes_postaux":["01320"],"code_dep":"01","code_region":"84","population":780,"surface_km2":19.77,"lat":46.0125,"lon":5.254},{"code_insee":"01450","nom":"Villieu-Loyes-Mollon","codes_postaux":["01800"],"code_dep":"01","code_region":"84","population":3849,"surface_km2":15.86,"lat":45.929,"lon":5.2265},{"code_insee":"01451","nom":"Viriat","codes_postaux":["01440"],"code_dep":"01","code_region":"84","population":7102,"surface_km2":45.34,"lat":46.2522,"lon":5.2257},{"code_insee":"01452","nom":"Virieu-le-Grand","codes_postaux":["01510"],"code_dep":"01","code_region":"84","population":1111,"surface_km2":12.65,"lat":45.8465,"lon":5.639},{"code_insee":"01453","nom":"Arvière-en-Valromey","codes_postaux":["01260"],"code_dep":"01","code_region":"84","population":717,"surface_km2":41.3,"lat":45.9153,"lon":5.7346},{"code_insee":"01454","nom":"Virignin","codes_postaux":["01300"],"code_dep":"01","code_region":"84","population":1144,"surface_km2":7.87,"lat":45.7282,"lon":5.7149},{"code_insee":"01456","nom":"Vongnes","codes_postaux":["01350"],"code_dep":"01","code_region":"84","population":75,"surface_km2":2.1,"lat":45.8122,"lon":5.7255},{"code_insee":"01457","nom":"Vonnas","codes_postaux":["01540"],"code_dep":"01","code_region":"84","population":3255,"surface_km2":18.17,"lat":46.2132,"lon":4.9945}]