[{"code_insee":"03001","nom":"Abrest","codes_postaux":["03200"],"code_dep":"03","code_region":"84","population":2915,"surface_km2":10.34,"lat":46.0962,"lon":3.4514,"fibre_pct":99.6},{"code_insee":"03002","nom":"Agonges","codes_postaux":["03210"],"code_dep":"03","code_region":"84","population":300,"surface_km2":24.24,"lat":46.6238,"lon":3.149,"fibre_pct":61.1},{"code_insee":"03003","nom":"Ainay-le-Château","codes_postaux":["03360"],"code_dep":"03","code_region":"84","population":989,"surface_km2":24.29,"lat":46.7182,"lon":2.7157,"fibre_pct":92.9},{"code_insee":"03004","nom":"Andelaroche","codes_postaux":["03120"],"code_dep":"03","code_region":"84","population":214,"surface_km2":20.35,"lat":46.248,"lon":3.74,"fibre_pct":0.0},{"code_insee":"03005","nom":"Archignat","codes_postaux":["03380"],"code_dep":"03","code_region":"84","population":321,"surface_km2":24.51,"lat":46.3634,"lon":2.4102,"fibre_pct":65.4},{"code_insee":"03006","nom":"Arfeuilles","codes_postaux":["03120"],"code_dep":"03","code_region":"84","population":594,"surface_km2":59.59,"lat":46.1468,"lon":3.7388,"fibre_pct":63.6},{"code_insee":"03007","nom":"Arpheuilles-Saint-Priest","codes_postaux":["03420"],"code_dep":"03","code_region":"84","population":383,"surface_km2":19.11,"lat":46.2273,"lon":2.6699,"fibre_pct":5.5},{"code_insee":"03008","nom":"Arronnes","codes_postaux":["03250"],"code_dep":"03","code_region":"84","population":378,"surface_km2":26.05,"lat":46.0513,"lon":3.5714,"fibre_pct":46.8},{"code_insee":"03009","nom":"Aubigny","codes_postaux":["03460"],"code_dep":"03","code_region":"84","population":146,"surface_km2":17.09,"lat":46.6774,"lon":3.1669,"fibre_pct":94.7},{"code_insee":"03010","nom":"Audes","codes_postaux":["03190"],"code_dep":"03","code_region":"84","population":402,"surface_km2":28.22,"lat":46.461,"lon":2.5578,"fibre_pct":76.5},{"code_insee":"03011","nom":"Aurouër","codes_postaux":["03460"],"code_dep":"03","code_region":"84","population":400,"surface_km2":25.81,"lat":46.6873,"lon":3.3123,"fibre_pct":98.7},{"code_insee":"03012","nom":"Autry-Issards","codes_postaux":["03210"],"code_dep":"03","code_region":"84","population":313,"surface_km2":19.44,"lat":46.5444,"lon":3.1202,"fibre_pct":54.7},{"code_insee":"03013","nom":"Avermes","codes_postaux":["03000"],"code_dep":"03","code_region":"84","population":4074,"surface_km2":15.61,"lat":46.5961,"lon":3.3164,"fibre_pct":99.3},{"code_insee":"03014","nom":"Avrilly","codes_postaux":["03130"],"code_dep":"03","code_region":"84","population":144,"surface_km2":11.51,"lat":46.3284,"lon":3.971,"fibre_pct":0.0},{"code_insee":"03015","nom":"Bagneux","codes_postaux":["03460"],"code_dep":"03","code_region":"84","population":329,"surface_km2":25.45,"lat":46.6477,"lon":3.2071,"fibre_pct":96.9},{"code_insee":"03016","nom":"Barberier","codes_postaux":["03140"],"code_dep":"03","code_region":"84","population":150,"surface_km2":8.12,"lat":46.2224,"lon":3.2475,"fibre_pct":0.0},{"code_insee":"03017","nom":"Barrais-Bussolles","codes_postaux":["03120"],"code_dep":"03","code_region":"84","population":185,"surface_km2":25.46,"lat":46.2809,"lon":3.6954,"fibre_pct":4.8},{"code_insee":"03018","nom":"Bayet","codes_postaux":["03500"],"code_dep":"03","code_region":"84","population":672,"surface_km2":23.29,"lat":46.2585,"lon":3.2755,"fibre_pct":91.5},{"code_insee":"03019","nom":"Beaulon","codes_postaux":["03230"],"code_dep":"03","code_region":"84","population":1649,"surface_km2":63.75,"lat":46.5868,"lon":3.6733,"fibre_pct":94.3},{"code_insee":"03020","nom":"Beaune-d'Allier","codes_postaux":["03390"],"code_dep":"03","code_region":"84","population":296,"surface_km2":24.43,"lat":46.2782,"lon":2.8889,"fibre_pct":0.0},{"code_insee":"03021","nom":"Bègues","codes_postaux":["03800"],"code_dep":"03","code_region":"84","population":232,"surface_km2":8.34,"lat":46.1232,"lon":3.1391,"fibre_pct":74.4},{"code_insee":"03022","nom":"Bellenaves","codes_postaux":["03330"],"code_dep":"03","code_region":"84","population":983,"surface_km2":34.83,"lat":46.2093,"lon":3.0693,"fibre_pct":88.4},{"code_insee":"03023","nom":"Bellerive-sur-Allier","codes_postaux":["03700"],"code_dep":"03","code_region":"84","population":8943,"surface_km2":18.82,"lat":46.1202,"lon":3.4025,"fibre_pct":98.3},{"code_insee":"03024","nom":"Bert","codes_postaux":["03130"],"code_dep":"03","code_region":"84","population":274,"surface_km2":24.36,"lat":46.3276,"lon":3.7043,"fibre_pct":0.0},{"code_insee":"03025","nom":"Bessay-sur-Allier","codes_postaux":["03340"],"code_dep":"03","code_region":"84","population":1382,"surface_km2":34.76,"lat":46.4507,"lon":3.371,"fibre_pct":87.4},{"code_insee":"03026","nom":"Besson","codes_postaux":["03210"],"code_dep":"03","code_region":"84","population":728,"surface_km2":47.27,"lat":46.4817,"lon":3.2523,"fibre_pct":98.7},{"code_insee":"03027","nom":"Bézenet","codes_postaux":["03170"],"code_dep":"03","code_region":"84","population":910,"surface_km2":10.0,"lat":46.3332,"lon":2.846,"fibre_pct":99.0},{"code_insee":"03028","nom":"Billezois","codes_postaux":["03120"],"code_dep":"03","code_region":"84","population":363,"surface_km2":15.69,"lat":46.208,"lon":3.5758,"fibre_pct":23.5},{"code_insee":"03029","nom":"Billy","codes_postaux":["03260"],"code_dep":"03","code_region":"84","population":817,"surface_km2":10.24,"lat":46.2316,"lon":3.4414,"fibre_pct":95.4},{"code_insee":"03030","nom":"Biozat","codes_postaux":["03800"],"code_dep":"03","code_region":"84","population":933,"surface_km2":16.4,"lat":46.0811,"lon":3.2927,"fibre_pct":96.9},{"code_insee":"03031","nom":"Bizeneuille","codes_postaux":["03170"],"code_dep":"03","code_region":"84","population":296,"surface_km2":29.71,"lat":46.4022,"lon":2.7351,"fibre_pct":3.0},{"code_insee":"03032","nom":"Blomard","codes_postaux":["03390"],"code_dep":"03","code_region":"84","population":222,"surface_km2":22.5,"lat":46.2908,"lon":2.9644,"fibre_pct":60.8},{"code_insee":"03033","nom":"Bost","codes_postaux":["03300"],"code_dep":"03","code_region":"84","population":183,"surface_km2":9.64,"lat":46.1841,"lon":3.5049,"fibre_pct":85.7},{"code_insee":"03034","nom":"Boucé","codes_postaux":["03150"],"code_dep":"03","code_region":"84","population":507,"surface_km2":21.98,"lat":46.3178,"lon":3.4958,"fibre_pct":75.6},{"code_insee":"03035","nom":"Le Bouchaud","codes_postaux":["03130"],"code_dep":"03","code_region":"84","population":192,"surface_km2":22.82,"lat":46.305,"lon":3.9069,"fibre_pct":59.5},{"code_insee":"03036","nom":"Bourbon-l'Archambault","codes_postaux":["03160"],"code_dep":"03","code_region":"84","population":2494,"surface_km2":55.33,"lat":46.5829,"lon":3.0448,"fibre_pct":97.8},{"code_insee":"03037","nom":"Braize","codes_postaux":["03360"],"code_dep":"03","code_region":"84","population":259,"surface_km2":21.02,"lat":46.6619,"lon":2.6646,"fibre_pct":72.1},{"code_insee":"03038","nom":"Bransat","codes_postaux":["03500"],"code_dep":"03","code_region":"84","population":530,"surface_km2":15.47,"lat":46.3328,"lon":3.2168,"fibre_pct":0.0},{"code_insee":"03039","nom":"Bresnay","codes_postaux":["03210"],"code_dep":"03","code_region":"84","population":386,"surface_km2":23.23,"lat":46.4335,"lon":3.2558,"fibre_pct":93.8},{"code_insee":"03040","nom":"Bressolles","codes_postaux":["03000"],"code_dep":"03","code_region":"84","population":1143,"surface_km2":23.61,"lat":46.5296,"lon":3.2879,"fibre_pct":98.8},{"code_insee":"03041","nom":"Le Brethon","codes_postaux":["03350"],"code_dep":"03","code_region":"84","population":324,"surface_km2":44.06,"lat":46.5893,"lon":2.7136,"fibre_pct":0.0},{"code_insee":"03042","nom":"Le Breuil","codes_postaux":["03120"],"code_dep":"03","code_region":"84","population":524,"surface_km2":34.62,"lat":46.1753,"lon":3.6664,"fibre_pct":0.0},{"code_insee":"03043","nom":"Broût-Vernet","codes_postaux":["03110"],"code_dep":"03","code_region":"84","population":1217,"surface_km2":31.9,"lat":46.1995,"lon":3.2932,"fibre_pct":85.8},{"code_insee":"03044","nom":"Brugheas","codes_postaux":["03700"],"code_dep":"03","code_region":"84","population":1564,"surface_km2":26.99,"lat":46.073,"lon":3.3634,"fibre_pct":98.5},{"code_insee":"03045","nom":"Busset","codes_postaux":["03270"],"code_dep":"03","code_region":"84","population":850,"surface_km2":36.84,"lat":46.058,"lon":3.5139,"fibre_pct":88.6},{"code_insee":"03046","nom":"Buxières-les-Mines","codes_postaux":["03440"],"code_dep":"03","code_region":"84","population":994,"surface_km2":47.72,"lat":46.4715,"lon":2.945,"fibre_pct":79.5},{"code_insee":"03047","nom":"La Celle","codes_postaux":["03600"],"code_dep":"03","code_region":"84","population":398,"surface_km2":31.46,"lat":46.227,"lon":2.7742,"fibre_pct":92.2},{"code_insee":"03048","nom":"Cérilly","codes_postaux":["03350"],"code_dep":"03","code_region":"84","population":1316,"surface_km2":71.13,"lat":46.6263,"lon":2.8085,"fibre_pct":81.8},{"code_insee":"03049","nom":"Cesset","codes_postaux":["03500"],"code_dep":"03","code_region":"84","population":430,"surface_km2":12.16,"lat":46.2987,"lon":3.1988,"fibre_pct":0.0},{"code_insee":"03050","nom":"La Chabanne","codes_postaux":["03250"],"code_dep":"03","code_region":"84","population":169,"surface_km2":20.15,"lat":46.0268,"lon":3.7526,"fibre_pct":3.7},{"code_insee":"03051","nom":"Chambérat","codes_postaux":["03370"],"code_dep":"03","code_region":"84","population":277,"surface_km2":28.72,"lat":46.4145,"lon":2.4227,"fibre_pct":0.0},{"code_insee":"03052","nom":"Chamblet","codes_postaux":["03170"],"code_dep":"03","code_region":"84","population":1074,"surface_km2":20.73,"lat":46.3264,"lon":2.7098,"fibre_pct":98.1},{"code_insee":"03053","nom":"Chantelle","codes_postaux":["03140"],"code_dep":"03","code_region":"84","population":1131,"surface_km2":11.01,"lat":46.2398,"lon":3.1547,"fibre_pct":97.0},{"code_insee":"03054","nom":"Chapeau","codes_postaux":["03340"],"code_dep":"03","code_region":"84","population":231,"surface_km2":33.77,"lat":46.4928,"lon":3.5127,"fibre_pct":91.9},{"code_insee":"03055","nom":"La Chapelaude","codes_postaux":["03380"],"code_dep":"03","code_region":"84","population":938,"surface_km2":28.62,"lat":46.428,"lon":2.5114,"fibre_pct":83.8},{"code_insee":"03056","nom":"La Chapelle","codes_postaux":["03300"],"code_dep":"03","code_region":"84","population":399,"surface_km2":21.15,"lat":46.0876,"lon":3.5903,"fibre_pct":54.1},{"code_insee":"03057","nom":"La Chapelle-aux-Chasses","codes_postaux":["03230"],"code_dep":"03","code_region":"84","population":197,"surface_km2":25.95,"lat":46.6619,"lon":3.5294,"fibre_pct":0.0},{"code_insee":"03058","nom":"Chappes","codes_postaux":["03390"],"code_dep":"03","code_region":"84","population":220,"surface_km2":18.63,"lat":46.3831,"lon":2.9426,"fibre_pct":70.7},{"code_insee":"03059","nom":"Chareil-Cintrat","codes_postaux":["03140"],"code_dep":"03","code_region":"84","population":388,"surface_km2":12.7,"lat":46.2657,"lon":3.2328,"fibre_pct":72.1},{"code_insee":"03060","nom":"Charmeil","codes_postaux":["03110"],"code_dep":"03","code_region":"84","population":947,"surface_km2":7.41,"lat":46.158,"lon":3.3935,"fibre_pct":99.1},{"code_insee":"03061","nom":"Charmes","codes_postaux":["03800"],"code_dep":"03","code_region":"84","population":369,"surface_km2":8.33,"lat":46.0828,"lon":3.2464,"fibre_pct":0.0},{"code_insee":"03062","nom":"Charroux","codes_postaux":["03140"],"code_dep":"03","code_region":"84","population":335,"surface_km2":10.5,"lat":46.1817,"lon":3.1625,"fibre_pct":0.0},{"code_insee":"03063","nom":"Chassenard","codes_postaux":["03510"],"code_dep":"03","code_region":"84","population":1023,"surface_km2":25.03,"lat":46.4385,"lon":3.9722,"fibre_pct":91.2},{"code_insee":"03064","nom":"Château-sur-Allier","codes_postaux":["03320"],"code_dep":"03","code_region":"84","population":160,"surface_km2":27.92,"lat":46.7812,"lon":2.9841,"fibre_pct":79.0},{"code_insee":"03065","nom":"Châtel-de-Neuvre","codes_postaux":["03500"],"code_dep":"03","code_region":"84","population":563,"surface_km2":19.23,"lat":46.4197,"lon":3.2961,"fibre_pct":70.8},{"code_insee":"03066","nom":"Châtel-Montagne","codes_postaux":["03250"],"code_dep":"03","code_region":"84","population":326,"surface_km2":36.69,"lat":46.1021,"lon":3.7183,"fibre_pct":41.2},{"code_insee":"03067","nom":"Châtelperron","codes_postaux":["03220"],"code_dep":"03","code_region":"84","population":130,"surface_km2":20.72,"lat":46.3996,"lon":3.6326,"fibre_pct":0.0},{"code_insee":"03068","nom":"Châtelus","codes_postaux":["03120"],"code_dep":"03","code_region":"84","population":119,"surface_km2":6.57,"lat":46.2022,"lon":3.7225,"fibre_pct":59.7},{"code_insee":"03069","nom":"Châtillon","codes_postaux":["03210"],"code_dep":"03","code_region":"84","population":317,"surface_km2":12.85,"lat":46.4643,"lon":3.1228,"fibre_pct":65.9},{"code_insee":"03070","nom":"Chavenon","codes_postaux":["03440"],"code_dep":"03","code_region":"84","population":140,"surface_km2":17.56,"lat":46.4218,"lon":2.9539,"fibre_pct":80.0},{"code_insee":"03071","nom":"Chavroches","codes_postaux":["03220"],"code_dep":"03","code_region":"84","population":268,"surface_km2":10.0,"lat":46.354,"lon":3.5984,"fibre_pct":0.0},{"code_insee":"03072","nom":"Chazemais","codes_postaux":["03370"],"code_dep":"03","code_region":"84","population":504,"surface_km2":29.27,"lat":46.4841,"lon":2.5147,"fibre_pct":0.0},{"code_insee":"03073","nom":"Chemilly","codes_postaux":["03210"],"code_dep":"03","code_region":"84","population":580,"surface_km2":16.95,"lat":46.4765,"lon":3.3088,"fibre_pct":95.2},{"code_insee":"03074","nom":"Chevagnes","codes_postaux":["03230"],"code_dep":"03","code_region":"84","population":630,"surface_km2":49.87,"lat":46.6099,"lon":3.5636,"fibre_pct":84.2},{"code_insee":"03075","nom":"Chezelle","codes_postaux":["03140"],"code_dep":"03","code_region":"84","population":158,"surface_km2":7.32,"lat":46.2136,"lon":3.1097,"fibre_pct":86.3},{"code_insee":"03076","nom":"Chézy","codes_postaux":["03230"],"code_dep":"03","code_region":"84","population":212,"surface_km2":36.63,"lat":46.6158,"lon":3.4514,"fibre_pct":77.9},{"code_insee":"03077","nom":"Chirat-l'Église","codes_postaux":["03330"],"code_dep":"03","code_region":"84","population":129,"surface_km2":18.39,"lat":46.2499,"lon":3.0339,"fibre_pct":0.0},{"code_insee":"03078","nom":"Chouvigny","codes_postaux":["03450"],"code_dep":"03","code_region":"84","population":232,"surface_km2":13.37,"lat":46.1246,"lon":3.0018,"fibre_pct":0.0},{"code_insee":"03079","nom":"Cindré","codes_postaux":["03220"],"code_dep":"03","code_region":"84","population":276,"surface_km2":22.78,"lat":46.3215,"lon":3.5469,"fibre_pct":0.0},{"code_insee":"03080","nom":"Cognat-Lyonne","codes_postaux":["03110"],"code_dep":"03","code_region":"84","population":706,"surface_km2":12.59,"lat":46.11,"lon":3.3002,"fibre_pct":89.3},{"code_insee":"03081","nom":"Colombier","codes_postaux":["03600"],"code_dep":"03","code_region":"84","population":327,"surface_km2":13.0,"lat":46.2675,"lon":2.7937,"fibre_pct":81.8},{"code_insee":"03082","nom":"Commentry","codes_postaux":["03600"],"code_dep":"03","code_region":"84","population":6017,"surface_km2":20.95,"lat":46.2734,"lon":2.7509,"fibre_pct":98.5},{"code_insee":"03083","nom":"Contigny","codes_postaux":["03500"],"code_dep":"03","code_region":"84","population":573,"surface_km2":17.82,"lat":46.3461,"lon":3.3145,"fibre_pct":76.7},{"code_insee":"03084","nom":"Cosne-d'Allier","codes_postaux":["03430"],"code_dep":"03","code_region":"84","population":2006,"surface_km2":25.26,"lat":46.4876,"lon":2.8317,"fibre_pct":94.7},{"code_insee":"03085","nom":"Coulandon","codes_postaux":["03000"],"code_dep":"03","code_region":"84","population":645,"surface_km2":16.98,"lat":46.5559,"lon":3.2412,"fibre_pct":85.8},{"code_insee":"03086","nom":"Coulanges","codes_postaux":["03470"],"code_dep":"03","code_region":"84","population":285,"surface_km2":24.36,"lat":46.4789,"lon":3.8669,"fibre_pct":90.5},{"code_insee":"03087","nom":"Couleuvre","codes_postaux":["03320"],"code_dep":"03","code_region":"84","population":580,"surface_km2":54.11,"lat":46.6747,"lon":2.9041,"fibre_pct":0.0},{"code_insee":"03088","nom":"Courçais","codes_postaux":["03370"],"code_dep":"03","code_region":"84","population":314,"surface_km2":26.84,"lat":46.4657,"lon":2.4489,"fibre_pct":0.0},{"code_insee":"03089","nom":"Coutansouze","codes_postaux":["03330"],"code_dep":"03","code_region":"84","population":154,"surface_km2":13.67,"lat":46.2071,"lon":3.0041,"fibre_pct":0.0},{"code_insee":"03090","nom":"Couzon","codes_postaux":["03160"],"code_dep":"03","code_region":"84","population":328,"surface_km2":20.19,"lat":46.6427,"lon":3.1192,"fibre_pct":0.0},{"code_insee":"03091","nom":"Créchy","codes_postaux":["03150"],"code_dep":"03","code_region":"84","population":428,"surface_km2":11.93,"lat":46.2692,"lon":3.4228,"fibre_pct":0.0},{"code_insee":"03092","nom":"Cressanges","codes_postaux":["03240"],"code_dep":"03","code_region":"84","population":644,"surface_km2":42.14,"lat":46.4493,"lon":3.1666,"fibre_pct":71.3},{"code_insee":"03093","nom":"Creuzier-le-Neuf","codes_postaux":["03300"],"code_dep":"03","code_region":"84","population":1225,"surface_km2":11.0,"lat":46.1785,"lon":3.4635,"fibre_pct":94.6},{"code_insee":"03094","nom":"Creuzier-le-Vieux","codes_postaux":["03300"],"code_dep":"03","code_region":"84","population":3205,"surface_km2":11.36,"lat":46.1632,"lon":3.4387,"fibre_pct":93.6},{"code_insee":"03095","nom":"Cusset","codes_postaux":["03300"],"code_dep":"03","code_region":"84","population":13316,"surface_km2":31.77,"lat":46.1342,"lon":3.4774,"fibre_pct":92.1},{"code_insee":"03096","nom":"Deneuille-lès-Chantelle","codes_postaux":["03140"],"code_dep":"03","code_region":"84","population":94,"surface_km2":8.26,"lat":46.2517,"lon":3.1475,"fibre_pct":79.0},{"code_insee":"03097","nom":"Deneuille-les-Mines","codes_postaux":["03170"],"code_dep":"03","code_region":"84","population":347,"surface_km2":25.13,"lat":46.3799,"lon":2.7692,"fibre_pct":5.4},{"code_insee":"03098","nom":"Désertines","codes_postaux":["03630"],"code_dep":"03","code_region":"84","population":4259,"surface_km2":8.26,"lat":46.3571,"lon":2.6253,"fibre_pct":99.4},{"code_insee":"03099","nom":"Deux-Chaises","codes_postaux":["03240"],"code_dep":"03","code_region":"84","population":377,"surface_km2":41.34,"lat":46.3751,"lon":3.0385,"fibre_pct":76.2},{"code_insee":"03100","nom":"Diou","codes_postaux":["03290"],"code_dep":"03","code_region":"84","population":1343,"surface_km2":25.76,"lat":46.5234,"lon":3.7426,"fibre_pct":89.2},{"code_insee":"03101","nom":"Domérat","codes_postaux":["03410"],"code_dep":"03","code_region":"84","population":8622,"surface_km2":35.31,"lat":46.3706,"lon":2.5462,"fibre_pct":96.9},{"code_insee":"03102","nom":"Dompierre-sur-Besbre","codes_postaux":["03290"],"code_dep":"03","code_region":"84","population":2959,"surface_km2":45.88,"lat":46.5336,"lon":3.6787,"fibre_pct":98.2},{"code_insee":"03103","nom":"Le Donjon","codes_postaux":["03130"],"code_dep":"03","code_region":"84","population":1007,"surface_km2":37.06,"lat":46.3498,"lon":3.8003,"fibre_pct":91.6},{"code_insee":"03104","nom":"Doyet","codes_postaux":["03170"],"code_dep":"03","code_region":"84","population":1109,"surface_km2":27.76,"lat":46.345,"lon":2.795,"fibre_pct":94.6},{"code_insee":"03105","nom":"Droiturier","codes_postaux":["03120"],"code_dep":"03","code_region":"84","population":364,"surface_km2":22.18,"lat":46.2288,"lon":3.7085,"fibre_pct":13.5},{"code_insee":"03106","nom":"Durdat-Larequille","codes_postaux":["03310"],"code_dep":"03","code_region":"84","population":1280,"surface_km2":24.58,"lat":46.2536,"lon":2.6968,"fibre_pct":93.4},{"code_insee":"03107","nom":"Ébreuil","codes_postaux":["03450"],"code_dep":"03","code_region":"84","population":1306,"surface_km2":23.14,"lat":46.1121,"lon":3.074,"fibre_pct":98.7},{"code_insee":"03108","nom":"Échassières","codes_postaux":["03330"],"code_dep":"03","code_region":"84","population":364,"surface_km2":23.29,"lat":46.198,"lon":2.9473,"fibre_pct":0.0},{"code_insee":"03109","nom":"Escurolles","codes_postaux":["03110"],"code_dep":"03","code_region":"84","population":804,"surface_km2":13.37,"lat":46.1431,"lon":3.2675,"fibre_pct":92.6},{"code_insee":"03110","nom":"Espinasse-Vozelle","codes_postaux":["03110"],"code_dep":"03","code_region":"84","population":995,"surface_km2":17.87,"lat":46.1313,"lon":3.3336,"fibre_pct":93.8},{"code_insee":"03111","nom":"Estivareilles","codes_postaux":["03190"],"code_dep":"03","code_region":"84","population":1119,"surface_km2":11.72,"lat":46.4248,"lon":2.6305,"fibre_pct":94.7},{"code_insee":"03112","nom":"Étroussat","codes_postaux":["03140"],"code_dep":"03","code_region":"84","population":649,"surface_km2":13.18,"lat":46.2227,"lon":3.221,"fibre_pct":0.0},{"code_insee":"03113","nom":"Ferrières-sur-Sichon","codes_postaux":["03250"],"code_dep":"03","code_region":"84","population":496,"surface_km2":38.59,"lat":46.0205,"lon":3.6501,"fibre_pct":72.3},{"code_insee":"03114","nom":"La Ferté-Hauterive","codes_postaux":["03340"],"code_dep":"03","code_region":"84","population":254,"surface_km2":21.8,"lat":46.3997,"lon":3.335,"fibre_pct":69.3},{"code_insee":"03115","nom":"Fleuriel","codes_postaux":["03140"],"code_dep":"03","code_region":"84","population":336,"surface_km2":28.34,"lat":46.2897,"lon":3.1625,"fibre_pct":76.8},{"code_insee":"03116","nom":"Fourilles","codes_postaux":["03140"],"code_dep":"03","code_region":"84","population":195,"surface_km2":7.06,"lat":46.2452,"lon":3.1981,"fibre_pct":66.2},{"code_insee":"03117","nom":"Franchesse","codes_postaux":["03160"],"code_dep":"03","code_region":"84","population":449,"surface_km2":40.61,"lat":46.6422,"lon":3.0411,"fibre_pct":0.0},{"code_insee":"03118","nom":"Gannat","codes_postaux":["03800"],"code_dep":"03","code_region":"84","population":5610,"surface_km2":36.77,"lat":46.0991,"lon":3.1708,"fibre_pct":95.5},{"code_insee":"03119","nom":"Gannay-sur-Loire","codes_postaux":["03230"],"code_dep":"03","code_region":"84","population":384,"surface_km2":32.18,"lat":46.7217,"lon":3.5928,"fibre_pct":0.0},{"code_insee":"03120","nom":"Garnat-sur-Engièvre","codes_postaux":["03230"],"code_dep":"03","code_region":"84","population":653,"surface_km2":18.73,"lat":46.6346,"lon":3.6712,"fibre_pct":0.0},{"code_insee":"03121","nom":"Gennetines","codes_postaux":["03400"],"code_dep":"03","code_region":"84","population":615,"surface_km2":39.32,"lat":46.6273,"lon":3.4078,"fibre_pct":86.8},{"code_insee":"03122","nom":"Gipcy","codes_postaux":["03210"],"code_dep":"03","code_region":"84","population":235,"surface_km2":27.56,"lat":46.5085,"lon":3.0496,"fibre_pct":2.4},{"code_insee":"03124","nom":"Gouise","codes_postaux":["03340"],"code_dep":"03","code_region":"84","population":219,"surface_km2":23.25,"lat":46.4103,"lon":3.4322,"fibre_pct":65.4},{"code_insee":"03125","nom":"La Guillermie","codes_postaux":["03250"],"code_dep":"03","code_region":"84","population":123,"surface_km2":12.51,"lat":45.9817,"lon":3.6434,"fibre_pct":57.4},{"code_insee":"03126","nom":"Hauterive","codes_postaux":["03270"],"code_dep":"03","code_region":"84","population":1186,"surface_km2":7.98,"lat":46.0782,"lon":3.4396,"fibre_pct":97.5},{"code_insee":"03127","nom":"Hérisson","codes_postaux":["03190"],"code_dep":"03","code_region":"84","population":555,"surface_km2":32.46,"lat":46.524,"lon":2.7134,"fibre_pct":79.7},{"code_insee":"03128","nom":"Huriel","codes_postaux":["03380"],"code_dep":"03","code_region":"84","population":2536,"surface_km2":35.3,"lat":46.3757,"lon":2.4812,"fibre_pct":97.3},{"code_insee":"03129","nom":"Hyds","codes_postaux":["03600"],"code_dep":"03","code_region":"84","population":298,"surface_km2":18.8,"lat":46.2715,"lon":2.8283,"fibre_pct":72.6},{"code_insee":"03130","nom":"Isle-et-Bardais","codes_postaux":["03360"],"code_dep":"03","code_region":"84","population":273,"surface_km2":45.03,"lat":46.6866,"lon":2.7762,"fibre_pct":0.0},{"code_insee":"03131","nom":"Isserpent","codes_postaux":["03120"],"code_dep":"03","code_region":"84","population":560,"surface_km2":26.49,"lat":46.1588,"lon":3.6226,"fibre_pct":0.0},{"code_insee":"03132","nom":"Jaligny-sur-Besbre","codes_postaux":["03220"],"code_dep":"03","code_region":"84","population":559,"surface_km2":9.73,"lat":46.3789,"lon":3.5856,"fibre_pct":94.8},{"code_insee":"03133","nom":"Jenzat","codes_postaux":["03800"],"code_dep":"03","code_region":"84","population":517,"surface_km2":11.87,"lat":46.1603,"lon":3.2007,"fibre_pct":89.9},{"code_insee":"03134","nom":"Laféline","codes_postaux":["03500"],"code_dep":"03","code_region":"84","population":173,"surface_km2":23.08,"lat":46.3429,"lon":3.1786,"fibre_pct":0.0},{"code_insee":"03135","nom":"Lalizolle","codes_postaux":["03450"],"code_dep":"03","code_region":"84","population":399,"surface_km2":23.73,"lat":46.1615,"lon":3.001,"fibre_pct":89.1},{"code_insee":"03136","nom":"Lamaids","codes_postaux":["03380"],"code_dep":"03","code_region":"84","population":210,"surface_km2":7.73,"lat":46.302,"lon":2.441,"fibre_pct":65.4},{"code_insee":"03137","nom":"Langy","codes_postaux":["03150"],"code_dep":"03","code_region":"84","population":280,"surface_km2":7.38,"lat":46.2766,"lon":3.4604,"fibre_pct":0.0},{"code_insee":"03138","nom":"Lapalisse","codes_postaux":["03120"],"code_dep":"03","code_region":"84","population":3138,"surface_km2":32.8,"lat":46.2613,"lon":3.6453,"fibre_pct":96.6},{"code_insee":"03139","nom":"Laprugne","codes_postaux":["03250"],"code_dep":"03","code_region":"84","population":308,"surface_km2":34.66,"lat":45.9941,"lon":3.768,"fibre_pct":60.1},{"code_insee":"03140","nom":"Lavault-Sainte-Anne","codes_postaux":["03100"],"code_dep":"03","code_region":"84","population":1139,"surface_km2":9.07,"lat":46.3093,"lon":2.6042,"fibre_pct":97.5},{"code_insee":"03141","nom":"Lavoine","codes_postaux":["03250"],"code_dep":"03","code_region":"84","population":153,"surface_km2":17.48,"lat":45.9675,"lon":3.6908,"fibre_pct":62.1},{"code_insee":"03142","nom":"Lenax","codes_postaux":["03130"],"code_dep":"03","code_region":"84","population":257,"surface_km2":28.46,"lat":46.3056,"lon":3.8299,"fibre_pct":59.6},{"code_insee":"03143","nom":"Lételon","codes_postaux":["03360"],"code_dep":"03","code_region":"84","population":93,"surface_km2":6.31,"lat":46.6582,"lon":2.5954,"fibre_pct":0.0},{"code_insee":"03144","nom":"Liernolles","codes_postaux":["03130"],"code_dep":"03","code_region":"84","population":193,"surface_km2":37.42,"lat":46.3958,"lon":3.7686,"fibre_pct":0.0},{"code_insee":"03145","nom":"Lignerolles","codes_postaux":["03410"],"code_dep":"03","code_region":"84","population":760,"surface_km2":11.73,"lat":46.2816,"lon":2.5659,"fibre_pct":95.9},{"code_insee":"03146","nom":"Limoise","codes_postaux":["03320"],"code_dep":"03","code_region":"84","population":175,"surface_km2":12.72,"lat":46.6876,"lon":3.0541,"fibre_pct":0.0},{"code_insee":"03147","nom":"Loddes","codes_postaux":["03130"],"code_dep":"03","code_region":"84","population":166,"surface_km2":23.5,"lat":46.2993,"lon":3.763,"fibre_pct":0.0},{"code_insee":"03148","nom":"Loriges","codes_postaux":["03500"],"code_dep":"03","code_region":"84","population":350,"surface_km2":9.49,"lat":46.2667,"lon":3.342,"fibre_pct":80.0},{"code_insee":"03149","nom":"Louchy-Montfand","codes_postaux":["03500"],"code_dep":"03","code_region":"84","population":397,"surface_km2":5.33,"lat":46.3078,"lon":3.2461,"fibre_pct":98.0},{"code_insee":"03150","nom":"Louroux-Bourbonnais","codes_postaux":["03350"],"code_dep":"03","code_region":"84","population":205,"surface_km2":33.35,"lat":46.5358,"lon":2.8329,"fibre_pct":0.0},{"code_insee":"03151","nom":"Louroux-de-Beaune","codes_postaux":["03600"],"code_dep":"03","code_region":"84","population":191,"surface_km2":10.75,"lat":46.3012,"lon":2.8585,"fibre_pct":2.3},{"code_insee":"03152","nom":"Louroux-de-Bouble","codes_postaux":["03330"],"code_dep":"03","code_region":"84","population":226,"surface_km2":16.71,"lat":46.2286,"lon":2.9727,"fibre_pct":0.0},{"code_insee":"03154","nom":"Luneau","codes_postaux":["03130"],"code_dep":"03","code_region":"84","population":277,"surface_km2":27.23,"lat":46.3665,"lon":3.948,"fibre_pct":0.0},{"code_insee":"03155","nom":"Lurcy-Lévis","codes_postaux":["03320"],"code_dep":"03","code_region":"84","population":1821,"surface_km2":72.13,"lat":46.7371,"lon":2.9111,"fibre_pct":83.6},{"code_insee":"03156","nom":"Lusigny","codes_postaux":["03230"],"code_dep":"03","code_region":"84","population":1620,"surface_km2":44.74,"lat":46.5731,"lon":3.4786,"fibre_pct":74.0},{"code_insee":"03157","nom":"Magnet","codes_postaux":["03260"],"code_dep":"03","code_region":"84","population":1053,"surface_km2":12.8,"lat":46.2162,"lon":3.5097,"fibre_pct":72.9},{"code_insee":"03158","nom":"Haut-Bocage","codes_postaux":["03190"],"code_dep":"03","code_region":"84","population":841,"surface_km2":70.23,"lat":46.4752,"lon":2.6895,"fibre_pct":53.6},{"code_insee":"03159","nom":"Malicorne","codes_postaux":["03600"],"code_dep":"03","code_region":"84","population":763,"surface_km2":11.96,"lat":46.3053,"lon":2.7656,"fibre_pct":96.8},{"code_insee":"03160","nom":"Marcenat","codes_postaux":["03260"],"code_dep":"03","code_region":"84","population":386,"surface_km2":19.54,"lat":46.2401,"lon":3.396,"fibre_pct":71.4},{"code_insee":"03161","nom":"Marcillat-en-Combraille","codes_postaux":["03420"],"code_dep":"03","code_region":"84","population":900,"surface_km2":35.59,"lat":46.1707,"lon":2.6332,"fibre_pct":90.2},{"code_insee":"03162","nom":"Marigny","codes_postaux":["03210"],"code_dep":"03","code_region":"84","population":200,"surface_km2":17.3,"lat":46.5781,"lon":3.2122,"fibre_pct":74.8},{"code_insee":"03163","nom":"Mariol","codes_postaux":["03270"],"code_dep":"03","code_region":"84","population":679,"surface_km2":10.09,"lat":46.0257,"lon":3.4935,"fibre_pct":88.2},{"code_insee":"03164","nom":"Le Mayet-d'École","codes_postaux":["03800"],"code_dep":"03","code_region":"84","population":304,"surface_km2":6.88,"lat":46.1664,"lon":3.2399,"fibre_pct":96.4},{"code_insee":"03165","nom":"Le Mayet-de-Montagne","codes_postaux":["03250"],"code_dep":"03","code_region":"84","population":1383,"surface_km2":29.62,"lat":46.0605,"lon":3.6491,"fibre_pct":85.3},{"code_insee":"03166","nom":"Mazerier","codes_postaux":["03800"],"code_dep":"03","code_region":"84","population":317,"surface_km2":7.33,"lat":46.1351,"lon":3.1862,"fibre_pct":91.4},{"code_insee":"03167","nom":"Mazirat","codes_postaux":["03420"],"code_dep":"03","code_region":"84","population":273,"surface_km2":20.37,"lat":46.2213,"lon":2.5558,"fibre_pct":61.9},{"code_insee":"03168","nom":"Meaulne-Vitray","codes_postaux":["03360"],"code_dep":"03","code_region":"84","population":906,"surface_km2":49.9,"lat":46.6065,"lon":2.6485,"fibre_pct":84.0},{"code_insee":"03169","nom":"Meillard","codes_postaux":["03500"],"code_dep":"03","code_region":"84","population":303,"surface_km2":25.85,"lat":46.3892,"lon":3.2254,"fibre_pct":1.6},{"code_insee":"03170","nom":"Meillers","codes_postaux":["03210"],"code_dep":"03","code_region":"84","population":129,"surface_km2":23.78,"lat":46.5172,"lon":3.1095,"fibre_pct":0.0},{"code_insee":"03171","nom":"Mercy","codes_postaux":["03340"],"code_dep":"03","code_region":"84","population":244,"surface_km2":29.22,"lat":46.4493,"lon":3.524,"fibre_pct":1.2},{"code_insee":"03172","nom":"Mesples","codes_postaux":["03370"],"code_dep":"03","code_region":"84","population":129,"surface_km2":15.35,"lat":46.424,"lon":2.363,"fibre_pct":0.0},{"code_insee":"03173","nom":"Molinet","codes_postaux":["03510"],"code_dep":"03","code_region":"84","population":1104,"surface_km2":26.19,"lat":46.4613,"lon":3.9267,"fibre_pct":88.3},{"code_insee":"03174","nom":"Molles","codes_postaux":["03300"],"code_dep":"03","code_region":"84","population":904,"surface_km2":26.79,"lat":46.1121,"lon":3.556,"fibre_pct":73.9},{"code_insee":"03175","nom":"Monestier","codes_postaux":["03140"],"code_dep":"03","code_region":"84","population":291,"surface_km2":29.75,"lat":46.2641,"lon":3.1035,"fibre_pct":0.0},{"code_insee":"03176","nom":"Monétay-sur-Allier","codes_postaux":["03500"],"code_dep":"03","code_region":"84","population":536,"surface_km2":11.95,"lat":46.3815,"lon":3.2882,"fibre_pct":93.8},{"code_insee":"03177","nom":"Monétay-sur-Loire","codes_postaux":["03470"],"code_dep":"03","code_region":"84","population":250,"surface_km2":31.47,"lat":46.4337,"lon":3.8235,"fibre_pct":10.0},{"code_insee":"03178","nom":"Montaiguët-en-Forez","codes_postaux":["03130"],"code_dep":"03","code_region":"84","population":280,"surface_km2":22.49,"lat":46.264,"lon":3.829,"fibre_pct":0.0},{"code_insee":"03179","nom":"Montaigu-le-Blin","codes_postaux":["03150"],"code_dep":"03","code_region":"84","population":300,"surface_km2":13.03,"lat":46.2914,"lon":3.5191,"fibre_pct":60.7},{"code_insee":"03180","nom":"Montbeugny","codes_postaux":["03340"],"code_dep":"03","code_region":"84","population":638,"surface_km2":32.75,"lat":46.5266,"lon":3.4847,"fibre_pct":85.1},{"code_insee":"03181","nom":"Montcombroux-les-Mines","codes_postaux":["03130"],"code_dep":"03","code_region":"84","population":295,"surface_km2":23.67,"lat":46.3626,"lon":3.7249,"fibre_pct":83.4},{"code_insee":"03182","nom":"Monteignet-sur-l'Andelot","codes_postaux":["03800"],"code_dep":"03","code_region":"84","population":266,"surface_km2":9.6,"lat":46.1147,"lon":3.2511,"fibre_pct":96.0},{"code_insee":"03183","nom":"Le Montet","codes_postaux":["03240"],"code_dep":"03","code_region":"84","population":472,"surface_km2":1.88,"lat":46.407,"lon":3.0532,"fibre_pct":98.6},{"code_insee":"03184","nom":"Montilly","codes_postaux":["03000"],"code_dep":"03","code_region":"84","population":488,"surface_km2":22.26,"lat":46.6112,"lon":3.2351,"fibre_pct":94.9},{"code_insee":"03185","nom":"Montluçon","codes_postaux":["03100"],"code_dep":"03","code_region":"84","population":33147,"surface_km2":20.68,"lat":46.3428,"lon":2.608,"fibre_pct":97.5},{"code_insee":"03186","nom":"Montmarault","codes_postaux":["03390"],"code_dep":"03","code_region":"84","population":1525,"surface_km2":9.09,"lat":46.3164,"lon":2.9561,"fibre_pct":97.4},{"code_insee":"03187","nom":"Montoldre","codes_postaux":["03150"],"code_dep":"03","code_region":"84","population":590,"surface_km2":19.2,"lat":46.338,"lon":3.4567,"fibre_pct":66.9},{"code_insee":"03188","nom":"Montord","codes_postaux":["03500"],"code_dep":"03","code_region":"84","population":211,"surface_km2":4.56,"lat":46.2897,"lon":3.2406,"fibre_pct":93.0},{"code_insee":"03189","nom":"Montvicq","codes_postaux":["03170"],"code_dep":"03","code_region":"84","population":692,"surface_km2":10.16,"lat":46.3173,"lon":2.8244,"fibre_pct":93.4},{"code_insee":"03190","nom":"Moulins","codes_postaux":["03000"],"code_dep":"03","code_region":"84","population":19206,"surface_km2":8.71,"lat":46.5591,"lon":3.3255,"fibre_pct":96.4},{"code_insee":"03191","nom":"Murat","codes_postaux":["03390"],"code_dep":"03","code_region":"84","population":264,"surface_km2":20.3,"lat":46.414,"lon":2.8993,"fibre_pct":0.0},{"code_insee":"03192","nom":"Nades","codes_postaux":["03450"],"code_dep":"03","code_region":"84","population":162,"surface_km2":8.41,"lat":46.1523,"lon":2.9704,"fibre_pct":0.0},{"code_insee":"03193","nom":"Nassigny","codes_postaux":["03190"],"code_dep":"03","code_region":"84","population":194,"surface_km2":18.03,"lat":46.4975,"lon":2.5892,"fibre_pct":94.9},{"code_insee":"03194","nom":"Naves","codes_postaux":["03330"],"code_dep":"03","code_region":"84","population":146,"surface_km2":8.17,"lat":46.1766,"lon":3.1154,"fibre_pct":0.0},{"code_insee":"03195","nom":"Néris-les-Bains","codes_postaux":["03310"],"code_dep":"03","code_region":"84","population":2368,"surface_km2":33.04,"lat":46.3028,"lon":2.6809,"fibre_pct":89.3},{"code_insee":"03196","nom":"Neuilly-en-Donjon","codes_postaux":["03130"],"code_dep":"03","code_region":"84","population":198,"surface_km2":25.08,"lat":46.3437,"lon":3.8859,"fibre_pct":71.0},{"code_insee":"03197","nom":"Neuilly-le-Réal","codes_postaux":["03340"],"code_dep":"03","code_region":"84","population":1435,"surface_km2":47.43,"lat":46.4642,"lon":3.4381,"fibre_pct":94.3},{"code_insee":"03198","nom":"Neure","codes_postaux":["03320"],"code_dep":"03","code_region":"84","population":202,"surface_km2":12.13,"lat":46.7432,"lon":2.979,"fibre_pct":49.3},{"code_insee":"03200","nom":"Neuvy","codes_postaux":["03000"],"code_dep":"03","code_region":"84","population":1475,"surface_km2":18.98,"lat":46.5709,"lon":3.276,"fibre_pct":93.4},{"code_insee":"03201","nom":"Nizerolles","codes_postaux":["03250"],"code_dep":"03","code_region":"84","population":282,"surface_km2":17.66,"lat":46.1068,"lon":3.6426,"fibre_pct":0.0},{"code_insee":"03202","nom":"Noyant-d'Allier","codes_postaux":["03210"],"code_dep":"03","code_region":"84","population":602,"surface_km2":21.11,"lat":46.4783,"lon":3.1261,"fibre_pct":80.9},{"code_insee":"03203","nom":"Paray-le-Frésil","codes_postaux":["03230"],"code_dep":"03","code_region":"84","population":376,"surface_km2":37.18,"lat":46.6582,"lon":3.6013,"fibre_pct":0.0},{"code_insee":"03204","nom":"Paray-sous-Briailles","codes_postaux":["03500"],"code_dep":"03","code_region":"84","population":616,"surface_km2":22.28,"lat":46.295,"lon":3.3704,"fibre_pct":75.8},{"code_insee":"03205","nom":"Périgny","codes_postaux":["03120"],"code_dep":"03","code_region":"84","population":484,"surface_km2":27.21,"lat":46.2455,"lon":3.5611,"fibre_pct":0.0},{"code_insee":"03206","nom":"La Petite-Marche","codes_postaux":["03420"],"code_dep":"03","code_region":"84","population":167,"surface_km2":15.03,"lat":46.1893,"lon":2.5662,"fibre_pct":62.0},{"code_insee":"03207","nom":"Pierrefitte-sur-Loire","codes_postaux":["03470"],"code_dep":"03","code_region":"84","population":506,"surface_km2":25.47,"lat":46.5013,"lon":3.8055,"fibre_pct":0.0},{"code_insee":"03208","nom":"Le Pin","codes_postaux":["03130"],"code_dep":"03","code_region":"84","population":432,"surface_km2":21.88,"lat":46.4219,"lon":3.8887,"fibre_pct":92.2},{"code_insee":"03209","nom":"Poëzat","codes_postaux":["03800"],"code_dep":"03","code_region":"84","population":152,"surface_km2":2.18,"lat":46.0754,"lon":3.2271,"fibre_pct":98.8},{"code_insee":"03210","nom":"Pouzy-Mésangy","codes_postaux":["03320"],"code_dep":"03","code_region":"84","population":378,"surface_km2":35.41,"lat":46.7048,"lon":3.0109,"fibre_pct":33.3},{"code_insee":"03211","nom":"Prémilhat","codes_postaux":["03410"],"code_dep":"03","code_region":"84","population":2540,"surface_km2":21.13,"lat":46.3082,"lon":2.5476,"fibre_pct":97.9},{"code_insee":"03212","nom":"Quinssaines","codes_postaux":["03380"],"code_dep":"03","code_region":"84","population":1528,"surface_km2":25.91,"lat":46.3093,"lon":2.4903,"fibre_pct":96.9},{"code_insee":"03213","nom":"Reugny","codes_postaux":["03190"],"code_dep":"03","code_region":"84","population":266,"surface_km2":7.21,"lat":46.4579,"lon":2.6099,"fibre_pct":94.8},{"code_insee":"03214","nom":"Rocles","codes_postaux":["03240"],"code_dep":"03","code_region":"84","population":326,"surface_km2":21.66,"lat":46.4418,"lon":3.0314,"fibre_pct":39.8},{"code_insee":"03215","nom":"Rongères","codes_postaux":["03150"],"code_dep":"03","code_region":"84","population":555,"surface_km2":9.0,"lat":46.2987,"lon":3.451,"fibre_pct":73.8},{"code_insee":"03216","nom":"Ronnet","codes_postaux":["03420"],"code_dep":"03","code_region":"84","population":162,"surface_km2":20.05,"lat":46.2047,"lon":2.6993,"fibre_pct":0.0},{"code_insee":"03217","nom":"Saint-Angel","codes_postaux":["03170"],"code_dep":"03","code_region":"84","population":738,"surface_km2":25.52,"lat":46.3558,"lon":2.6957,"fibre_pct":91.2},{"code_insee":"03218","nom":"Saint-Aubin-le-Monial","codes_postaux":["03160"],"code_dep":"03","code_region":"84","population":262,"surface_km2":21.94,"lat":46.5341,"lon":3.0063,"fibre_pct":0.0},{"code_insee":"03219","nom":"Saint-Bonnet-de-Four","codes_postaux":["03390"],"code_dep":"03","code_region":"84","population":227,"surface_km2":18.77,"lat":46.315,"lon":2.9069,"fibre_pct":0.0},{"code_insee":"03220","nom":"Saint-Bonnet-de-Rochefort","codes_postaux":["03800"],"code_dep":"03","code_region":"84","population":713,"surface_km2":16.38,"lat":46.149,"lon":3.141,"fibre_pct":79.7},{"code_insee":"03221","nom":"Saint-Bonnet-Tronçais","codes_postaux":["03360"],"code_dep":"03","code_region":"84","population":726,"surface_km2":28.23,"lat":46.6689,"lon":2.6964,"fibre_pct":70.0},{"code_insee":"03222","nom":"Saint-Caprais","codes_postaux":["03190"],"code_dep":"03","code_region":"84","population":103,"surface_km2":20.02,"lat":46.5468,"lon":2.7359,"fibre_pct":0.0},{"code_insee":"03223","nom":"Saint-Christophe-en-Bourbonnais","codes_postaux":["03120"],"code_dep":"03","code_region":"84","population":442,"surface_km2":27.93,"lat":46.1684,"lon":3.5838,"fibre_pct":0.0},{"code_insee":"03224","nom":"Saint-Clément","codes_postaux":["03250"],"code_dep":"03","code_region":"84","population":284,"surface_km2":26.13,"lat":46.0544,"lon":3.726,"fibre_pct":32.8},{"code_insee":"03225","nom":"Saint-Désiré","codes_postaux":["03370"],"code_dep":"03","code_region":"84","population":424,"surface_km2":42.47,"lat":46.5057,"lon":2.4521,"fibre_pct":0.0},{"code_insee":"03226","nom":"Saint-Didier-en-Donjon","codes_postaux":["03130"],"code_dep":"03","code_region":"84","population":245,"surface_km2":33.11,"lat":46.3846,"lon":3.8701,"fibre_pct":49.4},{"code_insee":"03227","nom":"Saint-Didier-la-Forêt","codes_postaux":["03110"],"code_dep":"03","code_region":"84","population":399,"surface_km2":33.58,"lat":46.2297,"lon":3.3372,"fibre_pct":75.1},{"code_insee":"03228","nom":"Saint-Éloy-d'Allier","codes_postaux":["03370"],"code_dep":"03","code_region":"84","population":58,"surface_km2":12.86,"lat":46.4984,"lon":2.3605,"fibre_pct":0.0},{"code_insee":"03229","nom":"Saint-Ennemond","codes_postaux":["03400"],"code_dep":"03","code_region":"84","population":626,"surface_km2":38.76,"lat":46.6821,"lon":3.4025,"fibre_pct":87.5},{"code_insee":"03230","nom":"Saint-Étienne-de-Vicq","codes_postaux":["03300"],"code_dep":"03","code_region":"84","population":523,"surface_km2":19.26,"lat":46.1696,"lon":3.5384,"fibre_pct":0.0},{"code_insee":"03231","nom":"Saint-Fargeol","codes_postaux":["03420"],"code_dep":"03","code_region":"84","population":187,"surface_km2":10.43,"lat":46.1329,"lon":2.6298,"fibre_pct":67.4},{"code_insee":"03232","nom":"Saint-Félix","codes_postaux":["03260"],"code_dep":"03","code_region":"84","population":279,"surface_km2":5.19,"lat":46.2278,"lon":3.4792,"fibre_pct":0.0},{"code_insee":"03233","nom":"Saint-Genest","codes_postaux":["03310"],"code_dep":"03","code_region":"84","population":386,"surface_km2":15.28,"lat":46.2636,"lon":2.6019,"fibre_pct":81.9},{"code_insee":"03234","nom":"Saint-Gérand-de-Vaux","codes_postaux":["03340"],"code_dep":"03","code_region":"84","population":408,"surface_km2":40.46,"lat":46.386,"lon":3.4128,"fibre_pct":77.2},{"code_insee":"03235","nom":"Saint-Gérand-le-Puy","codes_postaux":["03150"],"code_dep":"03","code_region":"84","population":963,"surface_km2":19.67,"lat":46.261,"lon":3.5164,"fibre_pct":0.0},{"code_insee":"03236","nom":"Saint-Germain-des-Fossés","codes_postaux":["03260"],"code_dep":"03","code_region":"84","population":3579,"surface_km2":7.98,"lat":46.1955,"lon":3.4315,"fibre_pct":96.2},{"code_insee":"03237","nom":"Saint-Germain-de-Salles","codes_postaux":["03140"],"code_dep":"03","code_region":"84","population":434,"surface_km2":11.72,"lat":46.1881,"lon":3.2234,"fibre_pct":0.0},{"code_insee":"03238","nom":"Saint-Hilaire","codes_postaux":["03440"],"code_dep":"03","code_region":"84","population":503,"surface_km2":20.95,"lat":46.4835,"lon":3.0183,"fibre_pct":71.0},{"code_insee":"03239","nom":"Saint-Léger-sur-Vouzance","codes_postaux":["03130"],"code_dep":"03","code_region":"84","population":258,"surface_km2":18.24,"lat":46.4093,"lon":3.9368,"fibre_pct":64.0},{"code_insee":"03240","nom":"Saint-Léon","codes_postaux":["03220"],"code_dep":"03","code_region":"84","population":530,"surface_km2":33.94,"lat":46.4117,"lon":3.6887,"fibre_pct":0.0},{"code_insee":"03241","nom":"Saint-Léopardin-d'Augy","codes_postaux":["03160"],"code_dep":"03","code_region":"84","population":354,"surface_km2":39.93,"lat":46.6968,"lon":3.1063,"fibre_pct":0.0},{"code_insee":"03242","nom":"Saint-Loup","codes_postaux":["03150"],"code_dep":"03","code_region":"84","population":575,"surface_km2":17.65,"lat":46.3559,"lon":3.3812,"fibre_pct":94.5},{"code_insee":"03243","nom":"Saint-Marcel-en-Murat","codes_postaux":["03390"],"code_dep":"03","code_region":"84","population":128,"surface_km2":16.94,"lat":46.3222,"lon":3.0044,"fibre_pct":0.0},{"code_insee":"03244","nom":"Saint-Marcel-en-Marcillat","codes_postaux":["03420"],"code_dep":"03","code_region":"84","population":130,"surface_km2":10.72,"lat":46.152,"lon":2.5812,"fibre_pct":57.0},{"code_insee":"03245","nom":"Saint-Martin-des-Lais","codes_postaux":["03230"],"code_dep":"03","code_region":"84","population":122,"surface_km2":18.24,"lat":46.6798,"lon":3.6616,"fibre_pct":0.0},{"code_insee":"03246","nom":"Saint-Martinien","codes_postaux":["03380"],"code_dep":"03","code_region":"84","population":597,"surface_km2":25.79,"lat":46.3328,"lon":2.442,"fibre_pct":85.9},{"code_insee":"03247","nom":"Saint-Menoux","codes_postaux":["03210"],"code_dep":"03","code_region":"84","population":1116,"surface_km2":27.58,"lat":46.5829,"lon":3.1477,"fibre_pct":88.3},{"code_insee":"03248","nom":"Saint-Nicolas-des-Biefs","codes_postaux":["03250"],"code_dep":"03","code_region":"84","population":146,"surface_km2":29.08,"lat":46.0569,"lon":3.7909,"fibre_pct":63.2},{"code_insee":"03249","nom":"Saint-Palais","codes_postaux":["03370"],"code_dep":"03","code_region":"84","population":163,"surface_km2":20.4,"lat":46.4415,"lon":2.3078,"fibre_pct":0.0},{"code_insee":"03250","nom":"Saint-Pierre-Laval","codes_postaux":["42620"],"code_dep":"03","code_region":"84","population":373,"surface_km2":24.1,"lat":46.1917,"lon":3.7718,"fibre_pct":0.0},{"code_insee":"03251","nom":"Saint-Plaisir","codes_postaux":["03160"],"code_dep":"03","code_region":"84","population":422,"surface_km2":52.86,"lat":46.6289,"lon":2.9551,"fibre_pct":0.0},{"code_insee":"03252","nom":"Saint-Pont","codes_postaux":["03110"],"code_dep":"03","code_region":"84","population":689,"surface_km2":12.47,"lat":46.1552,"lon":3.2935,"fibre_pct":96.6},{"code_insee":"03253","nom":"Saint-Pourçain-sur-Besbre","codes_postaux":["03290"],"code_dep":"03","code_region":"84","population":371,"surface_km2":33.39,"lat":46.4855,"lon":3.6538,"fibre_pct":89.2},{"code_insee":"03254","nom":"Saint-Pourçain-sur-Sioule","codes_postaux":["03500"],"code_dep":"03","code_region":"84","population":4884,"surface_km2":35.75,"lat":46.3047,"lon":3.3028,"fibre_pct":92.9},{"code_insee":"03255","nom":"Saint-Priest-d'Andelot","codes_postaux":["03800"],"code_dep":"03","code_region":"84","population":146,"surface_km2":8.24,"lat":46.0782,"lon":3.1492,"fibre_pct":0.0},{"code_insee":"03256","nom":"Saint-Priest-en-Murat","codes_postaux":["03390"],"code_dep":"03","code_region":"84","population":214,"surface_km2":25.85,"lat":46.3577,"lon":2.9058,"fibre_pct":52.0},{"code_insee":"03257","nom":"Saint-Prix","codes_postaux":["03120"],"code_dep":"03","code_region":"84","population":776,"surface_km2":21.79,"lat":46.2256,"lon":3.6502,"fibre_pct":76.8},{"code_insee":"03258","nom":"Saint-Rémy-en-Rollat","codes_postaux":["03110"],"code_dep":"03","code_region":"84","population":1774,"surface_km2":21.01,"lat":46.1915,"lon":3.377,"fibre_pct":91.8},{"code_insee":"03259","nom":"Saint-Sauvier","codes_postaux":["03370"],"code_dep":"03","code_region":"84","population":320,"surface_km2":31.74,"lat":46.3955,"lon":2.3337,"fibre_pct":0.0},{"code_insee":"03260","nom":"Saint-Sornin","codes_postaux":["03240"],"code_dep":"03","code_region":"84","population":220,"surface_km2":19.51,"lat":46.4129,"lon":3.0083,"fibre_pct":79.7},{"code_insee":"03261","nom":"Sainte-Thérence","codes_postaux":["03420"],"code_dep":"03","code_region":"84","population":179,"surface_km2":13.12,"lat":46.2429,"lon":2.5752,"fibre_pct":88.3},{"code_insee":"03262","nom":"Saint-Victor","codes_postaux":["03410"],"code_dep":"03","code_region":"84","population":2100,"surface_km2":23.09,"lat":46.3891,"lon":2.6086,"fibre_pct":98.0},{"code_insee":"03263","nom":"Saint-Voir","codes_postaux":["03220"],"code_dep":"03","code_region":"84","population":201,"surface_km2":25.17,"lat":46.4114,"lon":3.5061,"fibre_pct":51.9},{"code_insee":"03264","nom":"Saint-Yorre","codes_postaux":["03270"],"code_dep":"03","code_region":"84","population":2641,"surface_km2":6.49,"lat":46.0615,"lon":3.4672,"fibre_pct":91.2},{"code_insee":"03265","nom":"Saligny-sur-Roudon","codes_postaux":["03470"],"code_dep":"03","code_region":"84","population":641,"surface_km2":57.7,"lat":46.4643,"lon":3.7587,"fibre_pct":82.4},{"code_insee":"03266","nom":"Sanssat","codes_postaux":["03150"],"code_dep":"03","code_region":"84","population":276,"surface_km2":8.41,"lat":46.2501,"lon":3.4663,"fibre_pct":0.0},{"code_insee":"03267","nom":"Saulcet","codes_postaux":["03500"],"code_dep":"03","code_region":"84","population":657,"surface_km2":7.96,"lat":46.3284,"lon":3.266,"fibre_pct":86.6},{"code_insee":"03268","nom":"Saulzet","codes_postaux":["03800"],"code_dep":"03","code_region":"84","population":396,"surface_km2":9.2,"lat":46.1379,"lon":3.2203,"fibre_pct":98.7},{"code_insee":"03269","nom":"Sauvagny","codes_postaux":["03430"],"code_dep":"03","code_region":"84","population":82,"surface_km2":19.42,"lat":46.4321,"lon":2.7987,"fibre_pct":60.4},{"code_insee":"03270","nom":"Sazeret","codes_postaux":["03390"],"code_dep":"03","code_region":"84","population":140,"surface_km2":18.09,"lat":46.3471,"lon":2.9719,"fibre_pct":68.7},{"code_insee":"03271","nom":"Serbannes","codes_postaux":["03700"],"code_dep":"03","code_region":"84","population":854,"surface_km2":14.25,"lat":46.1028,"lon":3.3509,"fibre_pct":98.9},{"code_insee":"03272","nom":"Servilly","codes_postaux":["03120"],"code_dep":"03","code_region":"84","population":271,"surface_km2":12.29,"lat":46.2776,"lon":3.5864,"fibre_pct":0.0},{"code_insee":"03273","nom":"Seuillet","codes_postaux":["03260"],"code_dep":"03","code_region":"84","population":479,"surface_km2":9.96,"lat":46.205,"lon":3.4683,"fibre_pct":98.9},{"code_insee":"03274","nom":"Sorbier","codes_postaux":["03220"],"code_dep":"03","code_region":"84","population":318,"surface_km2":17.12,"lat":46.3616,"lon":3.66,"fibre_pct":4.8},{"code_insee":"03275","nom":"Souvigny","codes_postaux":["03210"],"code_dep":"03","code_region":"84","population":1698,"surface_km2":44.67,"lat":46.522,"lon":3.1946,"fibre_pct":87.9},{"code_insee":"03276","nom":"Sussat","codes_postaux":["03450"],"code_dep":"03","code_region":"84","population":107,"surface_km2":7.99,"lat":46.1527,"lon":3.0557,"fibre_pct":72.9},{"code_insee":"03277","nom":"Target","codes_postaux":["03140"],"code_dep":"03","code_region":"84","population":244,"surface_km2":26.81,"lat":46.282,"lon":3.0503,"fibre_pct":0.0},{"code_insee":"03278","nom":"Taxat-Senat","codes_postaux":["03140"],"code_dep":"03","code_region":"84","population":222,"surface_km2":13.71,"lat":46.2078,"lon":3.1461,"fibre_pct":78.1},{"code_insee":"03279","nom":"Teillet-Argenty","codes_postaux":["03410"],"code_dep":"03","code_region":"84","population":555,"surface_km2":22.04,"lat":46.2644,"lon":2.5186,"fibre_pct":98.6},{"code_insee":"03280","nom":"Terjat","codes_postaux":["03420"],"code_dep":"03","code_region":"84","population":180,"surface_km2":17.89,"lat":46.2152,"lon":2.6191,"fibre_pct":94.6},{"code_insee":"03281","nom":"Le Theil","codes_postaux":["03240"],"code_dep":"03","code_region":"84","population":387,"surface_km2":29.18,"lat":46.3538,"lon":3.1237,"fibre_pct":65.3},{"code_insee":"03282","nom":"Theneuille","codes_postaux":["03350"],"code_dep":"03","code_region":"84","population":340,"surface_km2":39.9,"lat":46.5944,"lon":2.8807,"fibre_pct":0.0},{"code_insee":"03283","nom":"Thiel-sur-Acolin","codes_postaux":["03230"],"code_dep":"03","code_region":"84","population":1027,"surface_km2":57.56,"lat":46.529,"lon":3.5721,"fibre_pct":95.6},{"code_insee":"03284","nom":"Thionne","codes_postaux":["03220"],"code_dep":"03","code_region":"84","population":291,"surface_km2":27.11,"lat":46.4152,"lon":3.5775,"fibre_pct":83.2},{"code_insee":"03285","nom":"Tortezais","codes_postaux":["03430"],"code_dep":"03","code_region":"84","population":172,"surface_km2":24.28,"lat":46.4427,"lon":2.8744,"fibre_pct":0.0},{"code_insee":"03286","nom":"Toulon-sur-Allier","codes_postaux":["03400"],"code_dep":"03","code_region":"84","population":1166,"surface_km2":39.39,"lat":46.5094,"lon":3.3819,"fibre_pct":84.3},{"code_insee":"03287","nom":"Treban","codes_postaux":["03240"],"code_dep":"03","code_region":"84","population":370,"surface_km2":25.77,"lat":46.3946,"lon":3.1652,"fibre_pct":92.8},{"code_insee":"03288","nom":"Treignat","codes_postaux":["03380"],"code_dep":"03","code_region":"84","population":434,"surface_km2":29.35,"lat":46.3469,"lon":2.3458,"fibre_pct":0.0},{"code_insee":"03289","nom":"Treteau","codes_postaux":["03220"],"code_dep":"03","code_region":"84","population":520,"surface_km2":31.48,"lat":46.3654,"lon":3.5221,"fibre_pct":78.5},{"code_insee":"03290","nom":"Trévol","codes_postaux":["03460"],"code_dep":"03","code_region":"84","population":1643,"surface_km2":40.75,"lat":46.6363,"lon":3.3144,"fibre_pct":94.1},{"code_insee":"03291","nom":"Trézelles","codes_postaux":["03220"],"code_dep":"03","code_region":"84","population":391,"surface_km2":18.28,"lat":46.3193,"lon":3.5988,"fibre_pct":0.0},{"code_insee":"03292","nom":"Tronget","codes_postaux":["03240"],"code_dep":"03","code_region":"84","population":925,"surface_km2":31.34,"lat":46.4232,"lon":3.0865,"fibre_pct":68.4},{"code_insee":"03293","nom":"Urçay","codes_postaux":["03360"],"code_dep":"03","code_region":"84","population":296,"surface_km2":12.58,"lat":46.6361,"lon":2.612,"fibre_pct":95.2},{"code_insee":"03294","nom":"Ussel-d'Allier","codes_postaux":["03140"],"code_dep":"03","code_region":"84","population":166,"surface_km2":8.09,"lat":46.2104,"lon":3.19,"fibre_pct":0.0},{"code_insee":"03295","nom":"Valignat","codes_postaux":["03330"],"code_dep":"03","code_region":"84","population":64,"surface_km2":2.3,"lat":46.1746,"lon":3.0785,"fibre_pct":0.0},{"code_insee":"03296","nom":"Valigny","codes_postaux":["03360"],"code_dep":"03","code_region":"84","population":378,"surface_km2":21.0,"lat":46.7153,"lon":2.8214,"fibre_pct":0.0},{"code_insee":"03297","nom":"Vallon-en-Sully","codes_postaux":["03190"],"code_dep":"03","code_region":"84","population":1457,"surface_km2":37.98,"lat":46.5467,"lon":2.6012,"fibre_pct":96.4},{"code_insee":"03298","nom":"Varennes-sur-Allier","codes_postaux":["03150"],"code_dep":"03","code_region":"84","population":3549,"surface_km2":24.41,"lat":46.314,"lon":3.3963,"fibre_pct":95.4},{"code_insee":"03299","nom":"Varennes-sur-Tèche","codes_postaux":["03220"],"code_dep":"03","code_region":"84","population":228,"surface_km2":18.9,"lat":46.3165,"lon":3.6383,"fibre_pct":0.0},{"code_insee":"03300","nom":"Vaumas","codes_postaux":["03220"],"code_dep":"03","code_region":"84","population":528,"surface_km2":35.08,"lat":46.4482,"lon":3.6324,"fibre_pct":10.0},{"code_insee":"03301","nom":"Vaux","codes_postaux":["03190"],"code_dep":"03","code_region":"84","population":1165,"surface_km2":18.05,"lat":46.4217,"lon":2.5679,"fibre_pct":91.7},{"code_insee":"03302","nom":"Veauce","codes_postaux":["03450"],"code_dep":"03","code_region":"84","population":40,"surface_km2":3.52,"lat":46.1699,"lon":3.0554,"fibre_pct":0.0},{"code_insee":"03303","nom":"Venas","codes_postaux":["03190"],"code_dep":"03","code_region":"84","population":217,"surface_km2":32.12,"lat":46.4696,"lon":2.7649,"fibre_pct":77.9},{"code_insee":"03304","nom":"Vendat","codes_postaux":["03110"],"code_dep":"03","code_region":"84","population":2292,"surface_km2":16.74,"lat":46.1599,"lon":3.347,"fibre_pct":95.2},{"code_insee":"03305","nom":"Verneix","codes_postaux":["03190"],"code_dep":"03","code_region":"84","population":574,"surface_km2":30.82,"lat":46.4083,"lon":2.6759,"fibre_pct":86.1},{"code_insee":"03306","nom":"Le Vernet","codes_postaux":["03200"],"code_dep":"03","code_region":"84","population":1919,"surface_km2":10.21,"lat":46.1064,"lon":3.4765,"fibre_pct":97.1},{"code_insee":"03307","nom":"Verneuil-en-Bourbonnais","codes_postaux":["03500"],"code_dep":"03","code_region":"84","population":239,"surface_km2":14.09,"lat":46.3544,"lon":3.2497,"fibre_pct":0.0},{"code_insee":"03308","nom":"Vernusse","codes_postaux":["03390"],"code_dep":"03","code_region":"84","population":149,"surface_km2":19.69,"lat":46.2612,"lon":2.9774,"fibre_pct":0.0},{"code_insee":"03309","nom":"Le Veurdre","codes_postaux":["03320"],"code_dep":"03","code_region":"84","population":475,"surface_km2":21.5,"lat":46.7425,"lon":3.0391,"fibre_pct":91.6},{"code_insee":"03310","nom":"Vichy","codes_postaux":["03200"],"code_dep":"03","code_region":"84","population":25115,"surface_km2":5.91,"lat":46.1318,"lon":3.4254,"fibre_pct":92.8},{"code_insee":"03311","nom":"Vicq","codes_postaux":["03450"],"code_dep":"03","code_region":"84","population":291,"surface_km2":13.46,"lat":46.1452,"lon":3.0933,"fibre_pct":83.1},{"code_insee":"03312","nom":"Vieure","codes_postaux":["03430"],"code_dep":"03","code_region":"84","population":277,"surface_km2":30.07,"lat":46.4994,"lon":2.8749,"fibre_pct":0.0},{"code_insee":"03313","nom":"Le Vilhain","codes_postaux":["03350"],"code_dep":"03","code_region":"84","population":266,"surface_km2":26.45,"lat":46.5609,"lon":2.7951,"fibre_pct":0.0},{"code_insee":"03314","nom":"Villebret","codes_postaux":["03310"],"code_dep":"03","code_region":"84","population":1335,"surface_km2":15.52,"lat":46.2738,"lon":2.63,"fibre_pct":95.6},{"code_insee":"03315","nom":"Villefranche-d'Allier","codes_postaux":["03430"],"code_dep":"03","code_region":"84","population":1238,"surface_km2":39.95,"lat":46.397,"lon":2.8401,"fibre_pct":84.7},{"code_insee":"03316","nom":"Villeneuve-sur-Allier","codes_postaux":["03460"],"code_dep":"03","code_region":"84","population":1024,"surface_km2":26.21,"lat":46.6753,"lon":3.2486,"fibre_pct":90.8},{"code_insee":"03317","nom":"Viplaix","codes_postaux":["03370"],"code_dep":"03","code_region":"84","population":293,"surface_km2":30.9,"lat":46.4608,"lon":2.368,"fibre_pct":0.0},{"code_insee":"03319","nom":"Voussac","codes_postaux":["03140"],"code_dep":"03","code_region":"84","population":494,"surface_km2":34.9,"lat":46.3268,"lon":3.0769,"fibre_pct":3.4},{"code_insee":"03320","nom":"Ygrande","codes_postaux":["03160"],"code_dep":"03","code_region":"84","population":762,"surface_km2":53.3,"lat":46.5471,"lon":2.9382,"fibre_pct":0.0},{"code_insee":"03321","nom":"Yzeure","codes_postaux":["03400"],"code_dep":"03","code_region":"84","population":12897,"surface_km2":43.21,"lat":46.5662,"lon":3.3854,"fibre_pct":99.3}]