[{"code_insee":"05001","nom":"Abriès-Ristolas","codes_postaux":["05460"],"code_dep":"05","code_region":"93","population":374,"surface_km2":161.11,"lat":44.7717,"lon":6.9717},{"code_insee":"05003","nom":"Aiguilles","codes_postaux":["05470"],"code_dep":"05","code_region":"93","population":369,"surface_km2":40.61,"lat":44.7826,"lon":6.8768},{"code_insee":"05004","nom":"Ancelle","codes_postaux":["05260"],"code_dep":"05","code_region":"93","population":1017,"surface_km2":51.08,"lat":44.6195,"lon":6.2288},{"code_insee":"05006","nom":"L'Argentière-la-Bessée","codes_postaux":["05120"],"code_dep":"05","code_region":"93","population":2288,"surface_km2":65.29,"lat":44.7835,"lon":6.4716},{"code_insee":"05007","nom":"Arvieux","codes_postaux":["05350"],"code_dep":"05","code_region":"93","population":340,"surface_km2":73.22,"lat":44.7623,"lon":6.7181},{"code_insee":"05008","nom":"Aspremont","codes_postaux":["05140"],"code_dep":"05","code_region":"93","population":364,"surface_km2":18.67,"lat":44.4934,"lon":5.7154},{"code_insee":"05009","nom":"Aspres-lès-Corps","codes_postaux":["05800"],"code_dep":"05","code_region":"93","population":102,"surface_km2":16.56,"lat":44.8145,"lon":6.003},{"code_insee":"05010","nom":"Aspres-sur-Buëch","codes_postaux":["05140"],"code_dep":"05","code_region":"93","population":828,"surface_km2":42.62,"lat":44.5565,"lon":5.7695},{"code_insee":"05011","nom":"Avançon","codes_postaux":["05230"],"code_dep":"05","code_region":"93","population":415,"surface_km2":22.37,"lat":44.5359,"lon":6.191},{"code_insee":"05012","nom":"Baratier","codes_postaux":["05200"],"code_dep":"05","code_region":"93","population":648,"surface_km2":15.86,"lat":44.5051,"lon":6.504},{"code_insee":"05013","nom":"Barcillonnette","codes_postaux":["05110"],"code_dep":"05","code_region":"93","population":148,"surface_km2":19.71,"lat":44.4333,"lon":5.8973},{"code_insee":"05014","nom":"Barret-sur-Méouge","codes_postaux":["05300"],"code_dep":"05","code_region":"93","population":193,"surface_km2":26.32,"lat":44.2591,"lon":5.7244},{"code_insee":"05016","nom":"La Bâtie-Montsaléon","codes_postaux":["05700"],"code_dep":"05","code_region":"93","population":304,"surface_km2":15.05,"lat":44.4565,"lon":5.7483},{"code_insee":"05017","nom":"La Bâtie-Neuve","codes_postaux":["05230"],"code_dep":"05","code_region":"93","population":2628,"surface_km2":27.49,"lat":44.5817,"lon":6.2151},{"code_insee":"05018","nom":"La Bâtie-Vieille","codes_postaux":["05000"],"code_dep":"05","code_region":"93","population":340,"surface_km2":9.1,"lat":44.5519,"lon":6.1523},{"code_insee":"05019","nom":"La Beaume","codes_postaux":["05140"],"code_dep":"05","code_region":"93","population":153,"surface_km2":29.65,"lat":44.5477,"lon":5.6518},{"code_insee":"05021","nom":"Le Bersac","codes_postaux":["05700"],"code_dep":"05","code_region":"93","population":146,"surface_km2":8.03,"lat":44.4078,"lon":5.7537},{"code_insee":"05022","nom":"Bréziers","codes_postaux":["05190"],"code_dep":"05","code_region":"93","population":229,"surface_km2":30.61,"lat":44.4163,"lon":6.2184},{"code_insee":"05023","nom":"Briançon","codes_postaux":["05100"],"code_dep":"05","code_region":"93","population":11411,"surface_km2":28.3,"lat":44.8995,"lon":6.6536},{"code_insee":"05024","nom":"Valdoule","codes_postaux":["05150"],"code_dep":"05","code_region":"93","population":204,"surface_km2":58.88,"lat":44.4627,"lon":5.5309},{"code_insee":"05025","nom":"Buissard","codes_postaux":["05500"],"code_dep":"05","code_region":"93","population":187,"surface_km2":2.96,"lat":44.6587,"lon":6.1457},{"code_insee":"05026","nom":"Ceillac","codes_postaux":["05600"],"code_dep":"05","code_region":"93","population":265,"surface_km2":96.14,"lat":44.6544,"lon":6.8072},{"code_insee":"05027","nom":"Cervières","codes_postaux":["05100"],"code_dep":"05","code_region":"93","population":205,"surface_km2":110.4,"lat":44.8586,"lon":6.7746},{"code_insee":"05028","nom":"Chabestan","codes_postaux":["05400"],"code_dep":"05","code_region":"93","population":173,"surface_km2":12.33,"lat":44.4793,"lon":5.7832},{"code_insee":"05029","nom":"Chabottes","codes_postaux":["05260"],"code_dep":"05","code_region":"93","population":964,"surface_km2":10.03,"lat":44.6485,"lon":6.1663},{"code_insee":"05031","nom":"Champcella","codes_postaux":["05310"],"code_dep":"05","code_region":"93","population":181,"surface_km2":30.4,"lat":44.7247,"lon":6.5236},{"code_insee":"05032","nom":"Champoléon","codes_postaux":["05260"],"code_dep":"05","code_region":"93","population":144,"surface_km2":102.0,"lat":44.7416,"lon":6.2741},{"code_insee":"05033","nom":"Chanousse","codes_postaux":["05700"],"code_dep":"05","code_region":"93","population":39,"surface_km2":20.5,"lat":44.3648,"lon":5.6592},{"code_insee":"05035","nom":"Châteauneuf-d'Oze","codes_postaux":["05400"],"code_dep":"05","code_region":"93","population":30,"surface_km2":26.65,"lat":44.503,"lon":5.9028},{"code_insee":"05036","nom":"Châteauroux-les-Alpes","codes_postaux":["05380"],"code_dep":"05","code_region":"93","population":1234,"surface_km2":91.81,"lat":44.6424,"lon":6.4834},{"code_insee":"05037","nom":"Châteauvieux","codes_postaux":["05000"],"code_dep":"05","code_region":"93","population":545,"surface_km2":7.16,"lat":44.4838,"lon":6.0527},{"code_insee":"05038","nom":"Château-Ville-Vieille","codes_postaux":["05350"],"code_dep":"05","code_region":"93","population":298,"surface_km2":67.17,"lat":44.7617,"lon":6.811},{"code_insee":"05039","nom":"Aubessagne","codes_postaux":["05500","05800"],"code_dep":"05","code_region":"93","population":740,"surface_km2":27.61,"lat":44.739,"lon":6.0311},{"code_insee":"05040","nom":"Chorges","codes_postaux":["05230"],"code_dep":"05","code_region":"93","population":3146,"surface_km2":57.33,"lat":44.5473,"lon":6.287},{"code_insee":"05044","nom":"Crévoux","codes_postaux":["05200"],"code_dep":"05","code_region":"93","population":122,"surface_km2":54.45,"lat":44.5302,"lon":6.6191},{"code_insee":"05045","nom":"Crots","codes_postaux":["05200"],"code_dep":"05","code_region":"93","population":1195,"surface_km2":56.57,"lat":44.4985,"lon":6.4571},{"code_insee":"05046","nom":"Embrun","codes_postaux":["05200"],"code_dep":"05","code_region":"93","population":6412,"surface_km2":35.71,"lat":44.5806,"lon":6.475},{"code_insee":"05047","nom":"Éourres","codes_postaux":["05300"],"code_dep":"05","code_region":"93","population":151,"surface_km2":26.66,"lat":44.2113,"lon":5.7349},{"code_insee":"05048","nom":"L'Épine","codes_postaux":["05700"],"code_dep":"05","code_region":"93","population":200,"surface_km2":33.58,"lat":44.4319,"lon":5.6095},{"code_insee":"05049","nom":"Esparron","codes_postaux":["05110"],"code_dep":"05","code_region":"93","population":53,"surface_km2":24.26,"lat":44.4597,"lon":5.8875},{"code_insee":"05050","nom":"Espinasses","codes_postaux":["05190"],"code_dep":"05","code_region":"93","population":777,"surface_km2":13.58,"lat":44.4902,"lon":6.2371},{"code_insee":"05051","nom":"Étoile-Saint-Cyrice","codes_postaux":["05700"],"code_dep":"05","code_region":"93","population":23,"surface_km2":14.37,"lat":44.3217,"lon":5.6426},{"code_insee":"05052","nom":"Eygliers","codes_postaux":["05600"],"code_dep":"05","code_region":"93","population":882,"surface_km2":29.84,"lat":44.6962,"lon":6.6621},{"code_insee":"05053","nom":"Garde-Colombe","codes_postaux":["05300"],"code_dep":"05","code_region":"93","population":539,"surface_km2":34.83,"lat":44.3602,"lon":5.7865},{"code_insee":"05054","nom":"La Fare-en-Champsaur","codes_postaux":["05500"],"code_dep":"05","code_region":"93","population":482,"surface_km2":10.26,"lat":44.6666,"lon":6.06},{"code_insee":"05055","nom":"La Faurie","codes_postaux":["05140"],"code_dep":"05","code_region":"93","population":287,"surface_km2":31.43,"lat":44.5751,"lon":5.7378},{"code_insee":"05056","nom":"Forest-Saint-Julien","codes_postaux":["05260"],"code_dep":"05","code_region":"93","population":353,"surface_km2":6.97,"lat":44.6316,"lon":6.1433},{"code_insee":"05057","nom":"Fouillouse","codes_postaux":["05130"],"code_dep":"05","code_region":"93","population":276,"surface_km2":7.52,"lat":44.45,"lon":5.9992},{"code_insee":"05058","nom":"Freissinières","codes_postaux":["05310"],"code_dep":"05","code_region":"93","population":186,"surface_km2":90.71,"lat":44.7283,"lon":6.4595},{"code_insee":"05059","nom":"La Freissinouse","codes_postaux":["05000"],"code_dep":"05","code_region":"93","population":972,"surface_km2":7.89,"lat":44.5361,"lon":6.0054},{"code_insee":"05060","nom":"Furmeyer","codes_postaux":["05400"],"code_dep":"05","code_region":"93","population":169,"surface_km2":14.23,"lat":44.5379,"lon":5.8751},{"code_insee":"05061","nom":"Gap","codes_postaux":["05000"],"code_dep":"05","code_region":"93","population":41293,"surface_km2":108.78,"lat":44.5797,"lon":6.0616},{"code_insee":"05062","nom":"Le Glaizil","codes_postaux":["05800"],"code_dep":"05","code_region":"93","population":178,"surface_km2":21.66,"lat":44.7483,"lon":5.9766},{"code_insee":"05063","nom":"La Grave","codes_postaux":["05320"],"code_dep":"05","code_region":"93","population":479,"surface_km2":123.61,"lat":45.061,"lon":6.2886},{"code_insee":"05064","nom":"La Chapelle-en-Valgaudémar","codes_postaux":["05800"],"code_dep":"05","code_region":"93","population":120,"surface_km2":127.64,"lat":44.8069,"lon":6.244},{"code_insee":"05065","nom":"Guillestre","codes_postaux":["05600"],"code_dep":"05","code_region":"93","population":2295,"surface_km2":51.43,"lat":44.6596,"lon":6.6983},{"code_insee":"05066","nom":"La Haute-Beaume","codes_postaux":["05140"],"code_dep":"05","code_region":"93","population":7,"surface_km2":7.18,"lat":44.5707,"lon":5.6299},{"code_insee":"05068","nom":"Jarjayes","codes_postaux":["05130"],"code_dep":"05","code_region":"93","population":465,"surface_km2":22.95,"lat":44.5038,"lon":6.1132},{"code_insee":"05070","nom":"Laragne-Montéglin","codes_postaux":["05300"],"code_dep":"05","code_region":"93","population":3549,"surface_km2":22.71,"lat":44.3372,"lon":5.8197},{"code_insee":"05071","nom":"Lardier-et-Valença","codes_postaux":["05110"],"code_dep":"05","code_region":"93","population":391,"surface_km2":14.81,"lat":44.4372,"lon":5.9721},{"code_insee":"05072","nom":"Laye","codes_postaux":["05500"],"code_dep":"05","code_region":"93","population":256,"surface_km2":10.71,"lat":44.6445,"lon":6.0692},{"code_insee":"05073","nom":"Lazer","codes_postaux":["05300"],"code_dep":"05","code_region":"93","population":345,"surface_km2":22.03,"lat":44.3488,"lon":5.851},{"code_insee":"05074","nom":"Lettret","codes_postaux":["05130"],"code_dep":"05","code_region":"93","population":196,"surface_km2":4.22,"lat":44.4833,"lon":6.0712},{"code_insee":"05075","nom":"Manteyer","codes_postaux":["05400"],"code_dep":"05","code_region":"93","population":500,"surface_km2":25.3,"lat":44.5317,"lon":5.9553},{"code_insee":"05076","nom":"Méreuil","codes_postaux":["05700"],"code_dep":"05","code_region":"93","population":108,"surface_km2":11.04,"lat":44.385,"lon":5.7133},{"code_insee":"05077","nom":"Molines-en-Queyras","codes_postaux":["05350"],"code_dep":"05","code_region":"93","population":307,"surface_km2":53.51,"lat":44.7123,"lon":6.8975},{"code_insee":"05078","nom":"Monêtier-Allemont","codes_postaux":["05110"],"code_dep":"05","code_region":"93","population":302,"surface_km2":7.51,"lat":44.3917,"lon":5.9317},{"code_insee":"05079","nom":"Le Monêtier-les-Bains","codes_postaux":["05220"],"code_dep":"05","code_region":"93","population":923,"surface_km2":134.68,"lat":44.9992,"lon":6.4709},{"code_insee":"05080","nom":"Montbrand","codes_postaux":["05140"],"code_dep":"05","code_region":"93","population":75,"surface_km2":25.4,"lat":44.5952,"lon":5.6699},{"code_insee":"05081","nom":"Montclus","codes_postaux":["05700"],"code_dep":"05","code_region":"93","population":54,"surface_km2":21.43,"lat":44.4119,"lon":5.6673},{"code_insee":"05082","nom":"Mont-Dauphin","codes_postaux":["05600"],"code_dep":"05","code_region":"93","population":162,"surface_km2":0.59,"lat":44.6685,"lon":6.625},{"code_insee":"05084","nom":"Montgardin","codes_postaux":["05230"],"code_dep":"05","code_region":"93","population":481,"surface_km2":14.9,"lat":44.5419,"lon":6.2345},{"code_insee":"05085","nom":"Montgenèvre","codes_postaux":["05100"],"code_dep":"05","code_region":"93","population":461,"surface_km2":39.71,"lat":44.9403,"lon":6.7216},{"code_insee":"05086","nom":"Montjay","codes_postaux":["05150"],"code_dep":"05","code_region":"93","population":104,"surface_km2":27.08,"lat":44.3668,"lon":5.6194},{"code_insee":"05087","nom":"Montmaur","codes_postaux":["05400"],"code_dep":"05","code_region":"93","population":532,"surface_km2":48.78,"lat":44.5774,"lon":5.8707},{"code_insee":"05089","nom":"Montrond","codes_postaux":["05700"],"code_dep":"05","code_region":"93","population":90,"surface_km2":4.41,"lat":44.3878,"lon":5.7453},{"code_insee":"05090","nom":"La Motte-en-Champsaur","codes_postaux":["05500"],"code_dep":"05","code_region":"93","population":207,"surface_km2":55.34,"lat":44.74,"lon":6.1211},{"code_insee":"05091","nom":"Moydans","codes_postaux":["05150"],"code_dep":"05","code_region":"93","population":38,"surface_km2":10.55,"lat":44.4084,"lon":5.5083},{"code_insee":"05092","nom":"Neffes","codes_postaux":["05000"],"code_dep":"05","code_region":"93","population":804,"surface_km2":8.46,"lat":44.499,"lon":6.0238},{"code_insee":"05093","nom":"Névache","codes_postaux":["05100"],"code_dep":"05","code_region":"93","population":362,"surface_km2":191.07,"lat":45.0487,"lon":6.616},{"code_insee":"05094","nom":"Nossage-et-Bénévent","codes_postaux":["05700"],"code_dep":"05","code_region":"93","population":10,"surface_km2":4.36,"lat":44.3103,"lon":5.7554},{"code_insee":"05095","nom":"Le Noyer","codes_postaux":["05500"],"code_dep":"05","code_region":"93","population":310,"surface_km2":21.68,"lat":44.7002,"lon":5.9995},{"code_insee":"05096","nom":"Orcières","codes_postaux":["05170"],"code_dep":"05","code_region":"93","population":651,"surface_km2":100.29,"lat":44.6849,"lon":6.3532},{"code_insee":"05097","nom":"Orpierre","codes_postaux":["05700"],"code_dep":"05","code_region":"93","population":316,"surface_km2":27.46,"lat":44.316,"lon":5.7071},{"code_insee":"05098","nom":"Les Orres","codes_postaux":["05200"],"code_dep":"05","code_region":"93","population":510,"surface_km2":73.84,"lat":44.4883,"lon":6.5774},{"code_insee":"05099","nom":"Oze","codes_postaux":["05400"],"code_dep":"05","code_region":"93","population":103,"surface_km2":12.06,"lat":44.5057,"lon":5.798},{"code_insee":"05100","nom":"Pelleautier","codes_postaux":["05000"],"code_dep":"05","code_region":"93","population":863,"surface_km2":12.75,"lat":44.5052,"lon":5.9977},{"code_insee":"05101","nom":"Vallouise-Pelvoux","codes_postaux":["05290","05340"],"code_dep":"05","code_region":"93","population":1138,"surface_km2":200.53,"lat":44.8646,"lon":6.4333},{"code_insee":"05102","nom":"La Piarre","codes_postaux":["05700"],"code_dep":"05","code_region":"93","population":82,"surface_km2":22.0,"lat":44.4809,"lon":5.6458},{"code_insee":"05103","nom":"Le Poët","codes_postaux":["05300"],"code_dep":"05","code_region":"93","population":790,"surface_km2":15.19,"lat":44.2756,"lon":5.9008},{"code_insee":"05104","nom":"Poligny","codes_postaux":["05500"],"code_dep":"05","code_region":"93","population":338,"surface_km2":13.91,"lat":44.6858,"lon":6.0335},{"code_insee":"05106","nom":"Prunières","codes_postaux":["05230"],"code_dep":"05","code_region":"93","population":318,"surface_km2":15.31,"lat":44.5456,"lon":6.3413},{"code_insee":"05107","nom":"Puy-Saint-André","codes_postaux":["05100"],"code_dep":"05","code_region":"93","population":476,"surface_km2":15.34,"lat":44.8868,"lon":6.5637},{"code_insee":"05108","nom":"Puy-Saint-Eusèbe","codes_postaux":["05200"],"code_dep":"05","code_region":"93","population":191,"surface_km2":11.29,"lat":44.5667,"lon":6.4129},{"code_insee":"05109","nom":"Puy-Saint-Pierre","codes_postaux":["05100"],"code_dep":"05","code_region":"93","population":518,"surface_km2":7.85,"lat":44.8974,"lon":6.6047},{"code_insee":"05110","nom":"Puy-Saint-Vincent","codes_postaux":["05290"],"code_dep":"05","code_region":"93","population":270,"surface_km2":22.71,"lat":44.8158,"lon":6.4617},{"code_insee":"05111","nom":"Puy-Sanières","codes_postaux":["05200"],"code_dep":"05","code_region":"93","population":288,"surface_km2":11.55,"lat":44.5596,"lon":6.4389},{"code_insee":"05112","nom":"Rabou","codes_postaux":["05400"],"code_dep":"05","code_region":"93","population":89,"surface_km2":26.4,"lat":44.6065,"lon":6.0067},{"code_insee":"05113","nom":"Rambaud","codes_postaux":["05000"],"code_dep":"05","code_region":"93","population":423,"surface_km2":10.7,"lat":44.5496,"lon":6.1292},{"code_insee":"05114","nom":"Réallon","codes_postaux":["05160"],"code_dep":"05","code_region":"93","population":242,"surface_km2":70.67,"lat":44.6163,"lon":6.3622},{"code_insee":"05115","nom":"Remollon","codes_postaux":["05190"],"code_dep":"05","code_region":"93","population":469,"surface_km2":6.18,"lat":44.4739,"lon":6.1567},{"code_insee":"05116","nom":"Réotier","codes_postaux":["05600"],"code_dep":"05","code_region":"93","population":226,"surface_km2":22.34,"lat":44.6788,"lon":6.5468},{"code_insee":"05117","nom":"Ribeyret","codes_postaux":["05150"],"code_dep":"05","code_region":"93","population":106,"surface_km2":17.99,"lat":44.4123,"lon":5.5552},{"code_insee":"05118","nom":"Val Buëch-Méouge","codes_postaux":["05300"],"code_dep":"05","code_region":"93","population":1354,"surface_km2":69.84,"lat":44.2516,"lon":5.8338},{"code_insee":"05119","nom":"Risoul","codes_postaux":["05600"],"code_dep":"05","code_region":"93","population":664,"surface_km2":29.86,"lat":44.6202,"lon":6.6242},{"code_insee":"05121","nom":"Rochebrune","codes_postaux":["05190"],"code_dep":"05","code_region":"93","population":195,"surface_km2":12.1,"lat":44.4506,"lon":6.1962},{"code_insee":"05122","nom":"La Roche-de-Rame","codes_postaux":["05310"],"code_dep":"05","code_region":"93","population":904,"surface_km2":40.97,"lat":44.7557,"lon":6.6215},{"code_insee":"05123","nom":"La Roche-des-Arnauds","codes_postaux":["05400"],"code_dep":"05","code_region":"93","population":1685,"surface_km2":52.83,"lat":44.59,"lon":5.9596},{"code_insee":"05124","nom":"La Rochette","codes_postaux":["05000"],"code_dep":"05","code_region":"93","population":471,"surface_km2":10.31,"lat":44.5945,"lon":6.1473},{"code_insee":"05126","nom":"Rosans","codes_postaux":["05150"],"code_dep":"05","code_region":"93","population":511,"surface_km2":30.55,"lat":44.4005,"lon":5.4581},{"code_insee":"05127","nom":"Rousset-Serre-Ponçon","codes_postaux":["05190"],"code_dep":"05","code_region":"93","population":167,"surface_km2":16.59,"lat":44.4856,"lon":6.2684},{"code_insee":"05128","nom":"Saint-André-d'Embrun","codes_postaux":["05200"],"code_dep":"05","code_region":"93","population":705,"surface_km2":38.67,"lat":44.5955,"lon":6.5792},{"code_insee":"05129","nom":"Saint-André-de-Rosans","codes_postaux":["05150"],"code_dep":"05","code_region":"93","population":153,"surface_km2":37.1,"lat":44.3658,"lon":5.5168},{"code_insee":"05130","nom":"Saint-Apollinaire","codes_postaux":["05160"],"code_dep":"05","code_region":"93","population":209,"surface_km2":7.18,"lat":44.5583,"lon":6.3559},{"code_insee":"05131","nom":"Saint-Auban-d'Oze","codes_postaux":["05400"],"code_dep":"05","code_region":"93","population":75,"surface_km2":13.35,"lat":44.4874,"lon":5.8458},{"code_insee":"05132","nom":"Saint-Bonnet-en-Champsaur","codes_postaux":["05500"],"code_dep":"05","code_region":"93","population":2086,"surface_km2":35.89,"lat":44.692,"lon":6.0988},{"code_insee":"05133","nom":"Saint-Chaffrey","codes_postaux":["05330"],"code_dep":"05","code_region":"93","population":1494,"surface_km2":25.74,"lat":44.9373,"lon":6.5989},{"code_insee":"05134","nom":"Saint-Clément-sur-Durance","codes_postaux":["05600"],"code_dep":"05","code_region":"93","population":343,"surface_km2":26.08,"lat":44.6523,"lon":6.554},{"code_insee":"05135","nom":"Sainte-Colombe","codes_postaux":["05700"],"code_dep":"05","code_region":"93","population":65,"surface_km2":17.22,"lat":44.2887,"lon":5.675},{"code_insee":"05136","nom":"Saint-Crépin","codes_postaux":["05600"],"code_dep":"05","code_region":"93","population":718,"surface_km2":46.96,"lat":44.7259,"lon":6.6291},{"code_insee":"05139","nom":"Dévoluy","codes_postaux":["05250"],"code_dep":"05","code_region":"93","population":932,"surface_km2":186.56,"lat":44.6847,"lon":5.8917},{"code_insee":"05140","nom":"Saint-Étienne-le-Laus","codes_postaux":["05130"],"code_dep":"05","code_region":"93","population":346,"surface_km2":8.62,"lat":44.5075,"lon":6.1616},{"code_insee":"05142","nom":"Saint-Firmin","codes_postaux":["05800"],"code_dep":"05","code_region":"93","population":468,"surface_km2":22.08,"lat":44.7962,"lon":6.0204},{"code_insee":"05144","nom":"Saint-Jacques-en-Valgodemard","codes_postaux":["05800"],"code_dep":"05","code_region":"93","population":113,"surface_km2":15.44,"lat":44.7773,"lon":6.0649},{"code_insee":"05145","nom":"Saint-Jean-Saint-Nicolas","codes_postaux":["05260"],"code_dep":"05","code_region":"93","population":1110,"surface_km2":37.73,"lat":44.6757,"lon":6.2301},{"code_insee":"05146","nom":"Saint-Julien-en-Beauchêne","codes_postaux":["05140"],"code_dep":"05","code_region":"93","population":140,"surface_km2":59.43,"lat":44.6205,"lon":5.7214},{"code_insee":"05147","nom":"Saint-Julien-en-Champsaur","codes_postaux":["05500"],"code_dep":"05","code_region":"93","population":382,"surface_km2":10.34,"lat":44.6726,"lon":6.1289},{"code_insee":"05148","nom":"Saint-Laurent-du-Cros","codes_postaux":["05500"],"code_dep":"05","code_region":"93","population":580,"surface_km2":12.57,"lat":44.6371,"lon":6.1117},{"code_insee":"05149","nom":"Saint-Léger-les-Mélèzes","codes_postaux":["05260"],"code_dep":"05","code_region":"93","population":373,"surface_km2":6.74,"lat":44.6476,"lon":6.2144},{"code_insee":"05151","nom":"Saint-Martin-de-Queyrières","codes_postaux":["05120"],"code_dep":"05","code_region":"93","population":1114,"surface_km2":55.73,"lat":44.8382,"lon":6.5843},{"code_insee":"05152","nom":"Saint-Maurice-en-Valgodemard","codes_postaux":["05800"],"code_dep":"05","code_region":"93","population":118,"surface_km2":37.21,"lat":44.8034,"lon":6.1159},{"code_insee":"05153","nom":"Saint-Michel-de-Chaillol","codes_postaux":["05260"],"code_dep":"05","code_region":"93","population":373,"surface_km2":17.02,"lat":44.6892,"lon":6.1683},{"code_insee":"05154","nom":"Saint-Pierre-d'Argençon","codes_postaux":["05140"],"code_dep":"05","code_region":"93","population":150,"surface_km2":19.51,"lat":44.5204,"lon":5.6868},{"code_insee":"05155","nom":"Saint-Pierre-Avez","codes_postaux":["05300"],"code_dep":"05","code_region":"93","population":35,"surface_km2":11.89,"lat":44.2488,"lon":5.7672},{"code_insee":"05156","nom":"Saint-Sauveur","codes_postaux":["05200"],"code_dep":"05","code_region":"93","population":481,"surface_km2":23.65,"lat":44.5312,"lon":6.5321},{"code_insee":"05157","nom":"Saint-Véran","codes_postaux":["05350"],"code_dep":"05","code_region":"93","population":160,"surface_km2":44.74,"lat":44.6843,"lon":6.8924},{"code_insee":"05158","nom":"Le Saix","codes_postaux":["05400"],"code_dep":"05","code_region":"93","population":126,"surface_km2":22.4,"lat":44.4655,"lon":5.8402},{"code_insee":"05159","nom":"Saléon","codes_postaux":["05300"],"code_dep":"05","code_region":"93","population":79,"surface_km2":9.88,"lat":44.3212,"lon":5.7769},{"code_insee":"05160","nom":"Salérans","codes_postaux":["05300"],"code_dep":"05","code_region":"93","population":78,"surface_km2":13.98,"lat":44.2459,"lon":5.7041},{"code_insee":"05161","nom":"La Salle-les-Alpes","codes_postaux":["05240"],"code_dep":"05","code_region":"93","population":892,"surface_km2":35.84,"lat":44.9571,"lon":6.5664},{"code_insee":"05162","nom":"La Saulce","codes_postaux":["05110"],"code_dep":"05","code_region":"93","population":1369,"surface_km2":7.45,"lat":44.4318,"lon":6.0108},{"code_insee":"05163","nom":"Le Sauze-du-Lac","codes_postaux":["05160"],"code_dep":"05","code_region":"93","population":159,"surface_km2":12.23,"lat":44.4869,"lon":6.3209},{"code_insee":"05164","nom":"Savines-le-Lac","codes_postaux":["05160"],"code_dep":"05","code_region":"93","population":1102,"surface_km2":30.46,"lat":44.53,"lon":6.395},{"code_insee":"05165","nom":"Savournon","codes_postaux":["05700"],"code_dep":"05","code_region":"93","population":242,"surface_km2":39.49,"lat":44.4234,"lon":5.7965},{"code_insee":"05166","nom":"Serres","codes_postaux":["05700"],"code_dep":"05","code_region":"93","population":1298,"surface_km2":18.43,"lat":44.4224,"lon":5.7142},{"code_insee":"05167","nom":"Sigottier","codes_postaux":["05700"],"code_dep":"05","code_region":"93","population":82,"surface_km2":25.42,"lat":44.4601,"lon":5.6808},{"code_insee":"05168","nom":"Sigoyer","codes_postaux":["05130"],"code_dep":"05","code_region":"93","population":741,"surface_km2":25.12,"lat":44.4801,"lon":5.9716},{"code_insee":"05169","nom":"Sorbiers","codes_postaux":["05150"],"code_dep":"05","code_region":"93","population":50,"surface_km2":13.88,"lat":44.3615,"lon":5.57},{"code_insee":"05170","nom":"Tallard","codes_postaux":["05130"],"code_dep":"05","code_region":"93","population":2292,"surface_km2":14.49,"lat":44.4599,"lon":6.0485},{"code_insee":"05171","nom":"Théus","codes_postaux":["05190"],"code_dep":"05","code_region":"93","population":232,"surface_km2":16.54,"lat":44.4863,"lon":6.1951},{"code_insee":"05172","nom":"Trescléoux","codes_postaux":["05700"],"code_dep":"05","code_region":"93","population":296,"surface_km2":18.69,"lat":44.3522,"lon":5.7249},{"code_insee":"05173","nom":"Upaix","codes_postaux":["05300"],"code_dep":"05","code_region":"93","population":494,"surface_km2":23.29,"lat":44.3208,"lon":5.8869},{"code_insee":"05174","nom":"Val-des-Prés","codes_postaux":["05100"],"code_dep":"05","code_region":"93","population":593,"surface_km2":44.77,"lat":44.9399,"lon":6.657},{"code_insee":"05176","nom":"Valserres","codes_postaux":["05130"],"code_dep":"05","code_region":"93","population":289,"surface_km2":11.3,"lat":44.4921,"lon":6.1354},{"code_insee":"05177","nom":"Vars","codes_postaux":["05560"],"code_dep":"05","code_region":"93","population":588,"surface_km2":90.81,"lat":44.5907,"lon":6.7211},{"code_insee":"05178","nom":"Ventavon","codes_postaux":["05300"],"code_dep":"05","code_region":"93","population":540,"surface_km2":42.38,"lat":44.3819,"lon":5.889},{"code_insee":"05179","nom":"Veynes","codes_postaux":["05400"],"code_dep":"05","code_region":"93","population":3214,"surface_km2":43.69,"lat":44.5599,"lon":5.8227},{"code_insee":"05180","nom":"Les Vigneaux","codes_postaux":["05120"],"code_dep":"05","code_region":"93","population":510,"surface_km2":16.17,"lat":44.8246,"lon":6.5305},{"code_insee":"05181","nom":"Villar-d'Arêne","codes_postaux":["05480"],"code_dep":"05","code_region":"93","population":300,"surface_km2":78.07,"lat":45.0031,"lon":6.3642},{"code_insee":"05182","nom":"Villar-Loubière","codes_postaux":["05800"],"code_dep":"05","code_region":"93","population":31,"surface_km2":21.97,"lat":44.8364,"lon":6.1335},{"code_insee":"05183","nom":"Villar-Saint-Pancrace","codes_postaux":["05100"],"code_dep":"05","code_region":"93","population":1433,"surface_km2":42.89,"lat":44.8378,"lon":6.6483},{"code_insee":"05184","nom":"Vitrolles","codes_postaux":["05110"],"code_dep":"05","code_region":"93","population":221,"surface_km2":14.5,"lat":44.4296,"lon":5.9485}]