[{"code_insee":"06001","nom":"Aiglun","codes_postaux":["06910"],"code_dep":"06","code_region":"93","population":104,"surface_km2":15.39,"lat":43.8552,"lon":6.9348},{"code_insee":"06002","nom":"Amirat","codes_postaux":["06910"],"code_dep":"06","code_region":"93","population":45,"surface_km2":12.97,"lat":43.8973,"lon":6.8108},{"code_insee":"06003","nom":"Andon","codes_postaux":["06750"],"code_dep":"06","code_region":"93","population":665,"surface_km2":54.37,"lat":43.7755,"lon":6.8211},{"code_insee":"06004","nom":"Antibes","codes_postaux":["06160","06600"],"code_dep":"06","code_region":"93","population":77637,"surface_km2":26.76,"lat":43.5823,"lon":7.1048},{"code_insee":"06005","nom":"Ascros","codes_postaux":["06260"],"code_dep":"06","code_region":"93","population":174,"surface_km2":17.47,"lat":43.9171,"lon":7.0159},{"code_insee":"06006","nom":"Aspremont","codes_postaux":["06790"],"code_dep":"06","code_region":"93","population":2346,"surface_km2":9.28,"lat":43.7772,"lon":7.2423},{"code_insee":"06007","nom":"Auribeau-sur-Siagne","codes_postaux":["06810"],"code_dep":"06","code_region":"93","population":3401,"surface_km2":5.3,"lat":43.6105,"lon":6.9118},{"code_insee":"06008","nom":"Auvare","codes_postaux":["06260"],"code_dep":"06","code_region":"93","population":52,"surface_km2":17.96,"lat":44.0062,"lon":6.9133},{"code_insee":"06009","nom":"Bairols","codes_postaux":["06420"],"code_dep":"06","code_region":"93","population":105,"surface_km2":15.05,"lat":43.9856,"lon":7.1174},{"code_insee":"06010","nom":"Le Bar-sur-Loup","codes_postaux":["06620"],"code_dep":"06","code_region":"93","population":2974,"surface_km2":14.47,"lat":43.6993,"lon":6.9674},{"code_insee":"06011","nom":"Beaulieu-sur-Mer","codes_postaux":["06310"],"code_dep":"06","code_region":"93","population":3874,"surface_km2":1.07,"lat":43.7081,"lon":7.3324},{"code_insee":"06012","nom":"Beausoleil","codes_postaux":["06240"],"code_dep":"06","code_region":"93","population":11936,"surface_km2":2.79,"lat":43.7471,"lon":7.4227},{"code_insee":"06013","nom":"Belvédère","codes_postaux":["06450"],"code_dep":"06","code_region":"93","population":601,"surface_km2":75.37,"lat":44.0615,"lon":7.3612},{"code_insee":"06014","nom":"Bendejun","codes_postaux":["06390"],"code_dep":"06","code_region":"93","population":971,"surface_km2":6.29,"lat":43.8309,"lon":7.2841},{"code_insee":"06015","nom":"Berre-les-Alpes","codes_postaux":["06390"],"code_dep":"06","code_region":"93","population":1316,"surface_km2":9.48,"lat":43.8342,"lon":7.3306},{"code_insee":"06016","nom":"Beuil","codes_postaux":["06470"],"code_dep":"06","code_region":"93","population":483,"surface_km2":74.54,"lat":44.1176,"lon":6.9693},{"code_insee":"06017","nom":"Bézaudun-les-Alpes","codes_postaux":["06510"],"code_dep":"06","code_region":"93","population":256,"surface_km2":21.63,"lat":43.8026,"lon":7.0908},{"code_insee":"06018","nom":"Biot","codes_postaux":["06410"],"code_dep":"06","code_region":"93","population":10511,"surface_km2":15.48,"lat":43.6273,"lon":7.0821},{"code_insee":"06019","nom":"Blausasc","codes_postaux":["06440"],"code_dep":"06","code_region":"93","population":1668,"surface_km2":10.11,"lat":43.7938,"lon":7.357},{"code_insee":"06020","nom":"La Bollène-Vésubie","codes_postaux":["06450"],"code_dep":"06","code_region":"93","population":662,"surface_km2":35.36,"lat":43.9945,"lon":7.3749},{"code_insee":"06021","nom":"Bonson","codes_postaux":["06830"],"code_dep":"06","code_region":"93","population":740,"surface_km2":6.67,"lat":43.8613,"lon":7.1786},{"code_insee":"06022","nom":"Bouyon","codes_postaux":["06510"],"code_dep":"06","code_region":"93","population":557,"surface_km2":12.39,"lat":43.8272,"lon":7.125},{"code_insee":"06023","nom":"Breil-sur-Roya","codes_postaux":["06540"],"code_dep":"06","code_region":"93","population":2377,"surface_km2":81.88,"lat":43.9379,"lon":7.4996},{"code_insee":"06024","nom":"Briançonnet","codes_postaux":["06850"],"code_dep":"06","code_region":"93","population":165,"surface_km2":24.58,"lat":43.8654,"lon":6.7325},{"code_insee":"06025","nom":"Le Broc","codes_postaux":["06510"],"code_dep":"06","code_region":"93","population":1446,"surface_km2":18.74,"lat":43.8146,"lon":7.1621},{"code_insee":"06026","nom":"Cabris","codes_postaux":["06530"],"code_dep":"06","code_region":"93","population":1450,"surface_km2":5.43,"lat":43.6602,"lon":6.8782},{"code_insee":"06027","nom":"Cagnes-sur-Mer","codes_postaux":["06800"],"code_dep":"06","code_region":"93","population":53354,"surface_km2":18.14,"lat":43.6712,"lon":7.1502},{"code_insee":"06028","nom":"Caille","codes_postaux":["06750"],"code_dep":"06","code_region":"93","population":441,"surface_km2":17.01,"lat":43.7686,"lon":6.7544},{"code_insee":"06029","nom":"Cannes","codes_postaux":["06150","06400"],"code_dep":"06","code_region":"93","population":74350,"surface_km2":20.77,"lat":43.5454,"lon":7.0152},{"code_insee":"06030","nom":"Le Cannet","codes_postaux":["06110"],"code_dep":"06","code_region":"93","population":41938,"surface_km2":7.7,"lat":43.5745,"lon":7.001},{"code_insee":"06031","nom":"Cantaron","codes_postaux":["06340"],"code_dep":"06","code_region":"93","population":1268,"surface_km2":7.32,"lat":43.7694,"lon":7.3147},{"code_insee":"06032","nom":"Cap-d'Ail","codes_postaux":["06320"],"code_dep":"06","code_region":"93","population":4482,"surface_km2":2.12,"lat":43.7256,"lon":7.4008},{"code_insee":"06033","nom":"Carros","codes_postaux":["06510"],"code_dep":"06","code_region":"93","population":13803,"surface_km2":15.43,"lat":43.785,"lon":7.1798},{"code_insee":"06034","nom":"Castagniers","codes_postaux":["06670"],"code_dep":"06","code_region":"93","population":1666,"surface_km2":6.99,"lat":43.79,"lon":7.2298},{"code_insee":"06035","nom":"Castellar","codes_postaux":["06500"],"code_dep":"06","code_region":"93","population":996,"surface_km2":12.28,"lat":43.8227,"lon":7.4989},{"code_insee":"06036","nom":"Castillon","codes_postaux":["06500"],"code_dep":"06","code_region":"93","population":425,"surface_km2":7.56,"lat":43.8371,"lon":7.4627},{"code_insee":"06037","nom":"Caussols","codes_postaux":["06460"],"code_dep":"06","code_region":"93","population":332,"surface_km2":27.67,"lat":43.7387,"lon":6.9071},{"code_insee":"06038","nom":"Châteauneuf-Grasse","codes_postaux":["06740"],"code_dep":"06","code_region":"93","population":3815,"surface_km2":9.02,"lat":43.6626,"lon":6.9792},{"code_insee":"06039","nom":"Châteauneuf-Villevieille","codes_postaux":["06390"],"code_dep":"06","code_region":"93","population":997,"surface_km2":8.42,"lat":43.8007,"lon":7.2951},{"code_insee":"06040","nom":"Châteauneuf-d'Entraunes","codes_postaux":["06470"],"code_dep":"06","code_region":"93","population":62,"surface_km2":29.5,"lat":44.1584,"lon":6.8405},{"code_insee":"06041","nom":"Cipières","codes_postaux":["06620"],"code_dep":"06","code_region":"93","population":393,"surface_km2":38.26,"lat":43.7665,"lon":6.9229},{"code_insee":"06042","nom":"Clans","codes_postaux":["06420"],"code_dep":"06","code_region":"93","population":703,"surface_km2":37.65,"lat":44.003,"lon":7.1827},{"code_insee":"06043","nom":"Coaraze","codes_postaux":["06390"],"code_dep":"06","code_region":"93","population":827,"surface_km2":17.01,"lat":43.8693,"lon":7.3014},{"code_insee":"06044","nom":"La Colle-sur-Loup","codes_postaux":["06480"],"code_dep":"06","code_region":"93","population":8202,"surface_km2":9.83,"lat":43.6869,"lon":7.0975},{"code_insee":"06045","nom":"Collongues","codes_postaux":["06910"],"code_dep":"06","code_region":"93","population":84,"surface_km2":10.86,"lat":43.8934,"lon":6.8642},{"code_insee":"06046","nom":"Colomars","codes_postaux":["06670"],"code_dep":"06","code_region":"93","population":3409,"surface_km2":6.22,"lat":43.757,"lon":7.2212},{"code_insee":"06047","nom":"Conségudes","codes_postaux":["06510"],"code_dep":"06","code_region":"93","population":103,"surface_km2":12.51,"lat":43.8395,"lon":7.0395},{"code_insee":"06048","nom":"Contes","codes_postaux":["06390"],"code_dep":"06","code_region":"93","population":7897,"surface_km2":19.52,"lat":43.8133,"lon":7.3263},{"code_insee":"06049","nom":"Courmes","codes_postaux":["06620"],"code_dep":"06","code_region":"93","population":109,"surface_km2":15.89,"lat":43.7514,"lon":7.0196},{"code_insee":"06050","nom":"Coursegoules","codes_postaux":["06140"],"code_dep":"06","code_region":"93","population":564,"surface_km2":41.23,"lat":43.7898,"lon":7.0384},{"code_insee":"06051","nom":"La Croix-sur-Roudoule","codes_postaux":["06260"],"code_dep":"06","code_region":"93","population":96,"surface_km2":29.89,"lat":44.0032,"lon":6.871},{"code_insee":"06052","nom":"Cuébris","codes_postaux":["06910"],"code_dep":"06","code_region":"93","population":130,"surface_km2":22.98,"lat":43.889,"lon":6.9955},{"code_insee":"06053","nom":"Daluis","codes_postaux":["06470"],"code_dep":"06","code_region":"93","population":147,"surface_km2":39.6,"lat":44.0426,"lon":6.8045},{"code_insee":"06054","nom":"Drap","codes_postaux":["06340"],"code_dep":"06","code_region":"93","population":5484,"surface_km2":5.5,"lat":43.7587,"lon":7.3395},{"code_insee":"06055","nom":"Duranus","codes_postaux":["06670"],"code_dep":"06","code_region":"93","population":151,"surface_km2":16.07,"lat":43.8954,"lon":7.2796},{"code_insee":"06056","nom":"Entraunes","codes_postaux":["06470"],"code_dep":"06","code_region":"93","population":124,"surface_km2":80.06,"lat":44.2215,"lon":6.763},{"code_insee":"06057","nom":"L'Escarène","codes_postaux":["06440"],"code_dep":"06","code_region":"93","population":2585,"surface_km2":10.51,"lat":43.8303,"lon":7.3665},{"code_insee":"06058","nom":"Escragnolles","codes_postaux":["06460"],"code_dep":"06","code_region":"93","population":622,"surface_km2":26.3,"lat":43.7236,"lon":6.7758},{"code_insee":"06059","nom":"Èze","codes_postaux":["06360"],"code_dep":"06","code_region":"93","population":2144,"surface_km2":9.5,"lat":43.7299,"lon":7.3566},{"code_insee":"06060","nom":"Falicon","codes_postaux":["06950"],"code_dep":"06","code_region":"93","population":2185,"surface_km2":4.94,"lat":43.7533,"lon":7.266},{"code_insee":"06061","nom":"Les Ferres","codes_postaux":["06510"],"code_dep":"06","code_region":"93","population":93,"surface_km2":13.81,"lat":43.8424,"lon":7.0966},{"code_insee":"06062","nom":"Fontan","codes_postaux":["06540"],"code_dep":"06","code_region":"93","population":307,"surface_km2":49.51,"lat":44.0213,"lon":7.5527},{"code_insee":"06063","nom":"Gars","codes_postaux":["06850"],"code_dep":"06","code_region":"93","population":65,"surface_km2":15.42,"lat":43.8612,"lon":6.8202},{"code_insee":"06064","nom":"Gattières","codes_postaux":["06510"],"code_dep":"06","code_region":"93","population":4358,"surface_km2":10.19,"lat":43.769,"lon":7.1675},{"code_insee":"06065","nom":"La Gaude","codes_postaux":["06610"],"code_dep":"06","code_region":"93","population":7265,"surface_km2":13.46,"lat":43.7177,"lon":7.1605},{"code_insee":"06066","nom":"Gilette","codes_postaux":["06830"],"code_dep":"06","code_region":"93","population":1627,"surface_km2":10.59,"lat":43.8436,"lon":7.1602},{"code_insee":"06067","nom":"Gorbio","codes_postaux":["06500"],"code_dep":"06","code_region":"93","population":1609,"surface_km2":7.05,"lat":43.787,"lon":7.4476},{"code_insee":"06068","nom":"Gourdon","codes_postaux":["06620"],"code_dep":"06","code_region":"93","population":367,"surface_km2":22.55,"lat":43.7266,"lon":6.9622},{"code_insee":"06069","nom":"Grasse","codes_postaux":["06130","06520"],"code_dep":"06","code_region":"93","population":50970,"surface_km2":44.23,"lat":43.656,"lon":6.937},{"code_insee":"06070","nom":"Gréolières","codes_postaux":["06620"],"code_dep":"06","code_region":"93","population":631,"surface_km2":52.93,"lat":43.8037,"lon":6.9296},{"code_insee":"06071","nom":"Guillaumes","codes_postaux":["06470"],"code_dep":"06","code_region":"93","population":587,"surface_km2":86.47,"lat":44.1007,"lon":6.8673},{"code_insee":"06072","nom":"Ilonse","codes_postaux":["06420"],"code_dep":"06","code_region":"93","population":132,"surface_km2":40.62,"lat":44.0319,"lon":7.0901},{"code_insee":"06073","nom":"Isola","codes_postaux":["06420"],"code_dep":"06","code_region":"93","population":642,"surface_km2":99.64,"lat":44.1903,"lon":7.0835},{"code_insee":"06074","nom":"Lantosque","codes_postaux":["06450"],"code_dep":"06","code_region":"93","population":1198,"surface_km2":44.73,"lat":43.9787,"lon":7.3121},{"code_insee":"06075","nom":"Levens","codes_postaux":["06670"],"code_dep":"06","code_region":"93","population":5377,"surface_km2":29.68,"lat":43.8501,"lon":7.2358},{"code_insee":"06076","nom":"Lieuche","codes_postaux":["06260"],"code_dep":"06","code_region":"93","population":50,"surface_km2":13.14,"lat":44.0001,"lon":7.0361},{"code_insee":"06077","nom":"Lucéram","codes_postaux":["06440"],"code_dep":"06","code_region":"93","population":1234,"surface_km2":65.2,"lat":43.8997,"lon":7.3506},{"code_insee":"06078","nom":"Malaussène","codes_postaux":["06710"],"code_dep":"06","code_region":"93","population":326,"surface_km2":19.46,"lat":43.9146,"lon":7.1389},{"code_insee":"06079","nom":"Mandelieu-la-Napoule","codes_postaux":["06210"],"code_dep":"06","code_region":"93","population":21640,"surface_km2":32.08,"lat":43.5334,"lon":6.918},{"code_insee":"06080","nom":"Marie","codes_postaux":["06420"],"code_dep":"06","code_region":"93","population":109,"surface_km2":14.64,"lat":44.0319,"lon":7.1668},{"code_insee":"06081","nom":"Le Mas","codes_postaux":["06910"],"code_dep":"06","code_region":"93","population":97,"surface_km2":32.27,"lat":43.8388,"lon":6.8572},{"code_insee":"06082","nom":"Massoins","codes_postaux":["06710"],"code_dep":"06","code_region":"93","population":138,"surface_km2":11.93,"lat":43.9552,"lon":7.1305},{"code_insee":"06083","nom":"Menton","codes_postaux":["06500"],"code_dep":"06","code_region":"93","population":30604,"surface_km2":14.22,"lat":43.7961,"lon":7.498},{"code_insee":"06084","nom":"Mouans-Sartoux","codes_postaux":["06370"],"code_dep":"06","code_region":"93","population":11015,"surface_km2":12.63,"lat":43.6192,"lon":6.9677},{"code_insee":"06085","nom":"Mougins","codes_postaux":["06250"],"code_dep":"06","code_region":"93","population":19782,"surface_km2":26.09,"lat":43.5931,"lon":7.0046},{"code_insee":"06086","nom":"Moulinet","codes_postaux":["06380"],"code_dep":"06","code_region":"93","population":268,"surface_km2":40.99,"lat":43.9503,"lon":7.4128},{"code_insee":"06087","nom":"Les Mujouls","codes_postaux":["06910"],"code_dep":"06","code_region":"93","population":37,"surface_km2":14.58,"lat":43.8728,"lon":6.8649},{"code_insee":"06088","nom":"Nice","codes_postaux":["06000","06100","06200","06300"],"code_dep":"06","code_region":"93","population":357737,"surface_km2":73.8,"lat":43.7032,"lon":7.2528},{"code_insee":"06089","nom":"Opio","codes_postaux":["06650"],"code_dep":"06","code_region":"93","population":2527,"surface_km2":9.34,"lat":43.6574,"lon":7.0094},{"code_insee":"06090","nom":"Pégomas","codes_postaux":["06580"],"code_dep":"06","code_region":"93","population":8240,"surface_km2":11.11,"lat":43.5886,"lon":6.9213},{"code_insee":"06091","nom":"Peille","codes_postaux":["06440"],"code_dep":"06","code_region":"93","population":2123,"surface_km2":42.82,"lat":43.8043,"lon":7.4088},{"code_insee":"06092","nom":"Peillon","codes_postaux":["06440"],"code_dep":"06","code_region":"93","population":1408,"surface_km2":8.68,"lat":43.7727,"lon":7.3668},{"code_insee":"06093","nom":"La Penne","codes_postaux":["06260"],"code_dep":"06","code_region":"93","population":254,"surface_km2":17.98,"lat":43.9202,"lon":6.9361},{"code_insee":"06094","nom":"Péone","codes_postaux":["06470"],"code_dep":"06","code_region":"93","population":1094,"surface_km2":48.45,"lat":44.1333,"lon":6.925},{"code_insee":"06095","nom":"Peymeinade","codes_postaux":["06530"],"code_dep":"06","code_region":"93","population":8514,"surface_km2":9.92,"lat":43.6289,"lon":6.8807},{"code_insee":"06096","nom":"Pierlas","codes_postaux":["06260"],"code_dep":"06","code_region":"93","population":98,"surface_km2":31.38,"lat":44.035,"lon":7.0177},{"code_insee":"06097","nom":"Pierrefeu","codes_postaux":["06910"],"code_dep":"06","code_region":"93","population":337,"surface_km2":22.16,"lat":43.8883,"lon":7.0743},{"code_insee":"06098","nom":"Puget-Rostang","codes_postaux":["06260"],"code_dep":"06","code_region":"93","population":116,"surface_km2":22.4,"lat":44.0056,"lon":6.9333},{"code_insee":"06099","nom":"Puget-Théniers","codes_postaux":["06260"],"code_dep":"06","code_region":"93","population":1798,"surface_km2":21.35,"lat":43.9498,"lon":6.9049},{"code_insee":"06100","nom":"Revest-les-Roches","codes_postaux":["06830"],"code_dep":"06","code_region":"93","population":239,"surface_km2":8.72,"lat":43.8823,"lon":7.1693},{"code_insee":"06101","nom":"Rigaud","codes_postaux":["06260"],"code_dep":"06","code_region":"93","population":165,"surface_km2":32.24,"lat":43.9942,"lon":6.976},{"code_insee":"06102","nom":"Rimplas","codes_postaux":["06420"],"code_dep":"06","code_region":"93","population":156,"surface_km2":24.84,"lat":44.0997,"lon":7.1449},{"code_insee":"06103","nom":"Roquebillière","codes_postaux":["06450"],"code_dep":"06","code_region":"93","population":1818,"surface_km2":25.68,"lat":44.0282,"lon":7.2885},{"code_insee":"06104","nom":"Roquebrune-Cap-Martin","codes_postaux":["06190"],"code_dep":"06","code_region":"93","population":12037,"surface_km2":9.48,"lat":43.7638,"lon":7.4576},{"code_insee":"06105","nom":"Roquefort-les-Pins","codes_postaux":["06330"],"code_dep":"06","code_region":"93","population":7292,"surface_km2":21.67,"lat":43.6723,"lon":7.0565},{"code_insee":"06106","nom":"Roquestéron","codes_postaux":["06910"],"code_dep":"06","code_region":"93","population":552,"surface_km2":6.34,"lat":43.8696,"lon":7.0232},{"code_insee":"06107","nom":"La Roque-en-Provence","codes_postaux":["06910"],"code_dep":"06","code_region":"93","population":67,"surface_km2":23.82,"lat":43.8494,"lon":6.9916},{"code_insee":"06108","nom":"La Roquette-sur-Siagne","codes_postaux":["06550"],"code_dep":"06","code_region":"93","population":5669,"surface_km2":6.23,"lat":43.5853,"lon":6.9475},{"code_insee":"06109","nom":"La Roquette-sur-Var","codes_postaux":["06670"],"code_dep":"06","code_region":"93","population":921,"surface_km2":4.2,"lat":43.8328,"lon":7.2072},{"code_insee":"06110","nom":"Roubion","codes_postaux":["06420"],"code_dep":"06","code_region":"93","population":112,"surface_km2":26.98,"lat":44.1121,"lon":7.0233},{"code_insee":"06111","nom":"Roure","codes_postaux":["06420"],"code_dep":"06","code_region":"93","population":116,"surface_km2":39.66,"lat":44.1139,"lon":7.0603},{"code_insee":"06112","nom":"Le Rouret","codes_postaux":["06650"],"code_dep":"06","code_region":"93","population":4209,"surface_km2":7.19,"lat":43.6803,"lon":7.0081},{"code_insee":"06113","nom":"Sainte-Agnès","codes_postaux":["06500"],"code_dep":"06","code_region":"93","population":1380,"surface_km2":9.46,"lat":43.8046,"lon":7.4605},{"code_insee":"06114","nom":"Saint-André-de-la-Roche","codes_postaux":["06730"],"code_dep":"06","code_region":"93","population":5896,"surface_km2":2.85,"lat":43.7455,"lon":7.2875},{"code_insee":"06115","nom":"Saint-Antonin","codes_postaux":["06260"],"code_dep":"06","code_region":"93","population":85,"surface_km2":6.38,"lat":43.9085,"lon":6.9739},{"code_insee":"06116","nom":"Saint-Auban","codes_postaux":["06850"],"code_dep":"06","code_region":"93","population":194,"surface_km2":42.76,"lat":43.8319,"lon":6.7367},{"code_insee":"06117","nom":"Saint-Blaise","codes_postaux":["06670"],"code_dep":"06","code_region":"93","population":1397,"surface_km2":7.97,"lat":43.8132,"lon":7.2283},{"code_insee":"06118","nom":"Saint-Cézaire-sur-Siagne","codes_postaux":["06530"],"code_dep":"06","code_region":"93","population":4056,"surface_km2":29.95,"lat":43.6592,"lon":6.8049},{"code_insee":"06119","nom":"Saint-Dalmas-le-Selvage","codes_postaux":["06660"],"code_dep":"06","code_region":"93","population":98,"surface_km2":80.97,"lat":44.281,"lon":6.8452},{"code_insee":"06120","nom":"Saint-Étienne-de-Tinée","codes_postaux":["06660"],"code_dep":"06","code_region":"93","population":1289,"surface_km2":172.74,"lat":44.2597,"lon":6.9252},{"code_insee":"06121","nom":"Saint-Jean-Cap-Ferrat","codes_postaux":["06230"],"code_dep":"06","code_region":"93","population":1531,"surface_km2":2.65,"lat":43.6883,"lon":7.3349},{"code_insee":"06122","nom":"Saint-Jeannet","codes_postaux":["06640"],"code_dep":"06","code_region":"93","population":4453,"surface_km2":14.59,"lat":43.7619,"lon":7.1477},{"code_insee":"06123","nom":"Saint-Laurent-du-Var","codes_postaux":["06700"],"code_dep":"06","code_region":"93","population":32172,"surface_km2":9.49,"lat":43.6865,"lon":7.1822},{"code_insee":"06124","nom":"Saint-Léger","codes_postaux":["06260"],"code_dep":"06","code_region":"93","population":61,"surface_km2":4.51,"lat":44.0014,"lon":6.8189},{"code_insee":"06125","nom":"Saint-Martin-d'Entraunes","codes_postaux":["06470"],"code_dep":"06","code_region":"93","population":138,"surface_km2":39.68,"lat":44.1453,"lon":6.7492},{"code_insee":"06126","nom":"Saint-Martin-du-Var","codes_postaux":["06670"],"code_dep":"06","code_region":"93","population":3431,"surface_km2":4.88,"lat":43.8168,"lon":7.2012},{"code_insee":"06127","nom":"Saint-Martin-Vésubie","codes_postaux":["06450"],"code_dep":"06","code_region":"93","population":1337,"surface_km2":97.66,"lat":44.0944,"lon":7.307},{"code_insee":"06128","nom":"Saint-Paul-de-Vence","codes_postaux":["06570"],"code_dep":"06","code_region":"93","population":3203,"surface_km2":7.27,"lat":43.6928,"lon":7.1196},{"code_insee":"06129","nom":"Saint-Sauveur-sur-Tinée","codes_postaux":["06420"],"code_dep":"06","code_region":"93","population":290,"surface_km2":32.18,"lat":44.1163,"lon":7.1226},{"code_insee":"06130","nom":"Saint-Vallier-de-Thiey","codes_postaux":["06460"],"code_dep":"06","code_region":"93","population":3658,"surface_km2":52.08,"lat":43.6994,"lon":6.8516},{"code_insee":"06131","nom":"Sallagriffon","codes_postaux":["06910"],"code_dep":"06","code_region":"93","population":47,"surface_km2":9.62,"lat":43.8805,"lon":6.9117},{"code_insee":"06132","nom":"Saorge","codes_postaux":["06540"],"code_dep":"06","code_region":"93","population":430,"surface_km2":84.57,"lat":43.9935,"lon":7.5403},{"code_insee":"06133","nom":"Sauze","codes_postaux":["06470"],"code_dep":"06","code_region":"93","population":67,"surface_km2":27.53,"lat":44.0862,"lon":6.7987},{"code_insee":"06134","nom":"Séranon","codes_postaux":["06750"],"code_dep":"06","code_region":"93","population":540,"surface_km2":23.25,"lat":43.7655,"lon":6.6892},{"code_insee":"06135","nom":"Sigale","codes_postaux":["06910"],"code_dep":"06","code_region":"93","population":204,"surface_km2":5.55,"lat":43.8742,"lon":6.9652},{"code_insee":"06136","nom":"Sospel","codes_postaux":["06380"],"code_dep":"06","code_region":"93","population":3791,"surface_km2":62.35,"lat":43.8872,"lon":7.4493},{"code_insee":"06137","nom":"Spéracèdes","codes_postaux":["06530"],"code_dep":"06","code_region":"93","population":1241,"surface_km2":3.46,"lat":43.652,"lon":6.8573},{"code_insee":"06138","nom":"Théoule-sur-Mer","codes_postaux":["06590"],"code_dep":"06","code_region":"93","population":1477,"surface_km2":10.7,"lat":43.499,"lon":6.9303},{"code_insee":"06139","nom":"Thiéry","codes_postaux":["06710"],"code_dep":"06","code_region":"93","population":91,"surface_km2":21.98,"lat":43.9759,"lon":7.0365},{"code_insee":"06140","nom":"Le Tignet","codes_postaux":["06530"],"code_dep":"06","code_region":"93","population":3212,"surface_km2":11.32,"lat":43.6257,"lon":6.8538},{"code_insee":"06141","nom":"Toudon","codes_postaux":["06830"],"code_dep":"06","code_region":"93","population":355,"surface_km2":18.49,"lat":43.8857,"lon":7.1094},{"code_insee":"06142","nom":"Touët-de-l'Escarène","codes_postaux":["06440"],"code_dep":"06","code_region":"93","population":300,"surface_km2":4.59,"lat":43.8516,"lon":7.3799},{"code_insee":"06143","nom":"Touët-sur-Var","codes_postaux":["06710"],"code_dep":"06","code_region":"93","population":748,"surface_km2":14.41,"lat":43.9433,"lon":7.0091},{"code_insee":"06144","nom":"La Tour","codes_postaux":["06420"],"code_dep":"06","code_region":"93","population":540,"surface_km2":36.28,"lat":43.9645,"lon":7.196},{"code_insee":"06145","nom":"Tourette-du-Château","codes_postaux":["06830"],"code_dep":"06","code_region":"93","population":147,"surface_km2":9.62,"lat":43.8812,"lon":7.1365},{"code_insee":"06146","nom":"Tournefort","codes_postaux":["06420"],"code_dep":"06","code_region":"93","population":147,"surface_km2":9.9,"lat":43.942,"lon":7.1596},{"code_insee":"06147","nom":"Tourrette-Levens","codes_postaux":["06690"],"code_dep":"06","code_region":"93","population":4624,"surface_km2":16.54,"lat":43.7882,"lon":7.275},{"code_insee":"06148","nom":"Tourrettes-sur-Loup","codes_postaux":["06140"],"code_dep":"06","code_region":"93","population":4165,"surface_km2":29.36,"lat":43.718,"lon":7.0353},{"code_insee":"06149","nom":"La Trinité","codes_postaux":["06340"],"code_dep":"06","code_region":"93","population":10602,"surface_km2":14.76,"lat":43.7415,"lon":7.3413},{"code_insee":"06150","nom":"La Turbie","codes_postaux":["06320"],"code_dep":"06","code_region":"93","population":3045,"surface_km2":7.38,"lat":43.7462,"lon":7.3973},{"code_insee":"06151","nom":"Utelle","codes_postaux":["06450"],"code_dep":"06","code_region":"93","population":805,"surface_km2":67.86,"lat":43.9392,"lon":7.2458},{"code_insee":"06152","nom":"Valbonne","codes_postaux":["06560"],"code_dep":"06","code_region":"93","population":11939,"surface_km2":20.1,"lat":43.6267,"lon":7.0291},{"code_insee":"06153","nom":"Valdeblore","codes_postaux":["06420"],"code_dep":"06","code_region":"93","population":835,"surface_km2":93.01,"lat":44.1152,"lon":7.1949},{"code_insee":"06154","nom":"Valderoure","codes_postaux":["06750"],"code_dep":"06","code_region":"93","population":539,"surface_km2":25.27,"lat":43.7943,"lon":6.7038},{"code_insee":"06155","nom":"Vallauris","codes_postaux":["06220"],"code_dep":"06","code_region":"93","population":29259,"surface_km2":13.18,"lat":43.5787,"lon":7.0604},{"code_insee":"06156","nom":"Venanson","codes_postaux":["06450"],"code_dep":"06","code_region":"93","population":195,"surface_km2":17.97,"lat":44.0412,"lon":7.2386},{"code_insee":"06157","nom":"Vence","codes_postaux":["06140"],"code_dep":"06","code_region":"93","population":19917,"surface_km2":39.41,"lat":43.7373,"lon":7.0995},{"code_insee":"06158","nom":"Villars-sur-Var","codes_postaux":["06710"],"code_dep":"06","code_region":"93","population":780,"surface_km2":25.43,"lat":43.9564,"lon":7.076},{"code_insee":"06159","nom":"Villefranche-sur-Mer","codes_postaux":["06230"],"code_dep":"06","code_region":"93","population":5008,"surface_km2":4.9,"lat":43.7081,"lon":7.3243},{"code_insee":"06160","nom":"Villeneuve-d'Entraunes","codes_postaux":["06470"],"code_dep":"06","code_region":"93","population":82,"surface_km2":27.99,"lat":44.1301,"lon":6.774},{"code_insee":"06161","nom":"Villeneuve-Loubet","codes_postaux":["06270"],"code_dep":"06","code_region":"93","population":17548,"surface_km2":19.9,"lat":43.647,"lon":7.0984},{"code_insee":"06162","nom":"La Brigue","codes_postaux":["06430"],"code_dep":"06","code_region":"93","population":763,"surface_km2":93.49,"lat":44.0897,"lon":7.6496},{"code_insee":"06163","nom":"Tende","codes_postaux":["06430"],"code_dep":"06","code_region":"93","population":1775,"surface_km2":177.25,"lat":44.0971,"lon":7.5499}]