[{"code_insee":"07001","nom":"Accons","codes_postaux":["07160"],"code_dep":"07","code_region":"84","population":361,"surface_km2":9.99,"lat":44.8916,"lon":4.3944,"fibre_pct":100.0},{"code_insee":"07002","nom":"Ailhon","codes_postaux":["07200"],"code_dep":"07","code_region":"84","population":553,"surface_km2":7.91,"lat":44.5992,"lon":4.3364,"fibre_pct":46.5},{"code_insee":"07003","nom":"Aizac","codes_postaux":["07530"],"code_dep":"07","code_region":"84","population":169,"surface_km2":6.43,"lat":44.719,"lon":4.3335,"fibre_pct":0.0},{"code_insee":"07004","nom":"Ajoux","codes_postaux":["07000"],"code_dep":"07","code_region":"84","population":81,"surface_km2":12.39,"lat":44.7541,"lon":4.4872,"fibre_pct":10.3},{"code_insee":"07005","nom":"Alba-la-Romaine","codes_postaux":["07400"],"code_dep":"07","code_region":"84","population":1533,"surface_km2":30.94,"lat":44.5593,"lon":4.5958,"fibre_pct":87.1},{"code_insee":"07006","nom":"Albon-d'Ardèche","codes_postaux":["07190"],"code_dep":"07","code_region":"84","population":159,"surface_km2":9.15,"lat":44.8168,"lon":4.4183,"fibre_pct":81.1},{"code_insee":"07007","nom":"Alboussière","codes_postaux":["07440"],"code_dep":"07","code_region":"84","population":1048,"surface_km2":18.31,"lat":44.9395,"lon":4.7449,"fibre_pct":86.2},{"code_insee":"07008","nom":"Alissas","codes_postaux":["07210"],"code_dep":"07","code_region":"84","population":1519,"surface_km2":12.46,"lat":44.7089,"lon":4.6139,"fibre_pct":81.9},{"code_insee":"07009","nom":"Andance","codes_postaux":["07340"],"code_dep":"07","code_region":"84","population":1192,"surface_km2":6.63,"lat":45.2316,"lon":4.7972,"fibre_pct":96.8},{"code_insee":"07010","nom":"Annonay","codes_postaux":["07100"],"code_dep":"07","code_region":"84","population":17274,"surface_km2":21.14,"lat":45.2449,"lon":4.6419,"fibre_pct":91.8},{"code_insee":"07011","nom":"Vallées-d'Antraigues-Asperjoc","codes_postaux":["07530","07600"],"code_dep":"07","code_region":"84","population":845,"surface_km2":22.24,"lat":44.7302,"lon":4.3463,"fibre_pct":33.5},{"code_insee":"07012","nom":"Arcens","codes_postaux":["07310"],"code_dep":"07","code_region":"84","population":346,"surface_km2":18.55,"lat":44.8963,"lon":4.3184,"fibre_pct":83.5},{"code_insee":"07013","nom":"Ardoix","codes_postaux":["07290"],"code_dep":"07","code_region":"84","population":1308,"surface_km2":12.32,"lat":45.1893,"lon":4.7472,"fibre_pct":94.9},{"code_insee":"07014","nom":"Arlebosc","codes_postaux":["07410"],"code_dep":"07","code_region":"84","population":380,"surface_km2":12.49,"lat":45.0381,"lon":4.628,"fibre_pct":100.0},{"code_insee":"07015","nom":"Arras-sur-Rhône","codes_postaux":["07370"],"code_dep":"07","code_region":"84","population":529,"surface_km2":5.56,"lat":45.143,"lon":4.8069,"fibre_pct":77.4},{"code_insee":"07017","nom":"Les Assions","codes_postaux":["07140"],"code_dep":"07","code_region":"84","population":767,"surface_km2":14.0,"lat":44.4243,"lon":4.1882,"fibre_pct":74.4},{"code_insee":"07018","nom":"Astet","codes_postaux":["07330"],"code_dep":"07","code_region":"84","population":59,"surface_km2":34.82,"lat":44.6841,"lon":4.0211,"fibre_pct":0.0},{"code_insee":"07019","nom":"Aubenas","codes_postaux":["07200"],"code_dep":"07","code_region":"84","population":12416,"surface_km2":14.66,"lat":44.6107,"lon":4.3942,"fibre_pct":85.1},{"code_insee":"07020","nom":"Aubignas","codes_postaux":["07400"],"code_dep":"07","code_region":"84","population":476,"surface_km2":15.74,"lat":44.5854,"lon":4.6309,"fibre_pct":80.5},{"code_insee":"07022","nom":"Baix","codes_postaux":["07210"],"code_dep":"07","code_region":"84","population":1296,"surface_km2":17.55,"lat":44.7046,"lon":4.7474,"fibre_pct":97.3},{"code_insee":"07023","nom":"Balazuc","codes_postaux":["07120"],"code_dep":"07","code_region":"84","population":389,"surface_km2":18.77,"lat":44.5123,"lon":4.3737,"fibre_pct":0.0},{"code_insee":"07024","nom":"Banne","codes_postaux":["07460"],"code_dep":"07","code_region":"84","population":648,"surface_km2":32.88,"lat":44.3598,"lon":4.1463,"fibre_pct":76.5},{"code_insee":"07025","nom":"Barnas","codes_postaux":["07330"],"code_dep":"07","code_region":"84","population":209,"surface_km2":24.8,"lat":44.6698,"lon":4.1589,"fibre_pct":58.7},{"code_insee":"07026","nom":"Le Béage","codes_postaux":["07630"],"code_dep":"07","code_region":"84","population":254,"surface_km2":33.18,"lat":44.8542,"lon":4.1346,"fibre_pct":74.9},{"code_insee":"07027","nom":"Beauchastel","codes_postaux":["07800"],"code_dep":"07","code_region":"84","population":1800,"surface_km2":8.49,"lat":44.8324,"lon":4.7938,"fibre_pct":99.3},{"code_insee":"07028","nom":"Beaulieu","codes_postaux":["07460"],"code_dep":"07","code_region":"84","population":544,"surface_km2":25.41,"lat":44.3575,"lon":4.2553,"fibre_pct":79.3},{"code_insee":"07029","nom":"Beaumont","codes_postaux":["07110"],"code_dep":"07","code_region":"84","population":262,"surface_km2":19.26,"lat":44.5437,"lon":4.1709,"fibre_pct":64.7},{"code_insee":"07030","nom":"Beauvène","codes_postaux":["07190"],"code_dep":"07","code_region":"84","population":204,"surface_km2":12.17,"lat":44.8669,"lon":4.5156,"fibre_pct":65.9},{"code_insee":"07031","nom":"Berrias-et-Casteljau","codes_postaux":["07460"],"code_dep":"07","code_region":"84","population":793,"surface_km2":26.67,"lat":44.3791,"lon":4.2056,"fibre_pct":67.7},{"code_insee":"07032","nom":"Berzème","codes_postaux":["07580"],"code_dep":"07","code_region":"84","population":159,"surface_km2":18.24,"lat":44.6514,"lon":4.5717,"fibre_pct":3.4},{"code_insee":"07033","nom":"Bessas","codes_postaux":["07150"],"code_dep":"07","code_region":"84","population":234,"surface_km2":17.32,"lat":44.3423,"lon":4.2987,"fibre_pct":88.2},{"code_insee":"07034","nom":"Bidon","codes_postaux":["07700"],"code_dep":"07","code_region":"84","population":254,"surface_km2":29.49,"lat":44.3583,"lon":4.5423,"fibre_pct":0.0},{"code_insee":"07035","nom":"Boffres","codes_postaux":["07440"],"code_dep":"07","code_region":"84","population":633,"surface_km2":30.86,"lat":44.9196,"lon":4.6891,"fibre_pct":84.6},{"code_insee":"07036","nom":"Bogy","codes_postaux":["07340"],"code_dep":"07","code_region":"84","population":488,"surface_km2":7.11,"lat":45.2827,"lon":4.7682,"fibre_pct":82.2},{"code_insee":"07037","nom":"Borée","codes_postaux":["07310"],"code_dep":"07","code_region":"84","population":135,"surface_km2":28.41,"lat":44.894,"lon":4.2341,"fibre_pct":0.0},{"code_insee":"07038","nom":"Borne","codes_postaux":["07590"],"code_dep":"07","code_region":"84","population":42,"surface_km2":32.19,"lat":44.6115,"lon":4.0444,"fibre_pct":77.8},{"code_insee":"07039","nom":"Bozas","codes_postaux":["07410"],"code_dep":"07","code_region":"84","population":255,"surface_km2":12.61,"lat":45.0547,"lon":4.6439,"fibre_pct":98.1},{"code_insee":"07040","nom":"Boucieu-le-Roi","codes_postaux":["07270"],"code_dep":"07","code_region":"84","population":243,"surface_km2":8.86,"lat":45.0287,"lon":4.6877,"fibre_pct":100.0},{"code_insee":"07041","nom":"Boulieu-lès-Annonay","codes_postaux":["07100"],"code_dep":"07","code_region":"84","population":2248,"surface_km2":9.56,"lat":45.268,"lon":4.6433,"fibre_pct":90.5},{"code_insee":"07042","nom":"Bourg-Saint-Andéol","codes_postaux":["07700"],"code_dep":"07","code_region":"84","population":7661,"surface_km2":42.89,"lat":44.3742,"lon":4.6117,"fibre_pct":84.5},{"code_insee":"07044","nom":"Brossainc","codes_postaux":["07340"],"code_dep":"07","code_region":"84","population":262,"surface_km2":4.44,"lat":45.3286,"lon":4.677,"fibre_pct":100.0},{"code_insee":"07045","nom":"Burzet","codes_postaux":["07450"],"code_dep":"07","code_region":"84","population":536,"surface_km2":38.14,"lat":44.7473,"lon":4.2346,"fibre_pct":87.5},{"code_insee":"07047","nom":"Cellier-du-Luc","codes_postaux":["07590"],"code_dep":"07","code_region":"84","population":91,"surface_km2":14.76,"lat":44.6733,"lon":3.9028,"fibre_pct":92.2},{"code_insee":"07048","nom":"Chalencon","codes_postaux":["07240"],"code_dep":"07","code_region":"84","population":328,"surface_km2":9.58,"lat":44.8804,"lon":4.5582,"fibre_pct":65.4},{"code_insee":"07049","nom":"Le Chambon","codes_postaux":["07160"],"code_dep":"07","code_region":"84","population":58,"surface_km2":10.61,"lat":44.8306,"lon":4.2996,"fibre_pct":83.2},{"code_insee":"07050","nom":"Chambonas","codes_postaux":["07140"],"code_dep":"07","code_region":"84","population":992,"surface_km2":12.2,"lat":44.4253,"lon":4.1301,"fibre_pct":76.4},{"code_insee":"07051","nom":"Champagne","codes_postaux":["07340"],"code_dep":"07","code_region":"84","population":652,"surface_km2":4.13,"lat":45.277,"lon":4.7979,"fibre_pct":98.7},{"code_insee":"07052","nom":"Champis","codes_postaux":["07440"],"code_dep":"07","code_region":"84","population":680,"surface_km2":16.69,"lat":44.9566,"lon":4.7549,"fibre_pct":86.2},{"code_insee":"07053","nom":"Chandolas","codes_postaux":["07230"],"code_dep":"07","code_region":"84","population":547,"surface_km2":11.91,"lat":44.4151,"lon":4.245,"fibre_pct":72.7},{"code_insee":"07054","nom":"Chanéac","codes_postaux":["07310"],"code_dep":"07","code_region":"84","population":254,"surface_km2":15.86,"lat":44.9313,"lon":4.3127,"fibre_pct":73.4},{"code_insee":"07055","nom":"Charmes-sur-Rhône","codes_postaux":["07800"],"code_dep":"07","code_region":"84","population":3143,"surface_km2":5.9,"lat":44.8632,"lon":4.8312,"fibre_pct":95.4},{"code_insee":"07056","nom":"Charnas","codes_postaux":["07340"],"code_dep":"07","code_region":"84","population":925,"surface_km2":5.5,"lat":45.3429,"lon":4.7309,"fibre_pct":92.1},{"code_insee":"07058","nom":"Chassiers","codes_postaux":["07110"],"code_dep":"07","code_region":"84","population":989,"surface_km2":12.41,"lat":44.5656,"lon":4.2936,"fibre_pct":55.4},{"code_insee":"07059","nom":"Châteaubourg","codes_postaux":["07130"],"code_dep":"07","code_region":"84","population":227,"surface_km2":4.31,"lat":44.9881,"lon":4.8346,"fibre_pct":97.4},{"code_insee":"07060","nom":"Châteauneuf-de-Vernoux","codes_postaux":["07240"],"code_dep":"07","code_region":"84","population":288,"surface_km2":6.09,"lat":44.9258,"lon":4.6483,"fibre_pct":90.0},{"code_insee":"07061","nom":"Chauzon","codes_postaux":["07120"],"code_dep":"07","code_region":"84","population":422,"surface_km2":10.82,"lat":44.4937,"lon":4.3467,"fibre_pct":0.0},{"code_insee":"07062","nom":"Chazeaux","codes_postaux":["07110"],"code_dep":"07","code_region":"84","population":134,"surface_km2":4.68,"lat":44.5949,"lon":4.2974,"fibre_pct":0.0},{"code_insee":"07063","nom":"Cheminas","codes_postaux":["07300"],"code_dep":"07","code_region":"84","population":423,"surface_km2":9.44,"lat":45.1316,"lon":4.7414,"fibre_pct":85.9},{"code_insee":"07064","nom":"Le Cheylard","codes_postaux":["07160"],"code_dep":"07","code_region":"84","population":2803,"surface_km2":13.54,"lat":44.9061,"lon":4.422,"fibre_pct":98.5},{"code_insee":"07065","nom":"Chirols","codes_postaux":["07380"],"code_dep":"07","code_region":"84","population":289,"surface_km2":6.92,"lat":44.6879,"lon":4.2917,"fibre_pct":79.7},{"code_insee":"07066","nom":"Chomérac","codes_postaux":["07210"],"code_dep":"07","code_region":"84","population":3183,"surface_km2":19.47,"lat":44.7113,"lon":4.668,"fibre_pct":85.1},{"code_insee":"07067","nom":"Colombier-le-Cardinal","codes_postaux":["07430"],"code_dep":"07","code_region":"84","population":327,"surface_km2":2.54,"lat":45.2645,"lon":4.7427,"fibre_pct":84.5},{"code_insee":"07068","nom":"Colombier-le-Jeune","codes_postaux":["07270"],"code_dep":"07","code_region":"84","population":563,"surface_km2":15.24,"lat":45.0103,"lon":4.7142,"fibre_pct":100.0},{"code_insee":"07069","nom":"Colombier-le-Vieux","codes_postaux":["07410"],"code_dep":"07","code_region":"84","population":690,"surface_km2":15.72,"lat":45.0559,"lon":4.7069,"fibre_pct":100.0},{"code_insee":"07070","nom":"Cornas","codes_postaux":["07130"],"code_dep":"07","code_region":"84","population":2410,"surface_km2":8.54,"lat":44.9668,"lon":4.8441,"fibre_pct":98.4},{"code_insee":"07071","nom":"Coucouron","codes_postaux":["07470"],"code_dep":"07","code_region":"84","population":777,"surface_km2":24.4,"lat":44.7978,"lon":3.9571,"fibre_pct":76.4},{"code_insee":"07072","nom":"Coux","codes_postaux":["07000"],"code_dep":"07","code_region":"84","population":1635,"surface_km2":12.03,"lat":44.7434,"lon":4.6195,"fibre_pct":96.7},{"code_insee":"07073","nom":"Le Crestet","codes_postaux":["07270"],"code_dep":"07","code_region":"84","population":518,"surface_km2":10.04,"lat":45.0115,"lon":4.6322,"fibre_pct":90.5},{"code_insee":"07074","nom":"Creysseilles","codes_postaux":["07000"],"code_dep":"07","code_region":"84","population":158,"surface_km2":10.26,"lat":44.7645,"lon":4.5329,"fibre_pct":84.2},{"code_insee":"07075","nom":"Cros-de-Géorand","codes_postaux":["07510","07630"],"code_dep":"07","code_region":"84","population":156,"surface_km2":43.92,"lat":44.8008,"lon":4.1226,"fibre_pct":0.0},{"code_insee":"07076","nom":"Cruas","codes_postaux":["07350"],"code_dep":"07","code_region":"84","population":2898,"surface_km2":15.49,"lat":44.6552,"lon":4.7554,"fibre_pct":72.2},{"code_insee":"07077","nom":"Darbres","codes_postaux":["07170"],"code_dep":"07","code_region":"84","population":272,"surface_km2":16.35,"lat":44.6597,"lon":4.5216,"fibre_pct":75.4},{"code_insee":"07078","nom":"Davézieux","codes_postaux":["07430"],"code_dep":"07","code_region":"84","population":3205,"surface_km2":5.75,"lat":45.2533,"lon":4.6989,"fibre_pct":98.6},{"code_insee":"07079","nom":"Désaignes","codes_postaux":["07570"],"code_dep":"07","code_region":"84","population":1151,"surface_km2":51.57,"lat":44.9946,"lon":4.4972,"fibre_pct":59.6},{"code_insee":"07080","nom":"Devesset","codes_postaux":["07320"],"code_dep":"07","code_region":"84","population":310,"surface_km2":29.69,"lat":45.0707,"lon":4.3987,"fibre_pct":76.6},{"code_insee":"07081","nom":"Dompnac","codes_postaux":["07260"],"code_dep":"07","code_region":"84","population":78,"surface_km2":16.29,"lat":44.5607,"lon":4.1132,"fibre_pct":82.1},{"code_insee":"07082","nom":"Dornas","codes_postaux":["07160"],"code_dep":"07","code_region":"84","population":195,"surface_km2":17.74,"lat":44.8494,"lon":4.3602,"fibre_pct":75.8},{"code_insee":"07083","nom":"Dunière-sur-Eyrieux","codes_postaux":["07360"],"code_dep":"07","code_region":"84","population":437,"surface_km2":7.8,"lat":44.8351,"lon":4.6479,"fibre_pct":95.7},{"code_insee":"07084","nom":"Eclassan","codes_postaux":["07370"],"code_dep":"07","code_region":"84","population":1054,"surface_km2":16.48,"lat":45.1618,"lon":4.7442,"fibre_pct":95.1},{"code_insee":"07085","nom":"Empurany","codes_postaux":["07270"],"code_dep":"07","code_region":"84","population":571,"surface_km2":19.35,"lat":45.0254,"lon":4.5968,"fibre_pct":94.7},{"code_insee":"07086","nom":"Étables","codes_postaux":["07300"],"code_dep":"07","code_region":"84","population":1000,"surface_km2":15.79,"lat":45.094,"lon":4.7381,"fibre_pct":70.5},{"code_insee":"07087","nom":"Fabras","codes_postaux":["07380"],"code_dep":"07","code_region":"84","population":467,"surface_km2":7.58,"lat":44.6501,"lon":4.2807,"fibre_pct":92.4},{"code_insee":"07088","nom":"Faugères","codes_postaux":["07230"],"code_dep":"07","code_region":"84","population":123,"surface_km2":5.82,"lat":44.4828,"lon":4.1436,"fibre_pct":52.8},{"code_insee":"07089","nom":"Félines","codes_postaux":["07340"],"code_dep":"07","code_region":"84","population":1934,"surface_km2":14.18,"lat":45.3155,"lon":4.7205,"fibre_pct":99.3},{"code_insee":"07090","nom":"Flaviac","codes_postaux":["07000"],"code_dep":"07","code_region":"84","population":1235,"surface_km2":13.02,"lat":44.7522,"lon":4.6622,"fibre_pct":94.3},{"code_insee":"07091","nom":"Fons","codes_postaux":["07200"],"code_dep":"07","code_region":"84","population":316,"surface_km2":4.08,"lat":44.5826,"lon":4.3492,"fibre_pct":34.6},{"code_insee":"07092","nom":"Freyssenet","codes_postaux":["07000"],"code_dep":"07","code_region":"84","population":48,"surface_km2":9.71,"lat":44.6881,"lon":4.5466,"fibre_pct":0.0},{"code_insee":"07093","nom":"Genestelle","codes_postaux":["07530"],"code_dep":"07","code_region":"84","population":266,"surface_km2":21.52,"lat":44.7401,"lon":4.3915,"fibre_pct":0.6},{"code_insee":"07094","nom":"Gilhac-et-Bruzac","codes_postaux":["07800"],"code_dep":"07","code_region":"84","population":172,"surface_km2":30.94,"lat":44.8624,"lon":4.7474,"fibre_pct":13.6},{"code_insee":"07095","nom":"Gilhoc-sur-Ormèze","codes_postaux":["07270"],"code_dep":"07","code_region":"84","population":470,"surface_km2":21.09,"lat":44.9882,"lon":4.6757,"fibre_pct":99.2},{"code_insee":"07096","nom":"Gluiras","codes_postaux":["07190"],"code_dep":"07","code_region":"84","population":366,"surface_km2":24.66,"lat":44.8456,"lon":4.522,"fibre_pct":68.8},{"code_insee":"07097","nom":"Glun","codes_postaux":["07300"],"code_dep":"07","code_region":"84","population":677,"surface_km2":7.52,"lat":45.008,"lon":4.823,"fibre_pct":97.9},{"code_insee":"07098","nom":"Gourdon","codes_postaux":["07000"],"code_dep":"07","code_region":"84","population":85,"surface_km2":12.79,"lat":44.7328,"lon":4.4646,"fibre_pct":0.9},{"code_insee":"07099","nom":"Gras","codes_postaux":["07700"],"code_dep":"07","code_region":"84","population":591,"surface_km2":57.64,"lat":44.4403,"lon":4.536,"fibre_pct":29.3},{"code_insee":"07100","nom":"Gravières","codes_postaux":["07140"],"code_dep":"07","code_region":"84","population":508,"surface_km2":18.8,"lat":44.4199,"lon":4.0715,"fibre_pct":61.0},{"code_insee":"07101","nom":"Grospierres","codes_postaux":["07120"],"code_dep":"07","code_region":"84","population":941,"surface_km2":27.2,"lat":44.3941,"lon":4.2868,"fibre_pct":54.5},{"code_insee":"07102","nom":"Guilherand-Granges","codes_postaux":["07500"],"code_dep":"07","code_region":"84","population":11235,"surface_km2":6.51,"lat":44.9301,"lon":4.8655,"fibre_pct":98.9},{"code_insee":"07103","nom":"Saint-Julien-d'Intres","codes_postaux":["07310","07320"],"code_dep":"07","code_region":"84","population":303,"surface_km2":21.28,"lat":44.9792,"lon":4.3415,"fibre_pct":68.5},{"code_insee":"07104","nom":"Issamoulenc","codes_postaux":["07190"],"code_dep":"07","code_region":"84","population":107,"surface_km2":15.67,"lat":44.7887,"lon":4.4519,"fibre_pct":60.3},{"code_insee":"07105","nom":"Issanlas","codes_postaux":["07510","07660"],"code_dep":"07","code_region":"84","population":104,"surface_km2":28.64,"lat":44.7644,"lon":4.0046,"fibre_pct":0.0},{"code_insee":"07106","nom":"Issarlès","codes_postaux":["07470"],"code_dep":"07","code_region":"84","population":125,"surface_km2":18.85,"lat":44.8488,"lon":4.0597,"fibre_pct":86.3},{"code_insee":"07107","nom":"Jaujac","codes_postaux":["07380"],"code_dep":"07","code_region":"84","population":1199,"surface_km2":24.47,"lat":44.6278,"lon":4.2409,"fibre_pct":94.2},{"code_insee":"07108","nom":"Jaunac","codes_postaux":["07160"],"code_dep":"07","code_region":"84","population":125,"surface_km2":3.93,"lat":44.9199,"lon":4.3937,"fibre_pct":84.2},{"code_insee":"07109","nom":"Joannas","codes_postaux":["07110"],"code_dep":"07","code_region":"84","population":328,"surface_km2":12.1,"lat":44.5737,"lon":4.2498,"fibre_pct":66.0},{"code_insee":"07110","nom":"Joyeuse","codes_postaux":["07260"],"code_dep":"07","code_region":"84","population":1811,"surface_km2":12.92,"lat":44.4713,"lon":4.2499,"fibre_pct":85.3},{"code_insee":"07111","nom":"Juvinas","codes_postaux":["07600"],"code_dep":"07","code_region":"84","population":187,"surface_km2":8.49,"lat":44.7048,"lon":4.307,"fibre_pct":17.1},{"code_insee":"07112","nom":"Labastide-sur-Bésorgues","codes_postaux":["07600"],"code_dep":"07","code_region":"84","population":285,"surface_km2":17.35,"lat":44.7514,"lon":4.2994,"fibre_pct":0.0},{"code_insee":"07113","nom":"Labastide-de-Virac","codes_postaux":["07150"],"code_dep":"07","code_region":"84","population":328,"surface_km2":23.15,"lat":44.3551,"lon":4.4236,"fibre_pct":85.6},{"code_insee":"07114","nom":"Labatie-d'Andaure","codes_postaux":["07570"],"code_dep":"07","code_region":"84","population":228,"surface_km2":10.07,"lat":45.0344,"lon":4.493,"fibre_pct":71.9},{"code_insee":"07115","nom":"Labeaume","codes_postaux":["07120"],"code_dep":"07","code_region":"84","population":698,"surface_km2":17.86,"lat":44.4682,"lon":4.3074,"fibre_pct":0.2},{"code_insee":"07116","nom":"Labégude","codes_postaux":["07200"],"code_dep":"07","code_region":"84","population":1397,"surface_km2":3.19,"lat":44.6412,"lon":4.3571,"fibre_pct":95.1},{"code_insee":"07117","nom":"Lablachère","codes_postaux":["07230"],"code_dep":"07","code_region":"84","population":2193,"surface_km2":26.74,"lat":44.4611,"lon":4.2159,"fibre_pct":99.5},{"code_insee":"07118","nom":"Laboule","codes_postaux":["07110"],"code_dep":"07","code_region":"84","population":146,"surface_km2":17.54,"lat":44.5928,"lon":4.1718,"fibre_pct":0.0},{"code_insee":"07119","nom":"Le Lac-d'Issarlès","codes_postaux":["07470"],"code_dep":"07","code_region":"84","population":247,"surface_km2":13.82,"lat":44.8282,"lon":4.0749,"fibre_pct":74.4},{"code_insee":"07120","nom":"Lachamp-Raphaël","codes_postaux":["07530"],"code_dep":"07","code_region":"84","population":70,"surface_km2":14.16,"lat":44.7969,"lon":4.286,"fibre_pct":0.0},{"code_insee":"07121","nom":"Lachapelle-Graillouse","codes_postaux":["07470"],"code_dep":"07","code_region":"84","population":182,"surface_km2":20.81,"lat":44.8121,"lon":4.0241,"fibre_pct":85.2},{"code_insee":"07122","nom":"Lachapelle-sous-Aubenas","codes_postaux":["07200"],"code_dep":"07","code_region":"84","population":1911,"surface_km2":10.23,"lat":44.5601,"lon":4.3552,"fibre_pct":75.2},{"code_insee":"07123","nom":"Lachapelle-sous-Chanéac","codes_postaux":["07310"],"code_dep":"07","code_region":"84","population":158,"surface_km2":8.98,"lat":44.9535,"lon":4.3203,"fibre_pct":81.3},{"code_insee":"07124","nom":"Lafarre","codes_postaux":["07520"],"code_dep":"07","code_region":"84","population":45,"surface_km2":11.19,"lat":45.0769,"lon":4.5169,"fibre_pct":13.5},{"code_insee":"07126","nom":"Lagorce","codes_postaux":["07150"],"code_dep":"07","code_region":"84","population":1257,"surface_km2":69.29,"lat":44.4469,"lon":4.4293,"fibre_pct":68.4},{"code_insee":"07127","nom":"Lalevade-d'Ardèche","codes_postaux":["07380"],"code_dep":"07","code_region":"84","population":1120,"surface_km2":2.28,"lat":44.6527,"lon":4.3161,"fibre_pct":0.0},{"code_insee":"07128","nom":"Lalouvesc","codes_postaux":["07520"],"code_dep":"07","code_region":"84","population":388,"surface_km2":10.7,"lat":45.1169,"lon":4.5216,"fibre_pct":67.2},{"code_insee":"07129","nom":"Lamastre","codes_postaux":["07270"],"code_dep":"07","code_region":"84","population":2327,"surface_km2":25.8,"lat":44.9767,"lon":4.5911,"fibre_pct":90.8},{"code_insee":"07130","nom":"Lanarce","codes_postaux":["07660"],"code_dep":"07","code_region":"84","population":212,"surface_km2":22.67,"lat":44.731,"lon":4.0027,"fibre_pct":0.0},{"code_insee":"07131","nom":"Lanas","codes_postaux":["07200"],"code_dep":"07","code_region":"84","population":429,"surface_km2":10.18,"lat":44.5339,"lon":4.3812,"fibre_pct":0.3},{"code_insee":"07132","nom":"Largentière","codes_postaux":["07110"],"code_dep":"07","code_region":"84","population":1450,"surface_km2":7.36,"lat":44.5307,"lon":4.2984,"fibre_pct":38.8},{"code_insee":"07133","nom":"Larnas","codes_postaux":["07220"],"code_dep":"07","code_region":"84","population":283,"surface_km2":13.91,"lat":44.4553,"lon":4.5959,"fibre_pct":34.5},{"code_insee":"07134","nom":"Laurac-en-Vivarais","codes_postaux":["07110"],"code_dep":"07","code_region":"84","population":1045,"surface_km2":9.06,"lat":44.5051,"lon":4.2875,"fibre_pct":46.7},{"code_insee":"07136","nom":"Laveyrune","codes_postaux":["48250"],"code_dep":"07","code_region":"84","population":111,"surface_km2":13.52,"lat":44.6174,"lon":3.9255,"fibre_pct":0.0},{"code_insee":"07137","nom":"Lavillatte","codes_postaux":["07660"],"code_dep":"07","code_region":"84","population":44,"surface_km2":18.86,"lat":44.7419,"lon":3.9524,"fibre_pct":0.0},{"code_insee":"07138","nom":"Lavilledieu","codes_postaux":["07170"],"code_dep":"07","code_region":"84","population":2264,"surface_km2":14.9,"lat":44.5818,"lon":4.4474,"fibre_pct":92.7},{"code_insee":"07139","nom":"Laviolle","codes_postaux":["07530"],"code_dep":"07","code_region":"84","population":98,"surface_km2":14.02,"lat":44.761,"lon":4.3338,"fibre_pct":0.0},{"code_insee":"07140","nom":"Lemps","codes_postaux":["07610"],"code_dep":"07","code_region":"84","population":798,"surface_km2":12.32,"lat":45.0902,"lon":4.7876,"fibre_pct":79.6},{"code_insee":"07141","nom":"Lentillères","codes_postaux":["07200"],"code_dep":"07","code_region":"84","population":236,"surface_km2":8.77,"lat":44.6071,"lon":4.2948,"fibre_pct":42.0},{"code_insee":"07142","nom":"Lespéron","codes_postaux":["07660"],"code_dep":"07","code_region":"84","population":330,"surface_km2":25.47,"lat":44.731,"lon":3.9001,"fibre_pct":0.0},{"code_insee":"07143","nom":"Limony","codes_postaux":["07340"],"code_dep":"07","code_region":"84","population":833,"surface_km2":7.39,"lat":45.351,"lon":4.749,"fibre_pct":95.9},{"code_insee":"07144","nom":"Loubaresse","codes_postaux":["07110"],"code_dep":"07","code_region":"84","population":43,"surface_km2":9.13,"lat":44.5921,"lon":4.0555,"fibre_pct":82.5},{"code_insee":"07145","nom":"Lussas","codes_postaux":["07170"],"code_dep":"07","code_region":"84","population":1145,"surface_km2":16.52,"lat":44.6208,"lon":4.4653,"fibre_pct":92.2},{"code_insee":"07146","nom":"Lyas","codes_postaux":["07000"],"code_dep":"07","code_region":"84","population":592,"surface_km2":8.15,"lat":44.7545,"lon":4.5976,"fibre_pct":99.0},{"code_insee":"07147","nom":"Malarce-sur-la-Thines","codes_postaux":["07140"],"code_dep":"07","code_region":"84","population":268,"surface_km2":37.84,"lat":44.4777,"lon":4.0512,"fibre_pct":1.7},{"code_insee":"07148","nom":"Malbosc","codes_postaux":["07140"],"code_dep":"07","code_region":"84","population":146,"surface_km2":21.69,"lat":44.3484,"lon":4.0729,"fibre_pct":71.3},{"code_insee":"07149","nom":"Marcols-les-Eaux","codes_postaux":["07190"],"code_dep":"07","code_region":"84","population":291,"surface_km2":16.06,"lat":44.806,"lon":4.3881,"fibre_pct":85.3},{"code_insee":"07150","nom":"Mariac","codes_postaux":["07160"],"code_dep":"07","code_region":"84","population":541,"surface_km2":16.42,"lat":44.8877,"lon":4.351,"fibre_pct":97.9},{"code_insee":"07151","nom":"Mars","codes_postaux":["07320"],"code_dep":"07","code_region":"84","population":243,"surface_km2":19.43,"lat":45.0087,"lon":4.3299,"fibre_pct":81.9},{"code_insee":"07152","nom":"Mauves","codes_postaux":["07300"],"code_dep":"07","code_region":"84","population":1210,"surface_km2":7.33,"lat":45.0294,"lon":4.8182,"fibre_pct":98.4},{"code_insee":"07153","nom":"Mayres","codes_postaux":["07330"],"code_dep":"07","code_region":"84","population":262,"surface_km2":29.58,"lat":44.6646,"lon":4.1001,"fibre_pct":0.2},{"code_insee":"07154","nom":"Mazan-l'Abbaye","codes_postaux":["07510"],"code_dep":"07","code_region":"84","population":120,"surface_km2":46.15,"lat":44.7272,"lon":4.084,"fibre_pct":0.0},{"code_insee":"07155","nom":"Mercuer","codes_postaux":["07200"],"code_dep":"07","code_region":"84","population":1325,"surface_km2":7.68,"lat":44.6242,"lon":4.3509,"fibre_pct":99.4},{"code_insee":"07156","nom":"Meyras","codes_postaux":["07380"],"code_dep":"07","code_region":"84","population":889,"surface_km2":12.44,"lat":44.6786,"lon":4.26,"fibre_pct":32.0},{"code_insee":"07157","nom":"Meysse","codes_postaux":["07400"],"code_dep":"07","code_region":"84","population":1366,"surface_km2":18.71,"lat":44.6188,"lon":4.704,"fibre_pct":78.6},{"code_insee":"07158","nom":"Mézilhac","codes_postaux":["07530"],"code_dep":"07","code_region":"84","population":107,"surface_km2":26.7,"lat":44.8078,"lon":4.342,"fibre_pct":19.2},{"code_insee":"07159","nom":"Mirabel","codes_postaux":["07170"],"code_dep":"07","code_region":"84","population":769,"surface_km2":20.06,"lat":44.5986,"lon":4.4967,"fibre_pct":16.8},{"code_insee":"07160","nom":"Monestier","codes_postaux":["07690"],"code_dep":"07","code_region":"84","population":58,"surface_km2":7.46,"lat":45.2032,"lon":4.5089,"fibre_pct":60.1},{"code_insee":"07161","nom":"Montpezat-sous-Bauzon","codes_postaux":["07560"],"code_dep":"07","code_region":"84","population":770,"surface_km2":27.28,"lat":44.7214,"lon":4.1977,"fibre_pct":75.3},{"code_insee":"07162","nom":"Montréal","codes_postaux":["07110"],"code_dep":"07","code_region":"84","population":573,"surface_km2":6.15,"lat":44.5124,"lon":4.2937,"fibre_pct":23.7},{"code_insee":"07163","nom":"Montselgues","codes_postaux":["07140"],"code_dep":"07","code_region":"84","population":86,"surface_km2":36.39,"lat":44.5234,"lon":4.0037,"fibre_pct":0.0},{"code_insee":"07165","nom":"Belsentes","codes_postaux":["07160"],"code_dep":"07","code_region":"84","population":538,"surface_km2":25.71,"lat":44.92,"lon":4.4968,"fibre_pct":82.4},{"code_insee":"07166","nom":"Nozières","codes_postaux":["07270"],"code_dep":"07","code_region":"84","population":237,"surface_km2":21.89,"lat":45.032,"lon":4.5405,"fibre_pct":69.2},{"code_insee":"07167","nom":"Les Ollières-sur-Eyrieux","codes_postaux":["07360"],"code_dep":"07","code_region":"84","population":1031,"surface_km2":7.4,"lat":44.8068,"lon":4.6207,"fibre_pct":77.7},{"code_insee":"07168","nom":"Orgnac-l'Aven","codes_postaux":["07150"],"code_dep":"07","code_region":"84","population":575,"surface_km2":21.71,"lat":44.3094,"lon":4.4214,"fibre_pct":94.8},{"code_insee":"07169","nom":"Ozon","codes_postaux":["07370"],"code_dep":"07","code_region":"84","population":382,"surface_km2":8.39,"lat":45.1637,"lon":4.7985,"fibre_pct":100.0},{"code_insee":"07170","nom":"Pailharès","codes_postaux":["07410"],"code_dep":"07","code_region":"84","population":310,"surface_km2":19.84,"lat":45.0786,"lon":4.5574,"fibre_pct":72.8},{"code_insee":"07171","nom":"Payzac","codes_postaux":["07230"],"code_dep":"07","code_region":"84","population":539,"surface_km2":13.21,"lat":44.4543,"lon":4.1474,"fibre_pct":91.9},{"code_insee":"07172","nom":"Peaugres","codes_postaux":["07340"],"code_dep":"07","code_region":"84","population":2385,"surface_km2":14.45,"lat":45.2827,"lon":4.7335,"fibre_pct":79.7},{"code_insee":"07173","nom":"Péreyres","codes_postaux":["07450"],"code_dep":"07","code_region":"84","population":49,"surface_km2":12.64,"lat":44.7803,"lon":4.259,"fibre_pct":28.5},{"code_insee":"07174","nom":"Peyraud","codes_postaux":["07340"],"code_dep":"07","code_region":"84","population":516,"surface_km2":6.03,"lat":45.297,"lon":4.7823,"fibre_pct":96.1},{"code_insee":"07175","nom":"Le Plagnal","codes_postaux":["07590"],"code_dep":"07","code_region":"84","population":66,"surface_km2":15.64,"lat":44.697,"lon":3.9553,"fibre_pct":16.0},{"code_insee":"07176","nom":"Planzolles","codes_postaux":["07230"],"code_dep":"07","code_region":"84","population":164,"surface_km2":5.35,"lat":44.4845,"lon":4.1576,"fibre_pct":87.2},{"code_insee":"07177","nom":"Plats","codes_postaux":["07300"],"code_dep":"07","code_region":"84","population":828,"surface_km2":16.54,"lat":45.0167,"lon":4.7815,"fibre_pct":97.1},{"code_insee":"07178","nom":"Pont-de-Labeaume","codes_postaux":["07380"],"code_dep":"07","code_region":"84","population":567,"surface_km2":4.81,"lat":44.6662,"lon":4.2961,"fibre_pct":0.0},{"code_insee":"07179","nom":"Pourchères","codes_postaux":["07000"],"code_dep":"07","code_region":"84","population":136,"surface_km2":7.86,"lat":44.7423,"lon":4.5051,"fibre_pct":0.0},{"code_insee":"07181","nom":"Le Pouzin","codes_postaux":["07250"],"code_dep":"07","code_region":"84","population":2886,"surface_km2":11.11,"lat":44.7537,"lon":4.7491,"fibre_pct":92.1},{"code_insee":"07182","nom":"Prades","codes_postaux":["07380"],"code_dep":"07","code_region":"84","population":1195,"surface_km2":9.99,"lat":44.6334,"lon":4.3115,"fibre_pct":0.0},{"code_insee":"07183","nom":"Pradons","codes_postaux":["07120"],"code_dep":"07","code_region":"84","population":545,"surface_km2":8.06,"lat":44.4725,"lon":4.3754,"fibre_pct":0.0},{"code_insee":"07184","nom":"Pranles","codes_postaux":["07000"],"code_dep":"07","code_region":"84","population":499,"surface_km2":29.13,"lat":44.781,"lon":4.5818,"fibre_pct":78.6},{"code_insee":"07185","nom":"Préaux","codes_postaux":["07290"],"code_dep":"07","code_region":"84","population":708,"surface_km2":22.73,"lat":45.1376,"lon":4.6458,"fibre_pct":89.5},{"code_insee":"07186","nom":"Privas","codes_postaux":["07000"],"code_dep":"07","code_region":"84","population":8538,"surface_km2":12.01,"lat":44.7214,"lon":4.5949,"fibre_pct":89.8},{"code_insee":"07187","nom":"Prunet","codes_postaux":["07110"],"code_dep":"07","code_region":"84","population":134,"surface_km2":8.9,"lat":44.5957,"lon":4.255,"fibre_pct":17.6},{"code_insee":"07188","nom":"Quintenas","codes_postaux":["07290"],"code_dep":"07","code_region":"84","population":1770,"surface_km2":14.23,"lat":45.1916,"lon":4.702,"fibre_pct":95.8},{"code_insee":"07189","nom":"Ribes","codes_postaux":["07260"],"code_dep":"07","code_region":"84","population":331,"surface_km2":6.92,"lat":44.5035,"lon":4.1969,"fibre_pct":59.3},{"code_insee":"07190","nom":"Rochecolombe","codes_postaux":["07200"],"code_dep":"07","code_region":"84","population":227,"surface_km2":21.56,"lat":44.518,"lon":4.4519,"fibre_pct":8.8},{"code_insee":"07191","nom":"Rochemaure","codes_postaux":["07400"],"code_dep":"07","code_region":"84","population":2239,"surface_km2":25.02,"lat":44.5863,"lon":4.6972,"fibre_pct":99.2},{"code_insee":"07192","nom":"Rochepaule","codes_postaux":["07320"],"code_dep":"07","code_region":"84","population":237,"surface_km2":33.52,"lat":45.0852,"lon":4.46,"fibre_pct":61.7},{"code_insee":"07193","nom":"Rocher","codes_postaux":["07110"],"code_dep":"07","code_region":"84","population":306,"surface_km2":3.14,"lat":44.581,"lon":4.2779,"fibre_pct":83.7},{"code_insee":"07194","nom":"Rochessauve","codes_postaux":["07210"],"code_dep":"07","code_region":"84","population":495,"surface_km2":17.44,"lat":44.6779,"lon":4.6063,"fibre_pct":70.7},{"code_insee":"07195","nom":"La Rochette","codes_postaux":["07310"],"code_dep":"07","code_region":"84","population":63,"surface_km2":14.15,"lat":44.9234,"lon":4.2296,"fibre_pct":0.0},{"code_insee":"07196","nom":"Rocles","codes_postaux":["07110"],"code_dep":"07","code_region":"84","population":261,"surface_km2":16.7,"lat":44.5709,"lon":4.2085,"fibre_pct":53.9},{"code_insee":"07197","nom":"Roiffieux","codes_postaux":["07100"],"code_dep":"07","code_region":"84","population":2743,"surface_km2":19.47,"lat":45.2208,"lon":4.6528,"fibre_pct":90.5},{"code_insee":"07198","nom":"Rompon","codes_postaux":["07250","07800"],"code_dep":"07","code_region":"84","population":1139,"surface_km2":22.36,"lat":44.768,"lon":4.7285,"fibre_pct":91.2},{"code_insee":"07199","nom":"Rosières","codes_postaux":["07260"],"code_dep":"07","code_region":"84","population":1319,"surface_km2":16.46,"lat":44.4878,"lon":4.2607,"fibre_pct":90.4},{"code_insee":"07200","nom":"Le Roux","codes_postaux":["07560"],"code_dep":"07","code_region":"84","population":67,"surface_km2":16.57,"lat":44.7201,"lon":4.1409,"fibre_pct":1.8},{"code_insee":"07201","nom":"Ruoms","codes_postaux":["07120"],"code_dep":"07","code_region":"84","population":2311,"surface_km2":12.41,"lat":44.4506,"lon":4.347,"fibre_pct":68.5},{"code_insee":"07202","nom":"Sablières","codes_postaux":["07260"],"code_dep":"07","code_region":"84","population":166,"surface_km2":38.37,"lat":44.5451,"lon":4.0675,"fibre_pct":93.3},{"code_insee":"07203","nom":"Sagnes-et-Goudoulet","codes_postaux":["07450"],"code_dep":"07","code_region":"84","population":121,"surface_km2":25.0,"lat":44.8027,"lon":4.2169,"fibre_pct":0.0},{"code_insee":"07204","nom":"Saint-Agrève","codes_postaux":["07320"],"code_dep":"07","code_region":"84","population":2277,"surface_km2":48.52,"lat":44.9963,"lon":4.4188,"fibre_pct":80.7},{"code_insee":"07205","nom":"Saint-Alban-d'Ay","codes_postaux":["07790"],"code_dep":"07","code_region":"84","population":1384,"surface_km2":23.76,"lat":45.1862,"lon":4.6318,"fibre_pct":94.4},{"code_insee":"07206","nom":"Saint-Alban-en-Montagne","codes_postaux":["07590"],"code_dep":"07","code_region":"84","population":63,"surface_km2":14.1,"lat":44.7103,"lon":3.9172,"fibre_pct":16.1},{"code_insee":"07207","nom":"Saint-Alban-Auriolles","codes_postaux":["07120"],"code_dep":"07","code_region":"84","population":1138,"surface_km2":17.4,"lat":44.4324,"lon":4.2965,"fibre_pct":99.5},{"code_insee":"07208","nom":"Saint-Andéol-de-Berg","codes_postaux":["07170"],"code_dep":"07","code_region":"84","population":134,"surface_km2":15.8,"lat":44.53,"lon":4.5336,"fibre_pct":91.5},{"code_insee":"07209","nom":"Saint-Andéol-de-Fourchades","codes_postaux":["07160"],"code_dep":"07","code_region":"84","population":52,"surface_km2":16.44,"lat":44.8434,"lon":4.2894,"fibre_pct":60.5},{"code_insee":"07210","nom":"Saint-Andéol-de-Vals","codes_postaux":["07600"],"code_dep":"07","code_region":"84","population":535,"surface_km2":16.64,"lat":44.6976,"lon":4.4015,"fibre_pct":84.3},{"code_insee":"07211","nom":"Saint-André-de-Cruzières","codes_postaux":["07460"],"code_dep":"07","code_region":"84","population":467,"surface_km2":20.35,"lat":44.3158,"lon":4.2147,"fibre_pct":88.2},{"code_insee":"07212","nom":"Saint-André-en-Vivarais","codes_postaux":["07690"],"code_dep":"07","code_region":"84","population":212,"surface_km2":20.69,"lat":45.1131,"lon":4.4162,"fibre_pct":82.1},{"code_insee":"07213","nom":"Saint-André-Lachamp","codes_postaux":["07230"],"code_dep":"07","code_region":"84","population":167,"surface_km2":16.68,"lat":44.5057,"lon":4.155,"fibre_pct":39.5},{"code_insee":"07214","nom":"Saint-Apollinaire-de-Rias","codes_postaux":["07240"],"code_dep":"07","code_region":"84","population":195,"surface_km2":8.54,"lat":44.917,"lon":4.5843,"fibre_pct":84.6},{"code_insee":"07215","nom":"Saint-Barthélemy-le-Meil","codes_postaux":["07160"],"code_dep":"07","code_region":"84","population":201,"surface_km2":7.38,"lat":44.8823,"lon":4.4823,"fibre_pct":72.5},{"code_insee":"07216","nom":"Saint-Barthélemy-Grozon","codes_postaux":["07270"],"code_dep":"07","code_region":"84","population":494,"surface_km2":19.78,"lat":44.9618,"lon":4.6507,"fibre_pct":75.6},{"code_insee":"07217","nom":"Saint-Barthélemy-le-Plain","codes_postaux":["07300"],"code_dep":"07","code_region":"84","population":858,"surface_km2":19.08,"lat":45.0493,"lon":4.7455,"fibre_pct":95.0},{"code_insee":"07218","nom":"Saint-Basile","codes_postaux":["07270"],"code_dep":"07","code_region":"84","population":356,"surface_km2":18.18,"lat":44.9479,"lon":4.5618,"fibre_pct":96.2},{"code_insee":"07219","nom":"Saint-Bauzile","codes_postaux":["07210"],"code_dep":"07","code_region":"84","population":311,"surface_km2":7.09,"lat":44.6708,"lon":4.6662,"fibre_pct":66.7},{"code_insee":"07220","nom":"Saint-Christol","codes_postaux":["07160"],"code_dep":"07","code_region":"84","population":102,"surface_km2":14.77,"lat":44.8702,"lon":4.4366,"fibre_pct":66.7},{"code_insee":"07221","nom":"Saint-Cierge-la-Serre","codes_postaux":["07800"],"code_dep":"07","code_region":"84","population":243,"surface_km2":15.89,"lat":44.792,"lon":4.6792,"fibre_pct":95.5},{"code_insee":"07222","nom":"Saint-Cierge-sous-le-Cheylard","codes_postaux":["07160"],"code_dep":"07","code_region":"84","population":214,"surface_km2":6.01,"lat":44.9248,"lon":4.451,"fibre_pct":95.6},{"code_insee":"07223","nom":"Saint-Cirgues-de-Prades","codes_postaux":["07380"],"code_dep":"07","code_region":"84","population":142,"surface_km2":3.47,"lat":44.6214,"lon":4.2729,"fibre_pct":100.0},{"code_insee":"07224","nom":"Saint-Cirgues-en-Montagne","codes_postaux":["07510"],"code_dep":"07","code_region":"84","population":211,"surface_km2":21.98,"lat":44.7709,"lon":4.1012,"fibre_pct":0.0},{"code_insee":"07225","nom":"Saint-Clair","codes_postaux":["07430"],"code_dep":"07","code_region":"84","population":1348,"surface_km2":5.98,"lat":45.2764,"lon":4.6855,"fibre_pct":97.7},{"code_insee":"07226","nom":"Saint-Clément","codes_postaux":["07310"],"code_dep":"07","code_region":"84","population":90,"surface_km2":19.84,"lat":44.9502,"lon":4.2623,"fibre_pct":50.7},{"code_insee":"07227","nom":"Saint-Cyr","codes_postaux":["07430"],"code_dep":"07","code_region":"84","population":1476,"surface_km2":8.3,"lat":45.2505,"lon":4.7379,"fibre_pct":93.5},{"code_insee":"07228","nom":"Saint-Désirat","codes_postaux":["07340"],"code_dep":"07","code_region":"84","population":891,"surface_km2":7.44,"lat":45.2568,"lon":4.7837,"fibre_pct":99.8},{"code_insee":"07229","nom":"Saint-Didier-sous-Aubenas","codes_postaux":["07200"],"code_dep":"07","code_region":"84","population":919,"surface_km2":2.76,"lat":44.6101,"lon":4.4202,"fibre_pct":100.0},{"code_insee":"07230","nom":"Saint-Étienne-de-Boulogne","codes_postaux":["07200"],"code_dep":"07","code_region":"84","population":399,"surface_km2":15.14,"lat":44.7015,"lon":4.4709,"fibre_pct":53.6},{"code_insee":"07231","nom":"Saint-Étienne-de-Fontbellon","codes_postaux":["07200"],"code_dep":"07","code_region":"84","population":2920,"surface_km2":9.63,"lat":44.5962,"lon":4.378,"fibre_pct":99.9},{"code_insee":"07232","nom":"Saint-Étienne-de-Lugdarès","codes_postaux":["07590"],"code_dep":"07","code_region":"84","population":406,"surface_km2":50.84,"lat":44.6468,"lon":3.974,"fibre_pct":79.3},{"code_insee":"07233","nom":"Saint-Étienne-de-Serre","codes_postaux":["07190"],"code_dep":"07","code_region":"84","population":230,"surface_km2":16.62,"lat":44.8026,"lon":4.5216,"fibre_pct":0.0},{"code_insee":"07234","nom":"Saint-Étienne-de-Valoux","codes_postaux":["07340"],"code_dep":"07","code_region":"84","population":263,"surface_km2":2.4,"lat":45.2409,"lon":4.7754,"fibre_pct":98.7},{"code_insee":"07235","nom":"Sainte-Eulalie","codes_postaux":["07510"],"code_dep":"07","code_region":"84","population":209,"surface_km2":22.35,"lat":44.8297,"lon":4.1918,"fibre_pct":0.0},{"code_insee":"07236","nom":"Saint-Félicien","codes_postaux":["07410"],"code_dep":"07","code_region":"84","population":1119,"surface_km2":21.49,"lat":45.0798,"lon":4.6064,"fibre_pct":70.6},{"code_insee":"07237","nom":"Saint-Fortunat-sur-Eyrieux","codes_postaux":["07360"],"code_dep":"07","code_region":"84","population":817,"surface_km2":23.08,"lat":44.8385,"lon":4.684,"fibre_pct":61.8},{"code_insee":"07238","nom":"Saint-Genest-de-Beauzon","codes_postaux":["07230"],"code_dep":"07","code_region":"84","population":332,"surface_km2":5.36,"lat":44.4459,"lon":4.1951,"fibre_pct":98.3},{"code_insee":"07239","nom":"Saint-Genest-Lachamp","codes_postaux":["07160","07190"],"code_dep":"07","code_region":"84","population":112,"surface_km2":23.25,"lat":44.8458,"lon":4.4249,"fibre_pct":67.6},{"code_insee":"07240","nom":"Saint-Georges-les-Bains","codes_postaux":["07800"],"code_dep":"07","code_region":"84","population":2416,"surface_km2":14.0,"lat":44.8569,"lon":4.8088,"fibre_pct":94.8},{"code_insee":"07241","nom":"Saint-Germain","codes_postaux":["07170"],"code_dep":"07","code_region":"84","population":705,"surface_km2":9.73,"lat":44.5549,"lon":4.448,"fibre_pct":86.4},{"code_insee":"07242","nom":"Saint-Gineys-en-Coiron","codes_postaux":["07580"],"code_dep":"07","code_region":"84","population":125,"surface_km2":13.57,"lat":44.6346,"lon":4.5402,"fibre_pct":0.0},{"code_insee":"07243","nom":"Saint-Jacques-d'Atticieux","codes_postaux":["07340"],"code_dep":"07","code_region":"84","population":301,"surface_km2":5.01,"lat":45.333,"lon":4.6684,"fibre_pct":90.2},{"code_insee":"07244","nom":"Saint-Jean-Chambre","codes_postaux":["07240"],"code_dep":"07","code_region":"84","population":255,"surface_km2":15.44,"lat":44.9095,"lon":4.5604,"fibre_pct":73.3},{"code_insee":"07245","nom":"Saint-Jean-de-Muzols","codes_postaux":["07300"],"code_dep":"07","code_region":"84","population":2489,"surface_km2":10.88,"lat":45.0775,"lon":4.8001,"fibre_pct":95.5},{"code_insee":"07247","nom":"Saint-Jean-le-Centenier","codes_postaux":["07580"],"code_dep":"07","code_region":"84","population":871,"surface_km2":14.97,"lat":44.586,"lon":4.5358,"fibre_pct":2.1},{"code_insee":"07248","nom":"Saint-Jean-Roure","codes_postaux":["07160"],"code_dep":"07","code_region":"84","population":275,"surface_km2":23.97,"lat":44.9535,"lon":4.4183,"fibre_pct":65.4},{"code_insee":"07249","nom":"Saint-Jeure-d'Andaure","codes_postaux":["07320"],"code_dep":"07","code_region":"84","population":104,"surface_km2":13.44,"lat":45.0472,"lon":4.4673,"fibre_pct":44.8},{"code_insee":"07250","nom":"Saint-Jeure-d'Ay","codes_postaux":["07290"],"code_dep":"07","code_region":"84","population":495,"surface_km2":7.05,"lat":45.1453,"lon":4.7123,"fibre_pct":87.3},{"code_insee":"07251","nom":"Saint-Joseph-des-Bancs","codes_postaux":["07530"],"code_dep":"07","code_region":"84","population":200,"surface_km2":12.92,"lat":44.7515,"lon":4.4147,"fibre_pct":0.0},{"code_insee":"07253","nom":"Saint-Julien-du-Gua","codes_postaux":["07190"],"code_dep":"07","code_region":"84","population":169,"surface_km2":16.95,"lat":44.7702,"lon":4.4419,"fibre_pct":27.8},{"code_insee":"07254","nom":"Saint-Julien-du-Serre","codes_postaux":["07200"],"code_dep":"07","code_region":"84","population":879,"surface_km2":9.73,"lat":44.6603,"lon":4.402,"fibre_pct":99.5},{"code_insee":"07255","nom":"Saint-Julien-en-Saint-Alban","codes_postaux":["07000"],"code_dep":"07","code_region":"84","population":1465,"surface_km2":10.43,"lat":44.7516,"lon":4.69,"fibre_pct":96.4},{"code_insee":"07257","nom":"Saint-Julien-le-Roux","codes_postaux":["07240"],"code_dep":"07","code_region":"84","population":127,"surface_km2":8.5,"lat":44.8663,"lon":4.6773,"fibre_pct":86.4},{"code_insee":"07258","nom":"Saint-Julien-Vocance","codes_postaux":["07690"],"code_dep":"07","code_region":"84","population":221,"surface_km2":26.0,"lat":45.1676,"lon":4.4897,"fibre_pct":30.3},{"code_insee":"07259","nom":"Saint-Just-d'Ardèche","codes_postaux":["07700"],"code_dep":"07","code_region":"84","population":1577,"surface_km2":10.37,"lat":44.2917,"lon":4.6242,"fibre_pct":19.1},{"code_insee":"07260","nom":"Saint-Lager-Bressac","codes_postaux":["07210"],"code_dep":"07","code_region":"84","population":971,"surface_km2":16.01,"lat":44.6916,"lon":4.7196,"fibre_pct":63.2},{"code_insee":"07261","nom":"Saint-Laurent-du-Pape","codes_postaux":["07800"],"code_dep":"07","code_region":"84","population":1618,"surface_km2":20.47,"lat":44.8234,"lon":4.7475,"fibre_pct":99.0},{"code_insee":"07262","nom":"Saint-Laurent-les-Bains-Laval-d'Aurelle","codes_postaux":["07590"],"code_dep":"07","code_region":"84","population":183,"surface_km2":35.7,"lat":44.5906,"lon":3.9592,"fibre_pct":0.3},{"code_insee":"07263","nom":"Saint-Laurent-sous-Coiron","codes_postaux":["07170"],"code_dep":"07","code_region":"84","population":122,"surface_km2":15.59,"lat":44.6726,"lon":4.4838,"fibre_pct":91.7},{"code_insee":"07264","nom":"Saint-Marcel-d'Ardèche","codes_postaux":["07700"],"code_dep":"07","code_region":"84","population":2346,"surface_km2":36.08,"lat":44.3301,"lon":4.6007,"fibre_pct":2.4},{"code_insee":"07265","nom":"Saint-Marcel-lès-Annonay","codes_postaux":["07100"],"code_dep":"07","code_region":"84","population":1357,"surface_km2":17.04,"lat":45.2909,"lon":4.634,"fibre_pct":76.2},{"code_insee":"07266","nom":"Sainte-Marguerite-Lafigère","codes_postaux":["07140"],"code_dep":"07","code_region":"84","population":111,"surface_km2":9.81,"lat":44.4866,"lon":3.9975,"fibre_pct":0.0},{"code_insee":"07267","nom":"Saint-Martial","codes_postaux":["07310"],"code_dep":"07","code_region":"84","population":269,"surface_km2":36.38,"lat":44.8573,"lon":4.2507,"fibre_pct":64.1},{"code_insee":"07268","nom":"Saint-Martin-d'Ardèche","codes_postaux":["07700"],"code_dep":"07","code_region":"84","population":979,"surface_km2":5.65,"lat":44.3073,"lon":4.5722,"fibre_pct":7.0},{"code_insee":"07269","nom":"Saint-Martin-de-Valamas","codes_postaux":["07310"],"code_dep":"07","code_region":"84","population":1075,"surface_km2":20.09,"lat":44.9368,"lon":4.3696,"fibre_pct":82.2},{"code_insee":"07270","nom":"Saint-Martin-sur-Lavezon","codes_postaux":["07400"],"code_dep":"07","code_region":"84","population":422,"surface_km2":23.63,"lat":44.6383,"lon":4.6526,"fibre_pct":95.6},{"code_insee":"07272","nom":"Saint-Maurice-d'Ardèche","codes_postaux":["07200"],"code_dep":"07","code_region":"84","population":375,"surface_km2":5.26,"lat":44.5198,"lon":4.4015,"fibre_pct":0.0},{"code_insee":"07273","nom":"Saint-Maurice-d'Ibie","codes_postaux":["07170"],"code_dep":"07","code_region":"84","population":212,"surface_km2":23.58,"lat":44.4782,"lon":4.4861,"fibre_pct":96.6},{"code_insee":"07274","nom":"Saint-Maurice-en-Chalencon","codes_postaux":["07190"],"code_dep":"07","code_region":"84","population":203,"surface_km2":7.71,"lat":44.8548,"lon":4.5812,"fibre_pct":64.0},{"code_insee":"07275","nom":"Saint-Mélany","codes_postaux":["07260"],"code_dep":"07","code_region":"84","population":118,"surface_km2":10.62,"lat":44.5391,"lon":4.1276,"fibre_pct":100.0},{"code_insee":"07276","nom":"Saint-Michel-d'Aurance","codes_postaux":["07160"],"code_dep":"07","code_region":"84","population":262,"surface_km2":8.06,"lat":44.8995,"lon":4.4587,"fibre_pct":100.0},{"code_insee":"07277","nom":"Saint-Michel-de-Boulogne","codes_postaux":["07200"],"code_dep":"07","code_region":"84","population":149,"surface_km2":7.48,"lat":44.6993,"lon":4.4323,"fibre_pct":6.5},{"code_insee":"07278","nom":"Saint-Michel-de-Chabrillanoux","codes_postaux":["07360"],"code_dep":"07","code_region":"84","population":406,"surface_km2":11.8,"lat":44.8365,"lon":4.6116,"fibre_pct":65.8},{"code_insee":"07279","nom":"Saint-Montan","codes_postaux":["07220"],"code_dep":"07","code_region":"84","population":1978,"surface_km2":33.6,"lat":44.4379,"lon":4.6185,"fibre_pct":96.1},{"code_insee":"07280","nom":"Saint-Paul-le-Jeune","codes_postaux":["07460"],"code_dep":"07","code_region":"84","population":968,"surface_km2":14.59,"lat":44.3332,"lon":4.1573,"fibre_pct":87.0},{"code_insee":"07281","nom":"Saint-Péray","codes_postaux":["07130"],"code_dep":"07","code_region":"84","population":7580,"surface_km2":23.81,"lat":44.9394,"lon":4.8314,"fibre_pct":92.6},{"code_insee":"07282","nom":"Saint-Pierre-de-Colombier","codes_postaux":["07450"],"code_dep":"07","code_region":"84","population":444,"surface_km2":9.47,"lat":44.7102,"lon":4.2651,"fibre_pct":86.7},{"code_insee":"07283","nom":"Saint-Pierre-la-Roche","codes_postaux":["07400"],"code_dep":"07","code_region":"84","population":67,"surface_km2":9.98,"lat":44.6553,"lon":4.6188,"fibre_pct":86.8},{"code_insee":"07284","nom":"Saint-Pierre-Saint-Jean","codes_postaux":["07140"],"code_dep":"07","code_region":"84","population":195,"surface_km2":23.72,"lat":44.4785,"lon":4.0971,"fibre_pct":53.3},{"code_insee":"07285","nom":"Saint-Pierre-sur-Doux","codes_postaux":["07520"],"code_dep":"07","code_region":"84","population":108,"surface_km2":21.63,"lat":45.126,"lon":4.4848,"fibre_pct":0.0},{"code_insee":"07286","nom":"Saint-Pierreville","codes_postaux":["07190"],"code_dep":"07","code_region":"84","population":510,"surface_km2":20.52,"lat":44.8242,"lon":4.4845,"fibre_pct":68.5},{"code_insee":"07287","nom":"Saint-Pons","codes_postaux":["07580"],"code_dep":"07","code_region":"84","population":308,"surface_km2":16.68,"lat":44.5985,"lon":4.5725,"fibre_pct":92.9},{"code_insee":"07288","nom":"Saint-Priest","codes_postaux":["07000"],"code_dep":"07","code_region":"84","population":1345,"surface_km2":19.8,"lat":44.7148,"lon":4.5389,"fibre_pct":86.5},{"code_insee":"07289","nom":"Saint-Privat","codes_postaux":["07200"],"code_dep":"07","code_region":"84","population":1663,"surface_km2":6.24,"lat":44.6284,"lon":4.4239,"fibre_pct":89.1},{"code_insee":"07290","nom":"Saint-Prix","codes_postaux":["07270"],"code_dep":"07","code_region":"84","population":269,"surface_km2":15.24,"lat":44.9506,"lon":4.503,"fibre_pct":43.5},{"code_insee":"07291","nom":"Saint-Remèze","codes_postaux":["07700"],"code_dep":"07","code_region":"84","population":847,"surface_km2":43.63,"lat":44.3768,"lon":4.4979,"fibre_pct":0.0},{"code_insee":"07292","nom":"Saint-Romain-d'Ay","codes_postaux":["07290"],"code_dep":"07","code_region":"84","population":1164,"surface_km2":9.55,"lat":45.1662,"lon":4.6804,"fibre_pct":93.8},{"code_insee":"07293","nom":"Saint-Romain-de-Lerps","codes_postaux":["07130"],"code_dep":"07","code_region":"84","population":1034,"surface_km2":14.27,"lat":44.9768,"lon":4.7952,"fibre_pct":97.0},{"code_insee":"07294","nom":"Saint-Sauveur-de-Cruzières","codes_postaux":["07460"],"code_dep":"07","code_region":"84","population":572,"surface_km2":25.22,"lat":44.295,"lon":4.2535,"fibre_pct":79.1},{"code_insee":"07295","nom":"Saint-Sauveur-de-Montagut","codes_postaux":["07190"],"code_dep":"07","code_region":"84","population":1115,"surface_km2":11.7,"lat":44.8199,"lon":4.5772,"fibre_pct":65.4},{"code_insee":"07296","nom":"Saint-Sernin","codes_postaux":["07200"],"code_dep":"07","code_region":"84","population":1872,"surface_km2":5.83,"lat":44.5755,"lon":4.3762,"fibre_pct":94.6},{"code_insee":"07297","nom":"Saint-Sylvestre","codes_postaux":["07440"],"code_dep":"07","code_region":"84","population":513,"surface_km2":15.43,"lat":44.9865,"lon":4.7481,"fibre_pct":95.9},{"code_insee":"07298","nom":"Saint-Symphorien-sous-Chomérac","codes_postaux":["07210"],"code_dep":"07","code_region":"84","population":887,"surface_km2":7.98,"lat":44.7301,"lon":4.7073,"fibre_pct":100.0},{"code_insee":"07299","nom":"Saint-Symphorien-de-Mahun","codes_postaux":["07290"],"code_dep":"07","code_region":"84","population":116,"surface_km2":19.58,"lat":45.1563,"lon":4.5534,"fibre_pct":69.5},{"code_insee":"07300","nom":"Saint-Thomé","codes_postaux":["07220"],"code_dep":"07","code_region":"84","population":480,"surface_km2":19.8,"lat":44.5037,"lon":4.6184,"fibre_pct":73.8},{"code_insee":"07301","nom":"Saint-Victor","codes_postaux":["07410"],"code_dep":"07","code_region":"84","population":968,"surface_km2":32.07,"lat":45.104,"lon":4.6867,"fibre_pct":60.9},{"code_insee":"07302","nom":"Saint-Vincent-de-Barrès","codes_postaux":["07210"],"code_dep":"07","code_region":"84","population":824,"surface_km2":18.85,"lat":44.6583,"lon":4.7033,"fibre_pct":59.6},{"code_insee":"07303","nom":"Saint-Vincent-de-Durfort","codes_postaux":["07360"],"code_dep":"07","code_region":"84","population":274,"surface_km2":12.84,"lat":44.7912,"lon":4.6373,"fibre_pct":69.6},{"code_insee":"07304","nom":"Salavas","codes_postaux":["07150"],"code_dep":"07","code_region":"84","population":740,"surface_km2":17.17,"lat":44.3882,"lon":4.3652,"fibre_pct":96.7},{"code_insee":"07305","nom":"Les Salelles","codes_postaux":["07140"],"code_dep":"07","code_region":"84","population":414,"surface_km2":5.68,"lat":44.4355,"lon":4.0989,"fibre_pct":73.1},{"code_insee":"07306","nom":"Sampzon","codes_postaux":["07120"],"code_dep":"07","code_region":"84","population":241,"surface_km2":8.43,"lat":44.4119,"lon":4.3342,"fibre_pct":97.2},{"code_insee":"07307","nom":"Sanilhac","codes_postaux":["07110"],"code_dep":"07","code_region":"84","population":437,"surface_km2":21.08,"lat":44.5309,"lon":4.2343,"fibre_pct":52.5},{"code_insee":"07308","nom":"Sarras","codes_postaux":["07370"],"code_dep":"07","code_region":"84","population":2220,"surface_km2":11.59,"lat":45.1866,"lon":4.7775,"fibre_pct":99.1},{"code_insee":"07309","nom":"Satillieu","codes_postaux":["07290"],"code_dep":"07","code_region":"84","population":1534,"surface_km2":33.38,"lat":45.142,"lon":4.5925,"fibre_pct":74.6},{"code_insee":"07310","nom":"Savas","codes_postaux":["07430"],"code_dep":"07","code_region":"84","population":896,"surface_km2":12.55,"lat":45.3001,"lon":4.6706,"fibre_pct":77.3},{"code_insee":"07311","nom":"Sceautres","codes_postaux":["07400"],"code_dep":"07","code_region":"84","population":143,"surface_km2":14.58,"lat":44.6158,"lon":4.609,"fibre_pct":98.0},{"code_insee":"07312","nom":"Sécheras","codes_postaux":["07610"],"code_dep":"07","code_region":"84","population":516,"surface_km2":7.38,"lat":45.1296,"lon":4.7759,"fibre_pct":73.6},{"code_insee":"07313","nom":"Serrières","codes_postaux":["07340"],"code_dep":"07","code_region":"84","population":1095,"surface_km2":4.04,"lat":45.3178,"lon":4.7654,"fibre_pct":100.0},{"code_insee":"07314","nom":"Silhac","codes_postaux":["07240"],"code_dep":"07","code_region":"84","population":407,"surface_km2":22.89,"lat":44.8738,"lon":4.6089,"fibre_pct":91.7},{"code_insee":"07315","nom":"La Souche","codes_postaux":["07380"],"code_dep":"07","code_region":"84","population":385,"surface_km2":31.88,"lat":44.6258,"lon":4.1565,"fibre_pct":85.0},{"code_insee":"07316","nom":"Soyons","codes_postaux":["07130"],"code_dep":"07","code_region":"84","population":2341,"surface_km2":8.03,"lat":44.8919,"lon":4.8504,"fibre_pct":96.3},{"code_insee":"07317","nom":"Talencieux","codes_postaux":["07340"],"code_dep":"07","code_region":"84","population":1112,"surface_km2":7.22,"lat":45.2199,"lon":4.7724,"fibre_pct":94.3},{"code_insee":"07318","nom":"Tauriers","codes_postaux":["07110"],"code_dep":"07","code_region":"84","population":203,"surface_km2":4.51,"lat":44.5518,"lon":4.271,"fibre_pct":3.9},{"code_insee":"07319","nom":"Le Teil","codes_postaux":["07400"],"code_dep":"07","code_region":"84","population":8726,"surface_km2":26.64,"lat":44.5476,"lon":4.6664,"fibre_pct":62.8},{"code_insee":"07321","nom":"Thorrenc","codes_postaux":["07340"],"code_dep":"07","code_region":"84","population":356,"surface_km2":3.72,"lat":45.2327,"lon":4.7606,"fibre_pct":98.7},{"code_insee":"07322","nom":"Thueyts","codes_postaux":["07330"],"code_dep":"07","code_region":"84","population":1205,"surface_km2":21.43,"lat":44.6727,"lon":4.2107,"fibre_pct":92.4},{"code_insee":"07323","nom":"Toulaud","codes_postaux":["07130"],"code_dep":"07","code_region":"84","population":1687,"surface_km2":35.29,"lat":44.9009,"lon":4.7942,"fibre_pct":93.8},{"code_insee":"07324","nom":"Tournon-sur-Rhône","codes_postaux":["07300"],"code_dep":"07","code_region":"84","population":11279,"surface_km2":21.44,"lat":45.0534,"lon":4.8156,"fibre_pct":95.8},{"code_insee":"07325","nom":"Ucel","codes_postaux":["07200"],"code_dep":"07","code_region":"84","population":2019,"surface_km2":5.59,"lat":44.6412,"lon":4.3867,"fibre_pct":96.6},{"code_insee":"07326","nom":"Usclades-et-Rieutord","codes_postaux":["07510"],"code_dep":"07","code_region":"84","population":106,"surface_km2":12.57,"lat":44.7722,"lon":4.1673,"fibre_pct":0.0},{"code_insee":"07327","nom":"Uzer","codes_postaux":["07110"],"code_dep":"07","code_region":"84","population":421,"surface_km2":3.47,"lat":44.5177,"lon":4.3287,"fibre_pct":4.8},{"code_insee":"07328","nom":"Vagnas","codes_postaux":["07150"],"code_dep":"07","code_region":"84","population":636,"surface_km2":23.92,"lat":44.3627,"lon":4.3466,"fibre_pct":99.2},{"code_insee":"07329","nom":"Valgorge","codes_postaux":["07110"],"code_dep":"07","code_region":"84","population":412,"surface_km2":26.44,"lat":44.5918,"lon":4.1118,"fibre_pct":0.0},{"code_insee":"07330","nom":"Vallon-Pont-d'Arc","codes_postaux":["07150"],"code_dep":"07","code_region":"84","population":2403,"surface_km2":29.11,"lat":44.3982,"lon":4.4024,"fibre_pct":73.2},{"code_insee":"07331","nom":"Vals-les-Bains","codes_postaux":["07600"],"code_dep":"07","code_region":"84","population":3474,"surface_km2":19.48,"lat":44.666,"lon":4.3426,"fibre_pct":80.4},{"code_insee":"07332","nom":"Valvignères","codes_postaux":["07400"],"code_dep":"07","code_region":"84","population":440,"surface_km2":30.33,"lat":44.505,"lon":4.5538,"fibre_pct":85.2},{"code_insee":"07333","nom":"Vanosc","codes_postaux":["07690"],"code_dep":"07","code_region":"84","population":907,"surface_km2":26.34,"lat":45.2244,"lon":4.5355,"fibre_pct":61.5},{"code_insee":"07334","nom":"Les Vans","codes_postaux":["07140"],"code_dep":"07","code_region":"84","population":2662,"surface_km2":31.18,"lat":44.3884,"lon":4.1145,"fibre_pct":53.2},{"code_insee":"07335","nom":"Vaudevant","codes_postaux":["07410"],"code_dep":"07","code_region":"84","population":223,"surface_km2":12.69,"lat":45.1097,"lon":4.6074,"fibre_pct":55.7},{"code_insee":"07336","nom":"Vernon","codes_postaux":["07260"],"code_dep":"07","code_region":"84","population":235,"surface_km2":3.81,"lat":44.5074,"lon":4.2251,"fibre_pct":93.5},{"code_insee":"07337","nom":"Vernosc-lès-Annonay","codes_postaux":["07430"],"code_dep":"07","code_region":"84","population":2725,"surface_km2":16.58,"lat":45.224,"lon":4.7254,"fibre_pct":86.2},{"code_insee":"07338","nom":"Vernoux-en-Vivarais","codes_postaux":["07240"],"code_dep":"07","code_region":"84","population":1982,"surface_km2":31.1,"lat":44.9069,"lon":4.6443,"fibre_pct":87.8},{"code_insee":"07339","nom":"Vesseaux","codes_postaux":["07200"],"code_dep":"07","code_region":"84","population":2069,"surface_km2":18.94,"lat":44.6531,"lon":4.4438,"fibre_pct":74.7},{"code_insee":"07340","nom":"Veyras","codes_postaux":["07000"],"code_dep":"07","code_region":"84","population":1505,"surface_km2":7.8,"lat":44.7346,"lon":4.5541,"fibre_pct":80.1},{"code_insee":"07341","nom":"Villeneuve-de-Berg","codes_postaux":["07170"],"code_dep":"07","code_region":"84","population":3031,"surface_km2":24.91,"lat":44.5455,"lon":4.5119,"fibre_pct":94.4},{"code_insee":"07342","nom":"Villevocance","codes_postaux":["07690"],"code_dep":"07","code_region":"84","population":1165,"surface_km2":9.51,"lat":45.2253,"lon":4.5952,"fibre_pct":89.8},{"code_insee":"07343","nom":"Vinezac","codes_postaux":["07110"],"code_dep":"07","code_region":"84","population":1378,"surface_km2":11.06,"lat":44.5498,"lon":4.3332,"fibre_pct":20.9},{"code_insee":"07344","nom":"Vinzieux","codes_postaux":["07340"],"code_dep":"07","code_region":"84","population":538,"surface_km2":6.96,"lat":45.3291,"lon":4.7044,"fibre_pct":94.9},{"code_insee":"07345","nom":"Vion","codes_postaux":["07610"],"code_dep":"07","code_region":"84","population":923,"surface_km2":6.32,"lat":45.1152,"lon":4.7977,"fibre_pct":86.0},{"code_insee":"07346","nom":"Viviers","codes_postaux":["07220"],"code_dep":"07","code_region":"84","population":3633,"surface_km2":33.83,"lat":44.4816,"lon":4.6616,"fibre_pct":81.5},{"code_insee":"07347","nom":"Vocance","codes_postaux":["07690"],"code_dep":"07","code_region":"84","population":613,"surface_km2":17.55,"lat":45.1947,"lon":4.5616,"fibre_pct":65.9},{"code_insee":"07348","nom":"Vogüé","codes_postaux":["07200"],"code_dep":"07","code_region":"84","population":1040,"surface_km2":11.92,"lat":44.5562,"lon":4.411,"fibre_pct":17.4},{"code_insee":"07349","nom":"La Voulte-sur-Rhône","codes_postaux":["07800"],"code_dep":"07","code_region":"84","population":4854,"surface_km2":9.93,"lat":44.7996,"lon":4.7829,"fibre_pct":93.3}]