[{"code_insee":"09001","nom":"Aigues-Juntes","codes_postaux":["09240"],"code_dep":"09","code_region":"76","population":59,"surface_km2":7.64,"lat":43.0502,"lon":1.471},{"code_insee":"09002","nom":"Aigues-Vives","codes_postaux":["09600"],"code_dep":"09","code_region":"76","population":625,"surface_km2":5.23,"lat":42.9996,"lon":1.8781},{"code_insee":"09003","nom":"L'Aiguillon","codes_postaux":["09300"],"code_dep":"09","code_region":"76","population":372,"surface_km2":6.43,"lat":42.9102,"lon":1.9035},{"code_insee":"09004","nom":"Albiès","codes_postaux":["09310"],"code_dep":"09","code_region":"76","population":123,"surface_km2":7.76,"lat":42.7539,"lon":1.6965},{"code_insee":"09005","nom":"Aleu","codes_postaux":["09320"],"code_dep":"09","code_region":"76","population":137,"surface_km2":14.05,"lat":42.8927,"lon":1.2683},{"code_insee":"09006","nom":"Alliat","codes_postaux":["09400"],"code_dep":"09","code_region":"76","population":57,"surface_km2":3.44,"lat":42.8181,"lon":1.5778},{"code_insee":"09007","nom":"Allières","codes_postaux":["09240"],"code_dep":"09","code_region":"76","population":76,"surface_km2":9.07,"lat":43.0391,"lon":1.3631},{"code_insee":"09008","nom":"Alos","codes_postaux":["09200"],"code_dep":"09","code_region":"76","population":116,"surface_km2":23.85,"lat":42.9013,"lon":1.1318},{"code_insee":"09009","nom":"Alzen","codes_postaux":["09240"],"code_dep":"09","code_region":"76","population":262,"surface_km2":17.91,"lat":42.9805,"lon":1.4539},{"code_insee":"09011","nom":"Antras","codes_postaux":["09800"],"code_dep":"09","code_region":"76","population":74,"surface_km2":20.13,"lat":42.8713,"lon":0.9023},{"code_insee":"09012","nom":"Appy","codes_postaux":["09250"],"code_dep":"09","code_region":"76","population":28,"surface_km2":6.08,"lat":42.8032,"lon":1.7436},{"code_insee":"09013","nom":"Arabaux","codes_postaux":["09000"],"code_dep":"09","code_region":"76","population":79,"surface_km2":4.59,"lat":42.9799,"lon":1.635},{"code_insee":"09014","nom":"Argein","codes_postaux":["09800"],"code_dep":"09","code_region":"76","population":195,"surface_km2":11.13,"lat":42.9278,"lon":0.9896},{"code_insee":"09015","nom":"Arignac","codes_postaux":["09400"],"code_dep":"09","code_region":"76","population":719,"surface_km2":8.65,"lat":42.875,"lon":1.5984},{"code_insee":"09016","nom":"Arnave","codes_postaux":["09400"],"code_dep":"09","code_region":"76","population":208,"surface_km2":8.36,"lat":42.8518,"lon":1.648},{"code_insee":"09017","nom":"Arrien-en-Bethmale","codes_postaux":["09800"],"code_dep":"09","code_region":"76","population":134,"surface_km2":14.48,"lat":42.8741,"lon":1.052},{"code_insee":"09018","nom":"Arrout","codes_postaux":["09800"],"code_dep":"09","code_region":"76","population":92,"surface_km2":3.02,"lat":42.9476,"lon":1.0206},{"code_insee":"09019","nom":"Artigat","codes_postaux":["09130"],"code_dep":"09","code_region":"76","population":574,"surface_km2":24.1,"lat":43.1456,"lon":1.448},{"code_insee":"09020","nom":"Artigues","codes_postaux":["09460"],"code_dep":"09","code_region":"76","population":30,"surface_km2":12.43,"lat":42.6903,"lon":2.0409},{"code_insee":"09021","nom":"Artix","codes_postaux":["09120"],"code_dep":"09","code_region":"76","population":113,"surface_km2":7.44,"lat":43.0663,"lon":1.5634},{"code_insee":"09022","nom":"Arvigna","codes_postaux":["09100"],"code_dep":"09","code_region":"76","population":238,"surface_km2":8.65,"lat":43.0577,"lon":1.7283},{"code_insee":"09023","nom":"Ascou","codes_postaux":["09110"],"code_dep":"09","code_region":"76","population":113,"surface_km2":35.69,"lat":42.719,"lon":1.9238},{"code_insee":"09024","nom":"Aston","codes_postaux":["09310"],"code_dep":"09","code_region":"76","population":197,"surface_km2":153.95,"lat":42.6978,"lon":1.6603},{"code_insee":"09025","nom":"Aucazein","codes_postaux":["09800"],"code_dep":"09","code_region":"76","population":65,"surface_km2":6.05,"lat":42.9251,"lon":0.9673},{"code_insee":"09026","nom":"Audressein","codes_postaux":["09800"],"code_dep":"09","code_region":"76","population":144,"surface_km2":4.06,"lat":42.9294,"lon":1.0184},{"code_insee":"09027","nom":"Augirein","codes_postaux":["09800"],"code_dep":"09","code_region":"76","population":80,"surface_km2":9.7,"lat":42.9143,"lon":0.9207},{"code_insee":"09029","nom":"Aulus-les-Bains","codes_postaux":["09140"],"code_dep":"09","code_region":"76","population":132,"surface_km2":52.77,"lat":42.7622,"lon":1.3574},{"code_insee":"09030","nom":"Auzat","codes_postaux":["09220"],"code_dep":"09","code_region":"76","population":561,"surface_km2":162.87,"lat":42.6975,"lon":1.4347},{"code_insee":"09031","nom":"Axiat","codes_postaux":["09250"],"code_dep":"09","code_region":"76","population":33,"surface_km2":9.59,"lat":42.7996,"lon":1.7626},{"code_insee":"09032","nom":"Ax-les-Thermes","codes_postaux":["09110"],"code_dep":"09","code_region":"76","population":1285,"surface_km2":30.27,"lat":42.6841,"lon":1.8192},{"code_insee":"09033","nom":"Bagert","codes_postaux":["09230"],"code_dep":"09","code_region":"76","population":46,"surface_km2":3.33,"lat":43.0806,"lon":1.0703},{"code_insee":"09034","nom":"Balacet","codes_postaux":["09800"],"code_dep":"09","code_region":"76","population":51,"surface_km2":2.15,"lat":42.889,"lon":0.9844},{"code_insee":"09035","nom":"Balaguères","codes_postaux":["09800"],"code_dep":"09","code_region":"76","population":196,"surface_km2":18.03,"lat":42.9665,"lon":1.0162},{"code_insee":"09037","nom":"Barjac","codes_postaux":["09230"],"code_dep":"09","code_region":"76","population":45,"surface_km2":2.76,"lat":43.0613,"lon":1.1371},{"code_insee":"09038","nom":"La Bastide-de-Besplas","codes_postaux":["09350"],"code_dep":"09","code_region":"76","population":383,"surface_km2":10.31,"lat":43.1684,"lon":1.2766},{"code_insee":"09039","nom":"La Bastide-de-Bousignac","codes_postaux":["09500"],"code_dep":"09","code_region":"76","population":331,"surface_km2":12.62,"lat":43.0599,"lon":1.8775},{"code_insee":"09040","nom":"La Bastide-de-Lordat","codes_postaux":["09700"],"code_dep":"09","code_region":"76","population":330,"surface_km2":5.98,"lat":43.1398,"lon":1.7125},{"code_insee":"09041","nom":"La Bastide-du-Salat","codes_postaux":["09160"],"code_dep":"09","code_region":"76","population":203,"surface_km2":6.71,"lat":43.0621,"lon":1.0024},{"code_insee":"09042","nom":"La Bastide-de-Sérou","codes_postaux":["09240"],"code_dep":"09","code_region":"76","population":965,"surface_km2":41.44,"lat":43.0255,"lon":1.4241},{"code_insee":"09043","nom":"La Bastide-sur-l'Hers","codes_postaux":["09600"],"code_dep":"09","code_region":"76","population":676,"surface_km2":4.82,"lat":42.9472,"lon":1.9017},{"code_insee":"09044","nom":"Baulou","codes_postaux":["09000"],"code_dep":"09","code_region":"76","population":164,"surface_km2":14.78,"lat":43.0185,"lon":1.5406},{"code_insee":"09045","nom":"Bédeilhac-et-Aynat","codes_postaux":["09400"],"code_dep":"09","code_region":"76","population":178,"surface_km2":6.59,"lat":42.8814,"lon":1.5664},{"code_insee":"09046","nom":"Bédeille","codes_postaux":["09230"],"code_dep":"09","code_region":"76","population":81,"surface_km2":9.58,"lat":43.0824,"lon":1.0977},{"code_insee":"09047","nom":"Bélesta","codes_postaux":["09300"],"code_dep":"09","code_region":"76","population":1091,"surface_km2":26.88,"lat":42.8917,"lon":1.9512},{"code_insee":"09048","nom":"Belloc","codes_postaux":["09600"],"code_dep":"09","code_region":"76","population":84,"surface_km2":9.7,"lat":43.0078,"lon":1.9319},{"code_insee":"09049","nom":"Bénac","codes_postaux":["09000"],"code_dep":"09","code_region":"76","population":173,"surface_km2":2.81,"lat":42.9583,"lon":1.5264},{"code_insee":"09050","nom":"Benagues","codes_postaux":["09100"],"code_dep":"09","code_region":"76","population":488,"surface_km2":3.11,"lat":43.0779,"lon":1.6089},{"code_insee":"09051","nom":"Bénaix","codes_postaux":["09300"],"code_dep":"09","code_region":"76","population":152,"surface_km2":14.75,"lat":42.8933,"lon":1.8502},{"code_insee":"09052","nom":"Besset","codes_postaux":["09500"],"code_dep":"09","code_region":"76","population":163,"surface_km2":8.14,"lat":43.0744,"lon":1.8475},{"code_insee":"09053","nom":"Bestiac","codes_postaux":["09250"],"code_dep":"09","code_region":"76","population":35,"surface_km2":6.48,"lat":42.7836,"lon":1.8002},{"code_insee":"09054","nom":"Betchat","codes_postaux":["09160"],"code_dep":"09","code_region":"76","population":355,"surface_km2":22.3,"lat":43.086,"lon":1.0312},{"code_insee":"09055","nom":"Bethmale","codes_postaux":["09800"],"code_dep":"09","code_region":"76","population":108,"surface_km2":31.81,"lat":42.8459,"lon":1.0781},{"code_insee":"09056","nom":"Bézac","codes_postaux":["09100"],"code_dep":"09","code_region":"76","population":485,"surface_km2":11.07,"lat":43.1565,"lon":1.5648},{"code_insee":"09057","nom":"Biert","codes_postaux":["09320"],"code_dep":"09","code_region":"76","population":303,"surface_km2":23.69,"lat":42.894,"lon":1.314},{"code_insee":"09058","nom":"Bompas","codes_postaux":["09400"],"code_dep":"09","code_region":"76","population":206,"surface_km2":2.79,"lat":42.8627,"lon":1.6189},{"code_insee":"09059","nom":"Bonac-Irazein","codes_postaux":["09800"],"code_dep":"09","code_region":"76","population":126,"surface_km2":37.96,"lat":42.8435,"lon":0.9782},{"code_insee":"09060","nom":"Bonnac","codes_postaux":["09100"],"code_dep":"09","code_region":"76","population":801,"surface_km2":9.74,"lat":43.1716,"lon":1.5881},{"code_insee":"09061","nom":"Les Bordes-sur-Arize","codes_postaux":["09350"],"code_dep":"09","code_region":"76","population":460,"surface_km2":12.8,"lat":43.114,"lon":1.368},{"code_insee":"09062","nom":"Bordes-Uchentein","codes_postaux":["09800"],"code_dep":"09","code_region":"76","population":219,"surface_km2":53.41,"lat":42.8472,"lon":1.0384},{"code_insee":"09063","nom":"Le Bosc","codes_postaux":["09000"],"code_dep":"09","code_region":"76","population":113,"surface_km2":25.52,"lat":42.9348,"lon":1.4459},{"code_insee":"09064","nom":"Bouan","codes_postaux":["09310"],"code_dep":"09","code_region":"76","population":41,"surface_km2":3.43,"lat":42.7914,"lon":1.643},{"code_insee":"09065","nom":"Boussenac","codes_postaux":["09320"],"code_dep":"09","code_region":"76","population":246,"surface_km2":26.29,"lat":42.9104,"lon":1.3944},{"code_insee":"09066","nom":"Brassac","codes_postaux":["09000"],"code_dep":"09","code_region":"76","population":633,"surface_km2":24.45,"lat":42.9345,"lon":1.5151},{"code_insee":"09067","nom":"Brie","codes_postaux":["09700"],"code_dep":"09","code_region":"76","population":207,"surface_km2":7.16,"lat":43.2102,"lon":1.5183},{"code_insee":"09068","nom":"Burret","codes_postaux":["09000"],"code_dep":"09","code_region":"76","population":44,"surface_km2":4.96,"lat":42.9514,"lon":1.4733},{"code_insee":"09069","nom":"Buzan","codes_postaux":["09800"],"code_dep":"09","code_region":"76","population":47,"surface_km2":8.63,"lat":42.9565,"lon":0.9625},{"code_insee":"09070","nom":"Les Cabannes","codes_postaux":["09310"],"code_dep":"09","code_region":"76","population":317,"surface_km2":0.87,"lat":42.7837,"lon":1.6881},{"code_insee":"09071","nom":"Cadarcet","codes_postaux":["09240"],"code_dep":"09","code_region":"76","population":211,"surface_km2":11.12,"lat":43.017,"lon":1.5016},{"code_insee":"09072","nom":"Calzan","codes_postaux":["09120"],"code_dep":"09","code_region":"76","population":45,"surface_km2":4.04,"lat":43.0333,"lon":1.7399},{"code_insee":"09073","nom":"Camarade","codes_postaux":["09290"],"code_dep":"09","code_region":"76","population":211,"surface_km2":27.92,"lat":43.0666,"lon":1.2802},{"code_insee":"09074","nom":"Camon","codes_postaux":["09500"],"code_dep":"09","code_region":"76","population":151,"surface_km2":10.3,"lat":43.0177,"lon":1.9602},{"code_insee":"09075","nom":"Campagne-sur-Arize","codes_postaux":["09350"],"code_dep":"09","code_region":"76","population":300,"surface_km2":13.43,"lat":43.1194,"lon":1.3176},{"code_insee":"09076","nom":"Canté","codes_postaux":["09700"],"code_dep":"09","code_region":"76","population":222,"surface_km2":9.91,"lat":43.2514,"lon":1.5248},{"code_insee":"09077","nom":"Capoulet-et-Junac","codes_postaux":["09400"],"code_dep":"09","code_region":"76","population":191,"surface_km2":2.83,"lat":42.7925,"lon":1.5746},{"code_insee":"09078","nom":"Carcanières","codes_postaux":["09460"],"code_dep":"09","code_region":"76","population":70,"surface_km2":6.5,"lat":42.7086,"lon":2.122},{"code_insee":"09079","nom":"Carla-Bayle","codes_postaux":["09130"],"code_dep":"09","code_region":"76","population":787,"surface_km2":35.93,"lat":43.1595,"lon":1.3788},{"code_insee":"09080","nom":"Carla-de-Roquefort","codes_postaux":["09300"],"code_dep":"09","code_region":"76","population":164,"surface_km2":9.53,"lat":42.978,"lon":1.7556},{"code_insee":"09081","nom":"Le Carlaret","codes_postaux":["09100"],"code_dep":"09","code_region":"76","population":295,"surface_km2":9.51,"lat":43.1325,"lon":1.701},{"code_insee":"09082","nom":"Castelnau-Durban","codes_postaux":["09420"],"code_dep":"09","code_region":"76","population":458,"surface_km2":13.17,"lat":42.9928,"lon":1.3415},{"code_insee":"09083","nom":"Castéras","codes_postaux":["09130"],"code_dep":"09","code_region":"76","population":23,"surface_km2":1.83,"lat":43.1257,"lon":1.4048},{"code_insee":"09084","nom":"Castex","codes_postaux":["09350"],"code_dep":"09","code_region":"76","population":99,"surface_km2":7.17,"lat":43.1659,"lon":1.316},{"code_insee":"09085","nom":"Castillon-en-Couserans","codes_postaux":["09800"],"code_dep":"09","code_region":"76","population":428,"surface_km2":5.0,"lat":42.9177,"lon":1.058},{"code_insee":"09086","nom":"Caumont","codes_postaux":["09160"],"code_dep":"09","code_region":"76","population":336,"surface_km2":9.33,"lat":43.0222,"lon":1.0773},{"code_insee":"09087","nom":"Caussou","codes_postaux":["09250"],"code_dep":"09","code_region":"76","population":51,"surface_km2":15.86,"lat":42.7743,"lon":1.8219},{"code_insee":"09088","nom":"Caychax-et-Senconac","codes_postaux":["09250"],"code_dep":"09","code_region":"76","population":20,"surface_km2":10.23,"lat":42.8089,"lon":1.7214},{"code_insee":"09089","nom":"Cazals-des-Baylès","codes_postaux":["09500"],"code_dep":"09","code_region":"76","population":57,"surface_km2":4.67,"lat":43.0916,"lon":1.9366},{"code_insee":"09090","nom":"Cazaux","codes_postaux":["09120"],"code_dep":"09","code_region":"76","population":48,"surface_km2":7.36,"lat":43.0556,"lon":1.5171},{"code_insee":"09091","nom":"Cazavet","codes_postaux":["09160"],"code_dep":"09","code_region":"76","population":204,"surface_km2":18.08,"lat":42.9966,"lon":1.0334},{"code_insee":"09092","nom":"Cazenave-Serres-et-Allens","codes_postaux":["09400"],"code_dep":"09","code_region":"76","population":66,"surface_km2":16.37,"lat":42.8408,"lon":1.6915},{"code_insee":"09093","nom":"Celles","codes_postaux":["09000"],"code_dep":"09","code_region":"76","population":143,"surface_km2":10.37,"lat":42.9143,"lon":1.6973},{"code_insee":"09094","nom":"Cérizols","codes_postaux":["09230"],"code_dep":"09","code_region":"76","population":138,"surface_km2":14.52,"lat":43.1211,"lon":1.0675},{"code_insee":"09095","nom":"Cescau","codes_postaux":["09800"],"code_dep":"09","code_region":"76","population":163,"surface_km2":5.39,"lat":42.9303,"lon":1.0532},{"code_insee":"09096","nom":"Château-Verdun","codes_postaux":["09310"],"code_dep":"09","code_region":"76","population":41,"surface_km2":0.8,"lat":42.7806,"lon":1.6764},{"code_insee":"09097","nom":"Clermont","codes_postaux":["09420"],"code_dep":"09","code_region":"76","population":117,"surface_km2":7.42,"lat":43.0387,"lon":1.2887},{"code_insee":"09098","nom":"Contrazy","codes_postaux":["09230"],"code_dep":"09","code_region":"76","population":76,"surface_km2":8.45,"lat":43.057,"lon":1.2092},{"code_insee":"09099","nom":"Cos","codes_postaux":["09000"],"code_dep":"09","code_region":"76","population":350,"surface_km2":6.52,"lat":42.9823,"lon":1.5712},{"code_insee":"09100","nom":"Couflens","codes_postaux":["09140"],"code_dep":"09","code_region":"76","population":100,"surface_km2":56.26,"lat":42.7698,"lon":1.1796},{"code_insee":"09101","nom":"Coussa","codes_postaux":["09120"],"code_dep":"09","code_region":"76","population":268,"surface_km2":7.73,"lat":43.066,"lon":1.6879},{"code_insee":"09102","nom":"Coutens","codes_postaux":["09500"],"code_dep":"09","code_region":"76","population":179,"surface_km2":4.23,"lat":43.0686,"lon":1.8235},{"code_insee":"09103","nom":"Crampagna","codes_postaux":["09120"],"code_dep":"09","code_region":"76","population":980,"surface_km2":10.0,"lat":43.024,"lon":1.5877},{"code_insee":"09104","nom":"Dalou","codes_postaux":["09120"],"code_dep":"09","code_region":"76","population":775,"surface_km2":7.75,"lat":43.0278,"lon":1.6496},{"code_insee":"09105","nom":"Daumazan-sur-Arize","codes_postaux":["09350"],"code_dep":"09","code_region":"76","population":804,"surface_km2":13.91,"lat":43.1444,"lon":1.3054},{"code_insee":"09106","nom":"Dreuilhe","codes_postaux":["09300"],"code_dep":"09","code_region":"76","population":360,"surface_km2":7.03,"lat":42.9415,"lon":1.8666},{"code_insee":"09107","nom":"Dun","codes_postaux":["09600"],"code_dep":"09","code_region":"76","population":657,"surface_km2":41.62,"lat":43.0237,"lon":1.7945},{"code_insee":"09108","nom":"Durban-sur-Arize","codes_postaux":["09240"],"code_dep":"09","code_region":"76","population":181,"surface_km2":6.85,"lat":43.0219,"lon":1.3504},{"code_insee":"09109","nom":"Durfort","codes_postaux":["09130"],"code_dep":"09","code_region":"76","population":185,"surface_km2":11.09,"lat":43.1933,"lon":1.4676},{"code_insee":"09110","nom":"Encourtiech","codes_postaux":["09200"],"code_dep":"09","code_region":"76","population":100,"surface_km2":4.86,"lat":42.9644,"lon":1.1913},{"code_insee":"09111","nom":"Engomer","codes_postaux":["09800"],"code_dep":"09","code_region":"76","population":315,"surface_km2":7.65,"lat":42.9435,"lon":1.0641},{"code_insee":"09113","nom":"Ercé","codes_postaux":["09140"],"code_dep":"09","code_region":"76","population":602,"surface_km2":40.97,"lat":42.8369,"lon":1.3064},{"code_insee":"09114","nom":"Erp","codes_postaux":["09200"],"code_dep":"09","code_region":"76","population":142,"surface_km2":9.46,"lat":42.9317,"lon":1.2027},{"code_insee":"09115","nom":"Esclagne","codes_postaux":["09600"],"code_dep":"09","code_region":"76","population":119,"surface_km2":3.55,"lat":42.9828,"lon":1.8449},{"code_insee":"09116","nom":"Escosse","codes_postaux":["09100"],"code_dep":"09","code_region":"76","population":356,"surface_km2":14.96,"lat":43.132,"lon":1.5497},{"code_insee":"09117","nom":"Esplas","codes_postaux":["09700"],"code_dep":"09","code_region":"76","population":104,"surface_km2":7.7,"lat":43.1855,"lon":1.496},{"code_insee":"09118","nom":"Esplas-de-Sérou","codes_postaux":["09420"],"code_dep":"09","code_region":"76","population":168,"surface_km2":34.56,"lat":42.9619,"lon":1.351},{"code_insee":"09119","nom":"Eycheil","codes_postaux":["09200"],"code_dep":"09","code_region":"76","population":522,"surface_km2":4.89,"lat":42.9534,"lon":1.1574},{"code_insee":"09120","nom":"Fabas","codes_postaux":["09230"],"code_dep":"09","code_region":"76","population":354,"surface_km2":23.26,"lat":43.1213,"lon":1.1105},{"code_insee":"09121","nom":"Ferrières-sur-Ariège","codes_postaux":["09000"],"code_dep":"09","code_region":"76","population":788,"surface_km2":3.46,"lat":42.9396,"lon":1.6055},{"code_insee":"09122","nom":"Foix","codes_postaux":["09000"],"code_dep":"09","code_region":"76","population":9934,"surface_km2":19.51,"lat":42.9701,"lon":1.609},{"code_insee":"09123","nom":"Fornex","codes_postaux":["09350"],"code_dep":"09","code_region":"76","population":104,"surface_km2":9.66,"lat":43.1658,"lon":1.2394},{"code_insee":"09124","nom":"Le Fossat","codes_postaux":["09130"],"code_dep":"09","code_region":"76","population":1071,"surface_km2":14.52,"lat":43.1807,"lon":1.4185},{"code_insee":"09125","nom":"Fougax-et-Barrineuf","codes_postaux":["09300"],"code_dep":"09","code_region":"76","population":428,"surface_km2":31.57,"lat":42.8721,"lon":1.903},{"code_insee":"09126","nom":"Freychenet","codes_postaux":["09300"],"code_dep":"09","code_region":"76","population":82,"surface_km2":25.42,"lat":42.8867,"lon":1.7342},{"code_insee":"09127","nom":"Gabre","codes_postaux":["09290"],"code_dep":"09","code_region":"76","population":124,"surface_km2":13.7,"lat":43.0658,"lon":1.424},{"code_insee":"09128","nom":"Gajan","codes_postaux":["09190"],"code_dep":"09","code_region":"76","population":340,"surface_km2":8.19,"lat":43.0367,"lon":1.1389},{"code_insee":"09129","nom":"Galey","codes_postaux":["09800"],"code_dep":"09","code_region":"76","population":114,"surface_km2":9.45,"lat":42.9447,"lon":0.9013},{"code_insee":"09130","nom":"Ganac","codes_postaux":["09000"],"code_dep":"09","code_region":"76","population":759,"surface_km2":20.28,"lat":42.9327,"lon":1.5546},{"code_insee":"09131","nom":"Garanou","codes_postaux":["09250"],"code_dep":"09","code_region":"76","population":143,"surface_km2":3.11,"lat":42.762,"lon":1.7463},{"code_insee":"09132","nom":"Gaudiès","codes_postaux":["09700"],"code_dep":"09","code_region":"76","population":235,"surface_km2":10.49,"lat":43.1728,"lon":1.7392},{"code_insee":"09133","nom":"Génat","codes_postaux":["09400"],"code_dep":"09","code_region":"76","population":24,"surface_km2":8.26,"lat":42.8273,"lon":1.5669},{"code_insee":"09134","nom":"Gestiès","codes_postaux":["09220"],"code_dep":"09","code_region":"76","population":38,"surface_km2":27.21,"lat":42.7152,"lon":1.5845},{"code_insee":"09136","nom":"Gourbit","codes_postaux":["09400"],"code_dep":"09","code_region":"76","population":82,"surface_km2":18.1,"lat":42.8297,"lon":1.5146},{"code_insee":"09137","nom":"Gudas","codes_postaux":["09120"],"code_dep":"09","code_region":"76","population":193,"surface_km2":10.77,"lat":43.0022,"lon":1.6787},{"code_insee":"09138","nom":"L'Herm","codes_postaux":["09000"],"code_dep":"09","code_region":"76","population":186,"surface_km2":14.81,"lat":42.9746,"lon":1.6762},{"code_insee":"09139","nom":"L'Hospitalet-près-l'Andorre","codes_postaux":["09390"],"code_dep":"09","code_region":"76","population":85,"surface_km2":26.77,"lat":42.5947,"lon":1.7752},{"code_insee":"09140","nom":"Ignaux","codes_postaux":["09110"],"code_dep":"09","code_region":"76","population":126,"surface_km2":5.46,"lat":42.7413,"lon":1.8466},{"code_insee":"09141","nom":"Illartein","codes_postaux":["09800"],"code_dep":"09","code_region":"76","population":73,"surface_km2":3.94,"lat":42.9205,"lon":0.9547},{"code_insee":"09142","nom":"Ilhat","codes_postaux":["09300"],"code_dep":"09","code_region":"76","population":122,"surface_km2":6.81,"lat":42.9515,"lon":1.7835},{"code_insee":"09143","nom":"Illier-et-Laramade","codes_postaux":["09220"],"code_dep":"09","code_region":"76","population":39,"surface_km2":5.15,"lat":42.7905,"lon":1.5446},{"code_insee":"09145","nom":"Les Issards","codes_postaux":["09100"],"code_dep":"09","code_region":"76","population":250,"surface_km2":3.85,"lat":43.0792,"lon":1.7369},{"code_insee":"09146","nom":"Justiniac","codes_postaux":["09700"],"code_dep":"09","code_region":"76","population":57,"surface_km2":4.56,"lat":43.2142,"lon":1.4897},{"code_insee":"09147","nom":"Labatut","codes_postaux":["09700"],"code_dep":"09","code_region":"76","population":178,"surface_km2":3.61,"lat":43.2627,"lon":1.5213},{"code_insee":"09148","nom":"Lacave","codes_postaux":["09160"],"code_dep":"09","code_region":"76","population":128,"surface_km2":4.56,"lat":43.0478,"lon":1.0147},{"code_insee":"09149","nom":"Lacourt","codes_postaux":["09200"],"code_dep":"09","code_region":"76","population":205,"surface_km2":16.56,"lat":42.9317,"lon":1.1767},{"code_insee":"09150","nom":"Lagarde","codes_postaux":["09500"],"code_dep":"09","code_region":"76","population":217,"surface_km2":11.96,"lat":43.0482,"lon":1.9436},{"code_insee":"09151","nom":"Lanoux","codes_postaux":["09130"],"code_dep":"09","code_region":"76","population":60,"surface_km2":3.77,"lat":43.1205,"lon":1.4244},{"code_insee":"09152","nom":"Lapège","codes_postaux":["09400"],"code_dep":"09","code_region":"76","population":17,"surface_km2":8.41,"lat":42.8026,"lon":1.5558},{"code_insee":"09153","nom":"Lapenne","codes_postaux":["09500"],"code_dep":"09","code_region":"76","population":119,"surface_km2":22.02,"lat":43.1433,"lon":1.7751},{"code_insee":"09154","nom":"Larbont","codes_postaux":["09240"],"code_dep":"09","code_region":"76","population":60,"surface_km2":6.17,"lat":42.9927,"lon":1.4008},{"code_insee":"09155","nom":"Larcat","codes_postaux":["09310"],"code_dep":"09","code_region":"76","population":50,"surface_km2":9.27,"lat":42.77,"lon":1.644},{"code_insee":"09156","nom":"Larnat","codes_postaux":["09310"],"code_dep":"09","code_region":"76","population":19,"surface_km2":5.61,"lat":42.7938,"lon":1.626},{"code_insee":"09157","nom":"Laroque-d'Olmes","codes_postaux":["09600"],"code_dep":"09","code_region":"76","population":2454,"surface_km2":14.35,"lat":42.9676,"lon":1.8689},{"code_insee":"09158","nom":"Lasserre","codes_postaux":["09230"],"code_dep":"09","code_region":"76","population":252,"surface_km2":8.63,"lat":43.0768,"lon":1.1623},{"code_insee":"09159","nom":"Lassur","codes_postaux":["09310"],"code_dep":"09","code_region":"76","population":82,"surface_km2":11.87,"lat":42.7425,"lon":1.7195},{"code_insee":"09160","nom":"Lavelanet","codes_postaux":["09300"],"code_dep":"09","code_region":"76","population":5987,"surface_km2":12.79,"lat":42.934,"lon":1.8466},{"code_insee":"09161","nom":"Léran","codes_postaux":["09600"],"code_dep":"09","code_region":"76","population":615,"surface_km2":12.15,"lat":42.9833,"lon":1.9257},{"code_insee":"09162","nom":"Lercoul","codes_postaux":["09220"],"code_dep":"09","code_region":"76","population":11,"surface_km2":19.43,"lat":42.7106,"lon":1.5249},{"code_insee":"09163","nom":"Lescousse","codes_postaux":["09100"],"code_dep":"09","code_region":"76","population":82,"surface_km2":8.51,"lat":43.1528,"lon":1.5112},{"code_insee":"09164","nom":"Lescure","codes_postaux":["09420"],"code_dep":"09","code_region":"76","population":479,"surface_km2":26.02,"lat":43.0066,"lon":1.2447},{"code_insee":"09165","nom":"Lesparrou","codes_postaux":["09300"],"code_dep":"09","code_region":"76","population":236,"surface_km2":16.42,"lat":42.9288,"lon":1.9408},{"code_insee":"09166","nom":"Leychert","codes_postaux":["09300"],"code_dep":"09","code_region":"76","population":114,"surface_km2":5.9,"lat":42.9413,"lon":1.7224},{"code_insee":"09167","nom":"Lézat-sur-Lèze","codes_postaux":["09210"],"code_dep":"09","code_region":"76","population":2321,"surface_km2":40.37,"lat":43.2794,"lon":1.3475},{"code_insee":"09168","nom":"Lieurac","codes_postaux":["09300"],"code_dep":"09","code_region":"76","population":181,"surface_km2":6.42,"lat":42.9821,"lon":1.7918},{"code_insee":"09169","nom":"Limbrassac","codes_postaux":["09600"],"code_dep":"09","code_region":"76","population":117,"surface_km2":12.43,"lat":43.0119,"lon":1.8454},{"code_insee":"09170","nom":"Lissac","codes_postaux":["09700"],"code_dep":"09","code_region":"76","population":237,"surface_km2":3.81,"lat":43.2692,"lon":1.5156},{"code_insee":"09171","nom":"Lordat","codes_postaux":["09250"],"code_dep":"09","code_region":"76","population":59,"surface_km2":7.53,"lat":42.7961,"lon":1.7848},{"code_insee":"09172","nom":"Loubaut","codes_postaux":["09350"],"code_dep":"09","code_region":"76","population":30,"surface_km2":2.41,"lat":43.1885,"lon":1.2817},{"code_insee":"09173","nom":"Loubens","codes_postaux":["09120"],"code_dep":"09","code_region":"76","population":267,"surface_km2":11.75,"lat":43.0413,"lon":1.5514},{"code_insee":"09174","nom":"Loubières","codes_postaux":["09000"],"code_dep":"09","code_region":"76","population":359,"surface_km2":3.06,"lat":43.0091,"lon":1.5949},{"code_insee":"09175","nom":"Ludiès","codes_postaux":["09100"],"code_dep":"09","code_region":"76","population":102,"surface_km2":1.9,"lat":43.1204,"lon":1.714},{"code_insee":"09176","nom":"Luzenac","codes_postaux":["09250"],"code_dep":"09","code_region":"76","population":512,"surface_km2":26.52,"lat":42.719,"lon":1.7398},{"code_insee":"09177","nom":"Madière","codes_postaux":["09100"],"code_dep":"09","code_region":"76","population":283,"surface_km2":10.37,"lat":43.1109,"lon":1.5183},{"code_insee":"09178","nom":"Malegoude","codes_postaux":["09500"],"code_dep":"09","code_region":"76","population":36,"surface_km2":6.18,"lat":43.1129,"lon":1.9327},{"code_insee":"09179","nom":"Malléon","codes_postaux":["09120"],"code_dep":"09","code_region":"76","population":77,"surface_km2":6.87,"lat":43.0317,"lon":1.7171},{"code_insee":"09180","nom":"Manses","codes_postaux":["09500"],"code_dep":"09","code_region":"76","population":130,"surface_km2":15.42,"lat":43.1083,"lon":1.8146},{"code_insee":"09181","nom":"Le Mas-d'Azil","codes_postaux":["09290"],"code_dep":"09","code_region":"76","population":1237,"surface_km2":39.49,"lat":43.0724,"lon":1.3499},{"code_insee":"09182","nom":"Massat","codes_postaux":["09320"],"code_dep":"09","code_region":"76","population":749,"surface_km2":45.08,"lat":42.8767,"lon":1.3812},{"code_insee":"09183","nom":"Mauvezin-de-Prat","codes_postaux":["09160"],"code_dep":"09","code_region":"76","population":98,"surface_km2":1.84,"lat":43.034,"lon":0.9933},{"code_insee":"09184","nom":"Mauvezin-de-Sainte-Croix","codes_postaux":["09230"],"code_dep":"09","code_region":"76","population":52,"surface_km2":5.3,"lat":43.0751,"lon":1.2318},{"code_insee":"09185","nom":"Mazères","codes_postaux":["09270"],"code_dep":"09","code_region":"76","population":3852,"surface_km2":44.24,"lat":43.2319,"lon":1.6782},{"code_insee":"09186","nom":"Méras","codes_postaux":["09350"],"code_dep":"09","code_region":"76","population":94,"surface_km2":3.69,"lat":43.1834,"lon":1.3126},{"code_insee":"09187","nom":"Mercenac","codes_postaux":["09160"],"code_dep":"09","code_region":"76","population":352,"surface_km2":13.66,"lat":43.0541,"lon":1.0685},{"code_insee":"09188","nom":"Mercus-Garrabet","codes_postaux":["09400"],"code_dep":"09","code_region":"76","population":1238,"surface_km2":15.05,"lat":42.8838,"lon":1.6502},{"code_insee":"09189","nom":"Mérens-les-Vals","codes_postaux":["09110"],"code_dep":"09","code_region":"76","population":166,"surface_km2":80.14,"lat":42.633,"lon":1.8227},{"code_insee":"09190","nom":"Mérigon","codes_postaux":["09230"],"code_dep":"09","code_region":"76","population":114,"surface_km2":6.35,"lat":43.0902,"lon":1.2031},{"code_insee":"09192","nom":"Miglos","codes_postaux":["09400"],"code_dep":"09","code_region":"76","population":142,"surface_km2":18.77,"lat":42.7804,"lon":1.6018},{"code_insee":"09193","nom":"Mijanès","codes_postaux":["09460"],"code_dep":"09","code_region":"76","population":56,"surface_km2":39.59,"lat":42.7076,"lon":2.0182},{"code_insee":"09194","nom":"Mirepoix","codes_postaux":["09500"],"code_dep":"09","code_region":"76","population":3172,"surface_km2":47.7,"lat":43.1137,"lon":1.8707},{"code_insee":"09195","nom":"Monesple","codes_postaux":["09130"],"code_dep":"09","code_region":"76","population":26,"surface_km2":6.13,"lat":43.0948,"lon":1.4757},{"code_insee":"09196","nom":"Montagagne","codes_postaux":["09240"],"code_dep":"09","code_region":"76","population":82,"surface_km2":6.9,"lat":42.963,"lon":1.4126},{"code_insee":"09197","nom":"Montaillou","codes_postaux":["09110"],"code_dep":"09","code_region":"76","population":21,"surface_km2":8.83,"lat":42.7834,"lon":1.905},{"code_insee":"09198","nom":"Montardit","codes_postaux":["09230"],"code_dep":"09","code_region":"76","population":224,"surface_km2":7.34,"lat":43.0694,"lon":1.186},{"code_insee":"09199","nom":"Montaut","codes_postaux":["09700"],"code_dep":"09","code_region":"76","population":707,"surface_km2":35.21,"lat":43.1847,"lon":1.6554},{"code_insee":"09200","nom":"Montbel","codes_postaux":["09600"],"code_dep":"09","code_region":"76","population":99,"surface_km2":17.53,"lat":42.9808,"lon":1.9681},{"code_insee":"09201","nom":"Montégut-en-Couserans","codes_postaux":["09200"],"code_dep":"09","code_region":"76","population":70,"surface_km2":6.29,"lat":42.9844,"lon":1.0907},{"code_insee":"09202","nom":"Montégut-Plantaurel","codes_postaux":["09120"],"code_dep":"09","code_region":"76","population":311,"surface_km2":19.31,"lat":43.0757,"lon":1.4935},{"code_insee":"09203","nom":"Montels","codes_postaux":["09240"],"code_dep":"09","code_region":"76","population":164,"surface_km2":3.78,"lat":43.0061,"lon":1.4692},{"code_insee":"09204","nom":"Montesquieu-Avantès","codes_postaux":["09200"],"code_dep":"09","code_region":"76","population":263,"surface_km2":16.59,"lat":43.0358,"lon":1.2185},{"code_insee":"09205","nom":"Montfa","codes_postaux":["09350"],"code_dep":"09","code_region":"76","population":96,"surface_km2":8.77,"lat":43.1023,"lon":1.2897},{"code_insee":"09206","nom":"Montferrier","codes_postaux":["09300"],"code_dep":"09","code_region":"76","population":541,"surface_km2":51.98,"lat":42.869,"lon":1.7689},{"code_insee":"09207","nom":"Montgailhard","codes_postaux":["09330"],"code_dep":"09","code_region":"76","population":1437,"surface_km2":8.05,"lat":42.9387,"lon":1.6441},{"code_insee":"09208","nom":"Montgauch","codes_postaux":["09160"],"code_dep":"09","code_region":"76","population":112,"surface_km2":9.07,"lat":42.9922,"lon":1.0713},{"code_insee":"09209","nom":"Montjoie-en-Couserans","codes_postaux":["09200"],"code_dep":"09","code_region":"76","population":992,"surface_km2":29.93,"lat":43.0133,"lon":1.181},{"code_insee":"09210","nom":"Montoulieu","codes_postaux":["09000"],"code_dep":"09","code_region":"76","population":415,"surface_km2":14.3,"lat":42.9015,"lon":1.6015},{"code_insee":"09211","nom":"Montségur","codes_postaux":["09300"],"code_dep":"09","code_region":"76","population":116,"surface_km2":37.38,"lat":42.8473,"lon":1.8241},{"code_insee":"09212","nom":"Montseron","codes_postaux":["09240"],"code_dep":"09","code_region":"76","population":100,"surface_km2":8.8,"lat":43.0219,"lon":1.3154},{"code_insee":"09213","nom":"Moulin-Neuf","codes_postaux":["09500"],"code_dep":"09","code_region":"76","population":232,"surface_km2":2.89,"lat":43.0716,"lon":1.948},{"code_insee":"09214","nom":"Moulis","codes_postaux":["09200"],"code_dep":"09","code_region":"76","population":794,"surface_km2":36.75,"lat":42.9348,"lon":1.0957},{"code_insee":"09215","nom":"Nalzen","codes_postaux":["09300"],"code_dep":"09","code_region":"76","population":110,"surface_km2":5.56,"lat":42.9216,"lon":1.7552},{"code_insee":"09216","nom":"Nescus","codes_postaux":["09240"],"code_dep":"09","code_region":"76","population":59,"surface_km2":3.02,"lat":42.9902,"lon":1.4347},{"code_insee":"09217","nom":"Niaux","codes_postaux":["09400"],"code_dep":"09","code_region":"76","population":150,"surface_km2":3.95,"lat":42.8152,"lon":1.6019},{"code_insee":"09218","nom":"Orgeix","codes_postaux":["09110"],"code_dep":"09","code_region":"76","population":102,"surface_km2":18.54,"lat":42.6757,"lon":1.8756},{"code_insee":"09219","nom":"Orgibet","codes_postaux":["09800"],"code_dep":"09","code_region":"76","population":162,"surface_km2":7.58,"lat":42.9289,"lon":0.9386},{"code_insee":"09220","nom":"Orlu","codes_postaux":["09110"],"code_dep":"09","code_region":"76","population":157,"surface_km2":71.5,"lat":42.6586,"lon":1.9387},{"code_insee":"09221","nom":"Ornolac-Ussat-les-Bains","codes_postaux":["09400"],"code_dep":"09","code_region":"76","population":247,"surface_km2":12.1,"lat":42.8236,"lon":1.6463},{"code_insee":"09222","nom":"Orus","codes_postaux":["09220"],"code_dep":"09","code_region":"76","population":23,"surface_km2":9.04,"lat":42.7936,"lon":1.5125},{"code_insee":"09223","nom":"Oust","codes_postaux":["09140"],"code_dep":"09","code_region":"76","population":583,"surface_km2":19.13,"lat":42.8598,"lon":1.2362},{"code_insee":"09224","nom":"Pailhès","codes_postaux":["09130"],"code_dep":"09","code_region":"76","population":511,"surface_km2":21.56,"lat":43.0968,"lon":1.4467},{"code_insee":"09225","nom":"Pamiers","codes_postaux":["09100"],"code_dep":"09","code_region":"76","population":16473,"surface_km2":46.26,"lat":43.1278,"lon":1.6168},{"code_insee":"09226","nom":"Pech","codes_postaux":["09310"],"code_dep":"09","code_region":"76","population":36,"surface_km2":4.79,"lat":42.7629,"lon":1.6884},{"code_insee":"09227","nom":"Péreille","codes_postaux":["09300"],"code_dep":"09","code_region":"76","population":182,"surface_km2":5.43,"lat":42.931,"lon":1.8119},{"code_insee":"09228","nom":"Perles-et-Castelet","codes_postaux":["09110"],"code_dep":"09","code_region":"76","population":218,"surface_km2":18.05,"lat":42.714,"lon":1.7767},{"code_insee":"09229","nom":"Le Peyrat","codes_postaux":["09600"],"code_dep":"09","code_region":"76","population":495,"surface_km2":6.21,"lat":42.9553,"lon":1.9293},{"code_insee":"09230","nom":"Le Pla","codes_postaux":["09460"],"code_dep":"09","code_region":"76","population":61,"surface_km2":13.16,"lat":42.6883,"lon":2.055},{"code_insee":"09231","nom":"Le Port","codes_postaux":["09320"],"code_dep":"09","code_region":"76","population":169,"surface_km2":50.11,"lat":42.835,"lon":1.3885},{"code_insee":"09232","nom":"Prades","codes_postaux":["09110"],"code_dep":"09","code_region":"76","population":54,"surface_km2":29.12,"lat":42.7874,"lon":1.8591},{"code_insee":"09233","nom":"Pradettes","codes_postaux":["09600"],"code_dep":"09","code_region":"76","population":43,"surface_km2":3.51,"lat":42.9906,"lon":1.8204},{"code_insee":"09234","nom":"Pradières","codes_postaux":["09000"],"code_dep":"09","code_region":"76","population":124,"surface_km2":6.74,"lat":42.9615,"lon":1.6581},{"code_insee":"09235","nom":"Prat-Bonrepaux","codes_postaux":["09160"],"code_dep":"09","code_region":"76","population":888,"surface_km2":14.63,"lat":43.035,"lon":1.0283},{"code_insee":"09236","nom":"Prayols","codes_postaux":["09000"],"code_dep":"09","code_region":"76","population":364,"surface_km2":7.89,"lat":42.922,"lon":1.5992},{"code_insee":"09237","nom":"Le Puch","codes_postaux":["09460"],"code_dep":"09","code_region":"76","population":27,"surface_km2":2.84,"lat":42.7218,"lon":2.1006},{"code_insee":"09238","nom":"Les Pujols","codes_postaux":["09100"],"code_dep":"09","code_region":"76","population":873,"surface_km2":13.28,"lat":43.0895,"lon":1.7226},{"code_insee":"09239","nom":"Quérigut","codes_postaux":["09460"],"code_dep":"09","code_region":"76","population":139,"surface_km2":36.3,"lat":42.6875,"lon":2.1114},{"code_insee":"09240","nom":"Quié","codes_postaux":["09400"],"code_dep":"09","code_region":"76","population":297,"surface_km2":2.51,"lat":42.8416,"lon":1.5891},{"code_insee":"09241","nom":"Rabat-les-Trois-Seigneurs","codes_postaux":["09400"],"code_dep":"09","code_region":"76","population":379,"surface_km2":27.04,"lat":42.8425,"lon":1.5044},{"code_insee":"09242","nom":"Raissac","codes_postaux":["09300"],"code_dep":"09","code_region":"76","population":43,"surface_km2":3.73,"lat":42.9404,"lon":1.8137},{"code_insee":"09243","nom":"Régat","codes_postaux":["09600"],"code_dep":"09","code_region":"76","population":99,"surface_km2":2.18,"lat":42.9887,"lon":1.8856},{"code_insee":"09244","nom":"Rieucros","codes_postaux":["09500"],"code_dep":"09","code_region":"76","population":718,"surface_km2":5.65,"lat":43.0758,"lon":1.7671},{"code_insee":"09245","nom":"Rieux-de-Pelleport","codes_postaux":["09120"],"code_dep":"09","code_region":"76","population":1253,"surface_km2":8.26,"lat":43.0573,"lon":1.6013},{"code_insee":"09246","nom":"Rimont","codes_postaux":["09420"],"code_dep":"09","code_region":"76","population":542,"surface_km2":29.01,"lat":42.9882,"lon":1.2763},{"code_insee":"09247","nom":"Rivèrenert","codes_postaux":["09200"],"code_dep":"09","code_region":"76","population":208,"surface_km2":28.9,"lat":42.9537,"lon":1.2694},{"code_insee":"09249","nom":"Roquefixade","codes_postaux":["09300"],"code_dep":"09","code_region":"76","population":152,"surface_km2":12.49,"lat":42.9347,"lon":1.7628},{"code_insee":"09250","nom":"Roquefort-les-Cascades","codes_postaux":["09300"],"code_dep":"09","code_region":"76","population":80,"surface_km2":7.05,"lat":42.9609,"lon":1.742},{"code_insee":"09251","nom":"Roumengoux","codes_postaux":["09500"],"code_dep":"09","code_region":"76","population":172,"surface_km2":6.81,"lat":43.0771,"lon":1.9252},{"code_insee":"09252","nom":"Rouze","codes_postaux":["09460"],"code_dep":"09","code_region":"76","population":83,"surface_km2":9.55,"lat":42.7396,"lon":2.0656},{"code_insee":"09253","nom":"Sabarat","codes_postaux":["09350"],"code_dep":"09","code_region":"76","population":361,"surface_km2":9.63,"lat":43.0991,"lon":1.3994},{"code_insee":"09254","nom":"Saint-Amadou","codes_postaux":["09100"],"code_dep":"09","code_region":"76","population":283,"surface_km2":4.69,"lat":43.111,"lon":1.7145},{"code_insee":"09256","nom":"Saint-Bauzeil","codes_postaux":["09120"],"code_dep":"09","code_region":"76","population":52,"surface_km2":4.42,"lat":43.082,"lon":1.5808},{"code_insee":"09257","nom":"Sainte-Croix-Volvestre","codes_postaux":["09230"],"code_dep":"09","code_region":"76","population":649,"surface_km2":19.96,"lat":43.1253,"lon":1.1629},{"code_insee":"09258","nom":"Saint-Félix-de-Rieutord","codes_postaux":["09120"],"code_dep":"09","code_region":"76","population":468,"surface_km2":6.85,"lat":43.0421,"lon":1.6697},{"code_insee":"09259","nom":"Saint-Félix-de-Tournegat","codes_postaux":["09500"],"code_dep":"09","code_region":"76","population":155,"surface_km2":10.53,"lat":43.1254,"lon":1.7617},{"code_insee":"09260","nom":"Sainte-Foi","codes_postaux":["09500"],"code_dep":"09","code_region":"76","population":29,"surface_km2":2.46,"lat":43.1249,"lon":1.9166},{"code_insee":"09261","nom":"Saint-Girons","codes_postaux":["09200"],"code_dep":"09","code_region":"76","population":6008,"surface_km2":19.01,"lat":42.9681,"lon":1.1591},{"code_insee":"09262","nom":"Saint-Jean-d'Aigues-Vives","codes_postaux":["09300"],"code_dep":"09","code_region":"76","population":367,"surface_km2":4.48,"lat":42.9198,"lon":1.8737},{"code_insee":"09263","nom":"Saint-Jean-du-Castillonnais","codes_postaux":["09800"],"code_dep":"09","code_region":"76","population":33,"surface_km2":4.77,"lat":42.9483,"lon":0.9264},{"code_insee":"09264","nom":"Saint-Jean-de-Verges","codes_postaux":["09000"],"code_dep":"09","code_region":"76","population":1290,"surface_km2":12.83,"lat":43.012,"lon":1.6357},{"code_insee":"09265","nom":"Saint-Jean-du-Falga","codes_postaux":["09100"],"code_dep":"09","code_region":"76","population":2851,"surface_km2":4.02,"lat":43.0848,"lon":1.6229},{"code_insee":"09266","nom":"Saint-Julien-de-Gras-Capou","codes_postaux":["09500"],"code_dep":"09","code_region":"76","population":85,"surface_km2":6.25,"lat":43.0355,"lon":1.8569},{"code_insee":"09267","nom":"Saint-Lary","codes_postaux":["09800"],"code_dep":"09","code_region":"76","population":156,"surface_km2":34.17,"lat":42.9015,"lon":0.8681},{"code_insee":"09268","nom":"Saint-Lizier","codes_postaux":["09190"],"code_dep":"09","code_region":"76","population":1391,"surface_km2":9.08,"lat":42.9997,"lon":1.1267},{"code_insee":"09269","nom":"Saint-Martin-de-Caralp","codes_postaux":["09000"],"code_dep":"09","code_region":"76","population":379,"surface_km2":9.21,"lat":42.991,"lon":1.5365},{"code_insee":"09270","nom":"Saint-Martin-d'Oydes","codes_postaux":["09100"],"code_dep":"09","code_region":"76","population":250,"surface_km2":11.86,"lat":43.1636,"lon":1.4858},{"code_insee":"09271","nom":"Saint-Michel","codes_postaux":["09100"],"code_dep":"09","code_region":"76","population":92,"surface_km2":5.89,"lat":43.1353,"lon":1.5045},{"code_insee":"09272","nom":"Saint-Paul-de-Jarrat","codes_postaux":["09000"],"code_dep":"09","code_region":"76","population":1352,"surface_km2":22.48,"lat":42.8954,"lon":1.67},{"code_insee":"09273","nom":"Saint-Pierre-de-Rivière","codes_postaux":["09000"],"code_dep":"09","code_region":"76","population":679,"surface_km2":2.38,"lat":42.9668,"lon":1.5576},{"code_insee":"09274","nom":"Saint-Quentin-la-Tour","codes_postaux":["09500"],"code_dep":"09","code_region":"76","population":311,"surface_km2":8.95,"lat":43.0273,"lon":1.9077},{"code_insee":"09275","nom":"Saint-Quirc","codes_postaux":["09700"],"code_dep":"09","code_region":"76","population":366,"surface_km2":3.76,"lat":43.2782,"lon":1.5029},{"code_insee":"09276","nom":"Saint-Victor-Rouzaud","codes_postaux":["09100"],"code_dep":"09","code_region":"76","population":210,"surface_km2":12.72,"lat":43.0841,"lon":1.5522},{"code_insee":"09277","nom":"Saint-Ybars","codes_postaux":["09210"],"code_dep":"09","code_region":"76","population":651,"surface_km2":24.57,"lat":43.2411,"lon":1.3918},{"code_insee":"09279","nom":"Salsein","codes_postaux":["09800"],"code_dep":"09","code_region":"76","population":47,"surface_km2":5.78,"lat":42.9049,"lon":0.9989},{"code_insee":"09280","nom":"Saurat","codes_postaux":["09400"],"code_dep":"09","code_region":"76","population":700,"surface_km2":44.64,"lat":42.8809,"lon":1.506},{"code_insee":"09281","nom":"Sautel","codes_postaux":["09300"],"code_dep":"09","code_region":"76","population":123,"surface_km2":9.31,"lat":42.9664,"lon":1.8198},{"code_insee":"09282","nom":"Saverdun","codes_postaux":["09700"],"code_dep":"09","code_region":"76","population":4808,"surface_km2":62.1,"lat":43.227,"lon":1.5745},{"code_insee":"09283","nom":"Savignac-les-Ormeaux","codes_postaux":["09110"],"code_dep":"09","code_region":"76","population":397,"surface_km2":28.15,"lat":42.6815,"lon":1.7849},{"code_insee":"09284","nom":"Ségura","codes_postaux":["09120"],"code_dep":"09","code_region":"76","population":199,"surface_km2":8.78,"lat":43.0319,"lon":1.6894},{"code_insee":"09285","nom":"Seix","codes_postaux":["09140"],"code_dep":"09","code_region":"76","population":762,"surface_km2":87.21,"lat":42.8179,"lon":1.1495},{"code_insee":"09289","nom":"Lorp-Sentaraille","codes_postaux":["09190"],"code_dep":"09","code_region":"76","population":1381,"surface_km2":6.21,"lat":43.0187,"lon":1.1097},{"code_insee":"09290","nom":"Sentein","codes_postaux":["09800"],"code_dep":"09","code_region":"76","population":175,"surface_km2":58.55,"lat":42.8358,"lon":0.9123},{"code_insee":"09291","nom":"Sentenac-d'Oust","codes_postaux":["09140"],"code_dep":"09","code_region":"76","population":110,"surface_km2":18.6,"lat":42.8662,"lon":1.1378},{"code_insee":"09292","nom":"Sentenac-de-Sérou","codes_postaux":["09240"],"code_dep":"09","code_region":"76","population":42,"surface_km2":13.65,"lat":42.9479,"lon":1.393},{"code_insee":"09293","nom":"Serres-sur-Arget","codes_postaux":["09000"],"code_dep":"09","code_region":"76","population":819,"surface_km2":17.79,"lat":42.9695,"lon":1.5024},{"code_insee":"09294","nom":"Sieuras","codes_postaux":["09130"],"code_dep":"09","code_region":"76","population":94,"surface_km2":7.74,"lat":43.1913,"lon":1.345},{"code_insee":"09295","nom":"Siguer","codes_postaux":["09220"],"code_dep":"09","code_region":"76","population":96,"surface_km2":38.22,"lat":42.7176,"lon":1.5507},{"code_insee":"09296","nom":"Aulos-Sinsat","codes_postaux":["09310"],"code_dep":"09","code_region":"76","population":160,"surface_km2":5.14,"lat":42.7985,"lon":1.6608},{"code_insee":"09297","nom":"Sor","codes_postaux":["09800"],"code_dep":"09","code_region":"76","population":29,"surface_km2":1.09,"lat":42.9199,"lon":1.0106},{"code_insee":"09298","nom":"Sorgeat","codes_postaux":["09110"],"code_dep":"09","code_region":"76","population":89,"surface_km2":19.23,"lat":42.7446,"lon":1.8885},{"code_insee":"09299","nom":"Soueix-Rogalle","codes_postaux":["09140"],"code_dep":"09","code_region":"76","population":421,"surface_km2":13.79,"lat":42.8958,"lon":1.1929},{"code_insee":"09300","nom":"Soula","codes_postaux":["09000"],"code_dep":"09","code_region":"76","population":168,"surface_km2":11.33,"lat":42.9417,"lon":1.6921},{"code_insee":"09301","nom":"Soulan","codes_postaux":["09320"],"code_dep":"09","code_region":"76","population":400,"surface_km2":23.9,"lat":42.9056,"lon":1.2448},{"code_insee":"09303","nom":"Surba","codes_postaux":["09400"],"code_dep":"09","code_region":"76","population":340,"surface_km2":2.21,"lat":42.8597,"lon":1.5817},{"code_insee":"09304","nom":"Suzan","codes_postaux":["09240"],"code_dep":"09","code_region":"76","population":26,"surface_km2":2.4,"lat":43.0294,"lon":1.4342},{"code_insee":"09305","nom":"Tabre","codes_postaux":["09600"],"code_dep":"09","code_region":"76","population":351,"surface_km2":2.88,"lat":42.9883,"lon":1.8545},{"code_insee":"09306","nom":"Tarascon-sur-Ariège","codes_postaux":["09400"],"code_dep":"09","code_region":"76","population":3085,"surface_km2":8.59,"lat":42.8451,"lon":1.5977},{"code_insee":"09307","nom":"Taurignan-Castet","codes_postaux":["09160"],"code_dep":"09","code_region":"76","population":163,"surface_km2":6.83,"lat":43.0567,"lon":1.1042},{"code_insee":"09308","nom":"Taurignan-Vieux","codes_postaux":["09190"],"code_dep":"09","code_region":"76","population":204,"surface_km2":5.96,"lat":43.0406,"lon":1.1148},{"code_insee":"09309","nom":"Teilhet","codes_postaux":["09500"],"code_dep":"09","code_region":"76","population":162,"surface_km2":8.96,"lat":43.0989,"lon":1.7836},{"code_insee":"09310","nom":"Thouars-sur-Arize","codes_postaux":["09350"],"code_dep":"09","code_region":"76","population":38,"surface_km2":2.35,"lat":43.1808,"lon":1.2384},{"code_insee":"09311","nom":"Tignac","codes_postaux":["09110"],"code_dep":"09","code_region":"76","population":20,"surface_km2":3.7,"lat":42.7474,"lon":1.8005},{"code_insee":"09312","nom":"La Tour-du-Crieu","codes_postaux":["09100"],"code_dep":"09","code_region":"76","population":3230,"surface_km2":10.36,"lat":43.1071,"lon":1.6651},{"code_insee":"09313","nom":"Tourtouse","codes_postaux":["09230"],"code_dep":"09","code_region":"76","population":169,"surface_km2":11.95,"lat":43.0901,"lon":1.1351},{"code_insee":"09314","nom":"Tourtrol","codes_postaux":["09500"],"code_dep":"09","code_region":"76","population":238,"surface_km2":5.16,"lat":43.069,"lon":1.7994},{"code_insee":"09315","nom":"Trémoulet","codes_postaux":["09700"],"code_dep":"09","code_region":"76","population":102,"surface_km2":3.88,"lat":43.1575,"lon":1.7174},{"code_insee":"09316","nom":"Troye-d'Ariège","codes_postaux":["09500"],"code_dep":"09","code_region":"76","population":110,"surface_km2":8.28,"lat":43.0238,"lon":1.8904},{"code_insee":"09318","nom":"Unac","codes_postaux":["09250"],"code_dep":"09","code_region":"76","population":127,"surface_km2":2.55,"lat":42.7571,"lon":1.7826},{"code_insee":"09319","nom":"Unzent","codes_postaux":["09100"],"code_dep":"09","code_region":"76","population":122,"surface_km2":7.95,"lat":43.1698,"lon":1.5346},{"code_insee":"09320","nom":"Urs","codes_postaux":["09310"],"code_dep":"09","code_region":"76","population":27,"surface_km2":0.88,"lat":42.7784,"lon":1.736},{"code_insee":"09321","nom":"Ussat","codes_postaux":["09400"],"code_dep":"09","code_region":"76","population":307,"surface_km2":4.35,"lat":42.8338,"lon":1.6228},{"code_insee":"09322","nom":"Ustou","codes_postaux":["09140"],"code_dep":"09","code_region":"76","population":281,"surface_km2":98.73,"lat":42.7795,"lon":1.2622},{"code_insee":"09323","nom":"Vals","codes_postaux":["09500"],"code_dep":"09","code_region":"76","population":92,"surface_km2":4.12,"lat":43.0996,"lon":1.754},{"code_insee":"09324","nom":"Varilhes","codes_postaux":["09120"],"code_dep":"09","code_region":"76","population":3487,"surface_km2":11.7,"lat":43.0553,"lon":1.6344},{"code_insee":"09325","nom":"Vaychis","codes_postaux":["09110"],"code_dep":"09","code_region":"76","population":36,"surface_km2":4.56,"lat":42.7452,"lon":1.8212},{"code_insee":"09326","nom":"Vèbre","codes_postaux":["09310"],"code_dep":"09","code_region":"76","population":113,"surface_km2":5.21,"lat":42.7679,"lon":1.7172},{"code_insee":"09327","nom":"Ventenac","codes_postaux":["09120"],"code_dep":"09","code_region":"76","population":234,"surface_km2":19.89,"lat":42.9989,"lon":1.7244},{"code_insee":"09328","nom":"Verdun","codes_postaux":["09310"],"code_dep":"09","code_region":"76","population":209,"surface_km2":11.71,"lat":42.8039,"lon":1.6943},{"code_insee":"09329","nom":"Vernajoul","codes_postaux":["09000"],"code_dep":"09","code_region":"76","population":701,"surface_km2":9.11,"lat":42.9953,"lon":1.5922},{"code_insee":"09330","nom":"Vernaux","codes_postaux":["09250"],"code_dep":"09","code_region":"76","population":36,"surface_km2":6.08,"lat":42.79,"lon":1.7838},{"code_insee":"09331","nom":"Le Vernet","codes_postaux":["09700"],"code_dep":"09","code_region":"76","population":682,"surface_km2":5.7,"lat":43.1885,"lon":1.6013},{"code_insee":"09332","nom":"Verniolle","codes_postaux":["09340"],"code_dep":"09","code_region":"76","population":2397,"surface_km2":11.43,"lat":43.0793,"lon":1.6615},{"code_insee":"09334","nom":"Val-de-Sos","codes_postaux":["09220"],"code_dep":"09","code_region":"76","population":599,"surface_km2":53.38,"lat":42.7746,"lon":1.4735},{"code_insee":"09335","nom":"Villeneuve","codes_postaux":["09800"],"code_dep":"09","code_region":"76","population":42,"surface_km2":5.09,"lat":42.9479,"lon":0.9847},{"code_insee":"09336","nom":"Villeneuve-d'Olmes","codes_postaux":["09300"],"code_dep":"09","code_region":"76","population":965,"surface_km2":5.99,"lat":42.9082,"lon":1.8199},{"code_insee":"09338","nom":"Villeneuve-du-Latou","codes_postaux":["09130"],"code_dep":"09","code_region":"76","population":154,"surface_km2":6.61,"lat":43.2033,"lon":1.4338},{"code_insee":"09339","nom":"Villeneuve-du-Paréage","codes_postaux":["09100"],"code_dep":"09","code_region":"76","population":739,"surface_km2":11.52,"lat":43.1599,"lon":1.6435},{"code_insee":"09340","nom":"Vira","codes_postaux":["09120"],"code_dep":"09","code_region":"76","population":161,"surface_km2":5.35,"lat":43.0481,"lon":1.7553},{"code_insee":"09341","nom":"Viviès","codes_postaux":["09500"],"code_dep":"09","code_region":"76","population":150,"surface_km2":4.41,"lat":43.062,"lon":1.7774},{"code_insee":"09342","nom":"Sainte-Suzanne","codes_postaux":["09130"],"code_dep":"09","code_region":"76","population":259,"surface_km2":10.49,"lat":43.2052,"lon":1.3735}]