[{"code_insee":"10002","nom":"Ailleville","codes_postaux":["10200"],"code_dep":"10","code_region":"44","population":223,"surface_km2":4.92,"lat":48.2562,"lon":4.6911},{"code_insee":"10003","nom":"Aix-Villemaur-Pâlis","codes_postaux":["10160","10190"],"code_dep":"10","code_region":"44","population":3236,"surface_km2":75.27,"lat":48.2266,"lon":3.7218},{"code_insee":"10004","nom":"Allibaudières","codes_postaux":["10700"],"code_dep":"10","code_region":"44","population":208,"surface_km2":24.24,"lat":48.5849,"lon":4.1246},{"code_insee":"10005","nom":"Amance","codes_postaux":["10140"],"code_dep":"10","code_region":"44","population":245,"surface_km2":23.07,"lat":48.2939,"lon":4.4822},{"code_insee":"10006","nom":"Arcis-sur-Aube","codes_postaux":["10700"],"code_dep":"10","code_region":"44","population":2785,"surface_km2":9.48,"lat":48.5275,"lon":4.1403},{"code_insee":"10007","nom":"Arconville","codes_postaux":["10200"],"code_dep":"10","code_region":"44","population":108,"surface_km2":14.91,"lat":48.1573,"lon":4.7321},{"code_insee":"10008","nom":"Argançon","codes_postaux":["10140"],"code_dep":"10","code_region":"44","population":101,"surface_km2":8.19,"lat":48.2508,"lon":4.5972},{"code_insee":"10009","nom":"Arrelles","codes_postaux":["10340"],"code_dep":"10","code_region":"44","population":90,"surface_km2":14.44,"lat":48.0458,"lon":4.2835},{"code_insee":"10010","nom":"Arrembécourt","codes_postaux":["10330"],"code_dep":"10","code_region":"44","population":47,"surface_km2":7.19,"lat":48.5411,"lon":4.6117},{"code_insee":"10011","nom":"Arrentières","codes_postaux":["10200"],"code_dep":"10","code_region":"44","population":176,"surface_km2":13.92,"lat":48.2684,"lon":4.7396},{"code_insee":"10012","nom":"Arsonval","codes_postaux":["10200"],"code_dep":"10","code_region":"44","population":290,"surface_km2":7.63,"lat":48.2774,"lon":4.6453},{"code_insee":"10013","nom":"Assenay","codes_postaux":["10320"],"code_dep":"10","code_region":"44","population":133,"surface_km2":3.42,"lat":48.1785,"lon":4.0648},{"code_insee":"10014","nom":"Assencières","codes_postaux":["10220"],"code_dep":"10","code_region":"44","population":190,"surface_km2":7.37,"lat":48.3566,"lon":4.2014},{"code_insee":"10015","nom":"Aubeterre","codes_postaux":["10150"],"code_dep":"10","code_region":"44","population":398,"surface_km2":11.8,"lat":48.4215,"lon":4.1078},{"code_insee":"10017","nom":"Aulnay","codes_postaux":["10240"],"code_dep":"10","code_region":"44","population":108,"surface_km2":10.41,"lat":48.4764,"lon":4.4149},{"code_insee":"10018","nom":"Auxon","codes_postaux":["10130"],"code_dep":"10","code_region":"44","population":886,"surface_km2":25.6,"lat":48.1031,"lon":3.9262},{"code_insee":"10019","nom":"Val-d'Auzon","codes_postaux":["10220"],"code_dep":"10","code_region":"44","population":356,"surface_km2":27.66,"lat":48.3973,"lon":4.3604},{"code_insee":"10020","nom":"Avant-lès-Marcilly","codes_postaux":["10400"],"code_dep":"10","code_region":"44","population":509,"surface_km2":27.76,"lat":48.4303,"lon":3.558},{"code_insee":"10021","nom":"Avant-lès-Ramerupt","codes_postaux":["10240"],"code_dep":"10","code_region":"44","population":160,"surface_km2":20.83,"lat":48.4501,"lon":4.2612},{"code_insee":"10022","nom":"Avirey-Lingey","codes_postaux":["10340"],"code_dep":"10","code_region":"44","population":196,"surface_km2":17.8,"lat":48.0341,"lon":4.2912},{"code_insee":"10023","nom":"Avon-la-Pèze","codes_postaux":["10290"],"code_dep":"10","code_region":"44","population":211,"surface_km2":12.78,"lat":48.3846,"lon":3.6552},{"code_insee":"10024","nom":"Avreuil","codes_postaux":["10130"],"code_dep":"10","code_region":"44","population":167,"surface_km2":10.34,"lat":48.054,"lon":3.9986},{"code_insee":"10025","nom":"Bagneux-la-Fosse","codes_postaux":["10340"],"code_dep":"10","code_region":"44","population":178,"surface_km2":23.04,"lat":47.9984,"lon":4.2954},{"code_insee":"10026","nom":"Bailly-le-Franc","codes_postaux":["10330"],"code_dep":"10","code_region":"44","population":34,"surface_km2":6.05,"lat":48.522,"lon":4.6601},{"code_insee":"10027","nom":"Balignicourt","codes_postaux":["10330"],"code_dep":"10","code_region":"44","population":56,"surface_km2":13.03,"lat":48.529,"lon":4.456},{"code_insee":"10028","nom":"Balnot-la-Grange","codes_postaux":["10210"],"code_dep":"10","code_region":"44","population":111,"surface_km2":20.19,"lat":47.9879,"lon":4.1994},{"code_insee":"10029","nom":"Balnot-sur-Laignes","codes_postaux":["10110"],"code_dep":"10","code_region":"44","population":150,"surface_km2":10.21,"lat":48.0367,"lon":4.3487},{"code_insee":"10030","nom":"Barberey-Saint-Sulpice","codes_postaux":["10600"],"code_dep":"10","code_region":"44","population":1542,"surface_km2":9.56,"lat":48.3273,"lon":4.0135},{"code_insee":"10031","nom":"Barbuise","codes_postaux":["10400"],"code_dep":"10","code_region":"44","population":433,"surface_km2":18.63,"lat":48.5507,"lon":3.5609},{"code_insee":"10032","nom":"Baroville","codes_postaux":["10200"],"code_dep":"10","code_region":"44","population":252,"surface_km2":17.41,"lat":48.1821,"lon":4.7455},{"code_insee":"10033","nom":"Bar-sur-Aube","codes_postaux":["10200"],"code_dep":"10","code_region":"44","population":4665,"surface_km2":15.87,"lat":48.233,"lon":4.7166},{"code_insee":"10034","nom":"Bar-sur-Seine","codes_postaux":["10110"],"code_dep":"10","code_region":"44","population":2858,"surface_km2":27.59,"lat":48.1144,"lon":4.3787},{"code_insee":"10035","nom":"Bayel","codes_postaux":["10310"],"code_dep":"10","code_region":"44","population":738,"surface_km2":23.05,"lat":48.195,"lon":4.7947},{"code_insee":"10037","nom":"Bercenay-en-Othe","codes_postaux":["10190"],"code_dep":"10","code_region":"44","population":412,"surface_km2":17.75,"lat":48.1959,"lon":3.8984},{"code_insee":"10038","nom":"Bercenay-le-Hayer","codes_postaux":["10290"],"code_dep":"10","code_region":"44","population":187,"surface_km2":14.82,"lat":48.3308,"lon":3.5876},{"code_insee":"10039","nom":"Bergères","codes_postaux":["10200"],"code_dep":"10","code_region":"44","population":111,"surface_km2":5.89,"lat":48.1852,"lon":4.6734},{"code_insee":"10040","nom":"Bernon","codes_postaux":["10130"],"code_dep":"10","code_region":"44","population":160,"surface_km2":17.99,"lat":47.9862,"lon":3.9902},{"code_insee":"10041","nom":"Bertignolles","codes_postaux":["10110"],"code_dep":"10","code_region":"44","population":52,"surface_km2":6.22,"lat":48.1348,"lon":4.512},{"code_insee":"10042","nom":"Bérulle","codes_postaux":["10160"],"code_dep":"10","code_region":"44","population":193,"surface_km2":16.79,"lat":48.1681,"lon":3.6698},{"code_insee":"10043","nom":"Bessy","codes_postaux":["10170"],"code_dep":"10","code_region":"44","population":111,"surface_km2":7.14,"lat":48.5399,"lon":4.0237},{"code_insee":"10044","nom":"Bétignicourt","codes_postaux":["10500"],"code_dep":"10","code_region":"44","population":31,"surface_km2":3.24,"lat":48.4492,"lon":4.4557},{"code_insee":"10045","nom":"Beurey","codes_postaux":["10140"],"code_dep":"10","code_region":"44","population":176,"surface_km2":17.32,"lat":48.1751,"lon":4.4734},{"code_insee":"10046","nom":"Blaincourt-sur-Aube","codes_postaux":["10500"],"code_dep":"10","code_region":"44","population":97,"surface_km2":5.83,"lat":48.383,"lon":4.4544},{"code_insee":"10047","nom":"Blignicourt","codes_postaux":["10500"],"code_dep":"10","code_region":"44","population":40,"surface_km2":4.31,"lat":48.4542,"lon":4.5408},{"code_insee":"10048","nom":"Bligny","codes_postaux":["10200"],"code_dep":"10","code_region":"44","population":160,"surface_km2":22.95,"lat":48.1696,"lon":4.5963},{"code_insee":"10049","nom":"Les Bordes-Aumont","codes_postaux":["10800"],"code_dep":"10","code_region":"44","population":544,"surface_km2":5.63,"lat":48.1909,"lon":4.1172},{"code_insee":"10050","nom":"Bossancourt","codes_postaux":["10140"],"code_dep":"10","code_region":"44","population":193,"surface_km2":6.97,"lat":48.2827,"lon":4.609},{"code_insee":"10051","nom":"Bouilly","codes_postaux":["10320"],"code_dep":"10","code_region":"44","population":1073,"surface_km2":15.53,"lat":48.1875,"lon":3.99},{"code_insee":"10052","nom":"Boulages","codes_postaux":["10380"],"code_dep":"10","code_region":"44","population":224,"surface_km2":11.63,"lat":48.5871,"lon":3.916},{"code_insee":"10053","nom":"Bouranton","codes_postaux":["10270"],"code_dep":"10","code_region":"44","population":633,"surface_km2":8.24,"lat":48.3157,"lon":4.1808},{"code_insee":"10054","nom":"Bourdenay","codes_postaux":["10290"],"code_dep":"10","code_region":"44","population":130,"surface_km2":18.57,"lat":48.3544,"lon":3.5904},{"code_insee":"10055","nom":"Bourguignons","codes_postaux":["10110"],"code_dep":"10","code_region":"44","population":247,"surface_km2":16.6,"lat":48.1405,"lon":4.3691},{"code_insee":"10056","nom":"Bouy-Luxembourg","codes_postaux":["10220"],"code_dep":"10","code_region":"44","population":243,"surface_km2":12.06,"lat":48.3775,"lon":4.2432},{"code_insee":"10057","nom":"Bouy-sur-Orvin","codes_postaux":["10400"],"code_dep":"10","code_region":"44","population":57,"surface_km2":6.62,"lat":48.4241,"lon":3.4956},{"code_insee":"10058","nom":"Bragelogne-Beauvoir","codes_postaux":["10340"],"code_dep":"10","code_region":"44","population":217,"surface_km2":23.55,"lat":47.9703,"lon":4.2673},{"code_insee":"10059","nom":"Braux","codes_postaux":["10500"],"code_dep":"10","code_region":"44","population":114,"surface_km2":15.34,"lat":48.4814,"lon":4.4595},{"code_insee":"10060","nom":"Bréviandes","codes_postaux":["10450"],"code_dep":"10","code_region":"44","population":3219,"surface_km2":6.19,"lat":48.2568,"lon":4.1049},{"code_insee":"10061","nom":"Brévonnes","codes_postaux":["10220"],"code_dep":"10","code_region":"44","population":673,"surface_km2":20.15,"lat":48.3478,"lon":4.4067},{"code_insee":"10062","nom":"Briel-sur-Barse","codes_postaux":["10140"],"code_dep":"10","code_region":"44","population":195,"surface_km2":12.56,"lat":48.2113,"lon":4.3524},{"code_insee":"10063","nom":"Brienne-la-Vieille","codes_postaux":["10500"],"code_dep":"10","code_region":"44","population":378,"surface_km2":16.33,"lat":48.372,"lon":4.5402},{"code_insee":"10064","nom":"Brienne-le-Château","codes_postaux":["10500"],"code_dep":"10","code_region":"44","population":2672,"surface_km2":21.71,"lat":48.3988,"lon":4.5278},{"code_insee":"10065","nom":"Brillecourt","codes_postaux":["10240"],"code_dep":"10","code_region":"44","population":91,"surface_km2":5.79,"lat":48.4778,"lon":4.3706},{"code_insee":"10066","nom":"Bucey-en-Othe","codes_postaux":["10190"],"code_dep":"10","code_region":"44","population":430,"surface_km2":12.97,"lat":48.2592,"lon":3.8721},{"code_insee":"10067","nom":"Buchères","codes_postaux":["10800"],"code_dep":"10","code_region":"44","population":2055,"surface_km2":7.22,"lat":48.2366,"lon":4.1137},{"code_insee":"10068","nom":"Buxeuil","codes_postaux":["10110"],"code_dep":"10","code_region":"44","population":109,"surface_km2":4.31,"lat":48.0521,"lon":4.4092},{"code_insee":"10069","nom":"Buxières-sur-Arce","codes_postaux":["10110"],"code_dep":"10","code_region":"44","population":100,"surface_km2":10.68,"lat":48.1359,"lon":4.4521},{"code_insee":"10070","nom":"Celles-sur-Ource","codes_postaux":["10110"],"code_dep":"10","code_region":"44","population":490,"surface_km2":9.51,"lat":48.0703,"lon":4.4207},{"code_insee":"10071","nom":"Chacenay","codes_postaux":["10110"],"code_dep":"10","code_region":"44","population":52,"surface_km2":7.75,"lat":48.1055,"lon":4.5323},{"code_insee":"10072","nom":"La Chaise","codes_postaux":["10500"],"code_dep":"10","code_region":"44","population":32,"surface_km2":8.79,"lat":48.354,"lon":4.6655},{"code_insee":"10073","nom":"Chalette-sur-Voire","codes_postaux":["10500"],"code_dep":"10","code_region":"44","population":134,"surface_km2":5.69,"lat":48.4521,"lon":4.4226},{"code_insee":"10074","nom":"Chamoy","codes_postaux":["10130"],"code_dep":"10","code_region":"44","population":499,"surface_km2":16.65,"lat":48.1123,"lon":3.9645},{"code_insee":"10075","nom":"Champfleury","codes_postaux":["10700"],"code_dep":"10","code_region":"44","population":110,"surface_km2":18.09,"lat":48.61,"lon":4.0321},{"code_insee":"10076","nom":"Champignol-lez-Mondeville","codes_postaux":["10200"],"code_dep":"10","code_region":"44","population":260,"surface_km2":44.17,"lat":48.1224,"lon":4.679},{"code_insee":"10077","nom":"Champigny-sur-Aube","codes_postaux":["10700"],"code_dep":"10","code_region":"44","population":90,"surface_km2":6.69,"lat":48.57,"lon":4.0708},{"code_insee":"10078","nom":"Champ-sur-Barse","codes_postaux":["10140"],"code_dep":"10","code_region":"44","population":26,"surface_km2":7.15,"lat":48.2428,"lon":4.4097},{"code_insee":"10079","nom":"Channes","codes_postaux":["10340"],"code_dep":"10","code_region":"44","population":108,"surface_km2":14.31,"lat":47.94,"lon":4.2634},{"code_insee":"10080","nom":"Chaource","codes_postaux":["10210"],"code_dep":"10","code_region":"44","population":1011,"surface_km2":31.1,"lat":48.0587,"lon":4.1356},{"code_insee":"10081","nom":"La Chapelle-Saint-Luc","codes_postaux":["10600"],"code_dep":"10","code_region":"44","population":12648,"surface_km2":10.51,"lat":48.3165,"lon":4.0303},{"code_insee":"10082","nom":"Chapelle-Vallon","codes_postaux":["10700"],"code_dep":"10","code_region":"44","population":232,"surface_km2":19.43,"lat":48.4328,"lon":4.0411},{"code_insee":"10083","nom":"Chappes","codes_postaux":["10260"],"code_dep":"10","code_region":"44","population":360,"surface_km2":9.68,"lat":48.1651,"lon":4.2544},{"code_insee":"10084","nom":"Charmont-sous-Barbuise","codes_postaux":["10150"],"code_dep":"10","code_region":"44","population":1053,"surface_km2":38.35,"lat":48.4124,"lon":4.1793},{"code_insee":"10085","nom":"Charmoy","codes_postaux":["10290"],"code_dep":"10","code_region":"44","population":60,"surface_km2":6.91,"lat":48.3924,"lon":3.582},{"code_insee":"10086","nom":"Charny-le-Bachot","codes_postaux":["10380"],"code_dep":"10","code_region":"44","population":239,"surface_km2":13.74,"lat":48.5408,"lon":3.9529},{"code_insee":"10087","nom":"Chaserey","codes_postaux":["10210"],"code_dep":"10","code_region":"44","population":45,"surface_km2":6.93,"lat":47.9534,"lon":4.0743},{"code_insee":"10089","nom":"Châtres","codes_postaux":["10510"],"code_dep":"10","code_region":"44","population":708,"surface_km2":15.87,"lat":48.4924,"lon":3.8391},{"code_insee":"10090","nom":"Chauchigny","codes_postaux":["10170"],"code_dep":"10","code_region":"44","population":219,"surface_km2":9.86,"lat":48.4271,"lon":3.977},{"code_insee":"10091","nom":"Chaudrey","codes_postaux":["10240"],"code_dep":"10","code_region":"44","population":139,"surface_km2":13.87,"lat":48.4828,"lon":4.2439},{"code_insee":"10092","nom":"Chauffour-lès-Bailly","codes_postaux":["10110"],"code_dep":"10","code_region":"44","population":129,"surface_km2":19.17,"lat":48.1858,"lon":4.3156},{"code_insee":"10093","nom":"Chaumesnil","codes_postaux":["10500"],"code_dep":"10","code_region":"44","population":112,"surface_km2":11.09,"lat":48.3594,"lon":4.6162},{"code_insee":"10094","nom":"Chavanges","codes_postaux":["10330"],"code_dep":"10","code_region":"44","population":567,"surface_km2":29.88,"lat":48.5205,"lon":4.5742},{"code_insee":"10095","nom":"Le Chêne","codes_postaux":["10700"],"code_dep":"10","code_region":"44","population":277,"surface_km2":20.98,"lat":48.5657,"lon":4.1752},{"code_insee":"10096","nom":"Chennegy","codes_postaux":["10190"],"code_dep":"10","code_region":"44","population":472,"surface_km2":23.28,"lat":48.2166,"lon":3.8474},{"code_insee":"10097","nom":"Chervey","codes_postaux":["10110"],"code_dep":"10","code_region":"44","population":145,"surface_km2":13.47,"lat":48.1339,"lon":4.4905},{"code_insee":"10098","nom":"Chesley","codes_postaux":["10210"],"code_dep":"10","code_region":"44","population":293,"surface_km2":21.26,"lat":47.9756,"lon":4.1129},{"code_insee":"10099","nom":"Chessy-les-Prés","codes_postaux":["10130"],"code_dep":"10","code_region":"44","population":534,"surface_km2":25.73,"lat":48.013,"lon":3.9345},{"code_insee":"10100","nom":"Clérey","codes_postaux":["10390"],"code_dep":"10","code_region":"44","population":1155,"surface_km2":18.93,"lat":48.2094,"lon":4.1993},{"code_insee":"10101","nom":"Coclois","codes_postaux":["10240"],"code_dep":"10","code_region":"44","population":170,"surface_km2":6.9,"lat":48.4729,"lon":4.3285},{"code_insee":"10102","nom":"Colombé-la-Fosse","codes_postaux":["10200"],"code_dep":"10","code_region":"44","population":162,"surface_km2":9.27,"lat":48.2701,"lon":4.7901},{"code_insee":"10103","nom":"Colombé-le-Sec","codes_postaux":["10200"],"code_dep":"10","code_region":"44","population":157,"surface_km2":8.81,"lat":48.2599,"lon":4.8022},{"code_insee":"10104","nom":"Cormost","codes_postaux":["10800"],"code_dep":"10","code_region":"44","population":283,"surface_km2":11.37,"lat":48.1545,"lon":4.1357},{"code_insee":"10105","nom":"Courcelles-sur-Voire","codes_postaux":["10500"],"code_dep":"10","code_region":"44","population":22,"surface_km2":4.92,"lat":48.483,"lon":4.5297},{"code_insee":"10106","nom":"Courceroy","codes_postaux":["10400"],"code_dep":"10","code_region":"44","population":150,"surface_km2":6.68,"lat":48.4702,"lon":3.4073},{"code_insee":"10107","nom":"Coursan-en-Othe","codes_postaux":["10130"],"code_dep":"10","code_region":"44","population":100,"surface_km2":9.37,"lat":48.0794,"lon":3.8289},{"code_insee":"10108","nom":"Courtaoult","codes_postaux":["10130"],"code_dep":"10","code_region":"44","population":95,"surface_km2":8.44,"lat":48.024,"lon":3.8691},{"code_insee":"10109","nom":"Courtenot","codes_postaux":["10260"],"code_dep":"10","code_region":"44","population":211,"surface_km2":8.34,"lat":48.156,"lon":4.3131},{"code_insee":"10110","nom":"Courteranges","codes_postaux":["10270"],"code_dep":"10","code_region":"44","population":594,"surface_km2":6.51,"lat":48.267,"lon":4.2261},{"code_insee":"10111","nom":"Courteron","codes_postaux":["10250"],"code_dep":"10","code_region":"44","population":99,"surface_km2":10.31,"lat":48.016,"lon":4.4652},{"code_insee":"10112","nom":"Coussegrey","codes_postaux":["10210"],"code_dep":"10","code_region":"44","population":180,"surface_km2":15.93,"lat":47.9511,"lon":4.0326},{"code_insee":"10113","nom":"Couvignon","codes_postaux":["10200"],"code_dep":"10","code_region":"44","population":199,"surface_km2":13.42,"lat":48.2022,"lon":4.6659},{"code_insee":"10114","nom":"Crancey","codes_postaux":["10100"],"code_dep":"10","code_region":"44","population":691,"surface_km2":8.87,"lat":48.5191,"lon":3.6387},{"code_insee":"10115","nom":"Creney-près-Troyes","codes_postaux":["10150"],"code_dep":"10","code_region":"44","population":2013,"surface_km2":15.78,"lat":48.3379,"lon":4.1439},{"code_insee":"10116","nom":"Crésantignes","codes_postaux":["10320"],"code_dep":"10","code_region":"44","population":307,"surface_km2":2.11,"lat":48.1433,"lon":4.0195},{"code_insee":"10117","nom":"Crespy-le-Neuf","codes_postaux":["10500"],"code_dep":"10","code_region":"44","population":123,"surface_km2":10.15,"lat":48.3976,"lon":4.6105},{"code_insee":"10118","nom":"Les Croûtes","codes_postaux":["10130"],"code_dep":"10","code_region":"44","population":99,"surface_km2":7.13,"lat":47.9917,"lon":3.8624},{"code_insee":"10119","nom":"Cunfin","codes_postaux":["10360"],"code_dep":"10","code_region":"44","population":161,"surface_km2":33.24,"lat":48.0458,"lon":4.6698},{"code_insee":"10120","nom":"Cussangy","codes_postaux":["10210"],"code_dep":"10","code_region":"44","population":200,"surface_km2":21.36,"lat":48.0276,"lon":4.0868},{"code_insee":"10121","nom":"Dampierre","codes_postaux":["10240"],"code_dep":"10","code_region":"44","population":327,"surface_km2":29.49,"lat":48.5677,"lon":4.3653},{"code_insee":"10122","nom":"Davrey","codes_postaux":["10130"],"code_dep":"10","code_region":"44","population":229,"surface_km2":9.62,"lat":48.0455,"lon":3.9555},{"code_insee":"10123","nom":"Dienville","codes_postaux":["10500"],"code_dep":"10","code_region":"44","population":813,"surface_km2":20.55,"lat":48.3268,"lon":4.5102},{"code_insee":"10124","nom":"Dierrey-Saint-Julien","codes_postaux":["10190"],"code_dep":"10","code_region":"44","population":275,"surface_km2":21.28,"lat":48.3022,"lon":3.8379},{"code_insee":"10125","nom":"Dierrey-Saint-Pierre","codes_postaux":["10190"],"code_dep":"10","code_region":"44","population":305,"surface_km2":21.73,"lat":48.3315,"lon":3.8398},{"code_insee":"10126","nom":"Dolancourt","codes_postaux":["10200"],"code_dep":"10","code_region":"44","population":124,"surface_km2":4.87,"lat":48.2677,"lon":4.6078},{"code_insee":"10127","nom":"Dommartin-le-Coq","codes_postaux":["10240"],"code_dep":"10","code_region":"44","population":49,"surface_km2":6.41,"lat":48.4978,"lon":4.3541},{"code_insee":"10128","nom":"Donnement","codes_postaux":["10330"],"code_dep":"10","code_region":"44","population":71,"surface_km2":11.29,"lat":48.5218,"lon":4.4268},{"code_insee":"10129","nom":"Dosches","codes_postaux":["10220"],"code_dep":"10","code_region":"44","population":312,"surface_km2":20.47,"lat":48.3104,"lon":4.2773},{"code_insee":"10130","nom":"Dosnon","codes_postaux":["10700"],"code_dep":"10","code_region":"44","population":100,"surface_km2":28.89,"lat":48.6132,"lon":4.2507},{"code_insee":"10131","nom":"Droupt-Saint-Basle","codes_postaux":["10170"],"code_dep":"10","code_region":"44","population":339,"surface_km2":18.67,"lat":48.4804,"lon":3.957},{"code_insee":"10132","nom":"Droupt-Sainte-Marie","codes_postaux":["10170"],"code_dep":"10","code_region":"44","population":256,"surface_km2":14.54,"lat":48.4995,"lon":3.9404},{"code_insee":"10133","nom":"Eaux-Puiseaux","codes_postaux":["10130"],"code_dep":"10","code_region":"44","population":248,"surface_km2":8.65,"lat":48.1189,"lon":3.8819},{"code_insee":"10134","nom":"Échemines","codes_postaux":["10350"],"code_dep":"10","code_region":"44","population":82,"surface_km2":18.55,"lat":48.3883,"lon":3.835},{"code_insee":"10135","nom":"Éclance","codes_postaux":["10200"],"code_dep":"10","code_region":"44","population":86,"surface_km2":11.45,"lat":48.3045,"lon":4.6414},{"code_insee":"10136","nom":"Éguilly-sous-Bois","codes_postaux":["10110"],"code_dep":"10","code_region":"44","population":111,"surface_km2":10.12,"lat":48.1367,"lon":4.5396},{"code_insee":"10137","nom":"Engente","codes_postaux":["10200"],"code_dep":"10","code_region":"44","population":26,"surface_km2":5.11,"lat":48.2789,"lon":4.767},{"code_insee":"10138","nom":"Épagne","codes_postaux":["10500"],"code_dep":"10","code_region":"44","population":126,"surface_km2":4.04,"lat":48.3977,"lon":4.4701},{"code_insee":"10139","nom":"Épothémont","codes_postaux":["10500"],"code_dep":"10","code_region":"44","population":153,"surface_km2":10.43,"lat":48.4141,"lon":4.6629},{"code_insee":"10140","nom":"Ervy-le-Châtel","codes_postaux":["10130"],"code_dep":"10","code_region":"44","population":1099,"surface_km2":21.53,"lat":48.0587,"lon":3.9093},{"code_insee":"10141","nom":"Essoyes","codes_postaux":["10360"],"code_dep":"10","code_region":"44","population":708,"surface_km2":35.91,"lat":48.0473,"lon":4.5426},{"code_insee":"10142","nom":"Estissac","codes_postaux":["10190"],"code_dep":"10","code_region":"44","population":1763,"surface_km2":25.49,"lat":48.2507,"lon":3.8117},{"code_insee":"10143","nom":"Étourvy","codes_postaux":["10210"],"code_dep":"10","code_region":"44","population":141,"surface_km2":15.5,"lat":47.9494,"lon":4.1302},{"code_insee":"10144","nom":"Étrelles-sur-Aube","codes_postaux":["10170"],"code_dep":"10","code_region":"44","population":158,"surface_km2":10.54,"lat":48.5602,"lon":3.876},{"code_insee":"10145","nom":"Faux-Villecerf","codes_postaux":["10290"],"code_dep":"10","code_region":"44","population":215,"surface_km2":21.4,"lat":48.3278,"lon":3.7413},{"code_insee":"10146","nom":"Fay-lès-Marcilly","codes_postaux":["10290"],"code_dep":"10","code_region":"44","population":80,"surface_km2":5.75,"lat":48.4038,"lon":3.6071},{"code_insee":"10147","nom":"Fays-la-Chapelle","codes_postaux":["10320"],"code_dep":"10","code_region":"44","population":119,"surface_km2":0.6,"lat":48.1306,"lon":4.0177},{"code_insee":"10148","nom":"Ferreux-Quincey","codes_postaux":["10400"],"code_dep":"10","code_region":"44","population":404,"surface_km2":15.34,"lat":48.4611,"lon":3.6003},{"code_insee":"10149","nom":"Feuges","codes_postaux":["10150"],"code_dep":"10","code_region":"44","population":330,"surface_km2":11.04,"lat":48.3964,"lon":4.1118},{"code_insee":"10150","nom":"Fontaine","codes_postaux":["10200"],"code_dep":"10","code_region":"44","population":246,"surface_km2":5.71,"lat":48.2085,"lon":4.7194},{"code_insee":"10151","nom":"Fontaine-les-Grès","codes_postaux":["10280"],"code_dep":"10","code_region":"44","population":914,"surface_km2":12.24,"lat":48.4108,"lon":3.8876},{"code_insee":"10153","nom":"Fontaine-Mâcon","codes_postaux":["10400"],"code_dep":"10","code_region":"44","population":635,"surface_km2":15.99,"lat":48.4564,"lon":3.509},{"code_insee":"10154","nom":"Fontenay-de-Bossery","codes_postaux":["10400"],"code_dep":"10","code_region":"44","population":70,"surface_km2":8.33,"lat":48.4519,"lon":3.467},{"code_insee":"10155","nom":"Fontette","codes_postaux":["10360"],"code_dep":"10","code_region":"44","population":178,"surface_km2":19.53,"lat":48.0751,"lon":4.6133},{"code_insee":"10156","nom":"Fontvannes","codes_postaux":["10190"],"code_dep":"10","code_region":"44","population":707,"surface_km2":12.96,"lat":48.2822,"lon":3.8699},{"code_insee":"10157","nom":"La Fosse-Corduan","codes_postaux":["10100"],"code_dep":"10","code_region":"44","population":213,"surface_km2":3.77,"lat":48.4423,"lon":3.6542},{"code_insee":"10158","nom":"Fouchères","codes_postaux":["10260"],"code_dep":"10","code_region":"44","population":503,"surface_km2":8.63,"lat":48.1447,"lon":4.2755},{"code_insee":"10159","nom":"Fralignes","codes_postaux":["10110"],"code_dep":"10","code_region":"44","population":101,"surface_km2":5.08,"lat":48.1639,"lon":4.3807},{"code_insee":"10160","nom":"Fravaux","codes_postaux":["10200"],"code_dep":"10","code_region":"44","population":36,"surface_km2":3.62,"lat":48.2356,"lon":4.6417},{"code_insee":"10161","nom":"Fresnay","codes_postaux":["10200"],"code_dep":"10","code_region":"44","population":49,"surface_km2":7.55,"lat":48.3085,"lon":4.7595},{"code_insee":"10162","nom":"Fresnoy-le-Château","codes_postaux":["10270"],"code_dep":"10","code_region":"44","population":269,"surface_km2":11.56,"lat":48.2212,"lon":4.2317},{"code_insee":"10163","nom":"Fuligny","codes_postaux":["10200"],"code_dep":"10","code_region":"44","population":40,"surface_km2":10.29,"lat":48.3429,"lon":4.699},{"code_insee":"10164","nom":"Gélannes","codes_postaux":["10100"],"code_dep":"10","code_region":"44","population":694,"surface_km2":12.09,"lat":48.4751,"lon":3.6716},{"code_insee":"10165","nom":"Géraudot","codes_postaux":["10220"],"code_dep":"10","code_region":"44","population":339,"surface_km2":16.12,"lat":48.3017,"lon":4.3202},{"code_insee":"10166","nom":"Les Grandes-Chapelles","codes_postaux":["10170"],"code_dep":"10","code_region":"44","population":401,"surface_km2":22.1,"lat":48.4685,"lon":4.0317},{"code_insee":"10167","nom":"Grandville","codes_postaux":["10700"],"code_dep":"10","code_region":"44","population":86,"surface_km2":9.15,"lat":48.5934,"lon":4.2408},{"code_insee":"10168","nom":"Les Granges","codes_postaux":["10210"],"code_dep":"10","code_region":"44","population":79,"surface_km2":1.64,"lat":48.0562,"lon":4.0612},{"code_insee":"10169","nom":"Gumery","codes_postaux":["10400"],"code_dep":"10","code_region":"44","population":225,"surface_km2":10.92,"lat":48.4395,"lon":3.4196},{"code_insee":"10170","nom":"Gyé-sur-Seine","codes_postaux":["10250"],"code_dep":"10","code_region":"44","population":463,"surface_km2":23.55,"lat":48.0038,"lon":4.4401},{"code_insee":"10171","nom":"Hampigny","codes_postaux":["10500"],"code_dep":"10","code_region":"44","population":217,"surface_km2":9.51,"lat":48.4611,"lon":4.6031},{"code_insee":"10172","nom":"Herbisse","codes_postaux":["10700"],"code_dep":"10","code_region":"44","population":148,"surface_km2":21.91,"lat":48.6154,"lon":4.1228},{"code_insee":"10173","nom":"Isle-Aumont","codes_postaux":["10800"],"code_dep":"10","code_region":"44","population":505,"surface_km2":3.5,"lat":48.2042,"lon":4.1217},{"code_insee":"10174","nom":"Isle-Aubigny","codes_postaux":["10240"],"code_dep":"10","code_region":"44","population":166,"surface_km2":18.84,"lat":48.5414,"lon":4.284},{"code_insee":"10175","nom":"Jasseines","codes_postaux":["10330"],"code_dep":"10","code_region":"44","population":155,"surface_km2":16.42,"lat":48.511,"lon":4.3956},{"code_insee":"10176","nom":"Jaucourt","codes_postaux":["10200"],"code_dep":"10","code_region":"44","population":138,"surface_km2":6.62,"lat":48.2545,"lon":4.6416},{"code_insee":"10177","nom":"Javernant","codes_postaux":["10320"],"code_dep":"10","code_region":"44","population":165,"surface_km2":5.66,"lat":48.1589,"lon":3.9973},{"code_insee":"10178","nom":"Jessains","codes_postaux":["10140"],"code_dep":"10","code_region":"44","population":251,"surface_km2":10.9,"lat":48.2854,"lon":4.5705},{"code_insee":"10179","nom":"Jeugny","codes_postaux":["10320"],"code_dep":"10","code_region":"44","population":463,"surface_km2":16.05,"lat":48.1139,"lon":4.06},{"code_insee":"10180","nom":"Joncreuil","codes_postaux":["10330"],"code_dep":"10","code_region":"44","population":90,"surface_km2":10.63,"lat":48.5282,"lon":4.6196},{"code_insee":"10181","nom":"Jully-sur-Sarce","codes_postaux":["10260"],"code_dep":"10","code_region":"44","population":232,"surface_km2":30.59,"lat":48.1113,"lon":4.28},{"code_insee":"10182","nom":"Juvancourt","codes_postaux":["10310"],"code_dep":"10","code_region":"44","population":102,"surface_km2":8.38,"lat":48.119,"lon":4.8113},{"code_insee":"10183","nom":"Juvanzé","codes_postaux":["10140"],"code_dep":"10","code_region":"44","population":36,"surface_km2":4.97,"lat":48.3237,"lon":4.5865},{"code_insee":"10184","nom":"Juzanvigny","codes_postaux":["10500"],"code_dep":"10","code_region":"44","population":120,"surface_km2":7.67,"lat":48.4169,"lon":4.6097},{"code_insee":"10185","nom":"Lagesse","codes_postaux":["10210"],"code_dep":"10","code_region":"44","population":209,"surface_km2":12.67,"lat":48.0169,"lon":4.129},{"code_insee":"10186","nom":"Laines-aux-Bois","codes_postaux":["10120"],"code_dep":"10","code_region":"44","population":528,"surface_km2":16.43,"lat":48.2254,"lon":3.9817},{"code_insee":"10187","nom":"Landreville","codes_postaux":["10110"],"code_dep":"10","code_region":"44","population":395,"surface_km2":14.23,"lat":48.0755,"lon":4.4659},{"code_insee":"10188","nom":"Lantages","codes_postaux":["10210"],"code_dep":"10","code_region":"44","population":221,"surface_km2":18.91,"lat":48.0812,"lon":4.2014},{"code_insee":"10189","nom":"Lassicourt","codes_postaux":["10500"],"code_dep":"10","code_region":"44","population":55,"surface_km2":7.71,"lat":48.4347,"lon":4.4998},{"code_insee":"10190","nom":"Laubressel","codes_postaux":["10270"],"code_dep":"10","code_region":"44","population":551,"surface_km2":16.37,"lat":48.3019,"lon":4.231},{"code_insee":"10191","nom":"Lavau","codes_postaux":["10150"],"code_dep":"10","code_region":"44","population":1009,"surface_km2":5.74,"lat":48.3343,"lon":4.0921},{"code_insee":"10192","nom":"Lentilles","codes_postaux":["10330"],"code_dep":"10","code_region":"44","population":128,"surface_km2":17.27,"lat":48.4899,"lon":4.6282},{"code_insee":"10193","nom":"Lesmont","codes_postaux":["10500"],"code_dep":"10","code_region":"44","population":298,"surface_km2":10.04,"lat":48.4287,"lon":4.4296},{"code_insee":"10194","nom":"Lévigny","codes_postaux":["10200"],"code_dep":"10","code_region":"44","population":93,"surface_km2":13.68,"lat":48.2989,"lon":4.7053},{"code_insee":"10195","nom":"Lhuître","codes_postaux":["10700"],"code_dep":"10","code_region":"44","population":268,"surface_km2":36.07,"lat":48.5799,"lon":4.2721},{"code_insee":"10196","nom":"Lignières","codes_postaux":["10130"],"code_dep":"10","code_region":"44","population":223,"surface_km2":25.94,"lat":47.9635,"lon":3.967},{"code_insee":"10197","nom":"Lignol-le-Château","codes_postaux":["10200"],"code_dep":"10","code_region":"44","population":155,"surface_km2":21.78,"lat":48.2132,"lon":4.8081},{"code_insee":"10198","nom":"Lirey","codes_postaux":["10320"],"code_dep":"10","code_region":"44","population":116,"surface_km2":4.86,"lat":48.1635,"lon":4.0425},{"code_insee":"10199","nom":"Loches-sur-Ource","codes_postaux":["10110"],"code_dep":"10","code_region":"44","population":350,"surface_km2":13.81,"lat":48.0705,"lon":4.5025},{"code_insee":"10200","nom":"La Loge-aux-Chèvres","codes_postaux":["10140"],"code_dep":"10","code_region":"44","population":94,"surface_km2":2.87,"lat":48.2686,"lon":4.4078},{"code_insee":"10201","nom":"La Loge-Pomblin","codes_postaux":["10210"],"code_dep":"10","code_region":"44","population":53,"surface_km2":5.23,"lat":48.0703,"lon":4.0444},{"code_insee":"10202","nom":"Les Loges-Margueron","codes_postaux":["10210"],"code_dep":"10","code_region":"44","population":210,"surface_km2":31.25,"lat":48.0996,"lon":4.1113},{"code_insee":"10203","nom":"Longchamp-sur-Aujon","codes_postaux":["10310"],"code_dep":"10","code_region":"44","population":361,"surface_km2":16.6,"lat":48.1544,"lon":4.8148},{"code_insee":"10204","nom":"Longeville-sur-Mogne","codes_postaux":["10320"],"code_dep":"10","code_region":"44","population":137,"surface_km2":4.14,"lat":48.1469,"lon":4.0652},{"code_insee":"10205","nom":"Longpré-le-Sec","codes_postaux":["10140"],"code_dep":"10","code_region":"44","population":67,"surface_km2":15.7,"lat":48.1846,"lon":4.5317},{"code_insee":"10206","nom":"Longsols","codes_postaux":["10240"],"code_dep":"10","code_region":"44","population":129,"surface_km2":12.65,"lat":48.425,"lon":4.2791},{"code_insee":"10207","nom":"Longueville-sur-Aube","codes_postaux":["10170"],"code_dep":"10","code_region":"44","population":134,"surface_km2":11.66,"lat":48.5484,"lon":3.9116},{"code_insee":"10208","nom":"La Louptière-Thénard","codes_postaux":["10400"],"code_dep":"10","code_region":"44","population":302,"surface_km2":13.72,"lat":48.3836,"lon":3.4417},{"code_insee":"10209","nom":"Lusigny-sur-Barse","codes_postaux":["10270"],"code_dep":"10","code_region":"44","population":2267,"surface_km2":38.13,"lat":48.2598,"lon":4.2808},{"code_insee":"10210","nom":"Luyères","codes_postaux":["10150"],"code_dep":"10","code_region":"44","population":466,"surface_km2":17.5,"lat":48.3808,"lon":4.1933},{"code_insee":"10211","nom":"Macey","codes_postaux":["10300"],"code_dep":"10","code_region":"44","population":975,"surface_km2":20.84,"lat":48.3043,"lon":3.9109},{"code_insee":"10212","nom":"Machy","codes_postaux":["10320"],"code_dep":"10","code_region":"44","population":108,"surface_km2":2.73,"lat":48.1469,"lon":4.0353},{"code_insee":"10213","nom":"Magnant","codes_postaux":["10110"],"code_dep":"10","code_region":"44","population":164,"surface_km2":15.28,"lat":48.1712,"lon":4.4217},{"code_insee":"10214","nom":"Magnicourt","codes_postaux":["10240"],"code_dep":"10","code_region":"44","population":83,"surface_km2":7.82,"lat":48.4576,"lon":4.3821},{"code_insee":"10215","nom":"Magny-Fouchard","codes_postaux":["10140"],"code_dep":"10","code_region":"44","population":260,"surface_km2":15.07,"lat":48.2327,"lon":4.5416},{"code_insee":"10216","nom":"Mailly-le-Camp","codes_postaux":["10230"],"code_dep":"10","code_region":"44","population":2015,"surface_km2":42.95,"lat":48.6683,"lon":4.1828},{"code_insee":"10217","nom":"Maison-des-Champs","codes_postaux":["10140"],"code_dep":"10","code_region":"44","population":36,"surface_km2":4.35,"lat":48.2449,"lon":4.5716},{"code_insee":"10218","nom":"Maisons-lès-Chaource","codes_postaux":["10210"],"code_dep":"10","code_region":"44","population":177,"surface_km2":5.89,"lat":48.006,"lon":4.1646},{"code_insee":"10219","nom":"Maisons-lès-Soulaines","codes_postaux":["10200"],"code_dep":"10","code_region":"44","population":57,"surface_km2":6.09,"lat":48.2962,"lon":4.7836},{"code_insee":"10220","nom":"Maizières-la-Grande-Paroisse","codes_postaux":["10510"],"code_dep":"10","code_region":"44","population":1528,"surface_km2":20.38,"lat":48.5041,"lon":3.7911},{"code_insee":"10221","nom":"Maizières-lès-Brienne","codes_postaux":["10500"],"code_dep":"10","code_region":"44","population":155,"surface_km2":9.48,"lat":48.4305,"lon":4.6055},{"code_insee":"10222","nom":"Maraye-en-Othe","codes_postaux":["10160"],"code_dep":"10","code_region":"44","population":423,"surface_km2":42.32,"lat":48.1575,"lon":3.8698},{"code_insee":"10223","nom":"Marcilly-le-Hayer","codes_postaux":["10290"],"code_dep":"10","code_region":"44","population":706,"surface_km2":34.45,"lat":48.329,"lon":3.6417},{"code_insee":"10224","nom":"Marigny-le-Châtel","codes_postaux":["10350"],"code_dep":"10","code_region":"44","population":1749,"surface_km2":20.35,"lat":48.3991,"lon":3.7196},{"code_insee":"10225","nom":"Marnay-sur-Seine","codes_postaux":["10400"],"code_dep":"10","code_region":"44","population":234,"surface_km2":9.99,"lat":48.5143,"lon":3.5528},{"code_insee":"10226","nom":"Marolles-lès-Bailly","codes_postaux":["10110"],"code_dep":"10","code_region":"44","population":115,"surface_km2":4.37,"lat":48.1877,"lon":4.3432},{"code_insee":"10227","nom":"Marolles-sous-Lignières","codes_postaux":["10130"],"code_dep":"10","code_region":"44","population":371,"surface_km2":15.13,"lat":47.9602,"lon":3.9186},{"code_insee":"10228","nom":"Mathaux","codes_postaux":["10500"],"code_dep":"10","code_region":"44","population":219,"surface_km2":12.52,"lat":48.3556,"lon":4.4629},{"code_insee":"10229","nom":"Maupas","codes_postaux":["10320"],"code_dep":"10","code_region":"44","population":98,"surface_km2":4.28,"lat":48.1373,"lon":4.076},{"code_insee":"10230","nom":"Mergey","codes_postaux":["10600"],"code_dep":"10","code_region":"44","population":654,"surface_km2":15.06,"lat":48.3941,"lon":4.0353},{"code_insee":"10231","nom":"Le Mériot","codes_postaux":["10400"],"code_dep":"10","code_region":"44","population":611,"surface_km2":12.63,"lat":48.5073,"lon":3.4407},{"code_insee":"10232","nom":"Merrey-sur-Arce","codes_postaux":["10110"],"code_dep":"10","code_region":"44","population":325,"surface_km2":8.45,"lat":48.0964,"lon":4.4059},{"code_insee":"10233","nom":"Méry-sur-Seine","codes_postaux":["10170"],"code_dep":"10","code_region":"44","population":1431,"surface_km2":12.44,"lat":48.5052,"lon":3.8993},{"code_insee":"10234","nom":"Mesgrigny","codes_postaux":["10170"],"code_dep":"10","code_region":"44","population":255,"surface_km2":7.26,"lat":48.4804,"lon":3.864},{"code_insee":"10235","nom":"Mesnil-la-Comtesse","codes_postaux":["10700"],"code_dep":"10","code_region":"44","population":58,"surface_km2":0.96,"lat":48.5003,"lon":4.1975},{"code_insee":"10236","nom":"Mesnil-Lettre","codes_postaux":["10240"],"code_dep":"10","code_region":"44","population":57,"surface_km2":8.8,"lat":48.4628,"lon":4.2598},{"code_insee":"10237","nom":"Mesnil-Saint-Loup","codes_postaux":["10190"],"code_dep":"10","code_region":"44","population":579,"surface_km2":11.37,"lat":48.3093,"lon":3.7685},{"code_insee":"10238","nom":"Mesnil-Saint-Père","codes_postaux":["10140"],"code_dep":"10","code_region":"44","population":438,"surface_km2":17.54,"lat":48.2529,"lon":4.3447},{"code_insee":"10239","nom":"Mesnil-Sellières","codes_postaux":["10220"],"code_dep":"10","code_region":"44","population":568,"surface_km2":8.46,"lat":48.3341,"lon":4.2057},{"code_insee":"10240","nom":"Messon","codes_postaux":["10190"],"code_dep":"10","code_region":"44","population":465,"surface_km2":11.47,"lat":48.2616,"lon":3.9166},{"code_insee":"10241","nom":"Metz-Robert","codes_postaux":["10210"],"code_dep":"10","code_region":"44","population":54,"surface_km2":4.27,"lat":48.0696,"lon":4.0969},{"code_insee":"10242","nom":"Meurville","codes_postaux":["10200"],"code_dep":"10","code_region":"44","population":151,"surface_km2":16.42,"lat":48.2066,"lon":4.61},{"code_insee":"10243","nom":"Molins-sur-Aube","codes_postaux":["10500"],"code_dep":"10","code_region":"44","population":102,"surface_km2":6.24,"lat":48.4319,"lon":4.3872},{"code_insee":"10245","nom":"Montaulin","codes_postaux":["10270"],"code_dep":"10","code_region":"44","population":825,"surface_km2":12.48,"lat":48.2487,"lon":4.1958},{"code_insee":"10246","nom":"Montceaux-lès-Vaudes","codes_postaux":["10260"],"code_dep":"10","code_region":"44","population":247,"surface_km2":10.1,"lat":48.1511,"lon":4.158},{"code_insee":"10247","nom":"Montfey","codes_postaux":["10130"],"code_dep":"10","code_region":"44","population":115,"surface_km2":11.5,"lat":48.0679,"lon":3.8722},{"code_insee":"10248","nom":"Montgueux","codes_postaux":["10300"],"code_dep":"10","code_region":"44","population":386,"surface_km2":11.26,"lat":48.2967,"lon":3.9551},{"code_insee":"10249","nom":"Montiéramey","codes_postaux":["10270"],"code_dep":"10","code_region":"44","population":398,"surface_km2":6.72,"lat":48.2344,"lon":4.3161},{"code_insee":"10250","nom":"Montier-en-l'Isle","codes_postaux":["10200"],"code_dep":"10","code_region":"44","population":213,"surface_km2":10.6,"lat":48.2678,"lon":4.6849},{"code_insee":"10251","nom":"Montigny-les-Monts","codes_postaux":["10130"],"code_dep":"10","code_region":"44","population":247,"surface_km2":14.71,"lat":48.096,"lon":3.9614},{"code_insee":"10252","nom":"Montmartin-le-Haut","codes_postaux":["10140"],"code_dep":"10","code_region":"44","population":62,"surface_km2":1.65,"lat":48.2105,"lon":4.5503},{"code_insee":"10253","nom":"Montmorency-Beaufort","codes_postaux":["10330"],"code_dep":"10","code_region":"44","population":134,"surface_km2":9.5,"lat":48.4867,"lon":4.5547},{"code_insee":"10254","nom":"Montpothier","codes_postaux":["10400"],"code_dep":"10","code_region":"44","population":325,"surface_km2":7.87,"lat":48.5732,"lon":3.5151},{"code_insee":"10255","nom":"Montreuil-sur-Barse","codes_postaux":["10270"],"code_dep":"10","code_region":"44","population":293,"surface_km2":13.06,"lat":48.217,"lon":4.2901},{"code_insee":"10256","nom":"Montsuzain","codes_postaux":["10150"],"code_dep":"10","code_region":"44","population":391,"surface_km2":19.7,"lat":48.4472,"lon":4.1294},{"code_insee":"10257","nom":"Morembert","codes_postaux":["10240"],"code_dep":"10","code_region":"44","population":30,"surface_km2":2.52,"lat":48.5039,"lon":4.3317},{"code_insee":"10258","nom":"Morvilliers","codes_postaux":["10500"],"code_dep":"10","code_region":"44","population":273,"surface_km2":15.64,"lat":48.3792,"lon":4.6337},{"code_insee":"10259","nom":"La Motte-Tilly","codes_postaux":["10400"],"code_dep":"10","code_region":"44","population":373,"surface_km2":11.65,"lat":48.4758,"lon":3.4392},{"code_insee":"10260","nom":"Moussey","codes_postaux":["10800"],"code_dep":"10","code_region":"44","population":656,"surface_km2":7.24,"lat":48.2182,"lon":4.0925},{"code_insee":"10261","nom":"Mussy-sur-Seine","codes_postaux":["10250"],"code_dep":"10","code_region":"44","population":914,"surface_km2":28.02,"lat":47.9883,"lon":4.499},{"code_insee":"10262","nom":"Neuville-sur-Seine","codes_postaux":["10250"],"code_dep":"10","code_region":"44","population":376,"surface_km2":14.6,"lat":48.0313,"lon":4.4146},{"code_insee":"10263","nom":"Neuville-sur-Vanne","codes_postaux":["10190"],"code_dep":"10","code_region":"44","population":475,"surface_km2":17.27,"lat":48.255,"lon":3.7732},{"code_insee":"10264","nom":"Noé-les-Mallets","codes_postaux":["10360"],"code_dep":"10","code_region":"44","population":104,"surface_km2":8.45,"lat":48.0974,"lon":4.5592},{"code_insee":"10265","nom":"Les Noës-près-Troyes","codes_postaux":["10420"],"code_dep":"10","code_region":"44","population":3261,"surface_km2":0.75,"lat":48.3033,"lon":4.0407},{"code_insee":"10266","nom":"Nogent-en-Othe","codes_postaux":["10160"],"code_dep":"10","code_region":"44","population":42,"surface_km2":9.09,"lat":48.1289,"lon":3.7922},{"code_insee":"10267","nom":"Nogent-sur-Aube","codes_postaux":["10240"],"code_dep":"10","code_region":"44","population":313,"surface_km2":16.01,"lat":48.4866,"lon":4.3004},{"code_insee":"10268","nom":"Nogent-sur-Seine","codes_postaux":["10400"],"code_dep":"10","code_region":"44","population":5537,"surface_km2":19.9,"lat":48.4978,"lon":3.4943},{"code_insee":"10269","nom":"Nozay","codes_postaux":["10700"],"code_dep":"10","code_region":"44","population":160,"surface_km2":15.85,"lat":48.496,"lon":4.0869},{"code_insee":"10270","nom":"Onjon","codes_postaux":["10220"],"code_dep":"10","code_region":"44","population":258,"surface_km2":22.43,"lat":48.3951,"lon":4.2721},{"code_insee":"10271","nom":"Origny-le-Sec","codes_postaux":["10510"],"code_dep":"10","code_region":"44","population":604,"surface_km2":16.42,"lat":48.4624,"lon":3.7688},{"code_insee":"10272","nom":"Ormes","codes_postaux":["10700"],"code_dep":"10","code_region":"44","population":163,"surface_km2":10.22,"lat":48.555,"lon":4.1123},{"code_insee":"10273","nom":"Ortillon","codes_postaux":["10700"],"code_dep":"10","code_region":"44","population":21,"surface_km2":8.03,"lat":48.4938,"lon":4.2237},{"code_insee":"10274","nom":"Orvilliers-Saint-Julien","codes_postaux":["10170"],"code_dep":"10","code_region":"44","population":313,"surface_km2":24.11,"lat":48.4387,"lon":3.8186},{"code_insee":"10275","nom":"Ossey-les-Trois-Maisons","codes_postaux":["10100"],"code_dep":"10","code_region":"44","population":581,"surface_km2":16.32,"lat":48.4386,"lon":3.7471},{"code_insee":"10276","nom":"Paisy-Cosdon","codes_postaux":["10160"],"code_dep":"10","code_region":"44","population":343,"surface_km2":17.78,"lat":48.2166,"lon":3.7005},{"code_insee":"10278","nom":"Pargues","codes_postaux":["10210"],"code_dep":"10","code_region":"44","population":143,"surface_km2":14.02,"lat":48.0158,"lon":4.209},{"code_insee":"10279","nom":"Pars-lès-Chavanges","codes_postaux":["10330"],"code_dep":"10","code_region":"44","population":45,"surface_km2":8.49,"lat":48.5177,"lon":4.5005},{"code_insee":"10280","nom":"Pars-lès-Romilly","codes_postaux":["10100"],"code_dep":"10","code_region":"44","population":845,"surface_km2":17.96,"lat":48.482,"lon":3.7289},{"code_insee":"10281","nom":"Le Pavillon-Sainte-Julie","codes_postaux":["10350"],"code_dep":"10","code_region":"44","population":280,"surface_km2":22.94,"lat":48.3635,"lon":3.8974},{"code_insee":"10282","nom":"Payns","codes_postaux":["10600"],"code_dep":"10","code_region":"44","population":1394,"surface_km2":17.14,"lat":48.373,"lon":3.9602},{"code_insee":"10283","nom":"Pel-et-Der","codes_postaux":["10500"],"code_dep":"10","code_region":"44","population":128,"surface_km2":13.33,"lat":48.3937,"lon":4.4097},{"code_insee":"10284","nom":"Périgny-la-Rose","codes_postaux":["10400"],"code_dep":"10","code_region":"44","population":154,"surface_km2":6.98,"lat":48.5537,"lon":3.6259},{"code_insee":"10285","nom":"Perthes-lès-Brienne","codes_postaux":["10500"],"code_dep":"10","code_region":"44","population":61,"surface_km2":3.83,"lat":48.4321,"lon":4.5398},{"code_insee":"10286","nom":"Petit-Mesnil","codes_postaux":["10500"],"code_dep":"10","code_region":"44","population":203,"surface_km2":14.75,"lat":48.3416,"lon":4.6152},{"code_insee":"10287","nom":"Piney","codes_postaux":["10220"],"code_dep":"10","code_region":"44","population":1387,"surface_km2":71.48,"lat":48.3285,"lon":4.3585},{"code_insee":"10288","nom":"Plaines-Saint-Lange","codes_postaux":["10250"],"code_dep":"10","code_region":"44","population":266,"surface_km2":10.68,"lat":47.9981,"lon":4.4766},{"code_insee":"10289","nom":"Plancy-l'Abbaye","codes_postaux":["10380"],"code_dep":"10","code_region":"44","population":960,"surface_km2":41.99,"lat":48.592,"lon":3.9882},{"code_insee":"10290","nom":"Planty","codes_postaux":["10160"],"code_dep":"10","code_region":"44","population":229,"surface_km2":10.75,"lat":48.2723,"lon":3.6509},{"code_insee":"10291","nom":"Plessis-Barbuise","codes_postaux":["10400"],"code_dep":"10","code_region":"44","population":184,"surface_km2":5.57,"lat":48.5726,"lon":3.583},{"code_insee":"10293","nom":"Poivres","codes_postaux":["10700"],"code_dep":"10","code_region":"44","population":154,"surface_km2":42.49,"lat":48.684,"lon":4.2783},{"code_insee":"10294","nom":"Poligny","codes_postaux":["10110"],"code_dep":"10","code_region":"44","population":56,"surface_km2":1.44,"lat":48.1756,"lon":4.3464},{"code_insee":"10295","nom":"Polisot","codes_postaux":["10110"],"code_dep":"10","code_region":"44","population":321,"surface_km2":10.56,"lat":48.0733,"lon":4.3553},{"code_insee":"10296","nom":"Polisy","codes_postaux":["10110"],"code_dep":"10","code_region":"44","population":176,"surface_km2":11.44,"lat":48.0594,"lon":4.3626},{"code_insee":"10297","nom":"Pont-Sainte-Marie","codes_postaux":["10150"],"code_dep":"10","code_region":"44","population":5249,"surface_km2":3.99,"lat":48.3197,"lon":4.0966},{"code_insee":"10298","nom":"Pont-sur-Seine","codes_postaux":["10400"],"code_dep":"10","code_region":"44","population":1089,"surface_km2":16.07,"lat":48.5056,"lon":3.5965},{"code_insee":"10299","nom":"Pouan-les-Vallées","codes_postaux":["10700"],"code_dep":"10","code_region":"44","population":498,"surface_km2":16.67,"lat":48.5322,"lon":4.064},{"code_insee":"10300","nom":"Pougy","codes_postaux":["10240"],"code_dep":"10","code_region":"44","population":255,"surface_km2":8.97,"lat":48.437,"lon":4.3491},{"code_insee":"10301","nom":"Pouy-sur-Vannes","codes_postaux":["10290"],"code_dep":"10","code_region":"44","population":177,"surface_km2":15.71,"lat":48.2984,"lon":3.5981},{"code_insee":"10302","nom":"Praslin","codes_postaux":["10210"],"code_dep":"10","code_region":"44","population":92,"surface_km2":12.04,"lat":48.0464,"lon":4.2019},{"code_insee":"10303","nom":"Précy-Notre-Dame","codes_postaux":["10500"],"code_dep":"10","code_region":"44","population":66,"surface_km2":4.59,"lat":48.3996,"lon":4.4377},{"code_insee":"10304","nom":"Précy-Saint-Martin","codes_postaux":["10500"],"code_dep":"10","code_region":"44","population":177,"surface_km2":6.44,"lat":48.4155,"lon":4.4598},{"code_insee":"10305","nom":"Prémierfait","codes_postaux":["10170"],"code_dep":"10","code_region":"44","population":90,"surface_km2":14.89,"lat":48.5039,"lon":4.0224},{"code_insee":"10306","nom":"Proverville","codes_postaux":["10200"],"code_dep":"10","code_region":"44","population":217,"surface_km2":7.03,"lat":48.2337,"lon":4.6761},{"code_insee":"10307","nom":"Prugny","codes_postaux":["10190"],"code_dep":"10","code_region":"44","population":367,"surface_km2":8.57,"lat":48.2493,"lon":3.9388},{"code_insee":"10308","nom":"Prunay-Belleville","codes_postaux":["10350"],"code_dep":"10","code_region":"44","population":229,"surface_km2":25.76,"lat":48.3673,"lon":3.7804},{"code_insee":"10309","nom":"Prusy","codes_postaux":["10210"],"code_dep":"10","code_region":"44","population":84,"surface_km2":3.96,"lat":47.9744,"lon":4.0529},{"code_insee":"10310","nom":"Puits-et-Nuisement","codes_postaux":["10140"],"code_dep":"10","code_region":"44","population":201,"surface_km2":12.15,"lat":48.2141,"lon":4.5121},{"code_insee":"10312","nom":"Racines","codes_postaux":["10130"],"code_dep":"10","code_region":"44","population":179,"surface_km2":7.54,"lat":48.0496,"lon":3.8487},{"code_insee":"10313","nom":"Radonvilliers","codes_postaux":["10500"],"code_dep":"10","code_region":"44","population":320,"surface_km2":23.46,"lat":48.339,"lon":4.4753},{"code_insee":"10314","nom":"Ramerupt","codes_postaux":["10240"],"code_dep":"10","code_region":"44","population":417,"surface_km2":13.75,"lat":48.5257,"lon":4.3029},{"code_insee":"10315","nom":"Rances","codes_postaux":["10500"],"code_dep":"10","code_region":"44","population":39,"surface_km2":3.82,"lat":48.4623,"lon":4.5531},{"code_insee":"10316","nom":"Rhèges","codes_postaux":["10170"],"code_dep":"10","code_region":"44","population":206,"surface_km2":14.8,"lat":48.5334,"lon":3.9944},{"code_insee":"10317","nom":"Les Riceys","codes_postaux":["10340"],"code_dep":"10","code_region":"44","population":1174,"surface_km2":43.05,"lat":47.9907,"lon":4.3793},{"code_insee":"10318","nom":"Rigny-la-Nonneuse","codes_postaux":["10290"],"code_dep":"10","code_region":"44","population":158,"surface_km2":18.28,"lat":48.4149,"lon":3.6483},{"code_insee":"10319","nom":"Rigny-le-Ferron","codes_postaux":["10160"],"code_dep":"10","code_region":"44","population":323,"surface_km2":19.09,"lat":48.2022,"lon":3.6238},{"code_insee":"10320","nom":"Rilly-Sainte-Syre","codes_postaux":["10280"],"code_dep":"10","code_region":"44","population":231,"surface_km2":14.14,"lat":48.4504,"lon":3.9679},{"code_insee":"10321","nom":"La Rivière-de-Corps","codes_postaux":["10440"],"code_dep":"10","code_region":"44","population":3692,"surface_km2":7.34,"lat":48.2785,"lon":4.0154},{"code_insee":"10323","nom":"Romilly-sur-Seine","codes_postaux":["10100"],"code_dep":"10","code_region":"44","population":14959,"surface_km2":25.45,"lat":48.5158,"lon":3.7158},{"code_insee":"10324","nom":"Roncenay","codes_postaux":["10320"],"code_dep":"10","code_region":"44","population":175,"surface_km2":3.82,"lat":48.1963,"lon":4.0458},{"code_insee":"10325","nom":"Rosières-près-Troyes","codes_postaux":["10430"],"code_dep":"10","code_region":"44","population":4840,"surface_km2":6.24,"lat":48.2636,"lon":4.0651},{"code_insee":"10326","nom":"Rosnay-l'Hôpital","codes_postaux":["10500"],"code_dep":"10","code_region":"44","population":156,"surface_km2":12.68,"lat":48.4601,"lon":4.5039},{"code_insee":"10327","nom":"La Rothière","codes_postaux":["10500"],"code_dep":"10","code_region":"44","population":125,"surface_km2":7.22,"lat":48.3392,"lon":4.5869},{"code_insee":"10328","nom":"Rouilly-Sacey","codes_postaux":["10220"],"code_dep":"10","code_region":"44","population":387,"surface_km2":19.21,"lat":48.3471,"lon":4.2718},{"code_insee":"10329","nom":"Rouilly-Saint-Loup","codes_postaux":["10800"],"code_dep":"10","code_region":"44","population":541,"surface_km2":11.28,"lat":48.2655,"lon":4.1498},{"code_insee":"10330","nom":"Rouvres-les-Vignes","codes_postaux":["10200"],"code_dep":"10","code_region":"44","population":115,"surface_km2":8.25,"lat":48.2379,"lon":4.8248},{"code_insee":"10331","nom":"Rumilly-lès-Vaudes","codes_postaux":["10260"],"code_dep":"10","code_region":"44","population":564,"surface_km2":42.62,"lat":48.1242,"lon":4.1929},{"code_insee":"10332","nom":"Ruvigny","codes_postaux":["10410"],"code_dep":"10","code_region":"44","population":501,"surface_km2":4.17,"lat":48.2719,"lon":4.1905},{"code_insee":"10333","nom":"Saint-André-les-Vergers","codes_postaux":["10120"],"code_dep":"10","code_region":"44","population":12806,"surface_km2":5.77,"lat":48.2771,"lon":4.0464},{"code_insee":"10334","nom":"Saint-Aubin","codes_postaux":["10400"],"code_dep":"10","code_region":"44","population":580,"surface_km2":17.83,"lat":48.4822,"lon":3.5526},{"code_insee":"10335","nom":"Saint-Benoist-sur-Vanne","codes_postaux":["10160"],"code_dep":"10","code_region":"44","population":228,"surface_km2":16.68,"lat":48.233,"lon":3.6726},{"code_insee":"10336","nom":"Saint-Benoît-sur-Seine","codes_postaux":["10180"],"code_dep":"10","code_region":"44","population":455,"surface_km2":11.79,"lat":48.378,"lon":4.0511},{"code_insee":"10337","nom":"Saint-Christophe-Dodinicourt","codes_postaux":["10500"],"code_dep":"10","code_region":"44","population":31,"surface_km2":5.0,"lat":48.4331,"lon":4.4757},{"code_insee":"10338","nom":"Saint-Étienne-sous-Barbuise","codes_postaux":["10700"],"code_dep":"10","code_region":"44","population":173,"surface_km2":11.04,"lat":48.4881,"lon":4.1113},{"code_insee":"10339","nom":"Saint-Flavy","codes_postaux":["10350"],"code_dep":"10","code_region":"44","population":298,"surface_km2":17.33,"lat":48.4054,"lon":3.7794},{"code_insee":"10340","nom":"Saint-Germain","codes_postaux":["10120"],"code_dep":"10","code_region":"44","population":2437,"surface_km2":13.87,"lat":48.2526,"lon":4.0061},{"code_insee":"10341","nom":"Saint-Hilaire-sous-Romilly","codes_postaux":["10100"],"code_dep":"10","code_region":"44","population":331,"surface_km2":20.15,"lat":48.4988,"lon":3.6569},{"code_insee":"10342","nom":"Saint-Jean-de-Bonneval","codes_postaux":["10320"],"code_dep":"10","code_region":"44","population":405,"surface_km2":6.17,"lat":48.1729,"lon":4.0513},{"code_insee":"10343","nom":"Saint-Julien-les-Villas","codes_postaux":["10800"],"code_dep":"10","code_region":"44","population":6760,"surface_km2":5.26,"lat":48.2745,"lon":4.1028},{"code_insee":"10344","nom":"Saint-Léger-près-Troyes","codes_postaux":["10800"],"code_dep":"10","code_region":"44","population":903,"surface_km2":9.21,"lat":48.2394,"lon":4.0715},{"code_insee":"10345","nom":"Saint-Léger-sous-Brienne","codes_postaux":["10500"],"code_dep":"10","code_region":"44","population":373,"surface_km2":13.45,"lat":48.4076,"lon":4.5082},{"code_insee":"10346","nom":"Saint-Léger-sous-Margerie","codes_postaux":["10330"],"code_dep":"10","code_region":"44","population":51,"surface_km2":6.65,"lat":48.5312,"lon":4.4878},{"code_insee":"10347","nom":"Saint-Loup-de-Buffigny","codes_postaux":["10100"],"code_dep":"10","code_region":"44","population":216,"surface_km2":10.21,"lat":48.4447,"lon":3.6306},{"code_insee":"10348","nom":"Saint-Lupien","codes_postaux":["10350"],"code_dep":"10","code_region":"44","population":231,"surface_km2":22.97,"lat":48.3659,"lon":3.7097},{"code_insee":"10349","nom":"Saint-Lyé","codes_postaux":["10180"],"code_dep":"10","code_region":"44","population":2956,"surface_km2":32.9,"lat":48.3464,"lon":3.9728},{"code_insee":"10350","nom":"Saint-Mards-en-Othe","codes_postaux":["10160"],"code_dep":"10","code_region":"44","population":635,"surface_km2":31.4,"lat":48.1608,"lon":3.7919},{"code_insee":"10351","nom":"Saint-Martin-de-Bossenay","codes_postaux":["10100"],"code_dep":"10","code_region":"44","population":342,"surface_km2":16.44,"lat":48.4458,"lon":3.6885},{"code_insee":"10352","nom":"Sainte-Maure","codes_postaux":["10150"],"code_dep":"10","code_region":"44","population":1801,"surface_km2":20.94,"lat":48.3587,"lon":4.0692},{"code_insee":"10353","nom":"Saint-Mesmin","codes_postaux":["10280"],"code_dep":"10","code_region":"44","population":909,"surface_km2":16.38,"lat":48.435,"lon":3.8942},{"code_insee":"10354","nom":"Saint-Nabord-sur-Aube","codes_postaux":["10700"],"code_dep":"10","code_region":"44","population":140,"surface_km2":8.57,"lat":48.5129,"lon":4.2011},{"code_insee":"10355","nom":"Saint-Nicolas-la-Chapelle","codes_postaux":["10400"],"code_dep":"10","code_region":"44","population":81,"surface_km2":11.62,"lat":48.5208,"lon":3.4805},{"code_insee":"10356","nom":"Saint-Oulph","codes_postaux":["10170"],"code_dep":"10","code_region":"44","population":320,"surface_km2":10.96,"lat":48.5262,"lon":3.8746},{"code_insee":"10357","nom":"Saint-Parres-aux-Tertres","codes_postaux":["10410"],"code_dep":"10","code_region":"44","population":3223,"surface_km2":11.9,"lat":48.2935,"lon":4.1362},{"code_insee":"10358","nom":"Saint-Parres-lès-Vaudes","codes_postaux":["10260"],"code_dep":"10","code_region":"44","population":1084,"surface_km2":3.11,"lat":48.1762,"lon":4.2172},{"code_insee":"10359","nom":"Saint-Phal","codes_postaux":["10130"],"code_dep":"10","code_region":"44","population":521,"surface_km2":33.32,"lat":48.1089,"lon":3.9917},{"code_insee":"10360","nom":"Saint-Pouange","codes_postaux":["10120"],"code_dep":"10","code_region":"44","population":1010,"surface_km2":10.03,"lat":48.2257,"lon":4.041},{"code_insee":"10361","nom":"Saint-Remy-sous-Barbuise","codes_postaux":["10700"],"code_dep":"10","code_region":"44","population":257,"surface_km2":15.66,"lat":48.4767,"lon":4.1272},{"code_insee":"10362","nom":"Sainte-Savine","codes_postaux":["10300"],"code_dep":"10","code_region":"44","population":10289,"surface_km2":7.59,"lat":48.2982,"lon":4.0261},{"code_insee":"10363","nom":"Saint-Thibault","codes_postaux":["10800"],"code_dep":"10","code_region":"44","population":551,"surface_km2":11.76,"lat":48.1989,"lon":4.1478},{"code_insee":"10364","nom":"Saint-Usage","codes_postaux":["10360"],"code_dep":"10","code_region":"44","population":68,"surface_km2":16.54,"lat":48.0993,"lon":4.6363},{"code_insee":"10365","nom":"Salon","codes_postaux":["10700"],"code_dep":"10","code_region":"44","population":129,"surface_km2":22.04,"lat":48.6317,"lon":4.0226},{"code_insee":"10366","nom":"Saulcy","codes_postaux":["10200"],"code_dep":"10","code_region":"44","population":62,"surface_km2":11.3,"lat":48.2763,"lon":4.8362},{"code_insee":"10367","nom":"La Saulsotte","codes_postaux":["10400"],"code_dep":"10","code_region":"44","population":677,"surface_km2":18.91,"lat":48.551,"lon":3.508},{"code_insee":"10368","nom":"Savières","codes_postaux":["10600"],"code_dep":"10","code_region":"44","population":1085,"surface_km2":18.63,"lat":48.4072,"lon":3.9345},{"code_insee":"10369","nom":"Semoine","codes_postaux":["10700"],"code_dep":"10","code_region":"44","population":218,"surface_km2":22.47,"lat":48.6715,"lon":4.0908},{"code_insee":"10370","nom":"Soligny-les-Étangs","codes_postaux":["10400"],"code_dep":"10","code_region":"44","population":262,"surface_km2":15.96,"lat":48.4044,"lon":3.5157},{"code_insee":"10371","nom":"Sommeval","codes_postaux":["10320"],"code_dep":"10","code_region":"44","population":298,"surface_km2":9.63,"lat":48.1615,"lon":3.9537},{"code_insee":"10372","nom":"Soulaines-Dhuys","codes_postaux":["10200"],"code_dep":"10","code_region":"44","population":420,"surface_km2":20.22,"lat":48.378,"lon":4.7108},{"code_insee":"10373","nom":"Souligny","codes_postaux":["10320"],"code_dep":"10","code_region":"44","population":381,"surface_km2":10.61,"lat":48.2118,"lon":3.9862},{"code_insee":"10374","nom":"Spoy","codes_postaux":["10200"],"code_dep":"10","code_region":"44","population":143,"surface_km2":10.48,"lat":48.2294,"lon":4.6179},{"code_insee":"10375","nom":"Thennelières","codes_postaux":["10410"],"code_dep":"10","code_region":"44","population":341,"surface_km2":6.74,"lat":48.2889,"lon":4.1823},{"code_insee":"10376","nom":"Thieffrain","codes_postaux":["10140"],"code_dep":"10","code_region":"44","population":157,"surface_km2":7.42,"lat":48.1979,"lon":4.4406},{"code_insee":"10377","nom":"Thil","codes_postaux":["10200"],"code_dep":"10","code_region":"44","population":103,"surface_km2":19.49,"lat":48.3429,"lon":4.7917},{"code_insee":"10378","nom":"Thors","codes_postaux":["10200"],"code_dep":"10","code_region":"44","population":64,"surface_km2":8.36,"lat":48.305,"lon":4.8033},{"code_insee":"10379","nom":"Torcy-le-Grand","codes_postaux":["10700"],"code_dep":"10","code_region":"44","population":433,"surface_km2":7.6,"lat":48.5194,"lon":4.1716},{"code_insee":"10380","nom":"Torcy-le-Petit","codes_postaux":["10700"],"code_dep":"10","code_region":"44","population":72,"surface_km2":7.18,"lat":48.518,"lon":4.1898},{"code_insee":"10381","nom":"Torvilliers","codes_postaux":["10440"],"code_dep":"10","code_region":"44","population":1028,"surface_km2":12.2,"lat":48.2774,"lon":3.9702},{"code_insee":"10382","nom":"Traînel","codes_postaux":["10400"],"code_dep":"10","code_region":"44","population":1094,"surface_km2":19.96,"lat":48.4059,"lon":3.446},{"code_insee":"10383","nom":"Trancault","codes_postaux":["10290"],"code_dep":"10","code_region":"44","population":182,"surface_km2":26.94,"lat":48.3686,"lon":3.526},{"code_insee":"10384","nom":"Trannes","codes_postaux":["10140"],"code_dep":"10","code_region":"44","population":194,"surface_km2":9.75,"lat":48.3039,"lon":4.5994},{"code_insee":"10386","nom":"Trouans","codes_postaux":["10700"],"code_dep":"10","code_region":"44","population":200,"surface_km2":29.73,"lat":48.6339,"lon":4.2513},{"code_insee":"10387","nom":"Troyes","codes_postaux":["10000"],"code_dep":"10","code_region":"44","population":62088,"surface_km2":13.29,"lat":48.2924,"lon":4.0761},{"code_insee":"10388","nom":"Turgy","codes_postaux":["10210"],"code_dep":"10","code_region":"44","population":43,"surface_km2":10.02,"lat":48.0335,"lon":4.0505},{"code_insee":"10389","nom":"Unienville","codes_postaux":["10140"],"code_dep":"10","code_region":"44","population":109,"surface_km2":11.76,"lat":48.3187,"lon":4.5447},{"code_insee":"10390","nom":"Urville","codes_postaux":["10200"],"code_dep":"10","code_region":"44","population":103,"surface_km2":12.26,"lat":48.1706,"lon":4.6712},{"code_insee":"10391","nom":"Vailly","codes_postaux":["10150"],"code_dep":"10","code_region":"44","population":329,"surface_km2":11.27,"lat":48.3728,"lon":4.1243},{"code_insee":"10392","nom":"Vallant-Saint-Georges","codes_postaux":["10170"],"code_dep":"10","code_region":"44","population":408,"surface_km2":17.94,"lat":48.459,"lon":3.8913},{"code_insee":"10393","nom":"Vallentigny","codes_postaux":["10500"],"code_dep":"10","code_region":"44","population":188,"surface_km2":15.68,"lat":48.4412,"lon":4.6145},{"code_insee":"10394","nom":"Vallières","codes_postaux":["10210"],"code_dep":"10","code_region":"44","population":167,"surface_km2":8.37,"lat":47.9988,"lon":4.0601},{"code_insee":"10395","nom":"Vanlay","codes_postaux":["10210"],"code_dep":"10","code_region":"44","population":284,"surface_km2":25.94,"lat":48.0176,"lon":4.0129},{"code_insee":"10396","nom":"Vauchassis","codes_postaux":["10190"],"code_dep":"10","code_region":"44","population":502,"surface_km2":24.12,"lat":48.2047,"lon":3.918},{"code_insee":"10397","nom":"Vauchonvilliers","codes_postaux":["10140"],"code_dep":"10","code_region":"44","population":174,"surface_km2":11.66,"lat":48.2676,"lon":4.5328},{"code_insee":"10398","nom":"Vaucogne","codes_postaux":["10240"],"code_dep":"10","code_region":"44","population":70,"surface_km2":16.48,"lat":48.5345,"lon":4.3496},{"code_insee":"10399","nom":"Vaudes","codes_postaux":["10260"],"code_dep":"10","code_region":"44","population":701,"surface_km2":7.55,"lat":48.1752,"lon":4.1814},{"code_insee":"10400","nom":"Vaupoisson","codes_postaux":["10700"],"code_dep":"10","code_region":"44","population":132,"surface_km2":10.84,"lat":48.5036,"lon":4.2125},{"code_insee":"10401","nom":"Vendeuvre-sur-Barse","codes_postaux":["10140"],"code_dep":"10","code_region":"44","population":2225,"surface_km2":52.36,"lat":48.2412,"lon":4.4532},{"code_insee":"10402","nom":"La Vendue-Mignot","codes_postaux":["10800"],"code_dep":"10","code_region":"44","population":241,"surface_km2":10.56,"lat":48.1494,"lon":4.1014},{"code_insee":"10403","nom":"Vernonvilliers","codes_postaux":["10200"],"code_dep":"10","code_region":"44","population":59,"surface_km2":7.61,"lat":48.3124,"lon":4.6797},{"code_insee":"10404","nom":"Verpillières-sur-Ource","codes_postaux":["10360"],"code_dep":"10","code_region":"44","population":108,"surface_km2":18.06,"lat":48.0393,"lon":4.5873},{"code_insee":"10405","nom":"Verricourt","codes_postaux":["10240"],"code_dep":"10","code_region":"44","population":61,"surface_km2":6.99,"lat":48.4536,"lon":4.3337},{"code_insee":"10406","nom":"Verrières","codes_postaux":["10390"],"code_dep":"10","code_region":"44","population":1923,"surface_km2":10.18,"lat":48.2307,"lon":4.1509},{"code_insee":"10408","nom":"Viâpres-le-Petit","codes_postaux":["10380"],"code_dep":"10","code_region":"44","population":119,"surface_km2":11.36,"lat":48.5832,"lon":4.0536},{"code_insee":"10409","nom":"Villacerf","codes_postaux":["10600"],"code_dep":"10","code_region":"44","population":598,"surface_km2":9.67,"lat":48.4052,"lon":4.0046},{"code_insee":"10410","nom":"Villadin","codes_postaux":["10290"],"code_dep":"10","code_region":"44","population":108,"surface_km2":12.49,"lat":48.3157,"lon":3.6941},{"code_insee":"10411","nom":"La Ville-aux-Bois","codes_postaux":["10500"],"code_dep":"10","code_region":"44","population":28,"surface_km2":5.59,"lat":48.4044,"lon":4.6883},{"code_insee":"10412","nom":"Villechétif","codes_postaux":["10410"],"code_dep":"10","code_region":"44","population":947,"surface_km2":12.27,"lat":48.3201,"lon":4.1524},{"code_insee":"10414","nom":"Villeloup","codes_postaux":["10350"],"code_dep":"10","code_region":"44","population":130,"surface_km2":16.46,"lat":48.3523,"lon":3.8644},{"code_insee":"10416","nom":"Villemereuil","codes_postaux":["10800"],"code_dep":"10","code_region":"44","population":236,"surface_km2":7.77,"lat":48.2008,"lon":4.0784},{"code_insee":"10417","nom":"Villemoiron-en-Othe","codes_postaux":["10160"],"code_dep":"10","code_region":"44","population":201,"surface_km2":12.49,"lat":48.1993,"lon":3.7955},{"code_insee":"10418","nom":"Villemorien","codes_postaux":["10110"],"code_dep":"10","code_region":"44","population":203,"surface_km2":13.93,"lat":48.0793,"lon":4.2937},{"code_insee":"10419","nom":"Villemoyenne","codes_postaux":["10260"],"code_dep":"10","code_region":"44","population":730,"surface_km2":12.25,"lat":48.1851,"lon":4.2458},{"code_insee":"10420","nom":"Villenauxe-la-Grande","codes_postaux":["10370"],"code_dep":"10","code_region":"44","population":2605,"surface_km2":18.21,"lat":48.5951,"lon":3.5428},{"code_insee":"10421","nom":"La Villeneuve-au-Châtelot","codes_postaux":["10400"],"code_dep":"10","code_region":"44","population":146,"surface_km2":6.32,"lat":48.5528,"lon":3.608},{"code_insee":"10422","nom":"Villeneuve-au-Chemin","codes_postaux":["10130"],"code_dep":"10","code_region":"44","population":189,"surface_km2":3.39,"lat":48.0864,"lon":3.837},{"code_insee":"10423","nom":"La Villeneuve-au-Chêne","codes_postaux":["10140"],"code_dep":"10","code_region":"44","population":405,"surface_km2":10.87,"lat":48.2485,"lon":4.391},{"code_insee":"10424","nom":"Villeret","codes_postaux":["10330"],"code_dep":"10","code_region":"44","population":66,"surface_km2":3.29,"lat":48.4809,"lon":4.5854},{"code_insee":"10425","nom":"Villery","codes_postaux":["10320"],"code_dep":"10","code_region":"44","population":277,"surface_km2":3.62,"lat":48.1743,"lon":4.0155},{"code_insee":"10426","nom":"Ville-sous-la-Ferté","codes_postaux":["10310"],"code_dep":"10","code_region":"44","population":906,"surface_km2":19.73,"lat":48.1418,"lon":4.7665},{"code_insee":"10427","nom":"Ville-sur-Arce","codes_postaux":["10110"],"code_dep":"10","code_region":"44","population":206,"surface_km2":16.22,"lat":48.1143,"lon":4.4473},{"code_insee":"10428","nom":"Ville-sur-Terre","codes_postaux":["10200"],"code_dep":"10","code_region":"44","population":96,"surface_km2":16.08,"lat":48.3364,"lon":4.7363},{"code_insee":"10429","nom":"Villette-sur-Aube","codes_postaux":["10700"],"code_dep":"10","code_region":"44","population":253,"surface_km2":7.33,"lat":48.5294,"lon":4.1079},{"code_insee":"10430","nom":"Villiers-Herbisse","codes_postaux":["10700"],"code_dep":"10","code_region":"44","population":81,"surface_km2":26.42,"lat":48.6472,"lon":4.1145},{"code_insee":"10431","nom":"Villiers-le-Bois","codes_postaux":["10210"],"code_dep":"10","code_region":"44","population":99,"surface_km2":5.17,"lat":47.9543,"lon":4.19},{"code_insee":"10432","nom":"Villiers-sous-Praslin","codes_postaux":["10210"],"code_dep":"10","code_region":"44","population":66,"surface_km2":8.41,"lat":48.0603,"lon":4.2547},{"code_insee":"10433","nom":"Villy-en-Trodes","codes_postaux":["10140"],"code_dep":"10","code_region":"44","population":245,"surface_km2":18.12,"lat":48.1985,"lon":4.389},{"code_insee":"10434","nom":"Villy-le-Bois","codes_postaux":["10800"],"code_dep":"10","code_region":"44","population":57,"surface_km2":5.37,"lat":48.1692,"lon":4.0878},{"code_insee":"10435","nom":"Villy-le-Maréchal","codes_postaux":["10800"],"code_dep":"10","code_region":"44","population":197,"surface_km2":3.3,"lat":48.1886,"lon":4.0743},{"code_insee":"10436","nom":"Vinets","codes_postaux":["10700"],"code_dep":"10","code_region":"44","population":191,"surface_km2":9.24,"lat":48.5456,"lon":4.2247},{"code_insee":"10437","nom":"Virey-sous-Bar","codes_postaux":["10260"],"code_dep":"10","code_region":"44","population":588,"surface_km2":10.85,"lat":48.1342,"lon":4.3058},{"code_insee":"10438","nom":"Vitry-le-Croisé","codes_postaux":["10110"],"code_dep":"10","code_region":"44","population":223,"surface_km2":32.4,"lat":48.1443,"lon":4.5811},{"code_insee":"10439","nom":"Viviers-sur-Artaut","codes_postaux":["10110"],"code_dep":"10","code_region":"44","population":119,"surface_km2":6.14,"lat":48.0979,"lon":4.5003},{"code_insee":"10440","nom":"Voigny","codes_postaux":["10200"],"code_dep":"10","code_region":"44","population":141,"surface_km2":7.08,"lat":48.2351,"lon":4.7676},{"code_insee":"10441","nom":"Vosnon","codes_postaux":["10130"],"code_dep":"10","code_region":"44","population":240,"surface_km2":12.78,"lat":48.1093,"lon":3.8373},{"code_insee":"10442","nom":"Voué","codes_postaux":["10150"],"code_dep":"10","code_region":"44","population":689,"surface_km2":13.61,"lat":48.46,"lon":4.1302},{"code_insee":"10443","nom":"Vougrey","codes_postaux":["10210"],"code_dep":"10","code_region":"44","population":39,"surface_km2":4.19,"lat":48.0886,"lon":4.2373},{"code_insee":"10444","nom":"Vulaines","codes_postaux":["10160"],"code_dep":"10","code_region":"44","population":226,"surface_km2":8.69,"lat":48.2417,"lon":3.6225},{"code_insee":"10445","nom":"Yèvres-le-Petit","codes_postaux":["10500"],"code_dep":"10","code_region":"44","population":55,"surface_km2":8.24,"lat":48.4786,"lon":4.4907}]