[{"code_insee":"11001","nom":"Aigues-Vives","codes_postaux":["11800"],"code_dep":"11","code_region":"76","population":532,"surface_km2":10.52,"lat":43.234,"lon":2.5359,"fibre_pct":100.0},{"code_insee":"11002","nom":"Airoux","codes_postaux":["11320"],"code_dep":"11","code_region":"76","population":201,"surface_km2":5.62,"lat":43.3667,"lon":1.8739,"fibre_pct":74.8},{"code_insee":"11003","nom":"Ajac","codes_postaux":["11300"],"code_dep":"11","code_region":"76","population":196,"surface_km2":5.45,"lat":43.0448,"lon":2.1373,"fibre_pct":0.0},{"code_insee":"11004","nom":"Alaigne","codes_postaux":["11240"],"code_dep":"11","code_region":"76","population":327,"surface_km2":14.4,"lat":43.0949,"lon":2.0887,"fibre_pct":90.8},{"code_insee":"11005","nom":"Alairac","codes_postaux":["11290"],"code_dep":"11","code_region":"76","population":1395,"surface_km2":16.64,"lat":43.1848,"lon":2.2387,"fibre_pct":98.9},{"code_insee":"11006","nom":"Albas","codes_postaux":["11360"],"code_dep":"11","code_region":"76","population":87,"surface_km2":22.86,"lat":43.0046,"lon":2.7328,"fibre_pct":100.0},{"code_insee":"11007","nom":"Albières","codes_postaux":["11330"],"code_dep":"11","code_region":"76","population":117,"surface_km2":17.38,"lat":42.9452,"lon":2.447,"fibre_pct":0.0},{"code_insee":"11008","nom":"Alet-les-Bains","codes_postaux":["11580"],"code_dep":"11","code_region":"76","population":379,"surface_km2":24.25,"lat":42.9914,"lon":2.2618,"fibre_pct":94.6},{"code_insee":"11009","nom":"Alzonne","codes_postaux":["11170"],"code_dep":"11","code_region":"76","population":1586,"surface_km2":22.25,"lat":43.2646,"lon":2.1665,"fibre_pct":96.2},{"code_insee":"11010","nom":"Antugnac","codes_postaux":["11190"],"code_dep":"11","code_region":"76","population":291,"surface_km2":9.84,"lat":42.9627,"lon":2.2174,"fibre_pct":96.4},{"code_insee":"11011","nom":"Aragon","codes_postaux":["11600"],"code_dep":"11","code_region":"76","population":487,"surface_km2":21.37,"lat":43.2974,"lon":2.303,"fibre_pct":97.9},{"code_insee":"11012","nom":"Argeliers","codes_postaux":["11120"],"code_dep":"11","code_region":"76","population":2124,"surface_km2":10.89,"lat":43.309,"lon":2.9137,"fibre_pct":92.5},{"code_insee":"11013","nom":"Argens-Minervois","codes_postaux":["11200"],"code_dep":"11","code_region":"76","population":395,"surface_km2":4.61,"lat":43.2458,"lon":2.7692,"fibre_pct":99.7},{"code_insee":"11014","nom":"Armissan","codes_postaux":["11110"],"code_dep":"11","code_region":"76","population":1461,"surface_km2":12.44,"lat":43.1888,"lon":3.0888,"fibre_pct":92.4},{"code_insee":"11015","nom":"Arques","codes_postaux":["11190"],"code_dep":"11","code_region":"76","population":248,"surface_km2":18.97,"lat":42.9445,"lon":2.3878,"fibre_pct":98.2},{"code_insee":"11016","nom":"Arquettes-en-Val","codes_postaux":["11220"],"code_dep":"11","code_region":"76","population":83,"surface_km2":9.62,"lat":43.1061,"lon":2.4938,"fibre_pct":1.1},{"code_insee":"11017","nom":"Artigues","codes_postaux":["11140"],"code_dep":"11","code_region":"76","population":72,"surface_km2":6.54,"lat":42.7895,"lon":2.2044,"fibre_pct":100.0},{"code_insee":"11018","nom":"Arzens","codes_postaux":["11290"],"code_dep":"11","code_region":"76","population":1174,"surface_km2":21.81,"lat":43.1968,"lon":2.2082,"fibre_pct":95.1},{"code_insee":"11019","nom":"Aunat","codes_postaux":["11140"],"code_dep":"11","code_region":"76","population":61,"surface_km2":10.76,"lat":42.79,"lon":2.1018,"fibre_pct":100.0},{"code_insee":"11020","nom":"Auriac","codes_postaux":["11330"],"code_dep":"11","code_region":"76","population":33,"surface_km2":21.51,"lat":42.9259,"lon":2.4916,"fibre_pct":0.0},{"code_insee":"11021","nom":"Axat","codes_postaux":["11140"],"code_dep":"11","code_region":"76","population":479,"surface_km2":11.99,"lat":42.7958,"lon":2.2412,"fibre_pct":98.2},{"code_insee":"11022","nom":"Azille","codes_postaux":["11700"],"code_dep":"11","code_region":"76","population":1115,"surface_km2":24.28,"lat":43.2763,"lon":2.6581,"fibre_pct":98.7},{"code_insee":"11023","nom":"Badens","codes_postaux":["11800"],"code_dep":"11","code_region":"76","population":749,"surface_km2":9.93,"lat":43.2229,"lon":2.5073,"fibre_pct":100.0},{"code_insee":"11024","nom":"Bages","codes_postaux":["11100"],"code_dep":"11","code_region":"76","population":720,"surface_km2":22.15,"lat":43.1163,"lon":2.9702,"fibre_pct":91.6},{"code_insee":"11025","nom":"Bagnoles","codes_postaux":["11600"],"code_dep":"11","code_region":"76","population":300,"surface_km2":5.79,"lat":43.2668,"lon":2.4466,"fibre_pct":88.7},{"code_insee":"11026","nom":"Baraigne","codes_postaux":["11410"],"code_dep":"11","code_region":"76","population":163,"surface_km2":4.71,"lat":43.3293,"lon":1.8191,"fibre_pct":100.0},{"code_insee":"11027","nom":"Barbaira","codes_postaux":["11800"],"code_dep":"11","code_region":"76","population":805,"surface_km2":9.36,"lat":43.1774,"lon":2.5162,"fibre_pct":99.1},{"code_insee":"11028","nom":"Belcaire","codes_postaux":["11340"],"code_dep":"11","code_region":"76","population":365,"surface_km2":31.72,"lat":42.8289,"lon":1.9368,"fibre_pct":100.0},{"code_insee":"11029","nom":"Belcastel-et-Buc","codes_postaux":["11580"],"code_dep":"11","code_region":"76","population":60,"surface_km2":14.62,"lat":43.0251,"lon":2.3528,"fibre_pct":65.9},{"code_insee":"11030","nom":"Belflou","codes_postaux":["11410"],"code_dep":"11","code_region":"76","population":111,"surface_km2":9.37,"lat":43.3214,"lon":1.796,"fibre_pct":93.8},{"code_insee":"11031","nom":"Belfort-sur-Rebenty","codes_postaux":["11140"],"code_dep":"11","code_region":"76","population":25,"surface_km2":5.21,"lat":42.8304,"lon":2.0497,"fibre_pct":100.0},{"code_insee":"11032","nom":"Bellegarde-du-Razès","codes_postaux":["11240"],"code_dep":"11","code_region":"76","population":251,"surface_km2":6.74,"lat":43.1059,"lon":2.0508,"fibre_pct":96.8},{"code_insee":"11033","nom":"Belpech","codes_postaux":["11420"],"code_dep":"11","code_region":"76","population":1343,"surface_km2":43.89,"lat":43.2018,"lon":1.7624,"fibre_pct":86.9},{"code_insee":"11034","nom":"Belvèze-du-Razès","codes_postaux":["11240"],"code_dep":"11","code_region":"76","population":884,"surface_km2":4.54,"lat":43.1236,"lon":2.0891,"fibre_pct":96.8},{"code_insee":"11035","nom":"Belvianes-et-Cavirac","codes_postaux":["11500"],"code_dep":"11","code_region":"76","population":270,"surface_km2":11.93,"lat":42.8473,"lon":2.2139,"fibre_pct":100.0},{"code_insee":"11036","nom":"Belvis","codes_postaux":["11340"],"code_dep":"11","code_region":"76","population":166,"surface_km2":24.15,"lat":42.8573,"lon":2.0798,"fibre_pct":100.0},{"code_insee":"11037","nom":"Berriac","codes_postaux":["11000"],"code_dep":"11","code_region":"76","population":979,"surface_km2":2.69,"lat":43.2153,"lon":2.4053,"fibre_pct":95.4},{"code_insee":"11038","nom":"Bessède-de-Sault","codes_postaux":["11140"],"code_dep":"11","code_region":"76","population":63,"surface_km2":15.49,"lat":42.7915,"lon":2.1419,"fibre_pct":98.8},{"code_insee":"11039","nom":"La Bezole","codes_postaux":["11300"],"code_dep":"11","code_region":"76","population":44,"surface_km2":6.7,"lat":43.0249,"lon":2.0952,"fibre_pct":0.0},{"code_insee":"11040","nom":"Bizanet","codes_postaux":["11200"],"code_dep":"11","code_region":"76","population":1730,"surface_km2":37.57,"lat":43.1445,"lon":2.8704,"fibre_pct":86.6},{"code_insee":"11041","nom":"Bize-Minervois","codes_postaux":["11120"],"code_dep":"11","code_region":"76","population":1355,"surface_km2":20.99,"lat":43.3364,"lon":2.8719,"fibre_pct":95.5},{"code_insee":"11042","nom":"Blomac","codes_postaux":["11700"],"code_dep":"11","code_region":"76","population":264,"surface_km2":8.44,"lat":43.2134,"lon":2.5889,"fibre_pct":95.6},{"code_insee":"11043","nom":"Bouilhonnac","codes_postaux":["11800"],"code_dep":"11","code_region":"76","population":226,"surface_km2":6.12,"lat":43.233,"lon":2.4462,"fibre_pct":92.8},{"code_insee":"11044","nom":"Bouisse","codes_postaux":["11330"],"code_dep":"11","code_region":"76","population":104,"surface_km2":26.23,"lat":42.9899,"lon":2.4259,"fibre_pct":0.0},{"code_insee":"11045","nom":"Bouriège","codes_postaux":["11300"],"code_dep":"11","code_region":"76","population":151,"surface_km2":10.91,"lat":42.9938,"lon":2.1575,"fibre_pct":94.2},{"code_insee":"11046","nom":"Bourigeole","codes_postaux":["11300"],"code_dep":"11","code_region":"76","population":56,"surface_km2":9.35,"lat":42.9864,"lon":2.1206,"fibre_pct":100.0},{"code_insee":"11047","nom":"Le Bousquet","codes_postaux":["11140"],"code_dep":"11","code_region":"76","population":39,"surface_km2":26.06,"lat":42.7074,"lon":2.1771,"fibre_pct":100.0},{"code_insee":"11048","nom":"Boutenac","codes_postaux":["11200"],"code_dep":"11","code_region":"76","population":747,"surface_km2":23.19,"lat":43.1469,"lon":2.7993,"fibre_pct":96.2},{"code_insee":"11049","nom":"Bram","codes_postaux":["11150"],"code_dep":"11","code_region":"76","population":3233,"surface_km2":17.86,"lat":43.2511,"lon":2.1108,"fibre_pct":94.6},{"code_insee":"11051","nom":"Brézilhac","codes_postaux":["11270"],"code_dep":"11","code_region":"76","population":172,"surface_km2":7.21,"lat":43.1666,"lon":2.0746,"fibre_pct":94.0},{"code_insee":"11052","nom":"Brousses-et-Villaret","codes_postaux":["11390"],"code_dep":"11","code_region":"76","population":365,"surface_km2":11.57,"lat":43.3433,"lon":2.2454,"fibre_pct":100.0},{"code_insee":"11053","nom":"Brugairolles","codes_postaux":["11300"],"code_dep":"11","code_region":"76","population":308,"surface_km2":8.81,"lat":43.1331,"lon":2.165,"fibre_pct":100.0},{"code_insee":"11054","nom":"Les Brunels","codes_postaux":["11400"],"code_dep":"11","code_region":"76","population":268,"surface_km2":12.26,"lat":43.4109,"lon":2.0466,"fibre_pct":56.8},{"code_insee":"11055","nom":"Bugarach","codes_postaux":["11190"],"code_dep":"11","code_region":"76","population":250,"surface_km2":27.44,"lat":42.8735,"lon":2.3554,"fibre_pct":98.8},{"code_insee":"11056","nom":"Cabrespine","codes_postaux":["11160"],"code_dep":"11","code_region":"76","population":185,"surface_km2":18.17,"lat":43.3746,"lon":2.4771,"fibre_pct":100.0},{"code_insee":"11057","nom":"Cahuzac","codes_postaux":["11420"],"code_dep":"11","code_region":"76","population":33,"surface_km2":3.14,"lat":43.1909,"lon":1.8548,"fibre_pct":100.0},{"code_insee":"11058","nom":"Cailhau","codes_postaux":["11240"],"code_dep":"11","code_region":"76","population":247,"surface_km2":10.1,"lat":43.1448,"lon":2.1325,"fibre_pct":100.0},{"code_insee":"11059","nom":"Cailhavel","codes_postaux":["11240"],"code_dep":"11","code_region":"76","population":154,"surface_km2":5.65,"lat":43.1669,"lon":2.1234,"fibre_pct":100.0},{"code_insee":"11060","nom":"Cailla","codes_postaux":["11140"],"code_dep":"11","code_region":"76","population":49,"surface_km2":7.71,"lat":42.809,"lon":2.2008,"fibre_pct":100.0},{"code_insee":"11061","nom":"Cambieure","codes_postaux":["11240"],"code_dep":"11","code_region":"76","population":327,"surface_km2":3.36,"lat":43.1268,"lon":2.1267,"fibre_pct":100.0},{"code_insee":"11062","nom":"Campagna-de-Sault","codes_postaux":["11140"],"code_dep":"11","code_region":"76","population":20,"surface_km2":10.77,"lat":42.7564,"lon":2.0512,"fibre_pct":100.0},{"code_insee":"11063","nom":"Campagne-sur-Aude","codes_postaux":["11260"],"code_dep":"11","code_region":"76","population":618,"surface_km2":6.11,"lat":42.9134,"lon":2.2021,"fibre_pct":98.8},{"code_insee":"11064","nom":"Camplong-d'Aude","codes_postaux":["11200"],"code_dep":"11","code_region":"76","population":389,"surface_km2":12.63,"lat":43.1303,"lon":2.6495,"fibre_pct":0.0},{"code_insee":"11065","nom":"Camps-sur-l'Agly","codes_postaux":["11190"],"code_dep":"11","code_region":"76","population":66,"surface_km2":26.5,"lat":42.8659,"lon":2.4179,"fibre_pct":100.0},{"code_insee":"11066","nom":"Camurac","codes_postaux":["11340"],"code_dep":"11","code_region":"76","population":110,"surface_km2":11.54,"lat":42.8015,"lon":1.9252,"fibre_pct":100.0},{"code_insee":"11067","nom":"Canet","codes_postaux":["11200"],"code_dep":"11","code_region":"76","population":1873,"surface_km2":14.0,"lat":43.2248,"lon":2.8291,"fibre_pct":90.0},{"code_insee":"11068","nom":"Capendu","codes_postaux":["11700"],"code_dep":"11","code_region":"76","population":1453,"surface_km2":15.92,"lat":43.1821,"lon":2.5554,"fibre_pct":98.5},{"code_insee":"11069","nom":"Carcassonne","codes_postaux":["11000"],"code_dep":"11","code_region":"76","population":46080,"surface_km2":65.13,"lat":43.2078,"lon":2.3491,"fibre_pct":91.6},{"code_insee":"11070","nom":"Carlipa","codes_postaux":["11170"],"code_dep":"11","code_region":"76","population":332,"surface_km2":5.5,"lat":43.3071,"lon":2.1222,"fibre_pct":90.5},{"code_insee":"11071","nom":"Cascastel-des-Corbières","codes_postaux":["11360"],"code_dep":"11","code_region":"76","population":212,"surface_km2":15.71,"lat":42.9779,"lon":2.7521,"fibre_pct":100.0},{"code_insee":"11072","nom":"La Cassaigne","codes_postaux":["11270"],"code_dep":"11","code_region":"76","population":200,"surface_km2":12.58,"lat":43.1942,"lon":1.9914,"fibre_pct":100.0},{"code_insee":"11073","nom":"Cassaignes","codes_postaux":["11190"],"code_dep":"11","code_region":"76","population":61,"surface_km2":3.86,"lat":42.948,"lon":2.2942,"fibre_pct":8.2},{"code_insee":"11074","nom":"Les Cassés","codes_postaux":["11320"],"code_dep":"11","code_region":"76","population":319,"surface_km2":7.35,"lat":43.429,"lon":1.8701,"fibre_pct":0.0},{"code_insee":"11075","nom":"Castans","codes_postaux":["11160"],"code_dep":"11","code_region":"76","population":124,"surface_km2":17.45,"lat":43.4098,"lon":2.489,"fibre_pct":84.3},{"code_insee":"11076","nom":"Castelnaudary","codes_postaux":["11400"],"code_dep":"11","code_region":"76","population":12151,"surface_km2":47.84,"lat":43.3201,"lon":1.9613,"fibre_pct":95.5},{"code_insee":"11077","nom":"Castelnau-d'Aude","codes_postaux":["11700"],"code_dep":"11","code_region":"76","population":497,"surface_km2":7.46,"lat":43.2345,"lon":2.6779,"fibre_pct":100.0},{"code_insee":"11078","nom":"Castelreng","codes_postaux":["11300"],"code_dep":"11","code_region":"76","population":207,"surface_km2":11.36,"lat":43.0208,"lon":2.1254,"fibre_pct":100.0},{"code_insee":"11079","nom":"Caudebronde","codes_postaux":["11390"],"code_dep":"11","code_region":"76","population":221,"surface_km2":6.52,"lat":43.3866,"lon":2.2989,"fibre_pct":100.0},{"code_insee":"11080","nom":"Val de Lambronne","codes_postaux":["11230"],"code_dep":"11","code_region":"76","population":180,"surface_km2":12.25,"lat":43.0747,"lon":1.9899,"fibre_pct":3.8},{"code_insee":"11081","nom":"Caunes-Minervois","codes_postaux":["11160"],"code_dep":"11","code_region":"76","population":1554,"surface_km2":28.83,"lat":43.3419,"lon":2.5179,"fibre_pct":99.9},{"code_insee":"11082","nom":"Caunette-sur-Lauquet","codes_postaux":["11250"],"code_dep":"11","code_region":"76","population":11,"surface_km2":5.09,"lat":43.0279,"lon":2.4218,"fibre_pct":0.0},{"code_insee":"11083","nom":"Caunettes-en-Val","codes_postaux":["11220"],"code_dep":"11","code_region":"76","population":56,"surface_km2":8.74,"lat":43.0657,"lon":2.5629,"fibre_pct":0.0},{"code_insee":"11084","nom":"Caux-et-Sauzens","codes_postaux":["11170"],"code_dep":"11","code_region":"76","population":1025,"surface_km2":9.15,"lat":43.227,"lon":2.2575,"fibre_pct":94.2},{"code_insee":"11085","nom":"Cavanac","codes_postaux":["11570"],"code_dep":"11","code_region":"76","population":1021,"surface_km2":8.95,"lat":43.1699,"lon":2.3353,"fibre_pct":88.6},{"code_insee":"11086","nom":"Caves","codes_postaux":["11510"],"code_dep":"11","code_region":"76","population":875,"surface_km2":8.98,"lat":42.9392,"lon":2.9624,"fibre_pct":94.2},{"code_insee":"11087","nom":"Cazalrenoux","codes_postaux":["11270"],"code_dep":"11","code_region":"76","population":105,"surface_km2":13.77,"lat":43.1897,"lon":1.9485,"fibre_pct":100.0},{"code_insee":"11088","nom":"Cazilhac","codes_postaux":["11570"],"code_dep":"11","code_region":"76","population":1664,"surface_km2":4.12,"lat":43.1781,"lon":2.3594,"fibre_pct":99.4},{"code_insee":"11089","nom":"Cenne-Monestiés","codes_postaux":["11170"],"code_dep":"11","code_region":"76","population":413,"surface_km2":7.76,"lat":43.3216,"lon":2.1294,"fibre_pct":100.0},{"code_insee":"11090","nom":"Cépie","codes_postaux":["11300"],"code_dep":"11","code_region":"76","population":598,"surface_km2":6.84,"lat":43.1074,"lon":2.2397,"fibre_pct":78.8},{"code_insee":"11091","nom":"Chalabre","codes_postaux":["11230"],"code_dep":"11","code_region":"76","population":1084,"surface_km2":16.03,"lat":42.9813,"lon":2.0183,"fibre_pct":89.9},{"code_insee":"11092","nom":"Citou","codes_postaux":["11160"],"code_dep":"11","code_region":"76","population":101,"surface_km2":17.7,"lat":43.3726,"lon":2.5311,"fibre_pct":99.2},{"code_insee":"11093","nom":"Le Clat","codes_postaux":["11140"],"code_dep":"11","code_region":"76","population":28,"surface_km2":10.61,"lat":42.7877,"lon":2.1733,"fibre_pct":100.0},{"code_insee":"11094","nom":"Clermont-sur-Lauquet","codes_postaux":["11250"],"code_dep":"11","code_region":"76","population":29,"surface_km2":18.74,"lat":43.0484,"lon":2.4296,"fibre_pct":0.0},{"code_insee":"11095","nom":"Comigne","codes_postaux":["11700"],"code_dep":"11","code_region":"76","population":328,"surface_km2":9.59,"lat":43.1651,"lon":2.5851,"fibre_pct":95.6},{"code_insee":"11096","nom":"Comus","codes_postaux":["11340"],"code_dep":"11","code_region":"76","population":33,"surface_km2":14.31,"lat":42.8266,"lon":1.8862,"fibre_pct":100.0},{"code_insee":"11098","nom":"Conilhac-Corbières","codes_postaux":["11200"],"code_dep":"11","code_region":"76","population":954,"surface_km2":12.25,"lat":43.1856,"lon":2.7115,"fibre_pct":94.6},{"code_insee":"11099","nom":"Conques-sur-Orbiel","codes_postaux":["11600"],"code_dep":"11","code_region":"76","population":2523,"surface_km2":25.81,"lat":43.2815,"lon":2.38,"fibre_pct":99.7},{"code_insee":"11100","nom":"Corbières","codes_postaux":["11230"],"code_dep":"11","code_region":"76","population":38,"surface_km2":8.77,"lat":43.0481,"lon":2.0013,"fibre_pct":0.0},{"code_insee":"11101","nom":"Coudons","codes_postaux":["11500"],"code_dep":"11","code_region":"76","population":54,"surface_km2":9.73,"lat":42.8637,"lon":2.1217,"fibre_pct":100.0},{"code_insee":"11102","nom":"Couffoulens","codes_postaux":["11250"],"code_dep":"11","code_region":"76","population":533,"surface_km2":10.17,"lat":43.1494,"lon":2.3056,"fibre_pct":85.2},{"code_insee":"11103","nom":"Couiza","codes_postaux":["11190"],"code_dep":"11","code_region":"76","population":1132,"surface_km2":6.88,"lat":42.9324,"lon":2.2714,"fibre_pct":100.0},{"code_insee":"11104","nom":"Counozouls","codes_postaux":["11140"],"code_dep":"11","code_region":"76","population":57,"surface_km2":27.85,"lat":42.7007,"lon":2.2284,"fibre_pct":94.7},{"code_insee":"11105","nom":"Cournanel","codes_postaux":["11300"],"code_dep":"11","code_region":"76","population":659,"surface_km2":6.39,"lat":43.0308,"lon":2.2343,"fibre_pct":100.0},{"code_insee":"11106","nom":"Coursan","codes_postaux":["11110"],"code_dep":"11","code_region":"76","population":5737,"surface_km2":24.56,"lat":43.2458,"lon":3.062,"fibre_pct":85.2},{"code_insee":"11107","nom":"Courtauly","codes_postaux":["11230"],"code_dep":"11","code_region":"76","population":73,"surface_km2":7.8,"lat":43.0387,"lon":2.0492,"fibre_pct":0.0},{"code_insee":"11108","nom":"La Courtète","codes_postaux":["11240"],"code_dep":"11","code_region":"76","population":50,"surface_km2":5.67,"lat":43.1425,"lon":2.0317,"fibre_pct":100.0},{"code_insee":"11109","nom":"Coustaussa","codes_postaux":["11190"],"code_dep":"11","code_region":"76","population":50,"surface_km2":4.71,"lat":42.9379,"lon":2.2884,"fibre_pct":0.0},{"code_insee":"11110","nom":"Coustouge","codes_postaux":["11220"],"code_dep":"11","code_region":"76","population":117,"surface_km2":9.74,"lat":43.0549,"lon":2.7425,"fibre_pct":100.0},{"code_insee":"11111","nom":"Cruscades","codes_postaux":["11200"],"code_dep":"11","code_region":"76","population":936,"surface_km2":9.75,"lat":43.2011,"lon":2.8179,"fibre_pct":89.2},{"code_insee":"11112","nom":"Cubières-sur-Cinoble","codes_postaux":["11190"],"code_dep":"11","code_region":"76","population":83,"surface_km2":14.86,"lat":42.864,"lon":2.4712,"fibre_pct":100.0},{"code_insee":"11113","nom":"Cucugnan","codes_postaux":["11350"],"code_dep":"11","code_region":"76","population":125,"surface_km2":15.09,"lat":42.8593,"lon":2.6179,"fibre_pct":0.0},{"code_insee":"11114","nom":"Cumiès","codes_postaux":["11410"],"code_dep":"11","code_region":"76","population":44,"surface_km2":4.07,"lat":43.2983,"lon":1.8309,"fibre_pct":100.0},{"code_insee":"11115","nom":"Cuxac-Cabardès","codes_postaux":["11390"],"code_dep":"11","code_region":"76","population":947,"surface_km2":25.57,"lat":43.3972,"lon":2.2803,"fibre_pct":98.0},{"code_insee":"11116","nom":"Cuxac-d'Aude","codes_postaux":["11590"],"code_dep":"11","code_region":"76","population":4079,"surface_km2":21.77,"lat":43.2571,"lon":3.0093,"fibre_pct":95.0},{"code_insee":"11117","nom":"Davejean","codes_postaux":["11330"],"code_dep":"11","code_region":"76","population":163,"surface_km2":13.65,"lat":42.9597,"lon":2.6096,"fibre_pct":0.7},{"code_insee":"11118","nom":"Dernacueillette","codes_postaux":["11330"],"code_dep":"11","code_region":"76","population":43,"surface_km2":7.89,"lat":42.9292,"lon":2.5967,"fibre_pct":0.0},{"code_insee":"11119","nom":"La Digne-d'Amont","codes_postaux":["11300"],"code_dep":"11","code_region":"76","population":286,"surface_km2":3.76,"lat":43.0387,"lon":2.1619,"fibre_pct":100.0},{"code_insee":"11120","nom":"La Digne-d'Aval","codes_postaux":["11300"],"code_dep":"11","code_region":"76","population":522,"surface_km2":3.25,"lat":43.0456,"lon":2.1762,"fibre_pct":99.7},{"code_insee":"11121","nom":"Donazac","codes_postaux":["11240"],"code_dep":"11","code_region":"76","population":110,"surface_km2":5.23,"lat":43.0788,"lon":2.1283,"fibre_pct":0.0},{"code_insee":"11122","nom":"Douzens","codes_postaux":["11700"],"code_dep":"11","code_region":"76","population":784,"surface_km2":14.69,"lat":43.1757,"lon":2.6096,"fibre_pct":99.8},{"code_insee":"11123","nom":"Duilhac-sous-Peyrepertuse","codes_postaux":["11350"],"code_dep":"11","code_region":"76","population":140,"surface_km2":21.17,"lat":42.8703,"lon":2.5624,"fibre_pct":0.0},{"code_insee":"11124","nom":"Durban-Corbières","codes_postaux":["11360"],"code_dep":"11","code_region":"76","population":649,"surface_km2":25.64,"lat":42.9975,"lon":2.8116,"fibre_pct":84.4},{"code_insee":"11125","nom":"Embres-et-Castelmaure","codes_postaux":["11360"],"code_dep":"11","code_region":"76","population":165,"surface_km2":32.6,"lat":42.9278,"lon":2.8142,"fibre_pct":87.7},{"code_insee":"11126","nom":"Escales","codes_postaux":["11200"],"code_dep":"11","code_region":"76","population":512,"surface_km2":10.32,"lat":43.2232,"lon":2.7033,"fibre_pct":100.0},{"code_insee":"11127","nom":"Escouloubre","codes_postaux":["11140"],"code_dep":"11","code_region":"76","population":71,"surface_km2":32.3,"lat":42.7145,"lon":2.1343,"fibre_pct":100.0},{"code_insee":"11128","nom":"Escueillens-et-Saint-Just-de-Bélengard","codes_postaux":["11240"],"code_dep":"11","code_region":"76","population":160,"surface_km2":11.69,"lat":43.0987,"lon":2.0168,"fibre_pct":100.0},{"code_insee":"11129","nom":"Espéraza","codes_postaux":["11260"],"code_dep":"11","code_region":"76","population":1774,"surface_km2":10.6,"lat":42.9297,"lon":2.2204,"fibre_pct":99.1},{"code_insee":"11130","nom":"Espezel","codes_postaux":["11340"],"code_dep":"11","code_region":"76","population":238,"surface_km2":14.55,"lat":42.8455,"lon":2.0256,"fibre_pct":100.0},{"code_insee":"11131","nom":"Val-du-Faby","codes_postaux":["11260"],"code_dep":"11","code_region":"76","population":580,"surface_km2":24.67,"lat":42.9263,"lon":2.1573,"fibre_pct":99.2},{"code_insee":"11132","nom":"Fabrezan","codes_postaux":["11200"],"code_dep":"11","code_region":"76","population":1306,"surface_km2":28.87,"lat":43.1282,"lon":2.7139,"fibre_pct":99.9},{"code_insee":"11133","nom":"Fajac-en-Val","codes_postaux":["11220"],"code_dep":"11","code_region":"76","population":54,"surface_km2":14.09,"lat":43.1203,"lon":2.4663,"fibre_pct":0.0},{"code_insee":"11134","nom":"Fajac-la-Relenque","codes_postaux":["11410"],"code_dep":"11","code_region":"76","population":48,"surface_km2":3.68,"lat":43.284,"lon":1.7244,"fibre_pct":100.0},{"code_insee":"11135","nom":"La Fajolle","codes_postaux":["11140"],"code_dep":"11","code_region":"76","population":13,"surface_km2":15.83,"lat":42.7548,"lon":1.9642,"fibre_pct":100.0},{"code_insee":"11136","nom":"Fanjeaux","codes_postaux":["11270"],"code_dep":"11","code_region":"76","population":885,"surface_km2":24.99,"lat":43.1921,"lon":2.0359,"fibre_pct":100.0},{"code_insee":"11137","nom":"Félines-Termenès","codes_postaux":["11330"],"code_dep":"11","code_region":"76","population":130,"surface_km2":10.31,"lat":42.9851,"lon":2.6148,"fibre_pct":99.2},{"code_insee":"11138","nom":"Fendeille","codes_postaux":["11400"],"code_dep":"11","code_region":"76","population":658,"surface_km2":7.34,"lat":43.2707,"lon":1.9503,"fibre_pct":100.0},{"code_insee":"11139","nom":"Fenouillet-du-Razès","codes_postaux":["11240"],"code_dep":"11","code_region":"76","population":78,"surface_km2":7.53,"lat":43.1551,"lon":2.0259,"fibre_pct":100.0},{"code_insee":"11140","nom":"Ferrals-les-Corbières","codes_postaux":["11200"],"code_dep":"11","code_region":"76","population":1275,"surface_km2":16.13,"lat":43.1432,"lon":2.7383,"fibre_pct":99.7},{"code_insee":"11141","nom":"Ferran","codes_postaux":["11240"],"code_dep":"11","code_region":"76","population":125,"surface_km2":6.11,"lat":43.1522,"lon":2.0854,"fibre_pct":100.0},{"code_insee":"11142","nom":"Festes-et-Saint-André","codes_postaux":["11300"],"code_dep":"11","code_region":"76","population":185,"surface_km2":18.5,"lat":42.9616,"lon":2.1167,"fibre_pct":99.3},{"code_insee":"11143","nom":"Feuilla","codes_postaux":["11510"],"code_dep":"11","code_region":"76","population":107,"surface_km2":24.23,"lat":42.9273,"lon":2.9025,"fibre_pct":86.3},{"code_insee":"11144","nom":"Fitou","codes_postaux":["11510"],"code_dep":"11","code_region":"76","population":1158,"surface_km2":30.39,"lat":42.8992,"lon":2.9572,"fibre_pct":87.9},{"code_insee":"11145","nom":"Fleury","codes_postaux":["11560"],"code_dep":"11","code_region":"76","population":4246,"surface_km2":51.67,"lat":43.2141,"lon":3.1766,"fibre_pct":96.1},{"code_insee":"11146","nom":"Floure","codes_postaux":["11800"],"code_dep":"11","code_region":"76","population":405,"surface_km2":4.64,"lat":43.176,"lon":2.484,"fibre_pct":100.0},{"code_insee":"11147","nom":"Fontanès-de-Sault","codes_postaux":["11140"],"code_dep":"11","code_region":"76","population":6,"surface_km2":5.52,"lat":42.7659,"lon":2.0818,"fibre_pct":100.0},{"code_insee":"11148","nom":"Fontcouverte","codes_postaux":["11700"],"code_dep":"11","code_region":"76","population":575,"surface_km2":10.2,"lat":43.1693,"lon":2.6904,"fibre_pct":100.0},{"code_insee":"11149","nom":"Fonters-du-Razès","codes_postaux":["11400"],"code_dep":"11","code_region":"76","population":71,"surface_km2":12.59,"lat":43.2389,"lon":1.923,"fibre_pct":98.4},{"code_insee":"11150","nom":"Fontiers-Cabardès","codes_postaux":["11390"],"code_dep":"11","code_region":"76","population":476,"surface_km2":8.81,"lat":43.3735,"lon":2.2502,"fibre_pct":96.8},{"code_insee":"11151","nom":"Fontiès-d'Aude","codes_postaux":["11800"],"code_dep":"11","code_region":"76","population":560,"surface_km2":6.13,"lat":43.188,"lon":2.4561,"fibre_pct":87.8},{"code_insee":"11152","nom":"Fontjoncouse","codes_postaux":["11360"],"code_dep":"11","code_region":"76","population":139,"surface_km2":27.72,"lat":43.0424,"lon":2.7945,"fibre_pct":100.0},{"code_insee":"11153","nom":"La Force","codes_postaux":["11270"],"code_dep":"11","code_region":"76","population":264,"surface_km2":4.75,"lat":43.1992,"lon":2.0864,"fibre_pct":100.0},{"code_insee":"11154","nom":"Fournes-Cabardès","codes_postaux":["11600"],"code_dep":"11","code_region":"76","population":53,"surface_km2":12.78,"lat":43.3546,"lon":2.4111,"fibre_pct":98.8},{"code_insee":"11155","nom":"Fourtou","codes_postaux":["11190"],"code_dep":"11","code_region":"76","population":77,"surface_km2":20.99,"lat":42.9106,"lon":2.443,"fibre_pct":87.2},{"code_insee":"11156","nom":"Fraisse-Cabardès","codes_postaux":["11600"],"code_dep":"11","code_region":"76","population":104,"surface_km2":7.4,"lat":43.3323,"lon":2.2718,"fibre_pct":100.0},{"code_insee":"11157","nom":"Fraissé-des-Corbières","codes_postaux":["11360"],"code_dep":"11","code_region":"76","population":232,"surface_km2":19.04,"lat":42.9553,"lon":2.8711,"fibre_pct":90.8},{"code_insee":"11158","nom":"Gaja-et-Villedieu","codes_postaux":["11300"],"code_dep":"11","code_region":"76","population":306,"surface_km2":7.98,"lat":43.0794,"lon":2.1842,"fibre_pct":98.4},{"code_insee":"11159","nom":"Gaja-la-Selve","codes_postaux":["11270"],"code_dep":"11","code_region":"76","population":134,"surface_km2":11.76,"lat":43.2024,"lon":1.8856,"fibre_pct":100.0},{"code_insee":"11160","nom":"Galinagues","codes_postaux":["11140"],"code_dep":"11","code_region":"76","population":29,"surface_km2":4.2,"lat":42.8044,"lon":2.0477,"fibre_pct":89.8},{"code_insee":"11161","nom":"Gardie","codes_postaux":["11250"],"code_dep":"11","code_region":"76","population":128,"surface_km2":4.78,"lat":43.0743,"lon":2.2993,"fibre_pct":100.0},{"code_insee":"11162","nom":"Generville","codes_postaux":["11270"],"code_dep":"11","code_region":"76","population":48,"surface_km2":10.44,"lat":43.211,"lon":1.9309,"fibre_pct":100.0},{"code_insee":"11163","nom":"Gincla","codes_postaux":["11140"],"code_dep":"11","code_region":"76","population":46,"surface_km2":7.86,"lat":42.7658,"lon":2.3298,"fibre_pct":100.0},{"code_insee":"11164","nom":"Ginestas","codes_postaux":["11120"],"code_dep":"11","code_region":"76","population":1611,"surface_km2":9.53,"lat":43.2779,"lon":2.883,"fibre_pct":94.7},{"code_insee":"11165","nom":"Ginoles","codes_postaux":["11500"],"code_dep":"11","code_region":"76","population":296,"surface_km2":6.39,"lat":42.8637,"lon":2.153,"fibre_pct":100.0},{"code_insee":"11166","nom":"Gourvieille","codes_postaux":["11410"],"code_dep":"11","code_region":"76","population":68,"surface_km2":3.19,"lat":43.3366,"lon":1.7879,"fibre_pct":100.0},{"code_insee":"11167","nom":"Gramazie","codes_postaux":["11240"],"code_dep":"11","code_region":"76","population":130,"surface_km2":1.97,"lat":43.1376,"lon":2.0989,"fibre_pct":100.0},{"code_insee":"11168","nom":"Granès","codes_postaux":["11500"],"code_dep":"11","code_region":"76","population":118,"surface_km2":5.56,"lat":42.8966,"lon":2.256,"fibre_pct":97.5},{"code_insee":"11169","nom":"Greffeil","codes_postaux":["11250"],"code_dep":"11","code_region":"76","population":100,"surface_km2":14.22,"lat":43.0752,"lon":2.3983,"fibre_pct":87.0},{"code_insee":"11170","nom":"Gruissan","codes_postaux":["11430"],"code_dep":"11","code_region":"76","population":5032,"surface_km2":62.1,"lat":43.1042,"lon":3.0871,"fibre_pct":94.9},{"code_insee":"11172","nom":"Homps","codes_postaux":["11200"],"code_dep":"11","code_region":"76","population":609,"surface_km2":3.09,"lat":43.2685,"lon":2.7247,"fibre_pct":99.7},{"code_insee":"11173","nom":"Hounoux","codes_postaux":["11240"],"code_dep":"11","code_region":"76","population":135,"surface_km2":7.92,"lat":43.137,"lon":2.0065,"fibre_pct":100.0},{"code_insee":"11174","nom":"Les Ilhes","codes_postaux":["11380"],"code_dep":"11","code_region":"76","population":64,"surface_km2":4.17,"lat":43.3557,"lon":2.3726,"fibre_pct":100.0},{"code_insee":"11175","nom":"Issel","codes_postaux":["11400"],"code_dep":"11","code_region":"76","population":483,"surface_km2":18.24,"lat":43.3681,"lon":2.0012,"fibre_pct":89.8},{"code_insee":"11176","nom":"Jonquières","codes_postaux":["11220"],"code_dep":"11","code_region":"76","population":45,"surface_km2":13.56,"lat":43.0421,"lon":2.7265,"fibre_pct":88.1},{"code_insee":"11177","nom":"Joucou","codes_postaux":["11140"],"code_dep":"11","code_region":"76","population":30,"surface_km2":6.76,"lat":42.8244,"lon":2.0854,"fibre_pct":100.0},{"code_insee":"11178","nom":"Labastide-d'Anjou","codes_postaux":["11320"],"code_dep":"11","code_region":"76","population":1255,"surface_km2":8.64,"lat":43.3462,"lon":1.8538,"fibre_pct":89.9},{"code_insee":"11179","nom":"Labastide-en-Val","codes_postaux":["11220"],"code_dep":"11","code_region":"76","population":88,"surface_km2":12.08,"lat":43.066,"lon":2.4668,"fibre_pct":0.0},{"code_insee":"11180","nom":"Labastide-Esparbairenque","codes_postaux":["11380"],"code_dep":"11","code_region":"76","population":66,"surface_km2":17.17,"lat":43.3953,"lon":2.4085,"fibre_pct":100.0},{"code_insee":"11181","nom":"Labécède-Lauragais","codes_postaux":["11400"],"code_dep":"11","code_region":"76","population":420,"surface_km2":20.47,"lat":43.398,"lon":2.0105,"fibre_pct":100.0},{"code_insee":"11182","nom":"Lacombe","codes_postaux":["11310"],"code_dep":"11","code_region":"76","population":188,"surface_km2":15.5,"lat":43.4076,"lon":2.2415,"fibre_pct":100.0},{"code_insee":"11183","nom":"Ladern-sur-Lauquet","codes_postaux":["11250"],"code_dep":"11","code_region":"76","population":248,"surface_km2":25.49,"lat":43.1021,"lon":2.3908,"fibre_pct":92.2},{"code_insee":"11184","nom":"Lafage","codes_postaux":["11420"],"code_dep":"11","code_region":"76","population":90,"surface_km2":12.94,"lat":43.1651,"lon":1.8659,"fibre_pct":96.6},{"code_insee":"11185","nom":"Lagrasse","codes_postaux":["11220"],"code_dep":"11","code_region":"76","population":554,"surface_km2":32.5,"lat":43.1048,"lon":2.5914,"fibre_pct":88.1},{"code_insee":"11186","nom":"Lairière","codes_postaux":["11330"],"code_dep":"11","code_region":"76","population":52,"surface_km2":13.5,"lat":43.028,"lon":2.481,"fibre_pct":0.0},{"code_insee":"11187","nom":"Lanet","codes_postaux":["11330"],"code_dep":"11","code_region":"76","population":57,"surface_km2":8.88,"lat":42.965,"lon":2.4868,"fibre_pct":0.0},{"code_insee":"11188","nom":"La Palme","codes_postaux":["11480"],"code_dep":"11","code_region":"76","population":1995,"surface_km2":32.62,"lat":42.9672,"lon":2.9946,"fibre_pct":98.8},{"code_insee":"11189","nom":"Laprade","codes_postaux":["11390"],"code_dep":"11","code_region":"76","population":122,"surface_km2":4.72,"lat":43.4405,"lon":2.2522,"fibre_pct":100.0},{"code_insee":"11190","nom":"La Redorte","codes_postaux":["11700"],"code_dep":"11","code_region":"76","population":1238,"surface_km2":13.63,"lat":43.2422,"lon":2.6515,"fibre_pct":100.0},{"code_insee":"11191","nom":"Laroque-de-Fa","codes_postaux":["11330"],"code_dep":"11","code_region":"76","population":138,"surface_km2":20.82,"lat":42.9545,"lon":2.5547,"fibre_pct":100.0},{"code_insee":"11192","nom":"Lasbordes","codes_postaux":["11400"],"code_dep":"11","code_region":"76","population":846,"surface_km2":15.54,"lat":43.3008,"lon":2.0616,"fibre_pct":98.2},{"code_insee":"11193","nom":"Lasserre-de-Prouille","codes_postaux":["11270"],"code_dep":"11","code_region":"76","population":292,"surface_km2":4.39,"lat":43.1816,"lon":2.0837,"fibre_pct":100.0},{"code_insee":"11194","nom":"Lastours","codes_postaux":["11600"],"code_dep":"11","code_region":"76","population":144,"surface_km2":2.82,"lat":43.3273,"lon":2.3794,"fibre_pct":100.0},{"code_insee":"11195","nom":"Laurabuc","codes_postaux":["11400"],"code_dep":"11","code_region":"76","population":431,"surface_km2":8.37,"lat":43.2625,"lon":1.9919,"fibre_pct":85.3},{"code_insee":"11196","nom":"Laurac","codes_postaux":["11270"],"code_dep":"11","code_region":"76","population":182,"surface_km2":12.08,"lat":43.2304,"lon":1.9681,"fibre_pct":100.0},{"code_insee":"11197","nom":"Lauraguel","codes_postaux":["11300"],"code_dep":"11","code_region":"76","population":622,"surface_km2":7.24,"lat":43.0964,"lon":2.1698,"fibre_pct":88.1},{"code_insee":"11198","nom":"Laure-Minervois","codes_postaux":["11800"],"code_dep":"11","code_region":"76","population":1061,"surface_km2":40.69,"lat":43.2678,"lon":2.5144,"fibre_pct":96.0},{"code_insee":"11199","nom":"Lavalette","codes_postaux":["11290"],"code_dep":"11","code_region":"76","population":1612,"surface_km2":6.77,"lat":43.1932,"lon":2.2717,"fibre_pct":99.7},{"code_insee":"11200","nom":"Lespinassière","codes_postaux":["11160"],"code_dep":"11","code_region":"76","population":139,"surface_km2":16.57,"lat":43.4075,"lon":2.5533,"fibre_pct":97.2},{"code_insee":"11201","nom":"Leuc","codes_postaux":["11250"],"code_dep":"11","code_region":"76","population":819,"surface_km2":11.68,"lat":43.1402,"lon":2.3394,"fibre_pct":86.8},{"code_insee":"11202","nom":"Leucate","codes_postaux":["11370"],"code_dep":"11","code_region":"76","population":4562,"surface_km2":47.03,"lat":42.9076,"lon":3.0232,"fibre_pct":95.0},{"code_insee":"11203","nom":"Lézignan-Corbières","codes_postaux":["11200"],"code_dep":"11","code_region":"76","population":10343,"surface_km2":38.17,"lat":43.1983,"lon":2.7649,"fibre_pct":98.8},{"code_insee":"11204","nom":"Lignairolles","codes_postaux":["11240"],"code_dep":"11","code_region":"76","population":33,"surface_km2":7.48,"lat":43.0944,"lon":2.0037,"fibre_pct":100.0},{"code_insee":"11205","nom":"Limousis","codes_postaux":["11600"],"code_dep":"11","code_region":"76","population":121,"surface_km2":10.29,"lat":43.3262,"lon":2.4074,"fibre_pct":100.0},{"code_insee":"11206","nom":"Limoux","codes_postaux":["11300"],"code_dep":"11","code_region":"76","population":10532,"surface_km2":32.51,"lat":43.0464,"lon":2.2452,"fibre_pct":97.8},{"code_insee":"11207","nom":"Loupia","codes_postaux":["11300"],"code_dep":"11","code_region":"76","population":259,"surface_km2":4.62,"lat":43.0621,"lon":2.1267,"fibre_pct":0.4},{"code_insee":"11208","nom":"La Louvière-Lauragais","codes_postaux":["11410"],"code_dep":"11","code_region":"76","population":80,"surface_km2":6.21,"lat":43.2684,"lon":1.7502,"fibre_pct":100.0},{"code_insee":"11209","nom":"Luc-sur-Aude","codes_postaux":["11190"],"code_dep":"11","code_region":"76","population":257,"surface_km2":7.99,"lat":42.9636,"lon":2.285,"fibre_pct":100.0},{"code_insee":"11210","nom":"Luc-sur-Orbieu","codes_postaux":["11200"],"code_dep":"11","code_region":"76","population":1173,"surface_km2":9.85,"lat":43.1743,"lon":2.7886,"fibre_pct":100.0},{"code_insee":"11211","nom":"Magrie","codes_postaux":["11300"],"code_dep":"11","code_region":"76","population":547,"surface_km2":10.28,"lat":43.0271,"lon":2.2071,"fibre_pct":91.2},{"code_insee":"11212","nom":"Mailhac","codes_postaux":["11120"],"code_dep":"11","code_region":"76","population":595,"surface_km2":10.57,"lat":43.3067,"lon":2.8283,"fibre_pct":97.2},{"code_insee":"11213","nom":"Maisons","codes_postaux":["11330"],"code_dep":"11","code_region":"76","population":59,"surface_km2":12.27,"lat":42.9292,"lon":2.6406,"fibre_pct":0.0},{"code_insee":"11214","nom":"Malras","codes_postaux":["11300"],"code_dep":"11","code_region":"76","population":444,"surface_km2":4.39,"lat":43.0611,"lon":2.1702,"fibre_pct":100.0},{"code_insee":"11215","nom":"Malves-en-Minervois","codes_postaux":["11600"],"code_dep":"11","code_region":"76","population":888,"surface_km2":5.07,"lat":43.2496,"lon":2.4512,"fibre_pct":89.0},{"code_insee":"11216","nom":"Malviès","codes_postaux":["11300"],"code_dep":"11","code_region":"76","population":361,"surface_km2":7.46,"lat":43.1178,"lon":2.188,"fibre_pct":100.0},{"code_insee":"11217","nom":"Marcorignan","codes_postaux":["11120"],"code_dep":"11","code_region":"76","population":1333,"surface_km2":5.71,"lat":43.2233,"lon":2.9141,"fibre_pct":87.9},{"code_insee":"11218","nom":"Marquein","codes_postaux":["11410"],"code_dep":"11","code_region":"76","population":78,"surface_km2":5.7,"lat":43.2978,"lon":1.7238,"fibre_pct":100.0},{"code_insee":"11219","nom":"Marsa","codes_postaux":["11140"],"code_dep":"11","code_region":"76","population":24,"surface_km2":19.89,"lat":42.8211,"lon":2.1411,"fibre_pct":100.0},{"code_insee":"11220","nom":"Marseillette","codes_postaux":["11800"],"code_dep":"11","code_region":"76","population":697,"surface_km2":11.17,"lat":43.2119,"lon":2.5438,"fibre_pct":98.7},{"code_insee":"11221","nom":"Les Martys","codes_postaux":["11390"],"code_dep":"11","code_region":"76","population":309,"surface_km2":19.52,"lat":43.4222,"lon":2.3106,"fibre_pct":100.0},{"code_insee":"11222","nom":"Mas-Cabardès","codes_postaux":["11380"],"code_dep":"11","code_region":"76","population":166,"surface_km2":9.29,"lat":43.3973,"lon":2.3613,"fibre_pct":99.6},{"code_insee":"11223","nom":"Mas-des-Cours","codes_postaux":["11570"],"code_dep":"11","code_region":"76","population":22,"surface_km2":7.55,"lat":43.13,"lon":2.4259,"fibre_pct":10.0},{"code_insee":"11224","nom":"Massac","codes_postaux":["11330"],"code_dep":"11","code_region":"76","population":30,"surface_km2":12.31,"lat":42.9174,"lon":2.5558,"fibre_pct":0.0},{"code_insee":"11225","nom":"Mas-Saintes-Puelles","codes_postaux":["11400"],"code_dep":"11","code_region":"76","population":923,"surface_km2":28.98,"lat":43.3119,"lon":1.8808,"fibre_pct":89.3},{"code_insee":"11226","nom":"Mayreville","codes_postaux":["11420"],"code_dep":"11","code_region":"76","population":86,"surface_km2":8.26,"lat":43.2297,"lon":1.8473,"fibre_pct":100.0},{"code_insee":"11227","nom":"Mayronnes","codes_postaux":["11220"],"code_dep":"11","code_region":"76","population":42,"surface_km2":12.24,"lat":43.0487,"lon":2.528,"fibre_pct":0.0},{"code_insee":"11228","nom":"Mazerolles-du-Razès","codes_postaux":["11240"],"code_dep":"11","code_region":"76","population":157,"surface_km2":8.57,"lat":43.1371,"lon":2.0656,"fibre_pct":100.0},{"code_insee":"11229","nom":"Mazuby","codes_postaux":["11140"],"code_dep":"11","code_region":"76","population":21,"surface_km2":8.87,"lat":42.7886,"lon":2.0346,"fibre_pct":100.0},{"code_insee":"11230","nom":"Mérial","codes_postaux":["11140"],"code_dep":"11","code_region":"76","population":28,"surface_km2":16.56,"lat":42.7702,"lon":1.9528,"fibre_pct":100.0},{"code_insee":"11231","nom":"Mézerville","codes_postaux":["11410"],"code_dep":"11","code_region":"76","population":96,"surface_km2":7.65,"lat":43.2513,"lon":1.7851,"fibre_pct":100.0},{"code_insee":"11232","nom":"Miraval-Cabardès","codes_postaux":["11380"],"code_dep":"11","code_region":"76","population":59,"surface_km2":12.53,"lat":43.3848,"lon":2.3377,"fibre_pct":100.0},{"code_insee":"11233","nom":"Mirepeisset","codes_postaux":["11120"],"code_dep":"11","code_region":"76","population":750,"surface_km2":5.29,"lat":43.2846,"lon":2.8966,"fibre_pct":99.0},{"code_insee":"11234","nom":"Mireval-Lauragais","codes_postaux":["11400"],"code_dep":"11","code_region":"76","population":193,"surface_km2":10.66,"lat":43.2671,"lon":1.966,"fibre_pct":83.5},{"code_insee":"11235","nom":"Missègre","codes_postaux":["11580"],"code_dep":"11","code_region":"76","population":72,"surface_km2":7.49,"lat":43.0036,"lon":2.3743,"fibre_pct":0.0},{"code_insee":"11236","nom":"Molandier","codes_postaux":["11420"],"code_dep":"11","code_region":"76","population":252,"surface_km2":20.62,"lat":43.251,"lon":1.7248,"fibre_pct":91.0},{"code_insee":"11238","nom":"Molleville","codes_postaux":["11410"],"code_dep":"11","code_region":"76","population":128,"surface_km2":3.58,"lat":43.3121,"lon":1.8354,"fibre_pct":100.0},{"code_insee":"11239","nom":"Montauriol","codes_postaux":["11410"],"code_dep":"11","code_region":"76","population":85,"surface_km2":8.36,"lat":43.2755,"lon":1.834,"fibre_pct":100.0},{"code_insee":"11240","nom":"Montazels","codes_postaux":["11190"],"code_dep":"11","code_region":"76","population":528,"surface_km2":4.43,"lat":42.9551,"lon":2.2435,"fibre_pct":99.8},{"code_insee":"11241","nom":"Montbrun-des-Corbières","codes_postaux":["11700"],"code_dep":"11","code_region":"76","population":343,"surface_km2":10.65,"lat":43.2011,"lon":2.6843,"fibre_pct":98.3},{"code_insee":"11242","nom":"Montclar","codes_postaux":["11250"],"code_dep":"11","code_region":"76","population":178,"surface_km2":11.62,"lat":43.1411,"lon":2.2456,"fibre_pct":86.5},{"code_insee":"11243","nom":"Montferrand","codes_postaux":["11320"],"code_dep":"11","code_region":"76","population":622,"surface_km2":17.96,"lat":43.3665,"lon":1.833,"fibre_pct":75.9},{"code_insee":"11244","nom":"Montfort-sur-Boulzane","codes_postaux":["11140"],"code_dep":"11","code_region":"76","population":87,"surface_km2":34.05,"lat":42.7288,"lon":2.3112,"fibre_pct":100.0},{"code_insee":"11245","nom":"Montgaillard","codes_postaux":["11330"],"code_dep":"11","code_region":"76","population":38,"surface_km2":16.86,"lat":42.9018,"lon":2.6311,"fibre_pct":0.0},{"code_insee":"11246","nom":"Montgradail","codes_postaux":["11240"],"code_dep":"11","code_region":"76","population":50,"surface_km2":4.49,"lat":43.1233,"lon":2.0307,"fibre_pct":100.0},{"code_insee":"11247","nom":"Monthaut","codes_postaux":["11240"],"code_dep":"11","code_region":"76","population":37,"surface_km2":7.06,"lat":43.0849,"lon":2.0584,"fibre_pct":100.0},{"code_insee":"11248","nom":"Montirat","codes_postaux":["11800"],"code_dep":"11","code_region":"76","population":70,"surface_km2":13.1,"lat":43.1703,"lon":2.4372,"fibre_pct":83.6},{"code_insee":"11249","nom":"Montjardin","codes_postaux":["11230"],"code_dep":"11","code_region":"76","population":93,"surface_km2":14.53,"lat":42.9794,"lon":2.0489,"fibre_pct":0.0},{"code_insee":"11250","nom":"Montjoi","codes_postaux":["11330"],"code_dep":"11","code_region":"76","population":43,"surface_km2":7.4,"lat":42.9941,"lon":2.4789,"fibre_pct":0.0},{"code_insee":"11251","nom":"Val-de-Dagne","codes_postaux":["11220"],"code_dep":"11","code_region":"76","population":731,"surface_km2":51.71,"lat":43.1283,"lon":2.5498,"fibre_pct":99.7},{"code_insee":"11252","nom":"Montmaur","codes_postaux":["11320"],"code_dep":"11","code_region":"76","population":356,"surface_km2":13.17,"lat":43.3985,"lon":1.8437,"fibre_pct":1.9},{"code_insee":"11253","nom":"Montolieu","codes_postaux":["11170"],"code_dep":"11","code_region":"76","population":829,"surface_km2":24.66,"lat":43.3139,"lon":2.2183,"fibre_pct":100.0},{"code_insee":"11254","nom":"Montréal","codes_postaux":["11290"],"code_dep":"11","code_region":"76","population":2136,"surface_km2":56.36,"lat":43.1967,"lon":2.1448,"fibre_pct":91.1},{"code_insee":"11255","nom":"Montredon-des-Corbières","codes_postaux":["11100"],"code_dep":"11","code_region":"76","population":1485,"surface_km2":17.42,"lat":43.1817,"lon":2.9237,"fibre_pct":96.1},{"code_insee":"11256","nom":"Montséret","codes_postaux":["11200"],"code_dep":"11","code_region":"76","population":616,"surface_km2":11.42,"lat":43.1049,"lon":2.8101,"fibre_pct":99.3},{"code_insee":"11257","nom":"Monze","codes_postaux":["11800"],"code_dep":"11","code_region":"76","population":243,"surface_km2":14.63,"lat":43.1539,"lon":2.4624,"fibre_pct":99.4},{"code_insee":"11258","nom":"Moussan","codes_postaux":["11120"],"code_dep":"11","code_region":"76","population":2093,"surface_km2":14.97,"lat":43.2303,"lon":2.9583,"fibre_pct":91.7},{"code_insee":"11259","nom":"Moussoulens","codes_postaux":["11170"],"code_dep":"11","code_region":"76","population":956,"surface_km2":19.53,"lat":43.2847,"lon":2.2343,"fibre_pct":91.7},{"code_insee":"11260","nom":"Mouthoumet","codes_postaux":["11330"],"code_dep":"11","code_region":"76","population":116,"surface_km2":14.03,"lat":42.9631,"lon":2.5315,"fibre_pct":96.8},{"code_insee":"11261","nom":"Moux","codes_postaux":["11700"],"code_dep":"11","code_region":"76","population":719,"surface_km2":16.07,"lat":43.1741,"lon":2.6475,"fibre_pct":95.5},{"code_insee":"11262","nom":"Narbonne","codes_postaux":["11100"],"code_dep":"11","code_region":"76","population":57587,"surface_km2":174.77,"lat":43.1493,"lon":3.0337,"fibre_pct":91.5},{"code_insee":"11263","nom":"Nébias","codes_postaux":["11500"],"code_dep":"11","code_region":"76","population":262,"surface_km2":13.03,"lat":42.8927,"lon":2.0964,"fibre_pct":100.0},{"code_insee":"11264","nom":"Névian","codes_postaux":["11200"],"code_dep":"11","code_region":"76","population":1286,"surface_km2":14.33,"lat":43.2059,"lon":2.8836,"fibre_pct":95.5},{"code_insee":"11265","nom":"Niort-de-Sault","codes_postaux":["11140"],"code_dep":"11","code_region":"76","population":34,"surface_km2":22.04,"lat":42.7731,"lon":1.9885,"fibre_pct":100.0},{"code_insee":"11266","nom":"Port-la-Nouvelle","codes_postaux":["11210"],"code_dep":"11","code_region":"76","population":5852,"surface_km2":37.33,"lat":43.0225,"lon":3.0363,"fibre_pct":96.3},{"code_insee":"11267","nom":"Ornaisons","codes_postaux":["11200"],"code_dep":"11","code_region":"76","population":1161,"surface_km2":10.82,"lat":43.1735,"lon":2.8374,"fibre_pct":99.7},{"code_insee":"11268","nom":"Orsans","codes_postaux":["11270"],"code_dep":"11","code_region":"76","population":87,"surface_km2":10.28,"lat":43.1516,"lon":1.9792,"fibre_pct":96.6},{"code_insee":"11269","nom":"Ouveillan","codes_postaux":["11590"],"code_dep":"11","code_region":"76","population":2713,"surface_km2":30.16,"lat":43.2926,"lon":2.9687,"fibre_pct":93.8},{"code_insee":"11270","nom":"Padern","codes_postaux":["11350"],"code_dep":"11","code_region":"76","population":139,"surface_km2":30.11,"lat":42.8673,"lon":2.6493,"fibre_pct":83.3},{"code_insee":"11271","nom":"Palairac","codes_postaux":["11330"],"code_dep":"11","code_region":"76","population":33,"surface_km2":18.45,"lat":42.9584,"lon":2.6574,"fibre_pct":98.1},{"code_insee":"11272","nom":"Palaja","codes_postaux":["11570"],"code_dep":"11","code_region":"76","population":2722,"surface_km2":14.99,"lat":43.169,"lon":2.3905,"fibre_pct":97.6},{"code_insee":"11273","nom":"Paraza","codes_postaux":["11200"],"code_dep":"11","code_region":"76","population":700,"surface_km2":9.55,"lat":43.2561,"lon":2.8133,"fibre_pct":91.6},{"code_insee":"11274","nom":"Pauligne","codes_postaux":["11300"],"code_dep":"11","code_region":"76","population":357,"surface_km2":6.31,"lat":43.0767,"lon":2.1486,"fibre_pct":98.4},{"code_insee":"11275","nom":"Payra-sur-l'Hers","codes_postaux":["11410"],"code_dep":"11","code_region":"76","population":210,"surface_km2":25.31,"lat":43.264,"lon":1.8692,"fibre_pct":97.5},{"code_insee":"11276","nom":"Paziols","codes_postaux":["11350"],"code_dep":"11","code_region":"76","population":526,"surface_km2":28.24,"lat":42.8552,"lon":2.7135,"fibre_pct":99.4},{"code_insee":"11277","nom":"Pécharic-et-le-Py","codes_postaux":["11420"],"code_dep":"11","code_region":"76","population":30,"surface_km2":5.95,"lat":43.1923,"lon":1.8254,"fibre_pct":100.0},{"code_insee":"11278","nom":"Pech-Luna","codes_postaux":["11420"],"code_dep":"11","code_region":"76","population":76,"surface_km2":6.78,"lat":43.2105,"lon":1.8381,"fibre_pct":98.9},{"code_insee":"11279","nom":"Pennautier","codes_postaux":["11610"],"code_dep":"11","code_region":"76","population":2895,"surface_km2":18.53,"lat":43.2522,"lon":2.3083,"fibre_pct":98.5},{"code_insee":"11280","nom":"Pépieux","codes_postaux":["11700"],"code_dep":"11","code_region":"76","population":1118,"surface_km2":10.23,"lat":43.2987,"lon":2.6829,"fibre_pct":99.3},{"code_insee":"11281","nom":"Pexiora","codes_postaux":["11150"],"code_dep":"11","code_region":"76","population":1266,"surface_km2":13.67,"lat":43.2692,"lon":2.0407,"fibre_pct":98.2},{"code_insee":"11282","nom":"Peyrefitte-du-Razès","codes_postaux":["11230"],"code_dep":"11","code_region":"76","population":54,"surface_km2":6.95,"lat":43.0582,"lon":2.0243,"fibre_pct":0.0},{"code_insee":"11283","nom":"Peyrefitte-sur-l'Hers","codes_postaux":["11420"],"code_dep":"11","code_region":"76","population":75,"surface_km2":6.65,"lat":43.2491,"lon":1.8156,"fibre_pct":93.0},{"code_insee":"11284","nom":"Peyrens","codes_postaux":["11400"],"code_dep":"11","code_region":"76","population":454,"surface_km2":4.94,"lat":43.3612,"lon":1.9607,"fibre_pct":98.8},{"code_insee":"11285","nom":"Peyriac-de-Mer","codes_postaux":["11440"],"code_dep":"11","code_region":"76","population":1187,"surface_km2":35.47,"lat":43.0899,"lon":2.9547,"fibre_pct":88.6},{"code_insee":"11286","nom":"Peyriac-Minervois","codes_postaux":["11160"],"code_dep":"11","code_region":"76","population":1123,"surface_km2":10.19,"lat":43.2951,"lon":2.5714,"fibre_pct":98.6},{"code_insee":"11287","nom":"Peyrolles","codes_postaux":["11190"],"code_dep":"11","code_region":"76","population":91,"surface_km2":14.98,"lat":42.9602,"lon":2.3363,"fibre_pct":100.0},{"code_insee":"11288","nom":"Pezens","codes_postaux":["11170"],"code_dep":"11","code_region":"76","population":1611,"surface_km2":11.23,"lat":43.2557,"lon":2.244,"fibre_pct":88.8},{"code_insee":"11289","nom":"Pieusse","codes_postaux":["11300"],"code_dep":"11","code_region":"76","population":970,"surface_km2":13.36,"lat":43.0812,"lon":2.2525,"fibre_pct":96.0},{"code_insee":"11290","nom":"Plaigne","codes_postaux":["11420"],"code_dep":"11","code_region":"76","population":119,"surface_km2":13.69,"lat":43.1697,"lon":1.8059,"fibre_pct":100.0},{"code_insee":"11291","nom":"Plavilla","codes_postaux":["11270"],"code_dep":"11","code_region":"76","population":146,"surface_km2":12.7,"lat":43.1378,"lon":1.9094,"fibre_pct":98.5},{"code_insee":"11292","nom":"La Pomarède","codes_postaux":["11400"],"code_dep":"11","code_region":"76","population":188,"surface_km2":13.37,"lat":43.4077,"lon":1.9426,"fibre_pct":100.0},{"code_insee":"11293","nom":"Pomas","codes_postaux":["11250"],"code_dep":"11","code_region":"76","population":1017,"surface_km2":10.63,"lat":43.1054,"lon":2.2811,"fibre_pct":93.4},{"code_insee":"11294","nom":"Pomy","codes_postaux":["11300"],"code_dep":"11","code_region":"76","population":51,"surface_km2":6.07,"lat":43.0598,"lon":2.057,"fibre_pct":0.0},{"code_insee":"11295","nom":"Portel-des-Corbières","codes_postaux":["11490"],"code_dep":"11","code_region":"76","population":1279,"surface_km2":34.97,"lat":43.0515,"lon":2.9056,"fibre_pct":86.6},{"code_insee":"11296","nom":"Pouzols-Minervois","codes_postaux":["11120"],"code_dep":"11","code_region":"76","population":599,"surface_km2":10.17,"lat":43.2858,"lon":2.8158,"fibre_pct":96.0},{"code_insee":"11297","nom":"Pradelles-Cabardès","codes_postaux":["11380"],"code_dep":"11","code_region":"76","population":160,"surface_km2":21.33,"lat":43.4077,"lon":2.4374,"fibre_pct":98.7},{"code_insee":"11299","nom":"Preixan","codes_postaux":["11250"],"code_dep":"11","code_region":"76","population":637,"surface_km2":8.58,"lat":43.1437,"lon":2.2781,"fibre_pct":97.5},{"code_insee":"11300","nom":"Puginier","codes_postaux":["11400"],"code_dep":"11","code_region":"76","population":153,"surface_km2":6.98,"lat":43.3811,"lon":1.9272,"fibre_pct":100.0},{"code_insee":"11301","nom":"Puichéric","codes_postaux":["11700"],"code_dep":"11","code_region":"76","population":1198,"surface_km2":13.95,"lat":43.2243,"lon":2.6078,"fibre_pct":99.3},{"code_insee":"11302","nom":"Puilaurens","codes_postaux":["11140"],"code_dep":"11","code_region":"76","population":277,"surface_km2":33.78,"lat":42.8119,"lon":2.2941,"fibre_pct":99.7},{"code_insee":"11303","nom":"Puivert","codes_postaux":["11230"],"code_dep":"11","code_region":"76","population":491,"surface_km2":42.72,"lat":42.9074,"lon":2.0634,"fibre_pct":93.3},{"code_insee":"11304","nom":"Quillan","codes_postaux":["11500"],"code_dep":"11","code_region":"76","population":2978,"surface_km2":35.96,"lat":42.8833,"lon":2.1733,"fibre_pct":97.0},{"code_insee":"11305","nom":"Quintillan","codes_postaux":["11360"],"code_dep":"11","code_region":"76","population":62,"surface_km2":16.46,"lat":42.9585,"lon":2.6968,"fibre_pct":2.6},{"code_insee":"11306","nom":"Quirbajou","codes_postaux":["11500"],"code_dep":"11","code_region":"76","population":49,"surface_km2":14.07,"lat":42.8374,"lon":2.1669,"fibre_pct":100.0},{"code_insee":"11307","nom":"Raissac-d'Aude","codes_postaux":["11200"],"code_dep":"11","code_region":"76","population":222,"surface_km2":6.32,"lat":43.2292,"lon":2.878,"fibre_pct":92.6},{"code_insee":"11308","nom":"Raissac-sur-Lampy","codes_postaux":["11170"],"code_dep":"11","code_region":"76","population":454,"surface_km2":5.45,"lat":43.2802,"lon":2.1614,"fibre_pct":75.3},{"code_insee":"11309","nom":"Rennes-le-Château","codes_postaux":["11190"],"code_dep":"11","code_region":"76","population":89,"surface_km2":15.04,"lat":42.9154,"lon":2.2782,"fibre_pct":100.0},{"code_insee":"11310","nom":"Rennes-les-Bains","codes_postaux":["11190"],"code_dep":"11","code_region":"76","population":238,"surface_km2":19.3,"lat":42.9227,"lon":2.3468,"fibre_pct":85.8},{"code_insee":"11311","nom":"Ribaute","codes_postaux":["11220"],"code_dep":"11","code_region":"76","population":262,"surface_km2":9.45,"lat":43.1055,"lon":2.6434,"fibre_pct":0.0},{"code_insee":"11312","nom":"Ribouisse","codes_postaux":["11270"],"code_dep":"11","code_region":"76","population":97,"surface_km2":10.52,"lat":43.1663,"lon":1.91,"fibre_pct":97.3},{"code_insee":"11313","nom":"Ricaud","codes_postaux":["11400"],"code_dep":"11","code_region":"76","population":331,"surface_km2":6.19,"lat":43.3478,"lon":1.8958,"fibre_pct":97.0},{"code_insee":"11314","nom":"Rieux-en-Val","codes_postaux":["11220"],"code_dep":"11","code_region":"76","population":84,"surface_km2":7.33,"lat":43.0805,"lon":2.5444,"fibre_pct":0.0},{"code_insee":"11315","nom":"Rieux-Minervois","codes_postaux":["11160"],"code_dep":"11","code_region":"76","population":1957,"surface_km2":21.82,"lat":43.2667,"lon":2.5906,"fibre_pct":93.1},{"code_insee":"11316","nom":"Rivel","codes_postaux":["11230"],"code_dep":"11","code_region":"76","population":219,"surface_km2":24.88,"lat":42.9188,"lon":2.0062,"fibre_pct":17.5},{"code_insee":"11317","nom":"Rodome","codes_postaux":["11140"],"code_dep":"11","code_region":"76","population":96,"surface_km2":12.0,"lat":42.7981,"lon":2.0665,"fibre_pct":94.1},{"code_insee":"11318","nom":"Roquecourbe-Minervois","codes_postaux":["11700"],"code_dep":"11","code_region":"76","population":150,"surface_km2":3.63,"lat":43.2124,"lon":2.6506,"fibre_pct":100.0},{"code_insee":"11319","nom":"Roquefère","codes_postaux":["11380"],"code_dep":"11","code_region":"76","population":69,"surface_km2":8.22,"lat":43.3965,"lon":2.379,"fibre_pct":100.0},{"code_insee":"11320","nom":"Roquefeuil","codes_postaux":["11340"],"code_dep":"11","code_region":"76","population":283,"surface_km2":22.66,"lat":42.8454,"lon":1.9895,"fibre_pct":94.0},{"code_insee":"11321","nom":"Roquefort-de-Sault","codes_postaux":["11140"],"code_dep":"11","code_region":"76","population":85,"surface_km2":22.24,"lat":42.7375,"lon":2.2004,"fibre_pct":100.0},{"code_insee":"11322","nom":"Roquefort-des-Corbières","codes_postaux":["11540"],"code_dep":"11","code_region":"76","population":1051,"surface_km2":45.45,"lat":42.9963,"lon":2.9371,"fibre_pct":95.8},{"code_insee":"11323","nom":"Roquetaillade-et-Conilhac","codes_postaux":["11190","11300"],"code_dep":"11","code_region":"76","population":265,"surface_km2":16.34,"lat":42.9904,"lon":2.2075,"fibre_pct":88.8},{"code_insee":"11324","nom":"Roubia","codes_postaux":["11200"],"code_dep":"11","code_region":"76","population":520,"surface_km2":7.57,"lat":43.2507,"lon":2.7977,"fibre_pct":99.5},{"code_insee":"11325","nom":"Rouffiac-d'Aude","codes_postaux":["11250"],"code_dep":"11","code_region":"76","population":514,"surface_km2":5.51,"lat":43.1249,"lon":2.283,"fibre_pct":98.6},{"code_insee":"11326","nom":"Rouffiac-des-Corbières","codes_postaux":["11350"],"code_dep":"11","code_region":"76","population":75,"surface_km2":16.13,"lat":42.8881,"lon":2.5595,"fibre_pct":0.0},{"code_insee":"11327","nom":"Roullens","codes_postaux":["11290"],"code_dep":"11","code_region":"76","population":588,"surface_km2":8.14,"lat":43.1666,"lon":2.2672,"fibre_pct":86.6},{"code_insee":"11328","nom":"Routier","codes_postaux":["11240"],"code_dep":"11","code_region":"76","population":231,"surface_km2":11.87,"lat":43.1042,"lon":2.136,"fibre_pct":100.0},{"code_insee":"11330","nom":"Rustiques","codes_postaux":["11800"],"code_dep":"11","code_region":"76","population":538,"surface_km2":6.58,"lat":43.2174,"lon":2.4784,"fibre_pct":100.0},{"code_insee":"11331","nom":"Saint-Amans","codes_postaux":["11270"],"code_dep":"11","code_region":"76","population":63,"surface_km2":8.58,"lat":43.2306,"lon":1.8842,"fibre_pct":19.7},{"code_insee":"11332","nom":"Saint-André-de-Roquelongue","codes_postaux":["11200"],"code_dep":"11","code_region":"76","population":1488,"surface_km2":29.97,"lat":43.0929,"lon":2.8501,"fibre_pct":98.4},{"code_insee":"11333","nom":"Saint-Benoît","codes_postaux":["11230"],"code_dep":"11","code_region":"76","population":109,"surface_km2":21.37,"lat":43.0038,"lon":2.0619,"fibre_pct":6.1},{"code_insee":"11334","nom":"Sainte-Camelle","codes_postaux":["11410"],"code_dep":"11","code_region":"76","population":127,"surface_km2":9.87,"lat":43.2713,"lon":1.7885,"fibre_pct":100.0},{"code_insee":"11335","nom":"Sainte-Colombe-sur-Guette","codes_postaux":["11140"],"code_dep":"11","code_region":"76","population":38,"surface_km2":21.18,"lat":42.7441,"lon":2.2494,"fibre_pct":100.0},{"code_insee":"11336","nom":"Sainte-Colombe-sur-l'Hers","codes_postaux":["11230"],"code_dep":"11","code_region":"76","population":441,"surface_km2":10.92,"lat":42.947,"lon":1.9614,"fibre_pct":0.0},{"code_insee":"11337","nom":"Saint-Couat-d'Aude","codes_postaux":["11700"],"code_dep":"11","code_region":"76","population":387,"surface_km2":5.36,"lat":43.2108,"lon":2.6384,"fibre_pct":96.6},{"code_insee":"11338","nom":"Saint-Couat-du-Razès","codes_postaux":["11300"],"code_dep":"11","code_region":"76","population":46,"surface_km2":6.6,"lat":42.9964,"lon":2.1105,"fibre_pct":100.0},{"code_insee":"11339","nom":"Saint-Denis","codes_postaux":["11310"],"code_dep":"11","code_region":"76","population":523,"surface_km2":8.62,"lat":43.357,"lon":2.2181,"fibre_pct":100.0},{"code_insee":"11340","nom":"Sainte-Eulalie","codes_postaux":["11170"],"code_dep":"11","code_region":"76","population":595,"surface_km2":6.42,"lat":43.2439,"lon":2.2061,"fibre_pct":80.6},{"code_insee":"11341","nom":"Saint-Ferriol","codes_postaux":["11500"],"code_dep":"11","code_region":"76","population":118,"surface_km2":10.08,"lat":42.8965,"lon":2.2245,"fibre_pct":100.0},{"code_insee":"11342","nom":"Saint-Frichoux","codes_postaux":["11800"],"code_dep":"11","code_region":"76","population":224,"surface_km2":6.5,"lat":43.245,"lon":2.5561,"fibre_pct":100.0},{"code_insee":"11343","nom":"Saint-Gaudéric","codes_postaux":["11270"],"code_dep":"11","code_region":"76","population":108,"surface_km2":11.46,"lat":43.1278,"lon":1.9595,"fibre_pct":98.3},{"code_insee":"11344","nom":"Saint-Hilaire","codes_postaux":["11250"],"code_dep":"11","code_region":"76","population":712,"surface_km2":23.83,"lat":43.0756,"lon":2.3371,"fibre_pct":92.3},{"code_insee":"11345","nom":"Saint-Jean-de-Barrou","codes_postaux":["11360"],"code_dep":"11","code_region":"76","population":272,"surface_km2":7.58,"lat":42.9623,"lon":2.8262,"fibre_pct":99.3},{"code_insee":"11346","nom":"Saint-Jean-de-Paracol","codes_postaux":["11260"],"code_dep":"11","code_region":"76","population":139,"surface_km2":7.32,"lat":42.937,"lon":2.1047,"fibre_pct":13.2},{"code_insee":"11347","nom":"Saint-Julia-de-Bec","codes_postaux":["11500"],"code_dep":"11","code_region":"76","population":98,"surface_km2":14.16,"lat":42.8616,"lon":2.2556,"fibre_pct":100.0},{"code_insee":"11348","nom":"Saint-Julien-de-Briola","codes_postaux":["11270"],"code_dep":"11","code_region":"76","population":79,"surface_km2":11.71,"lat":43.1628,"lon":1.941,"fibre_pct":100.0},{"code_insee":"11350","nom":"Saint-Just-et-le-Bézu","codes_postaux":["11500"],"code_dep":"11","code_region":"76","population":50,"surface_km2":13.81,"lat":42.8796,"lon":2.2917,"fibre_pct":100.0},{"code_insee":"11351","nom":"Saint-Laurent-de-la-Cabrerisse","codes_postaux":["11220"],"code_dep":"11","code_region":"76","population":753,"surface_km2":25.29,"lat":43.0851,"lon":2.7156,"fibre_pct":100.0},{"code_insee":"11352","nom":"Saint-Louis-et-Parahou","codes_postaux":["11500"],"code_dep":"11","code_region":"76","population":55,"surface_km2":16.02,"lat":42.851,"lon":2.3253,"fibre_pct":100.0},{"code_insee":"11353","nom":"Saint-Marcel-sur-Aude","codes_postaux":["11120"],"code_dep":"11","code_region":"76","population":2014,"surface_km2":8.45,"lat":43.252,"lon":2.929,"fibre_pct":98.8},{"code_insee":"11354","nom":"Saint-Martin-des-Puits","codes_postaux":["11220"],"code_dep":"11","code_region":"76","population":30,"surface_km2":7.11,"lat":43.036,"lon":2.5768,"fibre_pct":0.0},{"code_insee":"11355","nom":"Saint-Martin-de-Villereglan","codes_postaux":["11300"],"code_dep":"11","code_region":"76","population":403,"surface_km2":9.69,"lat":43.1034,"lon":2.2082,"fibre_pct":98.0},{"code_insee":"11356","nom":"Saint-Martin-Lalande","codes_postaux":["11400"],"code_dep":"11","code_region":"76","population":1107,"surface_km2":12.72,"lat":43.3022,"lon":2.0143,"fibre_pct":95.7},{"code_insee":"11357","nom":"Saint-Martin-le-Vieil","codes_postaux":["11170"],"code_dep":"11","code_region":"76","population":211,"surface_km2":13.72,"lat":43.2931,"lon":2.1556,"fibre_pct":100.0},{"code_insee":"11358","nom":"Saint-Martin-Lys","codes_postaux":["11500"],"code_dep":"11","code_region":"76","population":23,"surface_km2":10.27,"lat":42.8242,"lon":2.2367,"fibre_pct":100.0},{"code_insee":"11359","nom":"Saint-Michel-de-Lanès","codes_postaux":["11410"],"code_dep":"11","code_region":"76","population":484,"surface_km2":13.02,"lat":43.3269,"lon":1.7516,"fibre_pct":95.1},{"code_insee":"11360","nom":"Saint-Nazaire-d'Aude","codes_postaux":["11120"],"code_dep":"11","code_region":"76","population":2118,"surface_km2":8.76,"lat":43.2505,"lon":2.8898,"fibre_pct":97.7},{"code_insee":"11361","nom":"Saint-Papoul","codes_postaux":["11400"],"code_dep":"11","code_region":"76","population":835,"surface_km2":27.32,"lat":43.3376,"lon":2.0437,"fibre_pct":96.7},{"code_insee":"11362","nom":"Saint-Paulet","codes_postaux":["11320"],"code_dep":"11","code_region":"76","population":205,"surface_km2":7.55,"lat":43.4028,"lon":1.8813,"fibre_pct":4.9},{"code_insee":"11363","nom":"Saint-Pierre-des-Champs","codes_postaux":["11220"],"code_dep":"11","code_region":"76","population":213,"surface_km2":16.66,"lat":43.0477,"lon":2.6052,"fibre_pct":0.0},{"code_insee":"11364","nom":"Saint-Polycarpe","codes_postaux":["11300"],"code_dep":"11","code_region":"76","population":169,"surface_km2":14.18,"lat":43.0311,"lon":2.3091,"fibre_pct":100.0},{"code_insee":"11365","nom":"Saint-Sernin","codes_postaux":["11420"],"code_dep":"11","code_region":"76","population":38,"surface_km2":6.83,"lat":43.2276,"lon":1.8032,"fibre_pct":84.9},{"code_insee":"11366","nom":"Sainte-Valière","codes_postaux":["11120"],"code_dep":"11","code_region":"76","population":534,"surface_km2":6.55,"lat":43.2772,"lon":2.8446,"fibre_pct":99.3},{"code_insee":"11367","nom":"Saissac","codes_postaux":["11310"],"code_dep":"11","code_region":"76","population":904,"surface_km2":59.05,"lat":43.3622,"lon":2.1618,"fibre_pct":86.9},{"code_insee":"11368","nom":"Sallèles-Cabardès","codes_postaux":["11600"],"code_dep":"11","code_region":"76","population":110,"surface_km2":7.06,"lat":43.3217,"lon":2.4109,"fibre_pct":100.0},{"code_insee":"11369","nom":"Sallèles-d'Aude","codes_postaux":["11590"],"code_dep":"11","code_region":"76","population":3179,"surface_km2":12.51,"lat":43.2712,"lon":2.9342,"fibre_pct":95.3},{"code_insee":"11370","nom":"Salles-d'Aude","codes_postaux":["11110"],"code_dep":"11","code_region":"76","population":3369,"surface_km2":18.29,"lat":43.2349,"lon":3.1082,"fibre_pct":96.0},{"code_insee":"11371","nom":"Salles-sur-l'Hers","codes_postaux":["11410"],"code_dep":"11","code_region":"76","population":770,"surface_km2":20.02,"lat":43.2963,"lon":1.7803,"fibre_pct":99.5},{"code_insee":"11372","nom":"Salsigne","codes_postaux":["11600"],"code_dep":"11","code_region":"76","population":400,"surface_km2":11.82,"lat":43.3243,"lon":2.3605,"fibre_pct":100.0},{"code_insee":"11373","nom":"Salvezines","codes_postaux":["11140"],"code_dep":"11","code_region":"76","population":70,"surface_km2":20.25,"lat":42.7727,"lon":2.2799,"fibre_pct":96.4},{"code_insee":"11374","nom":"Salza","codes_postaux":["11330"],"code_dep":"11","code_region":"76","population":29,"surface_km2":8.5,"lat":42.9877,"lon":2.5064,"fibre_pct":0.0},{"code_insee":"11375","nom":"Seignalens","codes_postaux":["11240"],"code_dep":"11","code_region":"76","population":30,"surface_km2":6.39,"lat":43.098,"lon":1.9673,"fibre_pct":99.0},{"code_insee":"11376","nom":"La Serpent","codes_postaux":["11190"],"code_dep":"11","code_region":"76","population":92,"surface_km2":10.04,"lat":42.9651,"lon":2.1753,"fibre_pct":100.0},{"code_insee":"11377","nom":"Serres","codes_postaux":["11190"],"code_dep":"11","code_region":"76","population":89,"surface_km2":4.29,"lat":42.9447,"lon":2.3277,"fibre_pct":100.0},{"code_insee":"11378","nom":"Serviès-en-Val","codes_postaux":["11220"],"code_dep":"11","code_region":"76","population":221,"surface_km2":6.76,"lat":43.0955,"lon":2.5261,"fibre_pct":100.0},{"code_insee":"11379","nom":"Sigean","codes_postaux":["11130"],"code_dep":"11","code_region":"76","population":5657,"surface_km2":40.53,"lat":43.0344,"lon":2.9793,"fibre_pct":86.2},{"code_insee":"11380","nom":"Sonnac-sur-l'Hers","codes_postaux":["11230"],"code_dep":"11","code_region":"76","population":137,"surface_km2":13.78,"lat":43.0154,"lon":2.0013,"fibre_pct":1.0},{"code_insee":"11381","nom":"Sougraigne","codes_postaux":["11190"],"code_dep":"11","code_region":"76","population":125,"surface_km2":18.98,"lat":42.906,"lon":2.3639,"fibre_pct":92.9},{"code_insee":"11382","nom":"Souilhanels","codes_postaux":["11400"],"code_dep":"11","code_region":"76","population":356,"surface_km2":2.82,"lat":43.3552,"lon":1.9178,"fibre_pct":100.0},{"code_insee":"11383","nom":"Souilhe","codes_postaux":["11400"],"code_dep":"11","code_region":"76","population":354,"surface_km2":4.36,"lat":43.3683,"lon":1.9185,"fibre_pct":100.0},{"code_insee":"11384","nom":"Soulatgé","codes_postaux":["11330"],"code_dep":"11","code_region":"76","population":126,"surface_km2":24.7,"lat":42.8766,"lon":2.4993,"fibre_pct":0.0},{"code_insee":"11385","nom":"Soupex","codes_postaux":["11320"],"code_dep":"11","code_region":"76","population":243,"surface_km2":7.65,"lat":43.3792,"lon":1.8871,"fibre_pct":98.3},{"code_insee":"11386","nom":"Talairan","codes_postaux":["11220"],"code_dep":"11","code_region":"76","population":440,"surface_km2":37.85,"lat":43.0204,"lon":2.6654,"fibre_pct":98.3},{"code_insee":"11387","nom":"Taurize","codes_postaux":["11220"],"code_dep":"11","code_region":"76","population":108,"surface_km2":8.6,"lat":43.0641,"lon":2.5102,"fibre_pct":0.0},{"code_insee":"11388","nom":"Termes","codes_postaux":["11330"],"code_dep":"11","code_region":"76","population":48,"surface_km2":19.1,"lat":43.0052,"lon":2.5673,"fibre_pct":94.1},{"code_insee":"11389","nom":"Terroles","codes_postaux":["11580"],"code_dep":"11","code_region":"76","population":14,"surface_km2":6.86,"lat":42.9927,"lon":2.3428,"fibre_pct":77.3},{"code_insee":"11390","nom":"Thézan-des-Corbières","codes_postaux":["11200"],"code_dep":"11","code_region":"76","population":573,"surface_km2":26.5,"lat":43.0947,"lon":2.7918,"fibre_pct":95.4},{"code_insee":"11391","nom":"La Tourette-Cabardès","codes_postaux":["11380"],"code_dep":"11","code_region":"76","population":20,"surface_km2":5.21,"lat":43.3815,"lon":2.3277,"fibre_pct":100.0},{"code_insee":"11392","nom":"Tournissan","codes_postaux":["11220"],"code_dep":"11","code_region":"76","population":292,"surface_km2":11.97,"lat":43.0847,"lon":2.6612,"fibre_pct":100.0},{"code_insee":"11393","nom":"Tourouzelle","codes_postaux":["11200"],"code_dep":"11","code_region":"76","population":494,"surface_km2":14.37,"lat":43.2451,"lon":2.7241,"fibre_pct":98.6},{"code_insee":"11394","nom":"Tourreilles","codes_postaux":["11300"],"code_dep":"11","code_region":"76","population":128,"surface_km2":6.45,"lat":43.0216,"lon":2.1677,"fibre_pct":95.2},{"code_insee":"11395","nom":"Trassanel","codes_postaux":["11160"],"code_dep":"11","code_region":"76","population":25,"surface_km2":4.51,"lat":43.3474,"lon":2.4439,"fibre_pct":100.0},{"code_insee":"11396","nom":"Trausse","codes_postaux":["11160"],"code_dep":"11","code_region":"76","population":614,"surface_km2":11.0,"lat":43.3202,"lon":2.5675,"fibre_pct":100.0},{"code_insee":"11397","nom":"Trèbes","codes_postaux":["11800"],"code_dep":"11","code_region":"76","population":5361,"surface_km2":17.91,"lat":43.209,"lon":2.4653,"fibre_pct":94.2},{"code_insee":"11398","nom":"Treilles","codes_postaux":["11510"],"code_dep":"11","code_region":"76","population":271,"surface_km2":12.61,"lat":42.9181,"lon":2.9492,"fibre_pct":99.7},{"code_insee":"11399","nom":"Tréville","codes_postaux":["11400"],"code_dep":"11","code_region":"76","population":110,"surface_km2":5.48,"lat":43.3835,"lon":1.9533,"fibre_pct":100.0},{"code_insee":"11400","nom":"Tréziers","codes_postaux":["11230"],"code_dep":"11","code_region":"76","population":98,"surface_km2":6.6,"lat":43.054,"lon":1.9628,"fibre_pct":0.0},{"code_insee":"11401","nom":"Tuchan","codes_postaux":["11350"],"code_dep":"11","code_region":"76","population":791,"surface_km2":59.47,"lat":42.9114,"lon":2.7366,"fibre_pct":90.7},{"code_insee":"11402","nom":"Valmigère","codes_postaux":["11580"],"code_dep":"11","code_region":"76","population":28,"surface_km2":6.01,"lat":42.9823,"lon":2.3868,"fibre_pct":0.0},{"code_insee":"11404","nom":"Ventenac-Cabardès","codes_postaux":["11610"],"code_dep":"11","code_region":"76","population":962,"surface_km2":10.82,"lat":43.2777,"lon":2.2787,"fibre_pct":99.8},{"code_insee":"11405","nom":"Ventenac-en-Minervois","codes_postaux":["11120"],"code_dep":"11","code_region":"76","population":644,"surface_km2":6.14,"lat":43.2512,"lon":2.8544,"fibre_pct":93.9},{"code_insee":"11406","nom":"Véraza","codes_postaux":["11580"],"code_dep":"11","code_region":"76","population":35,"surface_km2":15.05,"lat":42.9936,"lon":2.3047,"fibre_pct":100.0},{"code_insee":"11407","nom":"Verdun-en-Lauragais","codes_postaux":["11400"],"code_dep":"11","code_region":"76","population":290,"surface_km2":20.67,"lat":43.3667,"lon":2.0785,"fibre_pct":98.6},{"code_insee":"11408","nom":"Verzeille","codes_postaux":["11250"],"code_dep":"11","code_region":"76","population":456,"surface_km2":5.44,"lat":43.1209,"lon":2.3306,"fibre_pct":89.9},{"code_insee":"11409","nom":"Vignevieille","codes_postaux":["11330"],"code_dep":"11","code_region":"76","population":107,"surface_km2":16.91,"lat":43.011,"lon":2.5339,"fibre_pct":0.0},{"code_insee":"11410","nom":"Villalier","codes_postaux":["11600"],"code_dep":"11","code_region":"76","population":972,"surface_km2":8.04,"lat":43.2507,"lon":2.4191,"fibre_pct":97.9},{"code_insee":"11411","nom":"Villanière","codes_postaux":["11600"],"code_dep":"11","code_region":"76","population":152,"surface_km2":7.25,"lat":43.3505,"lon":2.3392,"fibre_pct":100.0},{"code_insee":"11412","nom":"Villardebelle","codes_postaux":["11580"],"code_dep":"11","code_region":"76","population":66,"surface_km2":13.42,"lat":43.0124,"lon":2.4057,"fibre_pct":0.0},{"code_insee":"11413","nom":"Villardonnel","codes_postaux":["11600"],"code_dep":"11","code_region":"76","population":515,"surface_km2":17.17,"lat":43.336,"lon":2.314,"fibre_pct":99.2},{"code_insee":"11414","nom":"Villar-en-Val","codes_postaux":["11220"],"code_dep":"11","code_region":"76","population":23,"surface_km2":11.77,"lat":43.0807,"lon":2.442,"fibre_pct":0.0},{"code_insee":"11415","nom":"Villar-Saint-Anselme","codes_postaux":["11250"],"code_dep":"11","code_region":"76","population":113,"surface_km2":6.07,"lat":43.0572,"lon":2.2979,"fibre_pct":94.3},{"code_insee":"11416","nom":"Villarzel-Cabardès","codes_postaux":["11600"],"code_dep":"11","code_region":"76","population":276,"surface_km2":6.59,"lat":43.2844,"lon":2.4686,"fibre_pct":90.6},{"code_insee":"11417","nom":"Villarzel-du-Razès","codes_postaux":["11300"],"code_dep":"11","code_region":"76","population":100,"surface_km2":12.97,"lat":43.1447,"lon":2.2009,"fibre_pct":94.6},{"code_insee":"11418","nom":"Villasavary","codes_postaux":["11150"],"code_dep":"11","code_region":"76","population":1220,"surface_km2":34.21,"lat":43.2294,"lon":2.0341,"fibre_pct":96.2},{"code_insee":"11419","nom":"Villautou","codes_postaux":["11420"],"code_dep":"11","code_region":"76","population":68,"surface_km2":6.14,"lat":43.1635,"lon":1.8388,"fibre_pct":96.3},{"code_insee":"11420","nom":"Villebazy","codes_postaux":["11250"],"code_dep":"11","code_region":"76","population":140,"surface_km2":12.56,"lat":43.058,"lon":2.3426,"fibre_pct":100.0},{"code_insee":"11421","nom":"Villedaigne","codes_postaux":["11200"],"code_dep":"11","code_region":"76","population":599,"surface_km2":2.51,"lat":43.2108,"lon":2.8574,"fibre_pct":98.5},{"code_insee":"11422","nom":"Villedubert","codes_postaux":["11800"],"code_dep":"11","code_region":"76","population":349,"surface_km2":3.22,"lat":43.2306,"lon":2.4175,"fibre_pct":90.4},{"code_insee":"11423","nom":"Villefloure","codes_postaux":["11570"],"code_dep":"11","code_region":"76","population":156,"surface_km2":17.4,"lat":43.1281,"lon":2.3887,"fibre_pct":82.3},{"code_insee":"11424","nom":"Villefort","codes_postaux":["11230"],"code_dep":"11","code_region":"76","population":88,"surface_km2":12.75,"lat":42.9517,"lon":2.0496,"fibre_pct":0.0},{"code_insee":"11425","nom":"Villegailhenc","codes_postaux":["11600"],"code_dep":"11","code_region":"76","population":1718,"surface_km2":5.04,"lat":43.2728,"lon":2.3484,"fibre_pct":100.0},{"code_insee":"11426","nom":"Villegly","codes_postaux":["11600"],"code_dep":"11","code_region":"76","population":1247,"surface_km2":10.29,"lat":43.2929,"lon":2.4369,"fibre_pct":97.4},{"code_insee":"11427","nom":"Villelongue-d'Aude","codes_postaux":["11300"],"code_dep":"11","code_region":"76","population":321,"surface_km2":13.57,"lat":43.0619,"lon":2.0959,"fibre_pct":0.0},{"code_insee":"11428","nom":"Villemagne","codes_postaux":["11310"],"code_dep":"11","code_region":"76","population":236,"surface_km2":11.06,"lat":43.3664,"lon":2.1088,"fibre_pct":99.6},{"code_insee":"11429","nom":"Villemoustaussou","codes_postaux":["11620"],"code_dep":"11","code_region":"76","population":4401,"surface_km2":12.63,"lat":43.2491,"lon":2.3712,"fibre_pct":96.0},{"code_insee":"11430","nom":"Villeneuve-la-Comptal","codes_postaux":["11400"],"code_dep":"11","code_region":"76","population":1448,"surface_km2":15.53,"lat":43.284,"lon":1.9175,"fibre_pct":99.9},{"code_insee":"11431","nom":"Villeneuve-les-Corbières","codes_postaux":["11360"],"code_dep":"11","code_region":"76","population":253,"surface_km2":24.28,"lat":42.9624,"lon":2.765,"fibre_pct":99.6},{"code_insee":"11432","nom":"Villeneuve-lès-Montréal","codes_postaux":["11290"],"code_dep":"11","code_region":"76","population":330,"surface_km2":2.2,"lat":43.1787,"lon":2.1139,"fibre_pct":95.7},{"code_insee":"11433","nom":"Villeneuve-Minervois","codes_postaux":["11160"],"code_dep":"11","code_region":"76","population":979,"surface_km2":24.61,"lat":43.333,"lon":2.4702,"fibre_pct":99.6},{"code_insee":"11434","nom":"Villepinte","codes_postaux":["11150"],"code_dep":"11","code_region":"76","population":1243,"surface_km2":15.45,"lat":43.2809,"lon":2.0967,"fibre_pct":91.7},{"code_insee":"11435","nom":"Villerouge-Termenès","codes_postaux":["11330"],"code_dep":"11","code_region":"76","population":165,"surface_km2":20.01,"lat":43.0038,"lon":2.6344,"fibre_pct":98.8},{"code_insee":"11436","nom":"Villesèque-des-Corbières","codes_postaux":["11360"],"code_dep":"11","code_region":"76","population":386,"surface_km2":31.98,"lat":43.0174,"lon":2.8585,"fibre_pct":99.5},{"code_insee":"11437","nom":"Villesèquelande","codes_postaux":["11170"],"code_dep":"11","code_region":"76","population":882,"surface_km2":5.34,"lat":43.2317,"lon":2.2286,"fibre_pct":98.6},{"code_insee":"11438","nom":"Villesiscle","codes_postaux":["11150"],"code_dep":"11","code_region":"76","population":362,"surface_km2":5.62,"lat":43.2284,"lon":2.0896,"fibre_pct":87.3},{"code_insee":"11439","nom":"Villespy","codes_postaux":["11170"],"code_dep":"11","code_region":"76","population":419,"surface_km2":6.67,"lat":43.321,"lon":2.0974,"fibre_pct":98.9},{"code_insee":"11440","nom":"Villetritouls","codes_postaux":["11220"],"code_dep":"11","code_region":"76","population":34,"surface_km2":4.83,"lat":43.0722,"lon":2.4913,"fibre_pct":0.0},{"code_insee":"11441","nom":"Vinassan","codes_postaux":["11110"],"code_dep":"11","code_region":"76","population":2662,"surface_km2":8.94,"lat":43.207,"lon":3.0969,"fibre_pct":97.5}]