[{"code_insee":"12001","nom":"Agen-d'Aveyron","codes_postaux":["12630"],"code_dep":"12","code_region":"76","population":1116,"surface_km2":22.1,"lat":44.3509,"lon":2.6915,"fibre_pct":98.4},{"code_insee":"12002","nom":"Aguessac","codes_postaux":["12520"],"code_dep":"12","code_region":"76","population":929,"surface_km2":17.75,"lat":44.1584,"lon":3.0669,"fibre_pct":93.7},{"code_insee":"12003","nom":"Les Albres","codes_postaux":["12220"],"code_dep":"12","code_region":"76","population":346,"surface_km2":15.3,"lat":44.5401,"lon":2.1801,"fibre_pct":93.5},{"code_insee":"12004","nom":"Almont-les-Junies","codes_postaux":["12300"],"code_dep":"12","code_region":"76","population":437,"surface_km2":23.79,"lat":44.6007,"lon":2.3172,"fibre_pct":92.5},{"code_insee":"12006","nom":"Alrance","codes_postaux":["12430"],"code_dep":"12","code_region":"76","population":335,"surface_km2":35.92,"lat":44.1396,"lon":2.6756,"fibre_pct":92.6},{"code_insee":"12007","nom":"Ambeyrac","codes_postaux":["12260"],"code_dep":"12","code_region":"76","population":184,"surface_km2":11.18,"lat":44.4919,"lon":1.9356,"fibre_pct":87.3},{"code_insee":"12008","nom":"Anglars-Saint-Félix","codes_postaux":["12390"],"code_dep":"12","code_region":"76","population":930,"surface_km2":22.23,"lat":44.4143,"lon":2.2352,"fibre_pct":97.9},{"code_insee":"12009","nom":"Arnac-sur-Dourdou","codes_postaux":["12360"],"code_dep":"12","code_region":"76","population":47,"surface_km2":16.54,"lat":43.7189,"lon":2.9484,"fibre_pct":99.0},{"code_insee":"12010","nom":"Arques","codes_postaux":["12290"],"code_dep":"12","code_region":"76","population":159,"surface_km2":11.24,"lat":44.32,"lon":2.8063,"fibre_pct":90.7},{"code_insee":"12011","nom":"Arvieu","codes_postaux":["12120"],"code_dep":"12","code_region":"76","population":774,"surface_km2":49.71,"lat":44.1908,"lon":2.6704,"fibre_pct":92.0},{"code_insee":"12012","nom":"Asprières","codes_postaux":["12700"],"code_dep":"12","code_region":"76","population":753,"surface_km2":17.24,"lat":44.5517,"lon":2.1412,"fibre_pct":97.3},{"code_insee":"12013","nom":"Aubin","codes_postaux":["12110"],"code_dep":"12","code_region":"76","population":3444,"surface_km2":27.16,"lat":44.5309,"lon":2.2531,"fibre_pct":99.1},{"code_insee":"12015","nom":"Auriac-Lagast","codes_postaux":["12120"],"code_dep":"12","code_region":"76","population":228,"surface_km2":30.62,"lat":44.1421,"lon":2.6002,"fibre_pct":69.8},{"code_insee":"12016","nom":"Auzits","codes_postaux":["12390"],"code_dep":"12","code_region":"76","population":824,"surface_km2":24.49,"lat":44.4954,"lon":2.32,"fibre_pct":99.0},{"code_insee":"12017","nom":"Ayssènes","codes_postaux":["12430"],"code_dep":"12","code_region":"76","population":225,"surface_km2":23.11,"lat":44.0916,"lon":2.7619,"fibre_pct":88.8},{"code_insee":"12018","nom":"Balaguier-d'Olt","codes_postaux":["12260"],"code_dep":"12","code_region":"76","population":179,"surface_km2":10.94,"lat":44.5188,"lon":1.9778,"fibre_pct":90.9},{"code_insee":"12019","nom":"Balaguier-sur-Rance","codes_postaux":["12380"],"code_dep":"12","code_region":"76","population":90,"surface_km2":9.75,"lat":43.8945,"lon":2.5761,"fibre_pct":93.7},{"code_insee":"12021","nom":"Le Bas Ségala","codes_postaux":["12200","12240"],"code_dep":"12","code_region":"76","population":1608,"surface_km2":82.39,"lat":44.3056,"lon":2.1369,"fibre_pct":91.4},{"code_insee":"12022","nom":"La Bastide-Pradines","codes_postaux":["12490"],"code_dep":"12","code_region":"76","population":122,"surface_km2":20.57,"lat":44.0098,"lon":3.0549,"fibre_pct":95.0},{"code_insee":"12023","nom":"La Bastide-Solages","codes_postaux":["12550"],"code_dep":"12","code_region":"76","population":117,"surface_km2":7.04,"lat":43.9488,"lon":2.5243,"fibre_pct":70.2},{"code_insee":"12024","nom":"Belcastel","codes_postaux":["12390"],"code_dep":"12","code_region":"76","population":189,"surface_km2":10.84,"lat":44.397,"lon":2.331,"fibre_pct":98.2},{"code_insee":"12025","nom":"Belmont-sur-Rance","codes_postaux":["12370"],"code_dep":"12","code_region":"76","population":1001,"surface_km2":44.23,"lat":43.8248,"lon":2.7517,"fibre_pct":95.8},{"code_insee":"12026","nom":"Bertholène","codes_postaux":["12310"],"code_dep":"12","code_region":"76","population":1043,"surface_km2":46.86,"lat":44.3904,"lon":2.7926,"fibre_pct":96.8},{"code_insee":"12027","nom":"Bessuéjouls","codes_postaux":["12500"],"code_dep":"12","code_region":"76","population":222,"surface_km2":11.33,"lat":44.5168,"lon":2.7104,"fibre_pct":94.5},{"code_insee":"12028","nom":"Boisse-Penchot","codes_postaux":["12300"],"code_dep":"12","code_region":"76","population":514,"surface_km2":4.53,"lat":44.582,"lon":2.2129,"fibre_pct":99.4},{"code_insee":"12029","nom":"Bor-et-Bar","codes_postaux":["12270"],"code_dep":"12","code_region":"76","population":206,"surface_km2":13.06,"lat":44.1971,"lon":2.0822,"fibre_pct":78.7},{"code_insee":"12030","nom":"Bouillac","codes_postaux":["12300"],"code_dep":"12","code_region":"76","population":375,"surface_km2":8.22,"lat":44.5745,"lon":2.1768,"fibre_pct":99.7},{"code_insee":"12031","nom":"Bournazel","codes_postaux":["12390"],"code_dep":"12","code_region":"76","population":327,"surface_km2":16.43,"lat":44.4615,"lon":2.3054,"fibre_pct":98.2},{"code_insee":"12032","nom":"Boussac","codes_postaux":["12160"],"code_dep":"12","code_region":"76","population":611,"surface_km2":18.09,"lat":44.2961,"lon":2.3846,"fibre_pct":98.6},{"code_insee":"12033","nom":"Bozouls","codes_postaux":["12340"],"code_dep":"12","code_region":"76","population":3001,"surface_km2":69.53,"lat":44.4724,"lon":2.7142,"fibre_pct":99.0},{"code_insee":"12034","nom":"Brandonnet","codes_postaux":["12350"],"code_dep":"12","code_region":"76","population":287,"surface_km2":11.92,"lat":44.3842,"lon":2.1383,"fibre_pct":91.4},{"code_insee":"12035","nom":"Brasc","codes_postaux":["12550"],"code_dep":"12","code_region":"76","population":170,"surface_km2":20.26,"lat":43.9803,"lon":2.5777,"fibre_pct":82.0},{"code_insee":"12036","nom":"Brommat","codes_postaux":["12600"],"code_dep":"12","code_region":"76","population":628,"surface_km2":43.57,"lat":44.8179,"lon":2.7081,"fibre_pct":78.8},{"code_insee":"12037","nom":"Broquiès","codes_postaux":["12480"],"code_dep":"12","code_region":"76","population":613,"surface_km2":37.88,"lat":44.024,"lon":2.7155,"fibre_pct":96.9},{"code_insee":"12038","nom":"Brousse-le-Château","codes_postaux":["12480"],"code_dep":"12","code_region":"76","population":164,"surface_km2":15.38,"lat":44.0078,"lon":2.6401,"fibre_pct":88.5},{"code_insee":"12039","nom":"Brusque","codes_postaux":["12360"],"code_dep":"12","code_region":"76","population":258,"surface_km2":36.08,"lat":43.7645,"lon":2.9513,"fibre_pct":92.3},{"code_insee":"12041","nom":"Cabanès","codes_postaux":["12800"],"code_dep":"12","code_region":"76","population":284,"surface_km2":15.96,"lat":44.193,"lon":2.2922,"fibre_pct":96.4},{"code_insee":"12042","nom":"Calmels-et-le-Viala","codes_postaux":["12400"],"code_dep":"12","code_region":"76","population":182,"surface_km2":23.18,"lat":43.9577,"lon":2.7583,"fibre_pct":91.1},{"code_insee":"12043","nom":"Calmont","codes_postaux":["12450"],"code_dep":"12","code_region":"76","population":2192,"surface_km2":30.82,"lat":44.2643,"lon":2.5256,"fibre_pct":96.5},{"code_insee":"12044","nom":"Camarès","codes_postaux":["12360"],"code_dep":"12","code_region":"76","population":1030,"surface_km2":42.03,"lat":43.8231,"lon":2.8807,"fibre_pct":97.4},{"code_insee":"12045","nom":"Camboulazet","codes_postaux":["12160"],"code_dep":"12","code_region":"76","population":412,"surface_km2":14.35,"lat":44.2244,"lon":2.4462,"fibre_pct":96.4},{"code_insee":"12046","nom":"Camjac","codes_postaux":["12800"],"code_dep":"12","code_region":"76","population":576,"surface_km2":23.05,"lat":44.1739,"lon":2.3985,"fibre_pct":98.2},{"code_insee":"12047","nom":"Campagnac","codes_postaux":["12560"],"code_dep":"12","code_region":"76","population":431,"surface_km2":41.83,"lat":44.4033,"lon":3.0889,"fibre_pct":98.9},{"code_insee":"12048","nom":"Campouriez","codes_postaux":["12140","12460"],"code_dep":"12","code_region":"76","population":322,"surface_km2":18.31,"lat":44.6814,"lon":2.6165,"fibre_pct":88.5},{"code_insee":"12049","nom":"Campuac","codes_postaux":["12580"],"code_dep":"12","code_region":"76","population":449,"surface_km2":19.13,"lat":44.5656,"lon":2.5808,"fibre_pct":94.6},{"code_insee":"12050","nom":"Canet-de-Salars","codes_postaux":["12290"],"code_dep":"12","code_region":"76","population":451,"surface_km2":34.05,"lat":44.2392,"lon":2.7379,"fibre_pct":86.8},{"code_insee":"12051","nom":"Cantoin","codes_postaux":["12420"],"code_dep":"12","code_region":"76","population":312,"surface_km2":44.0,"lat":44.8354,"lon":2.8261,"fibre_pct":94.3},{"code_insee":"12052","nom":"Capdenac-Gare","codes_postaux":["12700"],"code_dep":"12","code_region":"76","population":4440,"surface_km2":20.24,"lat":44.5604,"lon":2.0661,"fibre_pct":95.8},{"code_insee":"12053","nom":"La Capelle-Balaguier","codes_postaux":["12260"],"code_dep":"12","code_region":"76","population":346,"surface_km2":13.46,"lat":44.4402,"lon":1.9266,"fibre_pct":99.5},{"code_insee":"12054","nom":"La Capelle-Bleys","codes_postaux":["12240"],"code_dep":"12","code_region":"76","population":366,"surface_km2":15.7,"lat":44.305,"lon":2.1758,"fibre_pct":100.0},{"code_insee":"12055","nom":"La Capelle-Bonance","codes_postaux":["12130"],"code_dep":"12","code_region":"76","population":95,"surface_km2":13.85,"lat":44.4515,"lon":3.0258,"fibre_pct":93.8},{"code_insee":"12056","nom":"Baraqueville","codes_postaux":["12160"],"code_dep":"12","code_region":"76","population":3173,"surface_km2":33.93,"lat":44.2824,"lon":2.4527,"fibre_pct":98.8},{"code_insee":"12057","nom":"Cassagnes-Bégonhès","codes_postaux":["12120"],"code_dep":"12","code_region":"76","population":952,"surface_km2":30.85,"lat":44.1738,"lon":2.5175,"fibre_pct":87.7},{"code_insee":"12058","nom":"Cassuéjouls","codes_postaux":["12210"],"code_dep":"12","code_region":"76","population":107,"surface_km2":10.47,"lat":44.7233,"lon":2.811,"fibre_pct":95.1},{"code_insee":"12059","nom":"Castanet","codes_postaux":["12240"],"code_dep":"12","code_region":"76","population":533,"surface_km2":30.84,"lat":44.2882,"lon":2.3085,"fibre_pct":83.2},{"code_insee":"12060","nom":"Castelmary","codes_postaux":["12800"],"code_dep":"12","code_region":"76","population":121,"surface_km2":11.84,"lat":44.1732,"lon":2.2389,"fibre_pct":71.6},{"code_insee":"12061","nom":"Castelnau-de-Mandailles","codes_postaux":["12500"],"code_dep":"12","code_region":"76","population":565,"surface_km2":35.96,"lat":44.5309,"lon":2.8906,"fibre_pct":95.9},{"code_insee":"12062","nom":"Castelnau-Pégayrols","codes_postaux":["12620"],"code_dep":"12","code_region":"76","population":344,"surface_km2":53.06,"lat":44.1456,"lon":2.9304,"fibre_pct":94.2},{"code_insee":"12063","nom":"La Cavalerie","codes_postaux":["12230"],"code_dep":"12","code_region":"76","population":2223,"surface_km2":40.88,"lat":44.0148,"lon":3.1746,"fibre_pct":96.7},{"code_insee":"12064","nom":"Le Cayrol","codes_postaux":["12500"],"code_dep":"12","code_region":"76","population":243,"surface_km2":22.41,"lat":44.5866,"lon":2.7865,"fibre_pct":93.9},{"code_insee":"12065","nom":"Centrès","codes_postaux":["12120"],"code_dep":"12","code_region":"76","population":462,"surface_km2":36.76,"lat":44.1715,"lon":2.433,"fibre_pct":84.2},{"code_insee":"12066","nom":"Clairvaux-d'Aveyron","codes_postaux":["12330"],"code_dep":"12","code_region":"76","population":1158,"surface_km2":24.51,"lat":44.4008,"lon":2.4021,"fibre_pct":97.8},{"code_insee":"12067","nom":"Le Clapier","codes_postaux":["12540"],"code_dep":"12","code_region":"76","population":96,"surface_km2":19.66,"lat":43.8307,"lon":3.1792,"fibre_pct":96.5},{"code_insee":"12068","nom":"Colombiès","codes_postaux":["12240"],"code_dep":"12","code_region":"76","population":884,"surface_km2":55.41,"lat":44.3443,"lon":2.3262,"fibre_pct":87.1},{"code_insee":"12069","nom":"Combret","codes_postaux":["12370"],"code_dep":"12","code_region":"76","population":263,"surface_km2":50.1,"lat":43.8333,"lon":2.6871,"fibre_pct":96.9},{"code_insee":"12070","nom":"Compeyre","codes_postaux":["12520"],"code_dep":"12","code_region":"76","population":526,"surface_km2":10.41,"lat":44.1771,"lon":3.1026,"fibre_pct":100.0},{"code_insee":"12071","nom":"Compolibat","codes_postaux":["12350"],"code_dep":"12","code_region":"76","population":335,"surface_km2":16.92,"lat":44.3754,"lon":2.1836,"fibre_pct":98.2},{"code_insee":"12072","nom":"Comprégnac","codes_postaux":["12100"],"code_dep":"12","code_region":"76","population":227,"surface_km2":11.28,"lat":44.0966,"lon":2.9806,"fibre_pct":99.0},{"code_insee":"12073","nom":"Comps-la-Grand-Ville","codes_postaux":["12120"],"code_dep":"12","code_region":"76","population":636,"surface_km2":21.81,"lat":44.2269,"lon":2.5663,"fibre_pct":85.7},{"code_insee":"12074","nom":"Condom-d'Aubrac","codes_postaux":["12470"],"code_dep":"12","code_region":"76","population":285,"surface_km2":45.9,"lat":44.6032,"lon":2.8836,"fibre_pct":99.6},{"code_insee":"12075","nom":"Connac","codes_postaux":["12170"],"code_dep":"12","code_region":"76","population":99,"surface_km2":10.77,"lat":44.0224,"lon":2.5925,"fibre_pct":87.0},{"code_insee":"12077","nom":"Cornus","codes_postaux":["12540"],"code_dep":"12","code_region":"76","population":512,"surface_km2":93.37,"lat":43.8895,"lon":3.2013,"fibre_pct":95.1},{"code_insee":"12078","nom":"Les Costes-Gozon","codes_postaux":["12400"],"code_dep":"12","code_region":"76","population":163,"surface_km2":20.45,"lat":44.0136,"lon":2.7968,"fibre_pct":89.5},{"code_insee":"12079","nom":"Coubisou","codes_postaux":["12190"],"code_dep":"12","code_region":"76","population":462,"surface_km2":30.85,"lat":44.5807,"lon":2.735,"fibre_pct":88.4},{"code_insee":"12080","nom":"Coupiac","codes_postaux":["12550"],"code_dep":"12","code_region":"76","population":353,"surface_km2":24.94,"lat":43.9367,"lon":2.5888,"fibre_pct":94.7},{"code_insee":"12082","nom":"La Couvertoirade","codes_postaux":["12230"],"code_dep":"12","code_region":"76","population":210,"surface_km2":62.97,"lat":43.9307,"lon":3.2848,"fibre_pct":99.3},{"code_insee":"12083","nom":"Cransac","codes_postaux":["12110"],"code_dep":"12","code_region":"76","population":1482,"surface_km2":6.96,"lat":44.5175,"lon":2.2901,"fibre_pct":87.7},{"code_insee":"12084","nom":"Creissels","codes_postaux":["12100"],"code_dep":"12","code_region":"76","population":1568,"surface_km2":28.63,"lat":44.0621,"lon":3.0572,"fibre_pct":99.0},{"code_insee":"12085","nom":"Crespin","codes_postaux":["12800"],"code_dep":"12","code_region":"76","population":319,"surface_km2":18.46,"lat":44.1559,"lon":2.2447,"fibre_pct":79.8},{"code_insee":"12086","nom":"La Cresse","codes_postaux":["12640"],"code_dep":"12","code_region":"76","population":333,"surface_km2":19.33,"lat":44.169,"lon":3.1621,"fibre_pct":98.4},{"code_insee":"12088","nom":"Curières","codes_postaux":["12210"],"code_dep":"12","code_region":"76","population":215,"surface_km2":36.33,"lat":44.6398,"lon":2.8954,"fibre_pct":91.3},{"code_insee":"12089","nom":"Decazeville","codes_postaux":["12300"],"code_dep":"12","code_region":"76","population":5020,"surface_km2":13.97,"lat":44.5686,"lon":2.2563,"fibre_pct":98.6},{"code_insee":"12090","nom":"Druelle Balsac","codes_postaux":["12000","12510"],"code_dep":"12","code_region":"76","population":3187,"surface_km2":51.19,"lat":44.3782,"lon":2.4721,"fibre_pct":93.6},{"code_insee":"12091","nom":"Drulhe","codes_postaux":["12350"],"code_dep":"12","code_region":"76","population":448,"surface_km2":18.03,"lat":44.4524,"lon":2.1361,"fibre_pct":100.0},{"code_insee":"12092","nom":"Durenque","codes_postaux":["12170"],"code_dep":"12","code_region":"76","population":515,"surface_km2":33.37,"lat":44.0999,"lon":2.6206,"fibre_pct":93.2},{"code_insee":"12093","nom":"Le Fel","codes_postaux":["12140"],"code_dep":"12","code_region":"76","population":195,"surface_km2":24.94,"lat":44.67,"lon":2.5153,"fibre_pct":83.7},{"code_insee":"12094","nom":"Entraygues-sur-Truyère","codes_postaux":["12140"],"code_dep":"12","code_region":"76","population":964,"surface_km2":30.86,"lat":44.6604,"lon":2.5853,"fibre_pct":95.6},{"code_insee":"12095","nom":"Escandolières","codes_postaux":["12390"],"code_dep":"12","code_region":"76","population":212,"surface_km2":13.57,"lat":44.4727,"lon":2.3515,"fibre_pct":91.3},{"code_insee":"12096","nom":"Espalion","codes_postaux":["12500"],"code_dep":"12","code_region":"76","population":4605,"surface_km2":36.73,"lat":44.5191,"lon":2.7624,"fibre_pct":98.1},{"code_insee":"12097","nom":"Espeyrac","codes_postaux":["12140"],"code_dep":"12","code_region":"76","population":247,"surface_km2":22.21,"lat":44.6137,"lon":2.5164,"fibre_pct":72.9},{"code_insee":"12098","nom":"Estaing","codes_postaux":["12190"],"code_dep":"12","code_region":"76","population":502,"surface_km2":16.97,"lat":44.5764,"lon":2.6813,"fibre_pct":95.7},{"code_insee":"12099","nom":"Fayet","codes_postaux":["12360"],"code_dep":"12","code_region":"76","population":235,"surface_km2":15.92,"lat":43.8058,"lon":2.9703,"fibre_pct":98.9},{"code_insee":"12100","nom":"Firmi","codes_postaux":["12300"],"code_dep":"12","code_region":"76","population":2318,"surface_km2":29.22,"lat":44.5451,"lon":2.3268,"fibre_pct":99.5},{"code_insee":"12101","nom":"Flagnac","codes_postaux":["12300"],"code_dep":"12","code_region":"76","population":1084,"surface_km2":12.98,"lat":44.5924,"lon":2.2631,"fibre_pct":99.3},{"code_insee":"12102","nom":"Flavin","codes_postaux":["12450"],"code_dep":"12","code_region":"76","population":2392,"surface_km2":50.79,"lat":44.2871,"lon":2.631,"fibre_pct":91.9},{"code_insee":"12103","nom":"Florentin-la-Capelle","codes_postaux":["12140"],"code_dep":"12","code_region":"76","population":286,"surface_km2":36.76,"lat":44.6387,"lon":2.6424,"fibre_pct":86.8},{"code_insee":"12104","nom":"Foissac","codes_postaux":["12260"],"code_dep":"12","code_region":"76","population":454,"surface_km2":9.77,"lat":44.5028,"lon":2.016,"fibre_pct":98.5},{"code_insee":"12105","nom":"La Fouillade","codes_postaux":["12270"],"code_dep":"12","code_region":"76","population":1128,"surface_km2":32.94,"lat":44.2346,"lon":2.0517,"fibre_pct":94.7},{"code_insee":"12106","nom":"Gabriac","codes_postaux":["12340"],"code_dep":"12","code_region":"76","population":561,"surface_km2":25.67,"lat":44.4636,"lon":2.8061,"fibre_pct":96.2},{"code_insee":"12107","nom":"Gaillac-d'Aveyron","codes_postaux":["12310"],"code_dep":"12","code_region":"76","population":322,"surface_km2":29.01,"lat":44.3622,"lon":2.9059,"fibre_pct":99.0},{"code_insee":"12108","nom":"Galgan","codes_postaux":["12220"],"code_dep":"12","code_region":"76","population":363,"surface_km2":20.39,"lat":44.5037,"lon":2.1814,"fibre_pct":99.2},{"code_insee":"12109","nom":"Gissac","codes_postaux":["12360"],"code_dep":"12","code_region":"76","population":98,"surface_km2":31.23,"lat":43.8702,"lon":2.8996,"fibre_pct":95.4},{"code_insee":"12110","nom":"Golinhac","codes_postaux":["12140"],"code_dep":"12","code_region":"76","population":370,"surface_km2":32.27,"lat":44.5972,"lon":2.5921,"fibre_pct":91.4},{"code_insee":"12111","nom":"Goutrens","codes_postaux":["12390"],"code_dep":"12","code_region":"76","population":492,"surface_km2":26.03,"lat":44.4377,"lon":2.3651,"fibre_pct":87.6},{"code_insee":"12113","nom":"Gramond","codes_postaux":["12160"],"code_dep":"12","code_region":"76","population":551,"surface_km2":13.34,"lat":44.2623,"lon":2.3723,"fibre_pct":95.1},{"code_insee":"12115","nom":"L'Hospitalet-du-Larzac","codes_postaux":["12230"],"code_dep":"12","code_region":"76","population":348,"surface_km2":12.38,"lat":43.9755,"lon":3.2074,"fibre_pct":96.8},{"code_insee":"12116","nom":"Huparlac","codes_postaux":["12460"],"code_dep":"12","code_region":"76","population":250,"surface_km2":24.83,"lat":44.7183,"lon":2.7467,"fibre_pct":99.6},{"code_insee":"12118","nom":"Lacroix-Barrez","codes_postaux":["12600"],"code_dep":"12","code_region":"76","population":531,"surface_km2":28.01,"lat":44.769,"lon":2.634,"fibre_pct":97.0},{"code_insee":"12119","nom":"Laguiole","codes_postaux":["12210"],"code_dep":"12","code_region":"76","population":1207,"surface_km2":63.9,"lat":44.6936,"lon":2.8679,"fibre_pct":93.7},{"code_insee":"12120","nom":"Laissac-Sévérac l'Église","codes_postaux":["12310"],"code_dep":"12","code_region":"76","population":2141,"surface_km2":33.93,"lat":44.3692,"lon":2.8352,"fibre_pct":99.6},{"code_insee":"12121","nom":"Lanuéjouls","codes_postaux":["12350"],"code_dep":"12","code_region":"76","population":779,"surface_km2":11.88,"lat":44.42,"lon":2.1615,"fibre_pct":99.1},{"code_insee":"12122","nom":"Lapanouse-de-Cernon","codes_postaux":["12230"],"code_dep":"12","code_region":"76","population":119,"surface_km2":22.92,"lat":44.0088,"lon":3.0947,"fibre_pct":91.4},{"code_insee":"12124","nom":"Lassouts","codes_postaux":["12500"],"code_dep":"12","code_region":"76","population":318,"surface_km2":30.91,"lat":44.484,"lon":2.8509,"fibre_pct":96.2},{"code_insee":"12125","nom":"Laval-Roquecezière","codes_postaux":["12380"],"code_dep":"12","code_region":"76","population":303,"surface_km2":30.69,"lat":43.8122,"lon":2.6336,"fibre_pct":97.3},{"code_insee":"12127","nom":"Lédergues","codes_postaux":["12170"],"code_dep":"12","code_region":"76","population":677,"surface_km2":36.57,"lat":44.0856,"lon":2.4442,"fibre_pct":95.2},{"code_insee":"12128","nom":"Lescure-Jaoul","codes_postaux":["12440"],"code_dep":"12","code_region":"76","population":229,"surface_km2":18.59,"lat":44.2262,"lon":2.1471,"fibre_pct":92.5},{"code_insee":"12129","nom":"Lestrade-et-Thouels","codes_postaux":["12430"],"code_dep":"12","code_region":"76","population":440,"surface_km2":42.15,"lat":44.0516,"lon":2.6403,"fibre_pct":83.9},{"code_insee":"12130","nom":"Livinhac-le-Haut","codes_postaux":["12300"],"code_dep":"12","code_region":"76","population":1091,"surface_km2":10.94,"lat":44.5993,"lon":2.2118,"fibre_pct":98.4},{"code_insee":"12131","nom":"La Loubière","codes_postaux":["12740"],"code_dep":"12","code_region":"76","population":1573,"surface_km2":28.74,"lat":44.3889,"lon":2.6588,"fibre_pct":98.3},{"code_insee":"12133","nom":"Luc-la-Primaube","codes_postaux":["12450"],"code_dep":"12","code_region":"76","population":6046,"surface_km2":26.97,"lat":44.3046,"lon":2.5379,"fibre_pct":91.4},{"code_insee":"12134","nom":"Lugan","codes_postaux":["12220"],"code_dep":"12","code_region":"76","population":356,"surface_km2":12.63,"lat":44.4858,"lon":2.2592,"fibre_pct":100.0},{"code_insee":"12135","nom":"Lunac","codes_postaux":["12270"],"code_dep":"12","code_region":"76","population":435,"surface_km2":18.89,"lat":44.239,"lon":2.1037,"fibre_pct":95.3},{"code_insee":"12136","nom":"Maleville","codes_postaux":["12350"],"code_dep":"12","code_region":"76","population":967,"surface_km2":35.72,"lat":44.3973,"lon":2.1118,"fibre_pct":97.3},{"code_insee":"12137","nom":"Manhac","codes_postaux":["12160"],"code_dep":"12","code_region":"76","population":877,"surface_km2":18.43,"lat":44.2576,"lon":2.4782,"fibre_pct":97.1},{"code_insee":"12138","nom":"Marcillac-Vallon","codes_postaux":["12330"],"code_dep":"12","code_region":"76","population":1711,"surface_km2":14.56,"lat":44.4776,"lon":2.4612,"fibre_pct":98.7},{"code_insee":"12139","nom":"Marnhagues-et-Latour","codes_postaux":["12540"],"code_dep":"12","code_region":"76","population":147,"surface_km2":21.95,"lat":43.8814,"lon":3.0453,"fibre_pct":97.2},{"code_insee":"12140","nom":"Martiel","codes_postaux":["12200"],"code_dep":"12","code_region":"76","population":1008,"surface_km2":46.78,"lat":44.3763,"lon":1.9186,"fibre_pct":92.0},{"code_insee":"12141","nom":"Martrin","codes_postaux":["12550"],"code_dep":"12","code_region":"76","population":241,"surface_km2":23.38,"lat":43.928,"lon":2.6389,"fibre_pct":89.5},{"code_insee":"12142","nom":"Mayran","codes_postaux":["12390"],"code_dep":"12","code_region":"76","population":611,"surface_km2":15.56,"lat":44.3912,"lon":2.3738,"fibre_pct":94.7},{"code_insee":"12143","nom":"Mélagues","codes_postaux":["12360"],"code_dep":"12","code_region":"76","population":53,"surface_km2":44.82,"lat":43.7307,"lon":3.0136,"fibre_pct":76.6},{"code_insee":"12144","nom":"Meljac","codes_postaux":["12120"],"code_dep":"12","code_region":"76","population":141,"surface_km2":9.56,"lat":44.1326,"lon":2.4316,"fibre_pct":65.3},{"code_insee":"12145","nom":"Millau","codes_postaux":["12100"],"code_dep":"12","code_region":"76","population":22044,"surface_km2":170.23,"lat":44.0982,"lon":3.1176,"fibre_pct":93.2},{"code_insee":"12146","nom":"Le Monastère","codes_postaux":["12000"],"code_dep":"12","code_region":"76","population":2295,"surface_km2":6.74,"lat":44.3315,"lon":2.59,"fibre_pct":92.6},{"code_insee":"12147","nom":"Montagnol","codes_postaux":["12360"],"code_dep":"12","code_region":"76","population":149,"surface_km2":34.7,"lat":43.828,"lon":3.0212,"fibre_pct":95.5},{"code_insee":"12148","nom":"Montbazens","codes_postaux":["12220"],"code_dep":"12","code_region":"76","population":1446,"surface_km2":17.45,"lat":44.48,"lon":2.214,"fibre_pct":99.1},{"code_insee":"12149","nom":"Montclar","codes_postaux":["12550"],"code_dep":"12","code_region":"76","population":133,"surface_km2":12.78,"lat":43.9805,"lon":2.6247,"fibre_pct":93.2},{"code_insee":"12150","nom":"Monteils","codes_postaux":["12200"],"code_dep":"12","code_region":"76","population":461,"surface_km2":17.21,"lat":44.2666,"lon":1.9874,"fibre_pct":93.2},{"code_insee":"12151","nom":"Montézic","codes_postaux":["12460"],"code_dep":"12","code_region":"76","population":226,"surface_km2":18.68,"lat":44.7206,"lon":2.6469,"fibre_pct":95.9},{"code_insee":"12152","nom":"Montfranc","codes_postaux":["12380"],"code_dep":"12","code_region":"76","population":130,"surface_km2":6.22,"lat":43.8407,"lon":2.5802,"fibre_pct":99.2},{"code_insee":"12153","nom":"Montjaux","codes_postaux":["12490"],"code_dep":"12","code_region":"76","population":436,"surface_km2":31.54,"lat":44.0984,"lon":2.9045,"fibre_pct":97.2},{"code_insee":"12154","nom":"Montlaur","codes_postaux":["12400"],"code_dep":"12","code_region":"76","population":663,"surface_km2":41.5,"lat":43.8673,"lon":2.8339,"fibre_pct":98.9},{"code_insee":"12155","nom":"Fondamente","codes_postaux":["12540"],"code_dep":"12","code_region":"76","population":318,"surface_km2":50.8,"lat":43.8574,"lon":3.1226,"fibre_pct":89.1},{"code_insee":"12156","nom":"Montpeyroux","codes_postaux":["12210"],"code_dep":"12","code_region":"76","population":518,"surface_km2":62.15,"lat":44.6324,"lon":2.7769,"fibre_pct":95.1},{"code_insee":"12157","nom":"Montrozier","codes_postaux":["12630"],"code_dep":"12","code_region":"76","population":1717,"surface_km2":47.27,"lat":44.3859,"lon":2.7088,"fibre_pct":98.1},{"code_insee":"12158","nom":"Montsalès","codes_postaux":["12260"],"code_dep":"12","code_region":"76","population":319,"surface_km2":12.52,"lat":44.4848,"lon":1.9784,"fibre_pct":96.0},{"code_insee":"12159","nom":"Morlhon-le-Haut","codes_postaux":["12200"],"code_dep":"12","code_region":"76","population":555,"surface_km2":22.29,"lat":44.3245,"lon":2.0785,"fibre_pct":96.8},{"code_insee":"12160","nom":"Mostuéjouls","codes_postaux":["12720"],"code_dep":"12","code_region":"76","population":333,"surface_km2":31.35,"lat":44.2333,"lon":3.1842,"fibre_pct":94.5},{"code_insee":"12161","nom":"Mouret","codes_postaux":["12330"],"code_dep":"12","code_region":"76","population":560,"surface_km2":31.18,"lat":44.5154,"lon":2.5174,"fibre_pct":91.0},{"code_insee":"12162","nom":"Moyrazès","codes_postaux":["12160"],"code_dep":"12","code_region":"76","population":1095,"surface_km2":48.63,"lat":44.328,"lon":2.429,"fibre_pct":85.8},{"code_insee":"12163","nom":"Murasson","codes_postaux":["12370"],"code_dep":"12","code_region":"76","population":204,"surface_km2":40.36,"lat":43.7606,"lon":2.7767,"fibre_pct":94.8},{"code_insee":"12164","nom":"Mur-de-Barrez","codes_postaux":["12600"],"code_dep":"12","code_region":"76","population":693,"surface_km2":20.31,"lat":44.8705,"lon":2.685,"fibre_pct":96.4},{"code_insee":"12165","nom":"Muret-le-Château","codes_postaux":["12330"],"code_dep":"12","code_region":"76","population":350,"surface_km2":14.82,"lat":44.495,"lon":2.5702,"fibre_pct":90.1},{"code_insee":"12166","nom":"Murols","codes_postaux":["12600"],"code_dep":"12","code_region":"76","population":97,"surface_km2":13.86,"lat":44.7584,"lon":2.5798,"fibre_pct":70.0},{"code_insee":"12167","nom":"Najac","codes_postaux":["12270"],"code_dep":"12","code_region":"76","population":771,"surface_km2":54.13,"lat":44.2087,"lon":1.9584,"fibre_pct":88.1},{"code_insee":"12168","nom":"Nant","codes_postaux":["12230"],"code_dep":"12","code_region":"76","population":1026,"surface_km2":109.36,"lat":44.0204,"lon":3.2887,"fibre_pct":98.0},{"code_insee":"12169","nom":"Naucelle","codes_postaux":["12800"],"code_dep":"12","code_region":"76","population":2012,"surface_km2":23.49,"lat":44.1863,"lon":2.3468,"fibre_pct":99.2},{"code_insee":"12170","nom":"Naussac","codes_postaux":["12700"],"code_dep":"12","code_region":"76","population":434,"surface_km2":14.83,"lat":44.5041,"lon":2.0946,"fibre_pct":90.1},{"code_insee":"12171","nom":"Nauviale","codes_postaux":["12330"],"code_dep":"12","code_region":"76","population":577,"surface_km2":25.52,"lat":44.5119,"lon":2.4313,"fibre_pct":94.9},{"code_insee":"12172","nom":"Le Nayrac","codes_postaux":["12190"],"code_dep":"12","code_region":"76","population":555,"surface_km2":36.45,"lat":44.6012,"lon":2.6765,"fibre_pct":98.1},{"code_insee":"12174","nom":"Olemps","codes_postaux":["12510"],"code_dep":"12","code_region":"76","population":3559,"surface_km2":12.8,"lat":44.3391,"lon":2.5504,"fibre_pct":94.5},{"code_insee":"12175","nom":"Ols-et-Rinhodes","codes_postaux":["12260"],"code_dep":"12","code_region":"76","population":158,"surface_km2":10.88,"lat":44.4618,"lon":1.9473,"fibre_pct":81.6},{"code_insee":"12176","nom":"Onet-le-Château","codes_postaux":["12000","12850"],"code_dep":"12","code_region":"76","population":12080,"surface_km2":40.19,"lat":44.3824,"lon":2.5614,"fibre_pct":97.7},{"code_insee":"12177","nom":"Palmas d'Aveyron","codes_postaux":["12310","12340"],"code_dep":"12","code_region":"76","population":1026,"surface_km2":43.51,"lat":44.4231,"lon":2.8588,"fibre_pct":97.4},{"code_insee":"12178","nom":"Paulhe","codes_postaux":["12520"],"code_dep":"12","code_region":"76","population":358,"surface_km2":4.86,"lat":44.1487,"lon":3.1141,"fibre_pct":97.7},{"code_insee":"12179","nom":"Peux-et-Couffouleux","codes_postaux":["12360"],"code_dep":"12","code_region":"76","population":86,"surface_km2":21.97,"lat":43.766,"lon":2.877,"fibre_pct":88.5},{"code_insee":"12180","nom":"Peyreleau","codes_postaux":["12720"],"code_dep":"12","code_region":"76","population":69,"surface_km2":16.31,"lat":44.174,"lon":3.2066,"fibre_pct":92.6},{"code_insee":"12181","nom":"Peyrusse-le-Roc","codes_postaux":["12220"],"code_dep":"12","code_region":"76","population":197,"surface_km2":13.8,"lat":44.5002,"lon":2.1342,"fibre_pct":93.8},{"code_insee":"12182","nom":"Pierrefiche","codes_postaux":["12130"],"code_dep":"12","code_region":"76","population":303,"surface_km2":17.09,"lat":44.4347,"lon":2.9233,"fibre_pct":95.8},{"code_insee":"12183","nom":"Plaisance","codes_postaux":["12550"],"code_dep":"12","code_region":"76","population":219,"surface_km2":14.06,"lat":43.9283,"lon":2.5626,"fibre_pct":93.2},{"code_insee":"12184","nom":"Pomayrols","codes_postaux":["12130"],"code_dep":"12","code_region":"76","population":116,"surface_km2":23.16,"lat":44.4898,"lon":3.0563,"fibre_pct":96.7},{"code_insee":"12185","nom":"Pont-de-Salars","codes_postaux":["12290"],"code_dep":"12","code_region":"76","population":1623,"surface_km2":45.78,"lat":44.2771,"lon":2.7171,"fibre_pct":97.1},{"code_insee":"12186","nom":"Pousthomy","codes_postaux":["12380"],"code_dep":"12","code_region":"76","population":212,"surface_km2":17.41,"lat":43.8489,"lon":2.5972,"fibre_pct":99.0},{"code_insee":"12187","nom":"Prades-d'Aubrac","codes_postaux":["12470"],"code_dep":"12","code_region":"76","population":278,"surface_km2":46.69,"lat":44.541,"lon":2.9714,"fibre_pct":95.7},{"code_insee":"12188","nom":"Prades-Salars","codes_postaux":["12290"],"code_dep":"12","code_region":"76","population":311,"surface_km2":30.67,"lat":44.2461,"lon":2.7901,"fibre_pct":85.5},{"code_insee":"12189","nom":"Pradinas","codes_postaux":["12240"],"code_dep":"12","code_region":"76","population":369,"surface_km2":22.94,"lat":44.2485,"lon":2.2676,"fibre_pct":86.2},{"code_insee":"12190","nom":"Prévinquières","codes_postaux":["12350"],"code_dep":"12","code_region":"76","population":269,"surface_km2":20.84,"lat":44.3683,"lon":2.244,"fibre_pct":83.5},{"code_insee":"12191","nom":"Privezac","codes_postaux":["12350"],"code_dep":"12","code_region":"76","population":350,"surface_km2":10.97,"lat":44.4103,"lon":2.1976,"fibre_pct":99.7},{"code_insee":"12192","nom":"Mounes-Prohencoux","codes_postaux":["12370"],"code_dep":"12","code_region":"76","population":193,"surface_km2":37.89,"lat":43.7953,"lon":2.8177,"fibre_pct":90.1},{"code_insee":"12193","nom":"Pruines","codes_postaux":["12320"],"code_dep":"12","code_region":"76","population":289,"surface_km2":18.94,"lat":44.5337,"lon":2.4875,"fibre_pct":94.2},{"code_insee":"12194","nom":"Quins","codes_postaux":["12800"],"code_dep":"12","code_region":"76","population":908,"surface_km2":38.71,"lat":44.2333,"lon":2.375,"fibre_pct":88.2},{"code_insee":"12195","nom":"Rebourguil","codes_postaux":["12400"],"code_dep":"12","code_region":"76","population":296,"surface_km2":35.33,"lat":43.8853,"lon":2.753,"fibre_pct":97.3},{"code_insee":"12197","nom":"Réquista","codes_postaux":["12170"],"code_dep":"12","code_region":"76","population":1924,"surface_km2":59.48,"lat":44.0292,"lon":2.5526,"fibre_pct":98.9},{"code_insee":"12198","nom":"Rieupeyroux","codes_postaux":["12240"],"code_dep":"12","code_region":"76","population":1965,"surface_km2":54.85,"lat":44.3038,"lon":2.2347,"fibre_pct":98.9},{"code_insee":"12199","nom":"Rignac","codes_postaux":["12390"],"code_dep":"12","code_region":"76","population":2000,"surface_km2":33.48,"lat":44.4045,"lon":2.2944,"fibre_pct":98.7},{"code_insee":"12200","nom":"Rivière-sur-Tarn","codes_postaux":["12640"],"code_dep":"12","code_region":"76","population":1069,"surface_km2":26.21,"lat":44.2136,"lon":3.1302,"fibre_pct":98.0},{"code_insee":"12201","nom":"Rodelle","codes_postaux":["12340"],"code_dep":"12","code_region":"76","population":1122,"surface_km2":53.67,"lat":44.4792,"lon":2.627,"fibre_pct":95.6},{"code_insee":"12202","nom":"Rodez","codes_postaux":["12000"],"code_dep":"12","code_region":"76","population":23981,"surface_km2":11.26,"lat":44.3591,"lon":2.5699,"fibre_pct":95.6},{"code_insee":"12203","nom":"Roquefort-sur-Soulzon","codes_postaux":["12250"],"code_dep":"12","code_region":"76","population":475,"surface_km2":16.87,"lat":43.9685,"lon":2.9826,"fibre_pct":96.8},{"code_insee":"12204","nom":"La Roque-Sainte-Marguerite","codes_postaux":["12100"],"code_dep":"12","code_region":"76","population":182,"surface_km2":49.78,"lat":44.1029,"lon":3.2517,"fibre_pct":90.0},{"code_insee":"12205","nom":"La Rouquette","codes_postaux":["12200"],"code_dep":"12","code_region":"76","population":777,"surface_km2":29.89,"lat":44.311,"lon":1.9764,"fibre_pct":95.4},{"code_insee":"12206","nom":"Roussennac","codes_postaux":["12220"],"code_dep":"12","code_region":"76","population":618,"surface_km2":17.3,"lat":44.4493,"lon":2.2491,"fibre_pct":98.9},{"code_insee":"12207","nom":"Rullac-Saint-Cirq","codes_postaux":["12120"],"code_dep":"12","code_region":"76","population":340,"surface_km2":32.85,"lat":44.1209,"lon":2.4755,"fibre_pct":76.3},{"code_insee":"12208","nom":"Saint-Affrique","codes_postaux":["12400"],"code_dep":"12","code_region":"76","population":7941,"surface_km2":110.75,"lat":43.9571,"lon":2.8533,"fibre_pct":97.6},{"code_insee":"12209","nom":"Saint-Amans-des-Cots","codes_postaux":["12460"],"code_dep":"12","code_region":"76","population":709,"surface_km2":41.4,"lat":44.6905,"lon":2.6839,"fibre_pct":94.6},{"code_insee":"12210","nom":"Saint-André-de-Najac","codes_postaux":["12270"],"code_dep":"12","code_region":"76","population":456,"surface_km2":25.31,"lat":44.1797,"lon":2.0209,"fibre_pct":85.8},{"code_insee":"12211","nom":"Saint-André-de-Vézines","codes_postaux":["12720"],"code_dep":"12","code_region":"76","population":130,"surface_km2":39.39,"lat":44.1476,"lon":3.2731,"fibre_pct":97.8},{"code_insee":"12212","nom":"Saint-Beaulize","codes_postaux":["12540"],"code_dep":"12","code_region":"76","population":107,"surface_km2":20.1,"lat":43.9085,"lon":3.0926,"fibre_pct":94.4},{"code_insee":"12213","nom":"Saint-Beauzély","codes_postaux":["12620"],"code_dep":"12","code_region":"76","population":550,"surface_km2":31.01,"lat":44.1676,"lon":2.9574,"fibre_pct":97.8},{"code_insee":"12214","nom":"Saint-Chély-d'Aubrac","codes_postaux":["12470"],"code_dep":"12","code_region":"76","population":517,"surface_km2":77.01,"lat":44.5912,"lon":2.9419,"fibre_pct":94.8},{"code_insee":"12215","nom":"Saint-Christophe-Vallon","codes_postaux":["12330"],"code_dep":"12","code_region":"76","population":1186,"surface_km2":23.34,"lat":44.4785,"lon":2.3927,"fibre_pct":95.6},{"code_insee":"12216","nom":"Saint-Côme-d'Olt","codes_postaux":["12500"],"code_dep":"12","code_region":"76","population":1449,"surface_km2":30.12,"lat":44.5327,"lon":2.8195,"fibre_pct":97.6},{"code_insee":"12217","nom":"Sainte-Croix","codes_postaux":["12260"],"code_dep":"12","code_region":"76","population":734,"surface_km2":26.19,"lat":44.4115,"lon":1.9642,"fibre_pct":95.8},{"code_insee":"12218","nom":"Conques-en-Rouergue","codes_postaux":["12320"],"code_dep":"12","code_region":"76","population":1540,"surface_km2":106.41,"lat":44.5817,"lon":2.3895,"fibre_pct":92.4},{"code_insee":"12219","nom":"Sainte-Eulalie-d'Olt","codes_postaux":["12130"],"code_dep":"12","code_region":"76","population":367,"surface_km2":17.55,"lat":44.4662,"lon":2.9231,"fibre_pct":99.8},{"code_insee":"12220","nom":"Sainte-Eulalie-de-Cernon","codes_postaux":["12230"],"code_dep":"12","code_region":"76","population":325,"surface_km2":46.6,"lat":43.9605,"lon":3.155,"fibre_pct":96.1},{"code_insee":"12221","nom":"Saint-Félix-de-Lunel","codes_postaux":["12320"],"code_dep":"12","code_region":"76","population":387,"surface_km2":19.05,"lat":44.5694,"lon":2.5113,"fibre_pct":95.8},{"code_insee":"12222","nom":"Saint-Félix-de-Sorgues","codes_postaux":["12400"],"code_dep":"12","code_region":"76","population":204,"surface_km2":31.11,"lat":43.8823,"lon":2.9894,"fibre_pct":97.4},{"code_insee":"12223","nom":"Argences en Aubrac","codes_postaux":["12210","12420"],"code_dep":"12","code_region":"76","population":1581,"surface_km2":153.88,"lat":44.7813,"lon":2.8098,"fibre_pct":88.2},{"code_insee":"12224","nom":"Saint Geniez d'Olt et d'Aubrac","codes_postaux":["12130"],"code_dep":"12","code_region":"76","population":2142,"surface_km2":89.55,"lat":44.5112,"lon":3.0077,"fibre_pct":97.2},{"code_insee":"12225","nom":"Saint-Georges-de-Luzençon","codes_postaux":["12100"],"code_dep":"12","code_region":"76","population":1565,"surface_km2":48.24,"lat":44.0567,"lon":2.9875,"fibre_pct":99.3},{"code_insee":"12226","nom":"Saint-Hippolyte","codes_postaux":["12140"],"code_dep":"12","code_region":"76","population":428,"surface_km2":36.75,"lat":44.7319,"lon":2.5769,"fibre_pct":90.9},{"code_insee":"12227","nom":"Saint-Igest","codes_postaux":["12260"],"code_dep":"12","code_region":"76","population":188,"surface_km2":11.61,"lat":44.4459,"lon":2.0904,"fibre_pct":98.1},{"code_insee":"12228","nom":"Saint-Izaire","codes_postaux":["12480"],"code_dep":"12","code_region":"76","population":314,"surface_km2":34.47,"lat":43.9701,"lon":2.7006,"fibre_pct":95.2},{"code_insee":"12229","nom":"Saint-Jean-d'Alcapiès","codes_postaux":["12250"],"code_dep":"12","code_region":"76","population":219,"surface_km2":8.61,"lat":43.9507,"lon":2.9647,"fibre_pct":94.6},{"code_insee":"12230","nom":"Saint-Jean-Delnous","codes_postaux":["12170"],"code_dep":"12","code_region":"76","population":391,"surface_km2":18.42,"lat":44.0391,"lon":2.4912,"fibre_pct":99.1},{"code_insee":"12231","nom":"Saint-Jean-du-Bruel","codes_postaux":["12230"],"code_dep":"12","code_region":"76","population":639,"surface_km2":37.35,"lat":44.024,"lon":3.3904,"fibre_pct":95.4},{"code_insee":"12232","nom":"Saint-Jean-et-Saint-Paul","codes_postaux":["12250"],"code_dep":"12","code_region":"76","population":282,"surface_km2":38.01,"lat":43.9291,"lon":3.0255,"fibre_pct":88.7},{"code_insee":"12233","nom":"Saint-Juéry","codes_postaux":["12550"],"code_dep":"12","code_region":"76","population":256,"surface_km2":29.05,"lat":43.9202,"lon":2.6972,"fibre_pct":82.4},{"code_insee":"12234","nom":"Sainte-Juliette-sur-Viaur","codes_postaux":["12120"],"code_dep":"12","code_region":"76","population":645,"surface_km2":16.75,"lat":44.2178,"lon":2.5027,"fibre_pct":95.8},{"code_insee":"12235","nom":"Saint-Just-sur-Viaur","codes_postaux":["12170","12800"],"code_dep":"12","code_region":"76","population":216,"surface_km2":25.49,"lat":44.1205,"lon":2.3874,"fibre_pct":82.4},{"code_insee":"12236","nom":"Saint-Laurent-de-Lévézou","codes_postaux":["12620"],"code_dep":"12","code_region":"76","population":161,"surface_km2":23.35,"lat":44.2124,"lon":2.9422,"fibre_pct":97.8},{"code_insee":"12237","nom":"Saint-Laurent-d'Olt","codes_postaux":["12560"],"code_dep":"12","code_region":"76","population":623,"surface_km2":28.78,"lat":44.4464,"lon":3.0946,"fibre_pct":99.3},{"code_insee":"12238","nom":"Saint-Léons","codes_postaux":["12780"],"code_dep":"12","code_region":"76","population":424,"surface_km2":32.89,"lat":44.2224,"lon":2.9833,"fibre_pct":96.6},{"code_insee":"12239","nom":"Saint-Martin-de-Lenne","codes_postaux":["12130"],"code_dep":"12","code_region":"76","population":340,"surface_km2":9.45,"lat":44.4259,"lon":2.9654,"fibre_pct":97.6},{"code_insee":"12240","nom":"Saint-Parthem","codes_postaux":["12300"],"code_dep":"12","code_region":"76","population":399,"surface_km2":18.81,"lat":44.6348,"lon":2.2908,"fibre_pct":87.4},{"code_insee":"12241","nom":"Sainte-Radegonde","codes_postaux":["12850"],"code_dep":"12","code_region":"76","population":1793,"surface_km2":30.88,"lat":44.3297,"lon":2.6333,"fibre_pct":94.2},{"code_insee":"12242","nom":"Saint-Rémy","codes_postaux":["12200"],"code_dep":"12","code_region":"76","population":310,"surface_km2":8.97,"lat":44.396,"lon":2.0442,"fibre_pct":97.5},{"code_insee":"12243","nom":"Saint-Rome-de-Cernon","codes_postaux":["12490"],"code_dep":"12","code_region":"76","population":963,"surface_km2":37.71,"lat":44.0099,"lon":2.9876,"fibre_pct":94.7},{"code_insee":"12244","nom":"Saint-Rome-de-Tarn","codes_postaux":["12490"],"code_dep":"12","code_region":"76","population":904,"surface_km2":52.21,"lat":44.0362,"lon":2.8923,"fibre_pct":96.5},{"code_insee":"12246","nom":"Saint-Santin","codes_postaux":["12300"],"code_dep":"12","code_region":"76","population":514,"surface_km2":23.09,"lat":44.6394,"lon":2.2705,"fibre_pct":91.0},{"code_insee":"12247","nom":"Saint-Saturnin-de-Lenne","codes_postaux":["12560"],"code_dep":"12","code_region":"76","population":328,"surface_km2":34.1,"lat":44.4095,"lon":3.0203,"fibre_pct":97.4},{"code_insee":"12248","nom":"Saint-Sernin-sur-Rance","codes_postaux":["12380"],"code_dep":"12","code_region":"76","population":580,"surface_km2":11.17,"lat":43.8793,"lon":2.6248,"fibre_pct":99.6},{"code_insee":"12249","nom":"Saint-Sever-du-Moustier","codes_postaux":["12370"],"code_dep":"12","code_region":"76","population":179,"surface_km2":25.98,"lat":43.7753,"lon":2.6918,"fibre_pct":100.0},{"code_insee":"12250","nom":"Saint-Symphorien-de-Thénières","codes_postaux":["12460"],"code_dep":"12","code_region":"76","population":218,"surface_km2":31.49,"lat":44.7387,"lon":2.7072,"fibre_pct":91.8},{"code_insee":"12251","nom":"Saint-Victor-et-Melvieu","codes_postaux":["12400"],"code_dep":"12","code_region":"76","population":286,"surface_km2":18.09,"lat":44.0502,"lon":2.8074,"fibre_pct":92.1},{"code_insee":"12252","nom":"Salles-Courbatiès","codes_postaux":["12260"],"code_dep":"12","code_region":"76","population":480,"surface_km2":13.56,"lat":44.4842,"lon":2.0869,"fibre_pct":94.7},{"code_insee":"12253","nom":"Salles-Curan","codes_postaux":["12410"],"code_dep":"12","code_region":"76","population":1043,"surface_km2":99.38,"lat":44.1594,"lon":2.7797,"fibre_pct":98.3},{"code_insee":"12254","nom":"Salles-la-Source","codes_postaux":["12330"],"code_dep":"12","code_region":"76","population":2333,"surface_km2":76.98,"lat":44.4471,"lon":2.5291,"fibre_pct":96.2},{"code_insee":"12255","nom":"Salmiech","codes_postaux":["12120"],"code_dep":"12","code_region":"76","population":757,"surface_km2":28.22,"lat":44.1959,"lon":2.5851,"fibre_pct":87.8},{"code_insee":"12256","nom":"Salvagnac-Cajarc","codes_postaux":["12260"],"code_dep":"12","code_region":"76","population":372,"surface_km2":23.23,"lat":44.455,"lon":1.8723,"fibre_pct":99.1},{"code_insee":"12257","nom":"Causse-et-Diège","codes_postaux":["12700"],"code_dep":"12","code_region":"76","population":760,"surface_km2":29.98,"lat":44.5249,"lon":2.0322,"fibre_pct":97.2},{"code_insee":"12258","nom":"La Salvetat-Peyralès","codes_postaux":["12440"],"code_dep":"12","code_region":"76","population":1004,"surface_km2":54.59,"lat":44.2228,"lon":2.1986,"fibre_pct":95.4},{"code_insee":"12259","nom":"Sanvensa","codes_postaux":["12200"],"code_dep":"12","code_region":"76","population":643,"surface_km2":25.88,"lat":44.281,"lon":2.0434,"fibre_pct":96.7},{"code_insee":"12260","nom":"Sauclières","codes_postaux":["12230"],"code_dep":"12","code_region":"76","population":188,"surface_km2":38.52,"lat":43.9794,"lon":3.3829,"fibre_pct":93.8},{"code_insee":"12261","nom":"Saujac","codes_postaux":["12260"],"code_dep":"12","code_region":"76","population":126,"surface_km2":12.35,"lat":44.4767,"lon":1.9022,"fibre_pct":85.9},{"code_insee":"12262","nom":"Sauveterre-de-Rouergue","codes_postaux":["12800"],"code_dep":"12","code_region":"76","population":709,"surface_km2":23.75,"lat":44.2503,"lon":2.3151,"fibre_pct":98.3},{"code_insee":"12263","nom":"Savignac","codes_postaux":["12200"],"code_dep":"12","code_region":"76","population":746,"surface_km2":15.31,"lat":44.3616,"lon":1.9596,"fibre_pct":98.1},{"code_insee":"12264","nom":"Sébazac-Concourès","codes_postaux":["12740"],"code_dep":"12","code_region":"76","population":3234,"surface_km2":27.25,"lat":44.4236,"lon":2.6156,"fibre_pct":92.9},{"code_insee":"12265","nom":"Sébrazac","codes_postaux":["12190"],"code_dep":"12","code_region":"76","population":538,"surface_km2":25.25,"lat":44.5358,"lon":2.6577,"fibre_pct":96.9},{"code_insee":"12266","nom":"Ségur","codes_postaux":["12290"],"code_dep":"12","code_region":"76","population":534,"surface_km2":67.65,"lat":44.2879,"lon":2.834,"fibre_pct":96.5},{"code_insee":"12267","nom":"La Selve","codes_postaux":["12170"],"code_dep":"12","code_region":"76","population":562,"surface_km2":48.49,"lat":44.1072,"lon":2.5356,"fibre_pct":83.7},{"code_insee":"12268","nom":"Sénergues","codes_postaux":["12320"],"code_dep":"12","code_region":"76","population":423,"surface_km2":44.95,"lat":44.5993,"lon":2.4564,"fibre_pct":91.7},{"code_insee":"12269","nom":"La Serre","codes_postaux":["12380"],"code_dep":"12","code_region":"76","population":124,"surface_km2":18.51,"lat":43.8959,"lon":2.6537,"fibre_pct":77.0},{"code_insee":"12270","nom":"Sévérac d'Aveyron","codes_postaux":["12150"],"code_dep":"12","code_region":"76","population":4026,"surface_km2":209.66,"lat":44.3138,"lon":3.0294,"fibre_pct":97.4},{"code_insee":"12272","nom":"Sonnac","codes_postaux":["12700"],"code_dep":"12","code_region":"76","population":519,"surface_km2":11.95,"lat":44.5394,"lon":2.1188,"fibre_pct":94.8},{"code_insee":"12273","nom":"Soulages-Bonneval","codes_postaux":["12210"],"code_dep":"12","code_region":"76","population":293,"surface_km2":15.33,"lat":44.6772,"lon":2.7729,"fibre_pct":94.8},{"code_insee":"12274","nom":"Sylvanès","codes_postaux":["12360"],"code_dep":"12","code_region":"76","population":116,"surface_km2":17.1,"lat":43.8255,"lon":2.9517,"fibre_pct":90.6},{"code_insee":"12275","nom":"Tauriac-de-Camarès","codes_postaux":["12360"],"code_dep":"12","code_region":"76","population":35,"surface_km2":24.56,"lat":43.7764,"lon":3.0307,"fibre_pct":96.2},{"code_insee":"12276","nom":"Tauriac-de-Naucelle","codes_postaux":["12800"],"code_dep":"12","code_region":"76","population":398,"surface_km2":22.04,"lat":44.1436,"lon":2.3272,"fibre_pct":82.1},{"code_insee":"12277","nom":"Taussac","codes_postaux":["12600"],"code_dep":"12","code_region":"76","population":504,"surface_km2":39.49,"lat":44.8253,"lon":2.6375,"fibre_pct":96.1},{"code_insee":"12278","nom":"Tayrac","codes_postaux":["12440"],"code_dep":"12","code_region":"76","population":188,"surface_km2":15.91,"lat":44.2042,"lon":2.2466,"fibre_pct":98.6},{"code_insee":"12280","nom":"Thérondels","codes_postaux":["12600"],"code_dep":"12","code_region":"76","population":357,"surface_km2":38.72,"lat":44.8951,"lon":2.7398,"fibre_pct":95.7},{"code_insee":"12281","nom":"Toulonjac","codes_postaux":["12200"],"code_dep":"12","code_region":"76","population":755,"surface_km2":7.45,"lat":44.3799,"lon":2.0013,"fibre_pct":99.5},{"code_insee":"12282","nom":"Tournemire","codes_postaux":["12250"],"code_dep":"12","code_region":"76","population":413,"surface_km2":8.93,"lat":43.9678,"lon":3.0242,"fibre_pct":98.8},{"code_insee":"12283","nom":"Trémouilles","codes_postaux":["12290"],"code_dep":"12","code_region":"76","population":473,"surface_km2":29.02,"lat":44.2397,"lon":2.6371,"fibre_pct":82.8},{"code_insee":"12284","nom":"Le Truel","codes_postaux":["12430"],"code_dep":"12","code_region":"76","population":350,"surface_km2":26.58,"lat":44.0549,"lon":2.7511,"fibre_pct":83.2},{"code_insee":"12286","nom":"Vabres-l'Abbaye","codes_postaux":["12400"],"code_dep":"12","code_region":"76","population":1205,"surface_km2":41.31,"lat":43.9252,"lon":2.8106,"fibre_pct":96.1},{"code_insee":"12287","nom":"Vailhourles","codes_postaux":["12200"],"code_dep":"12","code_region":"76","population":648,"surface_km2":32.51,"lat":44.31,"lon":1.9069,"fibre_pct":96.5},{"code_insee":"12288","nom":"Valady","codes_postaux":["12330"],"code_dep":"12","code_region":"76","population":1610,"surface_km2":15.42,"lat":44.4462,"lon":2.4412,"fibre_pct":99.3},{"code_insee":"12289","nom":"Valzergues","codes_postaux":["12220"],"code_dep":"12","code_region":"76","population":207,"surface_km2":6.58,"lat":44.5074,"lon":2.2195,"fibre_pct":92.5},{"code_insee":"12290","nom":"Vaureilles","codes_postaux":["12220"],"code_dep":"12","code_region":"76","population":485,"surface_km2":14.33,"lat":44.4559,"lon":2.1874,"fibre_pct":99.7},{"code_insee":"12291","nom":"Verrières","codes_postaux":["12520"],"code_dep":"12","code_region":"76","population":357,"surface_km2":53.5,"lat":44.2155,"lon":3.048,"fibre_pct":98.1},{"code_insee":"12292","nom":"Versols-et-Lapeyre","codes_postaux":["12400"],"code_dep":"12","code_region":"76","population":421,"surface_km2":27.98,"lat":43.9003,"lon":2.9323,"fibre_pct":97.3},{"code_insee":"12293","nom":"Veyreau","codes_postaux":["12720"],"code_dep":"12","code_region":"76","population":124,"surface_km2":41.56,"lat":44.1744,"lon":3.3013,"fibre_pct":89.5},{"code_insee":"12294","nom":"Vézins-de-Lévézou","codes_postaux":["12780"],"code_dep":"12","code_region":"76","population":656,"surface_km2":78.98,"lat":44.2628,"lon":2.9426,"fibre_pct":93.6},{"code_insee":"12295","nom":"Viala-du-Pas-de-Jaux","codes_postaux":["12250"],"code_dep":"12","code_region":"76","population":84,"surface_km2":18.99,"lat":43.953,"lon":3.0649,"fibre_pct":99.1},{"code_insee":"12296","nom":"Viala-du-Tarn","codes_postaux":["12490"],"code_dep":"12","code_region":"76","population":529,"surface_km2":38.53,"lat":44.0893,"lon":2.8437,"fibre_pct":93.3},{"code_insee":"12297","nom":"Le Vibal","codes_postaux":["12290"],"code_dep":"12","code_region":"76","population":519,"surface_km2":25.93,"lat":44.3166,"lon":2.7286,"fibre_pct":98.4},{"code_insee":"12298","nom":"Villecomtal","codes_postaux":["12580"],"code_dep":"12","code_region":"76","population":430,"surface_km2":13.96,"lat":44.5434,"lon":2.5753,"fibre_pct":98.2},{"code_insee":"12299","nom":"Villefranche-de-Panat","codes_postaux":["12430"],"code_dep":"12","code_region":"76","population":677,"surface_km2":30.56,"lat":44.0851,"lon":2.7148,"fibre_pct":98.6},{"code_insee":"12300","nom":"Villefranche-de-Rouergue","codes_postaux":["12200"],"code_dep":"12","code_region":"76","population":11271,"surface_km2":45.76,"lat":44.3471,"lon":2.0296,"fibre_pct":96.5},{"code_insee":"12301","nom":"Villeneuve","codes_postaux":["12260"],"code_dep":"12","code_region":"76","population":1948,"surface_km2":65.52,"lat":44.4457,"lon":2.0288,"fibre_pct":96.9},{"code_insee":"12303","nom":"Vimenet","codes_postaux":["12310"],"code_dep":"12","code_region":"76","population":248,"surface_km2":21.08,"lat":44.4019,"lon":2.9267,"fibre_pct":94.8},{"code_insee":"12305","nom":"Viviez","codes_postaux":["12110"],"code_dep":"12","code_region":"76","population":1210,"surface_km2":6.59,"lat":44.5541,"lon":2.2209,"fibre_pct":99.4},{"code_insee":"12307","nom":"Curan","codes_postaux":["12410"],"code_dep":"12","code_region":"76","population":307,"surface_km2":40.93,"lat":44.1999,"lon":2.8642,"fibre_pct":97.7}]