[{"code_insee":"15001","nom":"Allanche","codes_postaux":["15160"],"code_dep":"15","code_region":"84","population":773,"surface_km2":50.9,"lat":45.2285,"lon":2.961},{"code_insee":"15002","nom":"Alleuze","codes_postaux":["15100"],"code_dep":"15","code_region":"84","population":224,"surface_km2":25.6,"lat":44.9548,"lon":3.1037},{"code_insee":"15003","nom":"Ally","codes_postaux":["15700"],"code_dep":"15","code_region":"84","population":594,"surface_km2":23.41,"lat":45.1617,"lon":2.3341},{"code_insee":"15004","nom":"Andelat","codes_postaux":["15100"],"code_dep":"15","code_region":"84","population":468,"surface_km2":21.06,"lat":45.0653,"lon":3.055},{"code_insee":"15005","nom":"Anglards-de-Saint-Flour","codes_postaux":["15100"],"code_dep":"15","code_region":"84","population":412,"surface_km2":12.14,"lat":44.9881,"lon":3.1635},{"code_insee":"15006","nom":"Anglards-de-Salers","codes_postaux":["15380"],"code_dep":"15","code_region":"84","population":727,"surface_km2":48.11,"lat":45.199,"lon":2.4854},{"code_insee":"15007","nom":"Anterrieux","codes_postaux":["15110"],"code_dep":"15","code_region":"84","population":122,"surface_km2":16.5,"lat":44.827,"lon":3.0637},{"code_insee":"15008","nom":"Antignac","codes_postaux":["15240"],"code_dep":"15","code_region":"84","population":284,"surface_km2":16.07,"lat":45.3545,"lon":2.5608},{"code_insee":"15009","nom":"Apchon","codes_postaux":["15400"],"code_dep":"15","code_region":"84","population":177,"surface_km2":12.54,"lat":45.2446,"lon":2.7013},{"code_insee":"15010","nom":"Arches","codes_postaux":["15200"],"code_dep":"15","code_region":"84","population":192,"surface_km2":17.83,"lat":45.297,"lon":2.3152},{"code_insee":"15011","nom":"Arnac","codes_postaux":["15150"],"code_dep":"15","code_region":"84","population":174,"surface_km2":22.11,"lat":45.0646,"lon":2.2204},{"code_insee":"15012","nom":"Arpajon-sur-Cère","codes_postaux":["15130"],"code_dep":"15","code_region":"84","population":6361,"surface_km2":47.7,"lat":44.879,"lon":2.4631},{"code_insee":"15013","nom":"Auriac-l'Église","codes_postaux":["15500"],"code_dep":"15","code_region":"84","population":141,"surface_km2":20.03,"lat":45.2663,"lon":3.1156},{"code_insee":"15014","nom":"Aurillac","codes_postaux":["15000"],"code_dep":"15","code_region":"84","population":26214,"surface_km2":29.24,"lat":44.9281,"lon":2.4416},{"code_insee":"15015","nom":"Auzers","codes_postaux":["15240"],"code_dep":"15","code_region":"84","population":159,"surface_km2":19.77,"lat":45.2732,"lon":2.4681},{"code_insee":"15016","nom":"Ayrens","codes_postaux":["15250"],"code_dep":"15","code_region":"84","population":614,"surface_km2":25.82,"lat":44.9907,"lon":2.3266},{"code_insee":"15017","nom":"Badailhac","codes_postaux":["15800"],"code_dep":"15","code_region":"84","population":129,"surface_km2":12.44,"lat":44.9144,"lon":2.626},{"code_insee":"15018","nom":"Barriac-les-Bosquets","codes_postaux":["15700"],"code_dep":"15","code_region":"84","population":140,"surface_km2":12.93,"lat":45.1483,"lon":2.2656},{"code_insee":"15019","nom":"Bassignac","codes_postaux":["15240"],"code_dep":"15","code_region":"84","population":223,"surface_km2":11.98,"lat":45.3116,"lon":2.4044},{"code_insee":"15020","nom":"Beaulieu","codes_postaux":["15270"],"code_dep":"15","code_region":"84","population":84,"surface_km2":8.74,"lat":45.465,"lon":2.5204},{"code_insee":"15021","nom":"Boisset","codes_postaux":["15600"],"code_dep":"15","code_region":"84","population":665,"surface_km2":37.66,"lat":44.7816,"lon":2.2575},{"code_insee":"15022","nom":"Bonnac","codes_postaux":["15500"],"code_dep":"15","code_region":"84","population":158,"surface_km2":22.58,"lat":45.2114,"lon":3.1438},{"code_insee":"15024","nom":"Brageac","codes_postaux":["15700"],"code_dep":"15","code_region":"84","population":78,"surface_km2":12.2,"lat":45.2026,"lon":2.2624},{"code_insee":"15025","nom":"Albepierre-Bredons","codes_postaux":["15300"],"code_dep":"15","code_region":"84","population":242,"surface_km2":34.44,"lat":45.0777,"lon":2.8268},{"code_insee":"15026","nom":"Brezons","codes_postaux":["15230"],"code_dep":"15","code_region":"84","population":177,"surface_km2":43.48,"lat":45.005,"lon":2.7865},{"code_insee":"15027","nom":"Puycapel","codes_postaux":["15340"],"code_dep":"15","code_region":"84","population":717,"surface_km2":44.2,"lat":44.7065,"lon":2.325},{"code_insee":"15028","nom":"Carlat","codes_postaux":["15130"],"code_dep":"15","code_region":"84","population":393,"surface_km2":20.87,"lat":44.8776,"lon":2.5729},{"code_insee":"15029","nom":"Cassaniouze","codes_postaux":["15340"],"code_dep":"15","code_region":"84","population":505,"surface_km2":36.32,"lat":44.6761,"lon":2.3822},{"code_insee":"15030","nom":"Cayrols","codes_postaux":["15290"],"code_dep":"15","code_region":"84","population":297,"surface_km2":9.4,"lat":44.8266,"lon":2.2243},{"code_insee":"15031","nom":"Celles","codes_postaux":["15170"],"code_dep":"15","code_region":"84","population":217,"surface_km2":18.26,"lat":45.1023,"lon":2.9554},{"code_insee":"15032","nom":"Celoux","codes_postaux":["15500"],"code_dep":"15","code_region":"84","population":59,"surface_km2":9.73,"lat":45.1377,"lon":3.2595},{"code_insee":"15033","nom":"Cézens","codes_postaux":["15230"],"code_dep":"15","code_region":"84","population":218,"surface_km2":32.05,"lat":44.9919,"lon":2.8572},{"code_insee":"15034","nom":"Chaliers","codes_postaux":["15320"],"code_dep":"15","code_region":"84","population":139,"surface_km2":18.67,"lat":44.9677,"lon":3.2378},{"code_insee":"15035","nom":"Chalinargues","codes_postaux":["15170"],"code_dep":"15","code_region":"84","population":304,"surface_km2":27.46,"lat":45.1628,"lon":2.9343},{"code_insee":"15036","nom":"Chalvignac","codes_postaux":["15200"],"code_dep":"15","code_region":"84","population":450,"surface_km2":36.51,"lat":45.251,"lon":2.2624},{"code_insee":"15037","nom":"Champagnac","codes_postaux":["15350"],"code_dep":"15","code_region":"84","population":1020,"surface_km2":27.57,"lat":45.3673,"lon":2.4001},{"code_insee":"15038","nom":"Champs-sur-Tarentaine-Marchal","codes_postaux":["15270"],"code_dep":"15","code_region":"84","population":1032,"surface_km2":61.12,"lat":45.4043,"lon":2.6053},{"code_insee":"15040","nom":"Chanterelle","codes_postaux":["15190"],"code_dep":"15","code_region":"84","population":99,"surface_km2":19.46,"lat":45.3761,"lon":2.8308},{"code_insee":"15041","nom":"La Chapelle-d'Alagnon","codes_postaux":["15300"],"code_dep":"15","code_region":"84","population":256,"surface_km2":9.15,"lat":45.1037,"lon":2.9072},{"code_insee":"15042","nom":"La Chapelle-Laurent","codes_postaux":["15500"],"code_dep":"15","code_region":"84","population":234,"surface_km2":26.51,"lat":45.1827,"lon":3.2395},{"code_insee":"15043","nom":"Charmensac","codes_postaux":["15500"],"code_dep":"15","code_region":"84","population":71,"surface_km2":15.36,"lat":45.2255,"lon":3.0742},{"code_insee":"15045","nom":"Chaudes-Aigues","codes_postaux":["15110"],"code_dep":"15","code_region":"84","population":813,"surface_km2":54.46,"lat":44.8423,"lon":3.0057},{"code_insee":"15046","nom":"Chaussenac","codes_postaux":["15700"],"code_dep":"15","code_region":"84","population":218,"surface_km2":16.35,"lat":45.1726,"lon":2.2686},{"code_insee":"15047","nom":"Chavagnac","codes_postaux":["15300"],"code_dep":"15","code_region":"84","population":88,"surface_km2":16.63,"lat":45.1629,"lon":2.8757},{"code_insee":"15048","nom":"Chazelles","codes_postaux":["15500"],"code_dep":"15","code_region":"84","population":34,"surface_km2":6.37,"lat":45.1066,"lon":3.3313},{"code_insee":"15049","nom":"Cheylade","codes_postaux":["15400"],"code_dep":"15","code_region":"84","population":230,"surface_km2":32.72,"lat":45.2087,"lon":2.7097},{"code_insee":"15050","nom":"Le Claux","codes_postaux":["15400"],"code_dep":"15","code_region":"84","population":160,"surface_km2":27.98,"lat":45.1433,"lon":2.7038},{"code_insee":"15051","nom":"Clavières","codes_postaux":["15320"],"code_dep":"15","code_region":"84","population":184,"surface_km2":44.67,"lat":44.9926,"lon":3.3137},{"code_insee":"15052","nom":"Collandres","codes_postaux":["15400"],"code_dep":"15","code_region":"84","population":155,"surface_km2":43.39,"lat":45.213,"lon":2.6387},{"code_insee":"15053","nom":"Coltines","codes_postaux":["15170"],"code_dep":"15","code_region":"84","population":427,"surface_km2":19.18,"lat":45.0939,"lon":2.9944},{"code_insee":"15054","nom":"Condat","codes_postaux":["15190"],"code_dep":"15","code_region":"84","population":933,"surface_km2":40.56,"lat":45.3493,"lon":2.7964},{"code_insee":"15055","nom":"Coren","codes_postaux":["15100"],"code_dep":"15","code_region":"84","population":445,"surface_km2":16.81,"lat":45.0871,"lon":3.1021},{"code_insee":"15056","nom":"Crandelles","codes_postaux":["15250"],"code_dep":"15","code_region":"84","population":872,"surface_km2":12.47,"lat":44.9591,"lon":2.3589},{"code_insee":"15057","nom":"Cros-de-Montvert","codes_postaux":["15150"],"code_dep":"15","code_region":"84","population":197,"surface_km2":29.41,"lat":45.0572,"lon":2.154},{"code_insee":"15058","nom":"Cros-de-Ronesque","codes_postaux":["15130"],"code_dep":"15","code_region":"84","population":145,"surface_km2":16.21,"lat":44.8577,"lon":2.6108},{"code_insee":"15059","nom":"Cussac","codes_postaux":["15430"],"code_dep":"15","code_region":"84","population":117,"surface_km2":13.93,"lat":44.9804,"lon":2.9353},{"code_insee":"15060","nom":"Deux-Verges","codes_postaux":["15110"],"code_dep":"15","code_region":"84","population":55,"surface_km2":11.27,"lat":44.7996,"lon":3.0178},{"code_insee":"15061","nom":"Dienne","codes_postaux":["15300"],"code_dep":"15","code_region":"84","population":235,"surface_km2":46.4,"lat":45.1614,"lon":2.8112},{"code_insee":"15063","nom":"Drugeac","codes_postaux":["15140"],"code_dep":"15","code_region":"84","population":321,"surface_km2":18.29,"lat":45.1601,"lon":2.385},{"code_insee":"15064","nom":"Escorailles","codes_postaux":["15700"],"code_dep":"15","code_region":"84","population":82,"surface_km2":2.72,"lat":45.1704,"lon":2.3296},{"code_insee":"15065","nom":"Espinasse","codes_postaux":["15110"],"code_dep":"15","code_region":"84","population":79,"surface_km2":17.01,"lat":44.8702,"lon":2.9266},{"code_insee":"15066","nom":"Le Falgoux","codes_postaux":["15380"],"code_dep":"15","code_region":"84","population":113,"surface_km2":30.64,"lat":45.142,"lon":2.6299},{"code_insee":"15067","nom":"Le Fau","codes_postaux":["15140"],"code_dep":"15","code_region":"84","population":34,"surface_km2":19.46,"lat":45.1106,"lon":2.5971},{"code_insee":"15069","nom":"Ferrières-Saint-Mary","codes_postaux":["15170"],"code_dep":"15","code_region":"84","population":235,"surface_km2":19.26,"lat":45.1698,"lon":3.0789},{"code_insee":"15070","nom":"Fontanges","codes_postaux":["15140"],"code_dep":"15","code_region":"84","population":213,"surface_km2":17.85,"lat":45.1106,"lon":2.5196},{"code_insee":"15072","nom":"Freix-Anglards","codes_postaux":["15310"],"code_dep":"15","code_region":"84","population":215,"surface_km2":17.68,"lat":45.018,"lon":2.3791},{"code_insee":"15073","nom":"Fridefont","codes_postaux":["15110"],"code_dep":"15","code_region":"84","population":103,"surface_km2":16.57,"lat":44.9061,"lon":3.0908},{"code_insee":"15074","nom":"Giou-de-Mamou","codes_postaux":["15130"],"code_dep":"15","code_region":"84","population":728,"surface_km2":14.49,"lat":44.9355,"lon":2.5089},{"code_insee":"15075","nom":"Girgols","codes_postaux":["15310"],"code_dep":"15","code_region":"84","population":70,"surface_km2":12.79,"lat":45.05,"lon":2.5224},{"code_insee":"15076","nom":"Glénat","codes_postaux":["15150"],"code_dep":"15","code_region":"84","population":178,"surface_km2":24.16,"lat":44.8965,"lon":2.1745},{"code_insee":"15077","nom":"Gourdièges","codes_postaux":["15230"],"code_dep":"15","code_region":"84","population":70,"surface_km2":8.4,"lat":44.9448,"lon":2.8823},{"code_insee":"15078","nom":"Jabrun","codes_postaux":["15110"],"code_dep":"15","code_region":"84","population":149,"surface_km2":34.21,"lat":44.7974,"lon":2.9627},{"code_insee":"15079","nom":"Jaleyrac","codes_postaux":["15200"],"code_dep":"15","code_region":"84","population":356,"surface_km2":17.0,"lat":45.2715,"lon":2.3657},{"code_insee":"15080","nom":"Joursac","codes_postaux":["15170"],"code_dep":"15","code_region":"84","population":160,"surface_km2":21.22,"lat":45.1617,"lon":3.0158},{"code_insee":"15081","nom":"Jou-sous-Monjou","codes_postaux":["15800"],"code_dep":"15","code_region":"84","population":112,"surface_km2":6.27,"lat":44.9411,"lon":2.6605},{"code_insee":"15082","nom":"Junhac","codes_postaux":["15120"],"code_dep":"15","code_region":"84","population":286,"surface_km2":28.02,"lat":44.6945,"lon":2.4495},{"code_insee":"15083","nom":"Jussac","codes_postaux":["15250"],"code_dep":"15","code_region":"84","population":2040,"surface_km2":18.63,"lat":44.997,"lon":2.4189},{"code_insee":"15084","nom":"Labesserette","codes_postaux":["15120"],"code_dep":"15","code_region":"84","population":302,"surface_km2":13.79,"lat":44.7437,"lon":2.4803},{"code_insee":"15085","nom":"Labrousse","codes_postaux":["15130"],"code_dep":"15","code_region":"84","population":478,"surface_km2":19.95,"lat":44.8502,"lon":2.5483},{"code_insee":"15086","nom":"Lacapelle-Barrès","codes_postaux":["15230"],"code_dep":"15","code_region":"84","population":57,"surface_km2":6.33,"lat":44.9516,"lon":2.7245},{"code_insee":"15087","nom":"Lacapelle-del-Fraisse","codes_postaux":["15120"],"code_dep":"15","code_region":"84","population":394,"surface_km2":15.37,"lat":44.7737,"lon":2.4307},{"code_insee":"15088","nom":"Lacapelle-Viescamp","codes_postaux":["15150"],"code_dep":"15","code_region":"84","population":528,"surface_km2":17.19,"lat":44.9279,"lon":2.2744},{"code_insee":"15089","nom":"Ladinhac","codes_postaux":["15120"],"code_dep":"15","code_region":"84","population":434,"surface_km2":26.9,"lat":44.7683,"lon":2.5125},{"code_insee":"15090","nom":"Lafeuillade-en-Vézie","codes_postaux":["15130"],"code_dep":"15","code_region":"84","population":583,"surface_km2":16.49,"lat":44.793,"lon":2.4439},{"code_insee":"15091","nom":"Landeyrat","codes_postaux":["15160"],"code_dep":"15","code_region":"84","population":84,"surface_km2":21.4,"lat":45.2734,"lon":2.8682},{"code_insee":"15092","nom":"Lanobre","codes_postaux":["15270"],"code_dep":"15","code_region":"84","population":1351,"surface_km2":43.65,"lat":45.4355,"lon":2.5567},{"code_insee":"15093","nom":"Lapeyrugue","codes_postaux":["15120"],"code_dep":"15","code_region":"84","population":90,"surface_km2":8.54,"lat":44.7294,"lon":2.5339},{"code_insee":"15094","nom":"Laroquebrou","codes_postaux":["15150"],"code_dep":"15","code_region":"84","population":785,"surface_km2":17.21,"lat":44.9705,"lon":2.2017},{"code_insee":"15095","nom":"Laroquevieille","codes_postaux":["15250"],"code_dep":"15","code_region":"84","population":350,"surface_km2":15.83,"lat":45.0283,"lon":2.5257},{"code_insee":"15096","nom":"Lascelle","codes_postaux":["15590"],"code_dep":"15","code_region":"84","population":260,"surface_km2":19.1,"lat":45.0355,"lon":2.579},{"code_insee":"15097","nom":"Lastic","codes_postaux":["15500"],"code_dep":"15","code_region":"84","population":109,"surface_km2":10.37,"lat":45.1115,"lon":3.2203},{"code_insee":"15098","nom":"Laurie","codes_postaux":["15500"],"code_dep":"15","code_region":"84","population":84,"surface_km2":19.38,"lat":45.284,"lon":3.0853},{"code_insee":"15100","nom":"Laveissenet","codes_postaux":["15300"],"code_dep":"15","code_region":"84","population":137,"surface_km2":10.9,"lat":45.0726,"lon":2.8719},{"code_insee":"15101","nom":"Laveissière","codes_postaux":["15300"],"code_dep":"15","code_region":"84","population":537,"surface_km2":35.25,"lat":45.0985,"lon":2.7837},{"code_insee":"15102","nom":"Lavigerie","codes_postaux":["15300"],"code_dep":"15","code_region":"84","population":116,"surface_km2":24.19,"lat":45.1274,"lon":2.7269},{"code_insee":"15103","nom":"Leucamp","codes_postaux":["15120"],"code_dep":"15","code_region":"84","population":244,"surface_km2":13.65,"lat":44.7829,"lon":2.5363},{"code_insee":"15104","nom":"Leynhac","codes_postaux":["15600"],"code_dep":"15","code_region":"84","population":297,"surface_km2":27.63,"lat":44.7414,"lon":2.278},{"code_insee":"15105","nom":"Leyvaux","codes_postaux":["43450"],"code_dep":"15","code_region":"84","population":37,"surface_km2":14.92,"lat":45.3272,"lon":3.086},{"code_insee":"15106","nom":"Lieutadès","codes_postaux":["15110"],"code_dep":"15","code_region":"84","population":169,"surface_km2":40.71,"lat":44.829,"lon":2.9022},{"code_insee":"15107","nom":"Lorcières","codes_postaux":["15320"],"code_dep":"15","code_region":"84","population":162,"surface_km2":22.12,"lat":44.9503,"lon":3.2938},{"code_insee":"15108","nom":"Val d'Arcomie","codes_postaux":["15320"],"code_dep":"15","code_region":"84","population":922,"surface_km2":89.27,"lat":44.9193,"lon":3.1723},{"code_insee":"15110","nom":"Lugarde","codes_postaux":["15190"],"code_dep":"15","code_region":"84","population":117,"surface_km2":13.43,"lat":45.2858,"lon":2.7569},{"code_insee":"15111","nom":"Madic","codes_postaux":["15210"],"code_dep":"15","code_region":"84","population":202,"surface_km2":6.73,"lat":45.3726,"lon":2.4593},{"code_insee":"15112","nom":"Malbo","codes_postaux":["15230"],"code_dep":"15","code_region":"84","population":90,"surface_km2":29.39,"lat":44.9857,"lon":2.7554},{"code_insee":"15113","nom":"Mandailles-Saint-Julien","codes_postaux":["15590"],"code_dep":"15","code_region":"84","population":172,"surface_km2":35.42,"lat":45.0775,"lon":2.6649},{"code_insee":"15114","nom":"Marcenat","codes_postaux":["15190"],"code_dep":"15","code_region":"84","population":508,"surface_km2":51.2,"lat":45.3119,"lon":2.8569},{"code_insee":"15116","nom":"Marchastel","codes_postaux":["15400"],"code_dep":"15","code_region":"84","population":131,"surface_km2":23.02,"lat":45.2718,"lon":2.7334},{"code_insee":"15117","nom":"Marcolès","codes_postaux":["15220"],"code_dep":"15","code_region":"84","population":600,"surface_km2":53.48,"lat":44.7839,"lon":2.3462},{"code_insee":"15118","nom":"Marmanhac","codes_postaux":["15250"],"code_dep":"15","code_region":"84","population":667,"surface_km2":24.19,"lat":45.0075,"lon":2.4789},{"code_insee":"15119","nom":"Massiac","codes_postaux":["15500"],"code_dep":"15","code_region":"84","population":1796,"surface_km2":34.8,"lat":45.2439,"lon":3.1954},{"code_insee":"15120","nom":"Mauriac","codes_postaux":["15200"],"code_dep":"15","code_region":"84","population":3449,"surface_km2":28.36,"lat":45.2209,"lon":2.3209},{"code_insee":"15121","nom":"Maurines","codes_postaux":["15110"],"code_dep":"15","code_region":"84","population":102,"surface_km2":14.57,"lat":44.8706,"lon":3.0842},{"code_insee":"15122","nom":"Maurs","codes_postaux":["15600"],"code_dep":"15","code_region":"84","population":2174,"surface_km2":31.05,"lat":44.7151,"lon":2.1729},{"code_insee":"15123","nom":"Méallet","codes_postaux":["15200"],"code_dep":"15","code_region":"84","population":153,"surface_km2":21.92,"lat":45.2623,"lon":2.4172},{"code_insee":"15124","nom":"Menet","codes_postaux":["15400"],"code_dep":"15","code_region":"84","population":521,"surface_km2":27.45,"lat":45.296,"lon":2.5781},{"code_insee":"15125","nom":"Mentières","codes_postaux":["15100"],"code_dep":"15","code_region":"84","population":121,"surface_km2":13.18,"lat":45.0782,"lon":3.1426},{"code_insee":"15126","nom":"Molèdes","codes_postaux":["15500"],"code_dep":"15","code_region":"84","population":77,"surface_km2":22.52,"lat":45.2685,"lon":3.0485},{"code_insee":"15127","nom":"Molompize","codes_postaux":["15500"],"code_dep":"15","code_region":"84","population":270,"surface_km2":17.57,"lat":45.2276,"lon":3.1284},{"code_insee":"15128","nom":"La Monselie","codes_postaux":["15240"],"code_dep":"15","code_region":"84","population":112,"surface_km2":8.82,"lat":45.3203,"lon":2.554},{"code_insee":"15129","nom":"Montboudif","codes_postaux":["15190"],"code_dep":"15","code_region":"84","population":161,"surface_km2":20.33,"lat":45.3708,"lon":2.727},{"code_insee":"15130","nom":"Montchamp","codes_postaux":["15100"],"code_dep":"15","code_region":"84","population":137,"surface_km2":16.06,"lat":45.0709,"lon":3.2128},{"code_insee":"15131","nom":"Le Monteil","codes_postaux":["15240"],"code_dep":"15","code_region":"84","population":261,"surface_km2":23.36,"lat":45.2997,"lon":2.5092},{"code_insee":"15132","nom":"Montgreleix","codes_postaux":["15190"],"code_dep":"15","code_region":"84","population":31,"surface_km2":17.6,"lat":45.3571,"lon":2.8874},{"code_insee":"15133","nom":"Montmurat","codes_postaux":["15600"],"code_dep":"15","code_region":"84","population":134,"surface_km2":5.25,"lat":44.6298,"lon":2.1987},{"code_insee":"15134","nom":"Montsalvy","codes_postaux":["15120"],"code_dep":"15","code_region":"84","population":842,"surface_km2":20.52,"lat":44.6879,"lon":2.4995},{"code_insee":"15135","nom":"Montvert","codes_postaux":["15150"],"code_dep":"15","code_region":"84","population":112,"surface_km2":11.29,"lat":44.9973,"lon":2.1634},{"code_insee":"15137","nom":"Moussages","codes_postaux":["15380"],"code_dep":"15","code_region":"84","population":247,"surface_km2":19.47,"lat":45.2389,"lon":2.4741},{"code_insee":"15138","nom":"Murat","codes_postaux":["15300"],"code_dep":"15","code_region":"84","population":1770,"surface_km2":20.17,"lat":45.1236,"lon":2.8501},{"code_insee":"15139","nom":"Narnhac","codes_postaux":["15230"],"code_dep":"15","code_region":"84","population":69,"surface_km2":10.39,"lat":44.9375,"lon":2.7645},{"code_insee":"15140","nom":"Naucelles","codes_postaux":["15250"],"code_dep":"15","code_region":"84","population":2181,"surface_km2":11.73,"lat":44.952,"lon":2.4203},{"code_insee":"15141","nom":"Neussargues-Moissac","codes_postaux":["15170"],"code_dep":"15","code_region":"84","population":824,"surface_km2":13.89,"lat":45.136,"lon":2.9875},{"code_insee":"15142","nom":"Neuvéglise-sur-Truyère","codes_postaux":["15100","15260"],"code_dep":"15","code_region":"84","population":1677,"surface_km2":125.71,"lat":44.936,"lon":2.9767},{"code_insee":"15143","nom":"Nieudan","codes_postaux":["15150"],"code_dep":"15","code_region":"84","population":109,"surface_km2":12.41,"lat":44.9818,"lon":2.2415},{"code_insee":"15144","nom":"Omps","codes_postaux":["15290"],"code_dep":"15","code_region":"84","population":314,"surface_km2":12.78,"lat":44.8812,"lon":2.2724},{"code_insee":"15146","nom":"Pailherols","codes_postaux":["15800"],"code_dep":"15","code_region":"84","population":143,"surface_km2":25.97,"lat":44.9684,"lon":2.7088},{"code_insee":"15147","nom":"Parlan","codes_postaux":["15290"],"code_dep":"15","code_region":"84","population":475,"surface_km2":24.62,"lat":44.8213,"lon":2.171},{"code_insee":"15148","nom":"Paulhac","codes_postaux":["15430"],"code_dep":"15","code_region":"84","population":431,"surface_km2":46.56,"lat":45.0179,"lon":2.8841},{"code_insee":"15149","nom":"Paulhenc","codes_postaux":["15230"],"code_dep":"15","code_region":"84","population":256,"surface_km2":23.73,"lat":44.8808,"lon":2.814},{"code_insee":"15151","nom":"Peyrusse","codes_postaux":["15170"],"code_dep":"15","code_region":"84","population":140,"surface_km2":29.18,"lat":45.2137,"lon":3.0316},{"code_insee":"15152","nom":"Pierrefort","codes_postaux":["15230"],"code_dep":"15","code_region":"84","population":868,"surface_km2":24.64,"lat":44.9281,"lon":2.8362},{"code_insee":"15153","nom":"Pleaux","codes_postaux":["15700"],"code_dep":"15","code_region":"84","population":1470,"surface_km2":93.26,"lat":45.1468,"lon":2.2563},{"code_insee":"15154","nom":"Polminhac","codes_postaux":["15800"],"code_dep":"15","code_region":"84","population":1197,"surface_km2":29.07,"lat":44.9554,"lon":2.5816},{"code_insee":"15155","nom":"Pradiers","codes_postaux":["15160"],"code_dep":"15","code_region":"84","population":81,"surface_km2":23.75,"lat":45.2834,"lon":2.9191},{"code_insee":"15156","nom":"Prunet","codes_postaux":["15130"],"code_dep":"15","code_region":"84","population":683,"surface_km2":27.4,"lat":44.8272,"lon":2.4647},{"code_insee":"15157","nom":"Quézac","codes_postaux":["15600"],"code_dep":"15","code_region":"84","population":344,"surface_km2":16.57,"lat":44.754,"lon":2.1787},{"code_insee":"15158","nom":"Rageade","codes_postaux":["15500"],"code_dep":"15","code_region":"84","population":95,"surface_km2":12.59,"lat":45.1169,"lon":3.2705},{"code_insee":"15159","nom":"Raulhac","codes_postaux":["15800"],"code_dep":"15","code_region":"84","population":274,"surface_km2":17.11,"lat":44.9022,"lon":2.6573},{"code_insee":"15160","nom":"Reilhac","codes_postaux":["15250"],"code_dep":"15","code_region":"84","population":1090,"surface_km2":8.98,"lat":44.9674,"lon":2.4251},{"code_insee":"15161","nom":"Rézentières","codes_postaux":["15170"],"code_dep":"15","code_region":"84","population":114,"surface_km2":13.36,"lat":45.1333,"lon":3.1066},{"code_insee":"15162","nom":"Riom-ès-Montagnes","codes_postaux":["15400"],"code_dep":"15","code_region":"84","population":2405,"surface_km2":46.81,"lat":45.2999,"lon":2.6569},{"code_insee":"15163","nom":"Roannes-Saint-Mary","codes_postaux":["15220"],"code_dep":"15","code_region":"84","population":1101,"surface_km2":36.85,"lat":44.8407,"lon":2.3986},{"code_insee":"15164","nom":"Roffiac","codes_postaux":["15100"],"code_dep":"15","code_region":"84","population":561,"surface_km2":21.54,"lat":45.0475,"lon":3.0154},{"code_insee":"15165","nom":"Rouffiac","codes_postaux":["15150"],"code_dep":"15","code_region":"84","population":181,"surface_km2":23.22,"lat":45.031,"lon":2.1461},{"code_insee":"15166","nom":"Roumégoux","codes_postaux":["15290"],"code_dep":"15","code_region":"84","population":336,"surface_km2":13.56,"lat":44.8611,"lon":2.1872},{"code_insee":"15167","nom":"Rouziers","codes_postaux":["15600"],"code_dep":"15","code_region":"84","population":107,"surface_km2":8.73,"lat":44.7936,"lon":2.2036},{"code_insee":"15168","nom":"Ruynes-en-Margeride","codes_postaux":["15320"],"code_dep":"15","code_region":"84","population":719,"surface_km2":29.96,"lat":45.0015,"lon":3.2258},{"code_insee":"15169","nom":"Saignes","codes_postaux":["15240"],"code_dep":"15","code_region":"84","population":835,"surface_km2":6.9,"lat":45.3333,"lon":2.482},{"code_insee":"15170","nom":"Saint-Amandin","codes_postaux":["15190"],"code_dep":"15","code_region":"84","population":225,"surface_km2":32.06,"lat":45.3302,"lon":2.7139},{"code_insee":"15171","nom":"Sainte-Anastasie","codes_postaux":["15170"],"code_dep":"15","code_region":"84","population":122,"surface_km2":16.02,"lat":45.1794,"lon":2.9723},{"code_insee":"15172","nom":"Saint-Antoine","codes_postaux":["15220"],"code_dep":"15","code_region":"84","population":84,"surface_km2":7.25,"lat":44.7486,"lon":2.3366},{"code_insee":"15173","nom":"Saint-Bonnet-de-Condat","codes_postaux":["15190"],"code_dep":"15","code_region":"84","population":113,"surface_km2":17.36,"lat":45.2786,"lon":2.8094},{"code_insee":"15174","nom":"Saint-Bonnet-de-Salers","codes_postaux":["15140"],"code_dep":"15","code_region":"84","population":246,"surface_km2":32.78,"lat":45.158,"lon":2.4993},{"code_insee":"15175","nom":"Saint-Cernin","codes_postaux":["15310"],"code_dep":"15","code_region":"84","population":1039,"surface_km2":46.68,"lat":45.0495,"lon":2.4223},{"code_insee":"15176","nom":"Saint-Chamant","codes_postaux":["15140"],"code_dep":"15","code_region":"84","population":237,"surface_km2":13.92,"lat":45.0947,"lon":2.4493},{"code_insee":"15178","nom":"Saint-Cirgues-de-Jordanne","codes_postaux":["15590"],"code_dep":"15","code_region":"84","population":133,"surface_km2":16.22,"lat":45.0448,"lon":2.603},{"code_insee":"15179","nom":"Saint-Cirgues-de-Malbert","codes_postaux":["15140"],"code_dep":"15","code_region":"84","population":248,"surface_km2":16.37,"lat":45.0858,"lon":2.3761},{"code_insee":"15180","nom":"Saint-Clément","codes_postaux":["15800"],"code_dep":"15","code_region":"84","population":80,"surface_km2":17.28,"lat":44.985,"lon":2.6836},{"code_insee":"15181","nom":"Saint-Constant-Fournoulès","codes_postaux":["15600"],"code_dep":"15","code_region":"84","population":579,"surface_km2":29.11,"lat":44.6893,"lon":2.2654},{"code_insee":"15182","nom":"Saint-Étienne-Cantalès","codes_postaux":["15150"],"code_dep":"15","code_region":"84","population":127,"surface_km2":11.24,"lat":44.9455,"lon":2.2431},{"code_insee":"15183","nom":"Saint-Étienne-de-Carlat","codes_postaux":["15130"],"code_dep":"15","code_region":"84","population":119,"surface_km2":10.6,"lat":44.9126,"lon":2.5848},{"code_insee":"15184","nom":"Saint-Étienne-de-Maurs","codes_postaux":["15600"],"code_dep":"15","code_region":"84","population":763,"surface_km2":17.41,"lat":44.7207,"lon":2.2405},{"code_insee":"15185","nom":"Saint-Étienne-de-Chomeil","codes_postaux":["15400"],"code_dep":"15","code_region":"84","population":241,"surface_km2":27.59,"lat":45.3438,"lon":2.6198},{"code_insee":"15186","nom":"Sainte-Eulalie","codes_postaux":["15140"],"code_dep":"15","code_region":"84","population":230,"surface_km2":14.54,"lat":45.1243,"lon":2.3819},{"code_insee":"15187","nom":"Saint-Flour","codes_postaux":["15100"],"code_dep":"15","code_region":"84","population":6391,"surface_km2":27.08,"lat":45.0251,"lon":3.073},{"code_insee":"15188","nom":"Saint-Georges","codes_postaux":["15100"],"code_dep":"15","code_region":"84","population":1171,"surface_km2":33.18,"lat":45.0219,"lon":3.1442},{"code_insee":"15189","nom":"Saint-Gérons","codes_postaux":["15150"],"code_dep":"15","code_region":"84","population":220,"surface_km2":18.38,"lat":44.9422,"lon":2.2063},{"code_insee":"15190","nom":"Saint-Hippolyte","codes_postaux":["15400"],"code_dep":"15","code_region":"84","population":99,"surface_km2":14.04,"lat":45.2178,"lon":2.7081},{"code_insee":"15191","nom":"Saint-Illide","codes_postaux":["15310"],"code_dep":"15","code_region":"84","population":656,"surface_km2":39.73,"lat":45.0463,"lon":2.3152},{"code_insee":"15192","nom":"Saint-Jacques-des-Blats","codes_postaux":["15800"],"code_dep":"15","code_region":"84","population":305,"surface_km2":31.31,"lat":45.0536,"lon":2.7185},{"code_insee":"15194","nom":"Saint-Julien-de-Toursac","codes_postaux":["15600"],"code_dep":"15","code_region":"84","population":103,"surface_km2":9.65,"lat":44.771,"lon":2.2028},{"code_insee":"15196","nom":"Saint-Mamet-la-Salvetat","codes_postaux":["15220"],"code_dep":"15","code_region":"84","population":1527,"surface_km2":52.28,"lat":44.865,"lon":2.3059},{"code_insee":"15198","nom":"Sainte-Marie","codes_postaux":["15230"],"code_dep":"15","code_region":"84","population":98,"surface_km2":18.04,"lat":44.8967,"lon":2.888},{"code_insee":"15199","nom":"Saint-Martial","codes_postaux":["15110"],"code_dep":"15","code_region":"84","population":71,"surface_km2":14.85,"lat":44.8845,"lon":3.0385},{"code_insee":"15200","nom":"Saint-Martin-Cantalès","codes_postaux":["15140"],"code_dep":"15","code_region":"84","population":157,"surface_km2":19.71,"lat":45.0909,"lon":2.2995},{"code_insee":"15201","nom":"Saint-Martin-sous-Vigouroux","codes_postaux":["15230"],"code_dep":"15","code_region":"84","population":217,"surface_km2":19.57,"lat":44.9435,"lon":2.7969},{"code_insee":"15202","nom":"Saint-Martin-Valmeroux","codes_postaux":["15140"],"code_dep":"15","code_region":"84","population":716,"surface_km2":26.08,"lat":45.1216,"lon":2.4452},{"code_insee":"15203","nom":"Saint-Mary-le-Plain","codes_postaux":["15500"],"code_dep":"15","code_region":"84","population":188,"surface_km2":22.14,"lat":45.1714,"lon":3.1495},{"code_insee":"15204","nom":"Saint-Paul-des-Landes","codes_postaux":["15250"],"code_dep":"15","code_region":"84","population":1542,"surface_km2":19.19,"lat":44.9475,"lon":2.3043},{"code_insee":"15205","nom":"Saint-Paul-de-Salers","codes_postaux":["15140"],"code_dep":"15","code_region":"84","population":105,"surface_km2":36.54,"lat":45.1374,"lon":2.5504},{"code_insee":"15206","nom":"Saint-Pierre","codes_postaux":["15350"],"code_dep":"15","code_region":"84","population":146,"surface_km2":14.26,"lat":45.3954,"lon":2.3862},{"code_insee":"15207","nom":"Saint-Poncy","codes_postaux":["15500"],"code_dep":"15","code_region":"84","population":339,"surface_km2":40.58,"lat":45.1691,"lon":3.1914},{"code_insee":"15208","nom":"Saint-Projet-de-Salers","codes_postaux":["15140"],"code_dep":"15","code_region":"84","population":133,"surface_km2":35.99,"lat":45.0853,"lon":2.5671},{"code_insee":"15209","nom":"Saint-Rémy-de-Chaudes-Aigues","codes_postaux":["15110"],"code_dep":"15","code_region":"84","population":120,"surface_km2":15.18,"lat":44.7683,"lon":3.0248},{"code_insee":"15211","nom":"Saint-Santin-Cantalès","codes_postaux":["15150"],"code_dep":"15","code_region":"84","population":279,"surface_km2":34.58,"lat":45.0234,"lon":2.2355},{"code_insee":"15212","nom":"Saint-Santin-de-Maurs","codes_postaux":["15600"],"code_dep":"15","code_region":"84","population":366,"surface_km2":14.69,"lat":44.6532,"lon":2.2187},{"code_insee":"15213","nom":"Saint-Saturnin","codes_postaux":["15190"],"code_dep":"15","code_region":"84","population":186,"surface_km2":38.9,"lat":45.2268,"lon":2.7978},{"code_insee":"15214","nom":"Saint-Saury","codes_postaux":["15290"],"code_dep":"15","code_region":"84","population":183,"surface_km2":30.67,"lat":44.877,"lon":2.124},{"code_insee":"15215","nom":"Saint-Simon","codes_postaux":["15130"],"code_dep":"15","code_region":"84","population":1159,"surface_km2":27.07,"lat":44.966,"lon":2.4998},{"code_insee":"15216","nom":"Saint-Urcize","codes_postaux":["15110"],"code_dep":"15","code_region":"84","population":475,"surface_km2":55.03,"lat":44.7018,"lon":2.985},{"code_insee":"15217","nom":"Saint-Victor","codes_postaux":["15150"],"code_dep":"15","code_region":"84","population":91,"surface_km2":13.68,"lat":45.0085,"lon":2.2905},{"code_insee":"15218","nom":"Saint-Vincent-de-Salers","codes_postaux":["15380"],"code_dep":"15","code_region":"84","population":70,"surface_km2":18.88,"lat":45.2052,"lon":2.5372},{"code_insee":"15219","nom":"Salers","codes_postaux":["15140"],"code_dep":"15","code_region":"84","population":310,"surface_km2":4.73,"lat":45.144,"lon":2.5016},{"code_insee":"15220","nom":"Salins","codes_postaux":["15200"],"code_dep":"15","code_region":"84","population":145,"surface_km2":8.75,"lat":45.1906,"lon":2.4029},{"code_insee":"15221","nom":"Sansac-de-Marmiesse","codes_postaux":["15130"],"code_dep":"15","code_region":"84","population":1395,"surface_km2":14.33,"lat":44.8882,"lon":2.3469},{"code_insee":"15222","nom":"Sansac-Veinazès","codes_postaux":["15120"],"code_dep":"15","code_region":"84","population":199,"surface_km2":12.68,"lat":44.7456,"lon":2.4277},{"code_insee":"15223","nom":"Sauvat","codes_postaux":["15240"],"code_dep":"15","code_region":"84","population":219,"surface_km2":14.53,"lat":45.3068,"lon":2.4394},{"code_insee":"15224","nom":"La Ségalassière","codes_postaux":["15290"],"code_dep":"15","code_region":"84","population":121,"surface_km2":6.68,"lat":44.8934,"lon":2.2099},{"code_insee":"15225","nom":"Ségur-les-Villas","codes_postaux":["15300"],"code_dep":"15","code_region":"84","population":215,"surface_km2":27.07,"lat":45.2094,"lon":2.8237},{"code_insee":"15226","nom":"Sénezergues","codes_postaux":["15340"],"code_dep":"15","code_region":"84","population":212,"surface_km2":17.69,"lat":44.7163,"lon":2.4103},{"code_insee":"15228","nom":"Siran","codes_postaux":["15150"],"code_dep":"15","code_region":"84","population":467,"surface_km2":50.64,"lat":44.9448,"lon":2.1218},{"code_insee":"15229","nom":"Soulages","codes_postaux":["15100"],"code_dep":"15","code_region":"84","population":84,"surface_km2":15.14,"lat":45.0897,"lon":3.2714},{"code_insee":"15230","nom":"Sourniac","codes_postaux":["15200"],"code_dep":"15","code_region":"84","population":195,"surface_km2":11.69,"lat":45.2731,"lon":2.3356},{"code_insee":"15231","nom":"Talizat","codes_postaux":["15170"],"code_dep":"15","code_region":"84","population":592,"surface_km2":38.03,"lat":45.1302,"lon":3.0554},{"code_insee":"15232","nom":"Tanavelle","codes_postaux":["15100"],"code_dep":"15","code_region":"84","population":217,"surface_km2":13.5,"lat":45.0268,"lon":2.9812},{"code_insee":"15233","nom":"Teissières-de-Cornet","codes_postaux":["15250"],"code_dep":"15","code_region":"84","population":319,"surface_km2":9.31,"lat":44.9753,"lon":2.3607},{"code_insee":"15234","nom":"Teissières-lès-Bouliès","codes_postaux":["15130"],"code_dep":"15","code_region":"84","population":344,"surface_km2":19.73,"lat":44.8197,"lon":2.5368},{"code_insee":"15235","nom":"Les Ternes","codes_postaux":["15100"],"code_dep":"15","code_region":"84","population":567,"surface_km2":19.0,"lat":44.9929,"lon":2.9981},{"code_insee":"15236","nom":"Thiézac","codes_postaux":["15800"],"code_dep":"15","code_region":"84","population":590,"surface_km2":41.51,"lat":45.0198,"lon":2.667},{"code_insee":"15237","nom":"Tiviers","codes_postaux":["15100"],"code_dep":"15","code_region":"84","population":162,"surface_km2":13.61,"lat":45.0749,"lon":3.1819},{"code_insee":"15238","nom":"Tournemire","codes_postaux":["15310"],"code_dep":"15","code_region":"84","population":116,"surface_km2":9.76,"lat":45.0571,"lon":2.4921},{"code_insee":"15240","nom":"Trémouille","codes_postaux":["15270"],"code_dep":"15","code_region":"84","population":167,"surface_km2":29.14,"lat":45.3878,"lon":2.6703},{"code_insee":"15241","nom":"La Trinitat","codes_postaux":["15110"],"code_dep":"15","code_region":"84","population":52,"surface_km2":17.78,"lat":44.7478,"lon":2.9435},{"code_insee":"15242","nom":"Le Trioulou","codes_postaux":["15600"],"code_dep":"15","code_region":"84","population":95,"surface_km2":6.05,"lat":44.6715,"lon":2.1882},{"code_insee":"15243","nom":"Trizac","codes_postaux":["15400"],"code_dep":"15","code_region":"84","population":446,"surface_km2":45.31,"lat":45.2441,"lon":2.5389},{"code_insee":"15244","nom":"Ussel","codes_postaux":["15300"],"code_dep":"15","code_region":"84","population":453,"surface_km2":10.22,"lat":45.0732,"lon":2.955},{"code_insee":"15245","nom":"Vabres","codes_postaux":["15100"],"code_dep":"15","code_region":"84","population":244,"surface_km2":18.87,"lat":45.0366,"lon":3.1953},{"code_insee":"15246","nom":"Valette","codes_postaux":["15400"],"code_dep":"15","code_region":"84","population":236,"surface_km2":15.08,"lat":45.2648,"lon":2.5996},{"code_insee":"15247","nom":"Valjouze","codes_postaux":["15170"],"code_dep":"15","code_region":"84","population":26,"surface_km2":3.0,"lat":45.1636,"lon":3.0592},{"code_insee":"15248","nom":"Valuéjols","codes_postaux":["15300"],"code_dep":"15","code_region":"84","population":580,"surface_km2":38.49,"lat":45.0535,"lon":2.9037},{"code_insee":"15249","nom":"Le Vaulmier","codes_postaux":["15380"],"code_dep":"15","code_region":"84","population":60,"surface_km2":17.42,"lat":45.1838,"lon":2.583},{"code_insee":"15250","nom":"Vebret","codes_postaux":["15240"],"code_dep":"15","code_region":"84","population":516,"surface_km2":24.61,"lat":45.351,"lon":2.5175},{"code_insee":"15251","nom":"Védrines-Saint-Loup","codes_postaux":["15100"],"code_dep":"15","code_region":"84","population":118,"surface_km2":27.44,"lat":45.0518,"lon":3.2672},{"code_insee":"15252","nom":"Velzic","codes_postaux":["15590"],"code_dep":"15","code_region":"84","population":401,"surface_km2":11.24,"lat":44.9946,"lon":2.5591},{"code_insee":"15253","nom":"Vernols","codes_postaux":["15160"],"code_dep":"15","code_region":"84","population":56,"surface_km2":24.52,"lat":45.2177,"lon":2.8822},{"code_insee":"15254","nom":"Veyrières","codes_postaux":["15350"],"code_dep":"15","code_region":"84","population":121,"surface_km2":13.74,"lat":45.321,"lon":2.3659},{"code_insee":"15255","nom":"Vézac","codes_postaux":["15130"],"code_dep":"15","code_region":"84","population":1325,"surface_km2":15.01,"lat":44.8933,"lon":2.5247},{"code_insee":"15256","nom":"Vèze","codes_postaux":["15160"],"code_dep":"15","code_region":"84","population":65,"surface_km2":26.01,"lat":45.2795,"lon":2.9804},{"code_insee":"15257","nom":"Vezels-Roussy","codes_postaux":["15130"],"code_dep":"15","code_region":"84","population":132,"surface_km2":13.06,"lat":44.8067,"lon":2.58},{"code_insee":"15258","nom":"Vic-sur-Cère","codes_postaux":["15800"],"code_dep":"15","code_region":"84","population":1905,"surface_km2":29.37,"lat":44.9687,"lon":2.6294},{"code_insee":"15259","nom":"Vieillespesse","codes_postaux":["15500"],"code_dep":"15","code_region":"84","population":271,"surface_km2":24.99,"lat":45.1158,"lon":3.1579},{"code_insee":"15260","nom":"Vieillevie","codes_postaux":["15120"],"code_dep":"15","code_region":"84","population":102,"surface_km2":9.57,"lat":44.6518,"lon":2.4341},{"code_insee":"15261","nom":"Le Vigean","codes_postaux":["15200"],"code_dep":"15","code_region":"84","population":787,"surface_km2":29.12,"lat":45.2169,"lon":2.3634},{"code_insee":"15262","nom":"Villedieu","codes_postaux":["15100"],"code_dep":"15","code_region":"84","population":535,"surface_km2":19.22,"lat":44.9944,"lon":3.05},{"code_insee":"15263","nom":"Virargues","codes_postaux":["15300"],"code_dep":"15","code_region":"84","population":116,"surface_km2":11.1,"lat":45.13,"lon":2.9006},{"code_insee":"15264","nom":"Vitrac","codes_postaux":["15220"],"code_dep":"15","code_region":"84","population":268,"surface_km2":18.07,"lat":44.8075,"lon":2.313},{"code_insee":"15265","nom":"Ydes","codes_postaux":["15210"],"code_dep":"15","code_region":"84","population":1641,"surface_km2":17.72,"lat":45.3458,"lon":2.4521},{"code_insee":"15266","nom":"Yolet","codes_postaux":["15130"],"code_dep":"15","code_region":"84","population":596,"surface_km2":9.95,"lat":44.9351,"lon":2.5351},{"code_insee":"15267","nom":"Ytrac","codes_postaux":["15000","15130"],"code_dep":"15","code_region":"84","population":4339,"surface_km2":38.36,"lat":44.9125,"lon":2.3575},{"code_insee":"15268","nom":"Le Rouget-Pers","codes_postaux":["15290"],"code_dep":"15","code_region":"84","population":1297,"surface_km2":25.95,"lat":44.884,"lon":2.2351},{"code_insee":"15269","nom":"Besse","codes_postaux":["15140"],"code_dep":"15","code_region":"84","population":136,"surface_km2":3.78,"lat":45.1021,"lon":2.3541}]