[{"code_insee":"16001","nom":"Abzac","codes_postaux":["16500"],"code_dep":"16","code_region":"75","population":518,"surface_km2":33.49,"lat":46.0999,"lon":0.7174,"fibre_pct":99.0},{"code_insee":"16002","nom":"Les Adjots","codes_postaux":["16700"],"code_dep":"16","code_region":"75","population":538,"surface_km2":11.3,"lat":46.0781,"lon":0.2028,"fibre_pct":100.0},{"code_insee":"16003","nom":"Agris","codes_postaux":["16110"],"code_dep":"16","code_region":"75","population":891,"surface_km2":18.7,"lat":45.7753,"lon":0.3305,"fibre_pct":100.0},{"code_insee":"16005","nom":"Aigre","codes_postaux":["16140"],"code_dep":"16","code_region":"75","population":1594,"surface_km2":23.8,"lat":45.8996,"lon":0.0252,"fibre_pct":100.0},{"code_insee":"16007","nom":"Alloue","codes_postaux":["16490"],"code_dep":"16","code_region":"75","population":491,"surface_km2":46.66,"lat":46.0248,"lon":0.5297,"fibre_pct":96.1},{"code_insee":"16008","nom":"Ambérac","codes_postaux":["16140"],"code_dep":"16","code_region":"75","population":315,"surface_km2":12.12,"lat":45.8581,"lon":0.0626,"fibre_pct":100.0},{"code_insee":"16009","nom":"Ambernac","codes_postaux":["16490"],"code_dep":"16","code_region":"75","population":381,"surface_km2":29.91,"lat":45.978,"lon":0.5516,"fibre_pct":100.0},{"code_insee":"16011","nom":"Anais","codes_postaux":["16560"],"code_dep":"16","code_region":"75","population":587,"surface_km2":9.89,"lat":45.7697,"lon":0.2046,"fibre_pct":100.0},{"code_insee":"16012","nom":"Angeac-Champagne","codes_postaux":["16130"],"code_dep":"16","code_region":"75","population":495,"surface_km2":14.36,"lat":45.6131,"lon":-0.2877,"fibre_pct":100.0},{"code_insee":"16013","nom":"Angeac-Charente","codes_postaux":["16120"],"code_dep":"16","code_region":"75","population":287,"surface_km2":10.85,"lat":45.6247,"lon":-0.0833,"fibre_pct":100.0},{"code_insee":"16014","nom":"Angeduc","codes_postaux":["16300"],"code_dep":"16","code_region":"75","population":145,"surface_km2":3.58,"lat":45.4787,"lon":-0.0552,"fibre_pct":100.0},{"code_insee":"16015","nom":"Angoulême","codes_postaux":["16000"],"code_dep":"16","code_region":"75","population":41908,"surface_km2":21.74,"lat":45.6458,"lon":0.145,"fibre_pct":92.7},{"code_insee":"16016","nom":"Ansac-sur-Vienne","codes_postaux":["16500"],"code_dep":"16","code_region":"75","population":815,"surface_km2":30.95,"lat":45.9934,"lon":0.626,"fibre_pct":97.9},{"code_insee":"16018","nom":"Ars","codes_postaux":["16130"],"code_dep":"16","code_region":"75","population":686,"surface_km2":11.72,"lat":45.6363,"lon":-0.403,"fibre_pct":100.0},{"code_insee":"16019","nom":"Asnières-sur-Nouère","codes_postaux":["16290"],"code_dep":"16","code_region":"75","population":1272,"surface_km2":21.46,"lat":45.7069,"lon":0.0477,"fibre_pct":94.7},{"code_insee":"16020","nom":"Aubeterre-sur-Dronne","codes_postaux":["16390"],"code_dep":"16","code_region":"75","population":312,"surface_km2":2.39,"lat":45.2635,"lon":0.1664,"fibre_pct":100.0},{"code_insee":"16023","nom":"Aunac-sur-Charente","codes_postaux":["16460"],"code_dep":"16","code_region":"75","population":647,"surface_km2":17.11,"lat":45.9253,"lon":0.2352,"fibre_pct":100.0},{"code_insee":"16024","nom":"Aussac-Vadalle","codes_postaux":["16560"],"code_dep":"16","code_region":"75","population":564,"surface_km2":17.58,"lat":45.8258,"lon":0.2147,"fibre_pct":96.1},{"code_insee":"16025","nom":"Baignes-Sainte-Radegonde","codes_postaux":["16360"],"code_dep":"16","code_region":"75","population":1254,"surface_km2":31.31,"lat":45.3757,"lon":-0.2583,"fibre_pct":99.9},{"code_insee":"16026","nom":"Balzac","codes_postaux":["16430"],"code_dep":"16","code_region":"75","population":1410,"surface_km2":9.74,"lat":45.7167,"lon":0.1321,"fibre_pct":100.0},{"code_insee":"16027","nom":"Barbezières","codes_postaux":["16140"],"code_dep":"16","code_region":"75","population":134,"surface_km2":9.4,"lat":45.9121,"lon":-0.0893,"fibre_pct":100.0},{"code_insee":"16028","nom":"Barbezieux-Saint-Hilaire","codes_postaux":["16300"],"code_dep":"16","code_region":"75","population":4726,"surface_km2":26.6,"lat":45.4811,"lon":-0.1554,"fibre_pct":96.8},{"code_insee":"16029","nom":"Bardenac","codes_postaux":["16210"],"code_dep":"16","code_region":"75","population":214,"surface_km2":8.02,"lat":45.3031,"lon":-0.0181,"fibre_pct":100.0},{"code_insee":"16030","nom":"Barret","codes_postaux":["16300"],"code_dep":"16","code_region":"75","population":1080,"surface_km2":22.37,"lat":45.4897,"lon":-0.2043,"fibre_pct":99.9},{"code_insee":"16031","nom":"Barro","codes_postaux":["16700"],"code_dep":"16","code_region":"75","population":413,"surface_km2":10.67,"lat":46.0069,"lon":0.2348,"fibre_pct":100.0},{"code_insee":"16032","nom":"Bassac","codes_postaux":["16120"],"code_dep":"16","code_region":"75","population":529,"surface_km2":7.69,"lat":45.6661,"lon":-0.101,"fibre_pct":100.0},{"code_insee":"16034","nom":"Bazac","codes_postaux":["16210"],"code_dep":"16","code_region":"75","population":150,"surface_km2":4.92,"lat":45.2244,"lon":0.0342,"fibre_pct":98.9},{"code_insee":"16035","nom":"Beaulieu-sur-Sonnette","codes_postaux":["16450"],"code_dep":"16","code_region":"75","population":235,"surface_km2":10.24,"lat":45.9287,"lon":0.3671,"fibre_pct":99.1},{"code_insee":"16036","nom":"Bécheresse","codes_postaux":["16250"],"code_dep":"16","code_region":"75","population":290,"surface_km2":8.38,"lat":45.5019,"lon":0.0786,"fibre_pct":100.0},{"code_insee":"16037","nom":"Bellon","codes_postaux":["16210"],"code_dep":"16","code_region":"75","population":145,"surface_km2":9.16,"lat":45.3114,"lon":0.1156,"fibre_pct":100.0},{"code_insee":"16038","nom":"Benest","codes_postaux":["16350"],"code_dep":"16","code_region":"75","population":307,"surface_km2":21.09,"lat":46.042,"lon":0.451,"fibre_pct":100.0},{"code_insee":"16039","nom":"Bernac","codes_postaux":["16700"],"code_dep":"16","code_region":"75","population":465,"surface_km2":8.56,"lat":46.0543,"lon":0.1689,"fibre_pct":100.0},{"code_insee":"16040","nom":"Berneuil","codes_postaux":["16480"],"code_dep":"16","code_region":"75","population":325,"surface_km2":16.51,"lat":45.3903,"lon":-0.0714,"fibre_pct":100.0},{"code_insee":"16041","nom":"Bessac","codes_postaux":["16250"],"code_dep":"16","code_region":"75","population":122,"surface_km2":10.55,"lat":45.4306,"lon":-0.0118,"fibre_pct":100.0},{"code_insee":"16042","nom":"Bessé","codes_postaux":["16140"],"code_dep":"16","code_region":"75","population":120,"surface_km2":7.72,"lat":45.9572,"lon":0.0805,"fibre_pct":95.1},{"code_insee":"16044","nom":"Bioussac","codes_postaux":["16700"],"code_dep":"16","code_region":"75","population":206,"surface_km2":15.86,"lat":46.0296,"lon":0.2671,"fibre_pct":100.0},{"code_insee":"16045","nom":"Birac","codes_postaux":["16120"],"code_dep":"16","code_region":"75","population":374,"surface_km2":11.88,"lat":45.5628,"lon":-0.0559,"fibre_pct":99.9},{"code_insee":"16046","nom":"Coteaux-du-Blanzacais","codes_postaux":["16250"],"code_dep":"16","code_region":"75","population":1013,"surface_km2":23.94,"lat":45.4586,"lon":0.0214,"fibre_pct":98.4},{"code_insee":"16047","nom":"Blanzaguet-Saint-Cybard","codes_postaux":["16320"],"code_dep":"16","code_region":"75","population":270,"surface_km2":11.95,"lat":45.4717,"lon":0.3099,"fibre_pct":100.0},{"code_insee":"16048","nom":"Boisbreteau","codes_postaux":["16480"],"code_dep":"16","code_region":"75","population":136,"surface_km2":15.25,"lat":45.3266,"lon":-0.1562,"fibre_pct":100.0},{"code_insee":"16049","nom":"Bonnes","codes_postaux":["16390"],"code_dep":"16","code_region":"75","population":364,"surface_km2":14.75,"lat":45.2356,"lon":0.145,"fibre_pct":100.0},{"code_insee":"16050","nom":"Bonneuil","codes_postaux":["16120"],"code_dep":"16","code_region":"75","population":247,"surface_km2":13.64,"lat":45.5766,"lon":-0.1329,"fibre_pct":100.0},{"code_insee":"16052","nom":"Bors (Canton de Tude-et-Lavalette)","codes_postaux":["16190"],"code_dep":"16","code_region":"75","population":223,"surface_km2":16.17,"lat":45.3421,"lon":0.1476,"fibre_pct":100.0},{"code_insee":"16053","nom":"Bors (Canton de Charente-Sud)","codes_postaux":["16360"],"code_dep":"16","code_region":"75","population":119,"surface_km2":12.3,"lat":45.3265,"lon":-0.2004,"fibre_pct":100.0},{"code_insee":"16054","nom":"Le Bouchage","codes_postaux":["16350"],"code_dep":"16","code_region":"75","population":175,"surface_km2":16.48,"lat":46.0477,"lon":0.3766,"fibre_pct":99.3},{"code_insee":"16055","nom":"Bouëx","codes_postaux":["16410"],"code_dep":"16","code_region":"75","population":825,"surface_km2":15.74,"lat":45.6279,"lon":0.3208,"fibre_pct":33.1},{"code_insee":"16056","nom":"Bourg-Charente","codes_postaux":["16200"],"code_dep":"16","code_region":"75","population":887,"surface_km2":11.98,"lat":45.6644,"lon":-0.2243,"fibre_pct":99.0},{"code_insee":"16057","nom":"Bouteville","codes_postaux":["16120"],"code_dep":"16","code_region":"75","population":313,"surface_km2":12.13,"lat":45.6105,"lon":-0.1242,"fibre_pct":100.0},{"code_insee":"16058","nom":"Boutiers-Saint-Trojan","codes_postaux":["16100"],"code_dep":"16","code_region":"75","population":1387,"surface_km2":7.12,"lat":45.714,"lon":-0.2956,"fibre_pct":100.0},{"code_insee":"16059","nom":"Brettes","codes_postaux":["16240"],"code_dep":"16","code_region":"75","population":162,"surface_km2":12.41,"lat":45.9975,"lon":0.026,"fibre_pct":100.0},{"code_insee":"16060","nom":"Bréville","codes_postaux":["16370"],"code_dep":"16","code_region":"75","population":436,"surface_km2":15.66,"lat":45.7848,"lon":-0.2744,"fibre_pct":97.2},{"code_insee":"16061","nom":"Brie","codes_postaux":["16590"],"code_dep":"16","code_region":"75","population":4125,"surface_km2":34.22,"lat":45.7329,"lon":0.2623,"fibre_pct":97.3},{"code_insee":"16062","nom":"Brie-sous-Barbezieux","codes_postaux":["16300"],"code_dep":"16","code_region":"75","population":109,"surface_km2":6.48,"lat":45.4242,"lon":-0.0418,"fibre_pct":100.0},{"code_insee":"16063","nom":"Brie-sous-Chalais","codes_postaux":["16210"],"code_dep":"16","code_region":"75","population":157,"surface_km2":10.4,"lat":45.3206,"lon":0.0093,"fibre_pct":99.3},{"code_insee":"16064","nom":"Brigueuil","codes_postaux":["16420"],"code_dep":"16","code_region":"75","population":1095,"surface_km2":46.93,"lat":45.9503,"lon":0.8769,"fibre_pct":99.3},{"code_insee":"16065","nom":"Brillac","codes_postaux":["16500"],"code_dep":"16","code_region":"75","population":591,"surface_km2":42.46,"lat":46.0708,"lon":0.7651,"fibre_pct":84.5},{"code_insee":"16066","nom":"Brossac","codes_postaux":["16480"],"code_dep":"16","code_region":"75","population":482,"surface_km2":21.91,"lat":45.3269,"lon":-0.0507,"fibre_pct":96.0},{"code_insee":"16067","nom":"Bunzac","codes_postaux":["16110"],"code_dep":"16","code_region":"75","population":447,"surface_km2":13.44,"lat":45.6989,"lon":0.3444,"fibre_pct":100.0},{"code_insee":"16068","nom":"Cellefrouin","codes_postaux":["16260"],"code_dep":"16","code_region":"75","population":598,"surface_km2":40.05,"lat":45.8851,"lon":0.3866,"fibre_pct":99.8},{"code_insee":"16069","nom":"Cellettes","codes_postaux":["16230"],"code_dep":"16","code_region":"75","population":393,"surface_km2":9.4,"lat":45.8641,"lon":0.1447,"fibre_pct":100.0},{"code_insee":"16070","nom":"Chabanais","codes_postaux":["16150"],"code_dep":"16","code_region":"75","population":1589,"surface_km2":14.97,"lat":45.8656,"lon":0.7076,"fibre_pct":98.4},{"code_insee":"16071","nom":"Chabrac","codes_postaux":["16150"],"code_dep":"16","code_region":"75","population":603,"surface_km2":22.55,"lat":45.9236,"lon":0.7462,"fibre_pct":97.8},{"code_insee":"16072","nom":"Chadurie","codes_postaux":["16250"],"code_dep":"16","code_region":"75","population":505,"surface_km2":16.52,"lat":45.4924,"lon":0.1454,"fibre_pct":99.3},{"code_insee":"16073","nom":"Chalais","codes_postaux":["16210"],"code_dep":"16","code_region":"75","population":1812,"surface_km2":17.67,"lat":45.2746,"lon":0.0372,"fibre_pct":99.3},{"code_insee":"16074","nom":"Challignac","codes_postaux":["16300"],"code_dep":"16","code_region":"75","population":335,"surface_km2":13.2,"lat":45.4263,"lon":-0.0811,"fibre_pct":100.0},{"code_insee":"16075","nom":"Champagne-Vigny","codes_postaux":["16250"],"code_dep":"16","code_region":"75","population":234,"surface_km2":8.39,"lat":45.5097,"lon":0.0423,"fibre_pct":97.7},{"code_insee":"16076","nom":"Champagne-Mouton","codes_postaux":["16350"],"code_dep":"16","code_region":"75","population":873,"surface_km2":22.7,"lat":46.0003,"lon":0.4135,"fibre_pct":100.0},{"code_insee":"16077","nom":"Champmillon","codes_postaux":["16290"],"code_dep":"16","code_region":"75","population":534,"surface_km2":9.57,"lat":45.6464,"lon":0.0075,"fibre_pct":98.5},{"code_insee":"16078","nom":"Champniers","codes_postaux":["16430"],"code_dep":"16","code_region":"75","population":5281,"surface_km2":45.3,"lat":45.7167,"lon":0.2059,"fibre_pct":97.2},{"code_insee":"16079","nom":"Chantillac","codes_postaux":["16360"],"code_dep":"16","code_region":"75","population":370,"surface_km2":17.97,"lat":45.3235,"lon":-0.2526,"fibre_pct":100.0},{"code_insee":"16081","nom":"La Chapelle","codes_postaux":["16140"],"code_dep":"16","code_region":"75","population":175,"surface_km2":7.74,"lat":45.8295,"lon":0.0534,"fibre_pct":100.0},{"code_insee":"16082","nom":"Boisné-La Tude","codes_postaux":["16320"],"code_dep":"16","code_region":"75","population":662,"surface_km2":34.5,"lat":45.4697,"lon":0.1976,"fibre_pct":100.0},{"code_insee":"16083","nom":"Charmé","codes_postaux":["16140"],"code_dep":"16","code_region":"75","population":336,"surface_km2":11.47,"lat":45.9508,"lon":0.1205,"fibre_pct":100.0},{"code_insee":"16084","nom":"Charras","codes_postaux":["16380"],"code_dep":"16","code_region":"75","population":346,"surface_km2":15.28,"lat":45.5449,"lon":0.4265,"fibre_pct":100.0},{"code_insee":"16085","nom":"Chasseneuil-sur-Bonnieure","codes_postaux":["16260"],"code_dep":"16","code_region":"75","population":3111,"surface_km2":33.23,"lat":45.8242,"lon":0.4453,"fibre_pct":98.6},{"code_insee":"16086","nom":"Chassenon","codes_postaux":["16150"],"code_dep":"16","code_region":"75","population":836,"surface_km2":23.6,"lat":45.8489,"lon":0.7721,"fibre_pct":100.0},{"code_insee":"16087","nom":"Chassiecq","codes_postaux":["16350"],"code_dep":"16","code_region":"75","population":147,"surface_km2":13.13,"lat":45.9518,"lon":0.3695,"fibre_pct":96.5},{"code_insee":"16088","nom":"Chassors","codes_postaux":["16200"],"code_dep":"16","code_region":"75","population":1123,"surface_km2":13.4,"lat":45.7095,"lon":-0.208,"fibre_pct":100.0},{"code_insee":"16089","nom":"Châteaubernard","codes_postaux":["16100"],"code_dep":"16","code_region":"75","population":3878,"surface_km2":13.42,"lat":45.6753,"lon":-0.3168,"fibre_pct":98.9},{"code_insee":"16090","nom":"Châteauneuf-sur-Charente","codes_postaux":["16120"],"code_dep":"16","code_region":"75","population":3550,"surface_km2":24.07,"lat":45.5968,"lon":-0.0559,"fibre_pct":100.0},{"code_insee":"16091","nom":"Châtignac","codes_postaux":["16480"],"code_dep":"16","code_region":"75","population":163,"surface_km2":9.78,"lat":45.3489,"lon":-0.0034,"fibre_pct":99.1},{"code_insee":"16093","nom":"Chazelles","codes_postaux":["16380"],"code_dep":"16","code_region":"75","population":1543,"surface_km2":25.95,"lat":45.6459,"lon":0.3572,"fibre_pct":100.0},{"code_insee":"16095","nom":"Chenon","codes_postaux":["16460"],"code_dep":"16","code_region":"75","population":124,"surface_km2":10.49,"lat":45.9457,"lon":0.2246,"fibre_pct":100.0},{"code_insee":"16096","nom":"Cherves-Châtelars","codes_postaux":["16310"],"code_dep":"16","code_region":"75","population":414,"surface_km2":30.71,"lat":45.8073,"lon":0.5502,"fibre_pct":97.7},{"code_insee":"16097","nom":"Val-de-Cognac","codes_postaux":["16370"],"code_dep":"16","code_region":"75","population":3471,"surface_km2":60.97,"lat":45.748,"lon":-0.374,"fibre_pct":100.0},{"code_insee":"16098","nom":"La Chèvrerie","codes_postaux":["16240"],"code_dep":"16","code_region":"75","population":136,"surface_km2":4.69,"lat":46.0444,"lon":0.134,"fibre_pct":100.0},{"code_insee":"16099","nom":"Chillac","codes_postaux":["16480"],"code_dep":"16","code_region":"75","population":227,"surface_km2":14.76,"lat":45.3573,"lon":-0.0845,"fibre_pct":99.4},{"code_insee":"16100","nom":"Chirac","codes_postaux":["16150"],"code_dep":"16","code_region":"75","population":781,"surface_km2":34.49,"lat":45.9154,"lon":0.6875,"fibre_pct":100.0},{"code_insee":"16101","nom":"Claix","codes_postaux":["16440"],"code_dep":"16","code_region":"75","population":1049,"surface_km2":14.89,"lat":45.5513,"lon":0.0536,"fibre_pct":98.5},{"code_insee":"16102","nom":"Cognac","codes_postaux":["16100"],"code_dep":"16","code_region":"75","population":18532,"surface_km2":14.91,"lat":45.696,"lon":-0.3376,"fibre_pct":98.5},{"code_insee":"16103","nom":"Combiers","codes_postaux":["16320"],"code_dep":"16","code_region":"75","population":128,"surface_km2":24.09,"lat":45.5124,"lon":0.4135,"fibre_pct":100.0},{"code_insee":"16104","nom":"Condac","codes_postaux":["16700"],"code_dep":"16","code_region":"75","population":456,"surface_km2":9.59,"lat":46.0303,"lon":0.232,"fibre_pct":93.2},{"code_insee":"16105","nom":"Condéon","codes_postaux":["16360"],"code_dep":"16","code_region":"75","population":606,"surface_km2":31.14,"lat":45.4034,"lon":-0.138,"fibre_pct":100.0},{"code_insee":"16106","nom":"Confolens","codes_postaux":["16500"],"code_dep":"16","code_region":"75","population":2730,"surface_km2":23.64,"lat":46.0245,"lon":0.6639,"fibre_pct":96.5},{"code_insee":"16107","nom":"Coulgens","codes_postaux":["16560"],"code_dep":"16","code_region":"75","population":558,"surface_km2":11.81,"lat":45.8134,"lon":0.2737,"fibre_pct":98.7},{"code_insee":"16108","nom":"Coulonges","codes_postaux":["16330"],"code_dep":"16","code_region":"75","population":116,"surface_km2":3.0,"lat":45.8367,"lon":0.0885,"fibre_pct":100.0},{"code_insee":"16109","nom":"Courbillac","codes_postaux":["16200"],"code_dep":"16","code_region":"75","population":725,"surface_km2":11.92,"lat":45.7737,"lon":-0.1883,"fibre_pct":100.0},{"code_insee":"16110","nom":"Courcôme","codes_postaux":["16240","16700"],"code_dep":"16","code_region":"75","population":814,"surface_km2":29.95,"lat":45.9862,"lon":0.1432,"fibre_pct":100.0},{"code_insee":"16111","nom":"Courgeac","codes_postaux":["16190"],"code_dep":"16","code_region":"75","population":167,"surface_km2":18.55,"lat":45.3939,"lon":0.0793,"fibre_pct":100.0},{"code_insee":"16112","nom":"Courlac","codes_postaux":["16210"],"code_dep":"16","code_region":"75","population":59,"surface_km2":6.61,"lat":45.3005,"lon":0.0852,"fibre_pct":100.0},{"code_insee":"16113","nom":"La Couronne","codes_postaux":["16400"],"code_dep":"16","code_region":"75","population":7765,"surface_km2":28.73,"lat":45.6095,"lon":0.108,"fibre_pct":89.9},{"code_insee":"16114","nom":"Couture","codes_postaux":["16460"],"code_dep":"16","code_region":"75","population":169,"surface_km2":10.49,"lat":45.9296,"lon":0.2886,"fibre_pct":100.0},{"code_insee":"16116","nom":"Criteuil-la-Magdeleine","codes_postaux":["16300"],"code_dep":"16","code_region":"75","population":405,"surface_km2":15.22,"lat":45.5357,"lon":-0.215,"fibre_pct":100.0},{"code_insee":"16117","nom":"Curac","codes_postaux":["16210"],"code_dep":"16","code_region":"75","population":113,"surface_km2":4.94,"lat":45.295,"lon":0.0234,"fibre_pct":92.7},{"code_insee":"16118","nom":"Deviat","codes_postaux":["16190"],"code_dep":"16","code_region":"75","population":135,"surface_km2":8.43,"lat":45.4112,"lon":0.0174,"fibre_pct":100.0},{"code_insee":"16119","nom":"Dignac","codes_postaux":["16410"],"code_dep":"16","code_region":"75","population":1362,"surface_km2":27.66,"lat":45.5549,"lon":0.2874,"fibre_pct":98.3},{"code_insee":"16120","nom":"Dirac","codes_postaux":["16410"],"code_dep":"16","code_region":"75","population":1516,"surface_km2":29.53,"lat":45.6013,"lon":0.241,"fibre_pct":82.9},{"code_insee":"16121","nom":"Douzat","codes_postaux":["16290"],"code_dep":"16","code_region":"75","population":438,"surface_km2":11.52,"lat":45.7038,"lon":-0.0018,"fibre_pct":100.0},{"code_insee":"16122","nom":"Ébréon","codes_postaux":["16140"],"code_dep":"16","code_region":"75","population":139,"surface_km2":10.15,"lat":45.9453,"lon":0.0293,"fibre_pct":100.0},{"code_insee":"16123","nom":"Échallat","codes_postaux":["16170"],"code_dep":"16","code_region":"75","population":480,"surface_km2":15.28,"lat":45.7182,"lon":-0.0455,"fibre_pct":98.2},{"code_insee":"16124","nom":"Écuras","codes_postaux":["16220"],"code_dep":"16","code_region":"75","population":579,"surface_km2":24.29,"lat":45.6833,"lon":0.5661,"fibre_pct":100.0},{"code_insee":"16125","nom":"Édon","codes_postaux":["16320"],"code_dep":"16","code_region":"75","population":272,"surface_km2":16.61,"lat":45.4879,"lon":0.3526,"fibre_pct":100.0},{"code_insee":"16127","nom":"Empuré","codes_postaux":["16240"],"code_dep":"16","code_region":"75","population":100,"surface_km2":8.49,"lat":46.0252,"lon":0.0507,"fibre_pct":98.7},{"code_insee":"16128","nom":"Épenède","codes_postaux":["16490"],"code_dep":"16","code_region":"75","population":206,"surface_km2":15.75,"lat":46.0669,"lon":0.5374,"fibre_pct":100.0},{"code_insee":"16130","nom":"Les Essards","codes_postaux":["16210"],"code_dep":"16","code_region":"75","population":175,"surface_km2":9.06,"lat":45.2368,"lon":0.1099,"fibre_pct":100.0},{"code_insee":"16131","nom":"Esse","codes_postaux":["16500"],"code_dep":"16","code_region":"75","population":518,"surface_km2":30.18,"lat":46.0243,"lon":0.7221,"fibre_pct":100.0},{"code_insee":"16132","nom":"Étagnac","codes_postaux":["16150"],"code_dep":"16","code_region":"75","population":982,"surface_km2":29.45,"lat":45.8927,"lon":0.7833,"fibre_pct":100.0},{"code_insee":"16133","nom":"Étriac","codes_postaux":["16250"],"code_dep":"16","code_region":"75","population":206,"surface_km2":9.58,"lat":45.5281,"lon":-0.0081,"fibre_pct":99.8},{"code_insee":"16134","nom":"Exideuil-sur-Vienne","codes_postaux":["16150"],"code_dep":"16","code_region":"75","population":1035,"surface_km2":20.6,"lat":45.8786,"lon":0.6656,"fibre_pct":100.0},{"code_insee":"16135","nom":"Eymouthiers","codes_postaux":["16220"],"code_dep":"16","code_region":"75","population":315,"surface_km2":8.73,"lat":45.6459,"lon":0.5478,"fibre_pct":100.0},{"code_insee":"16136","nom":"La Faye","codes_postaux":["16700"],"code_dep":"16","code_region":"75","population":617,"surface_km2":13.62,"lat":46.0198,"lon":0.1601,"fibre_pct":100.0},{"code_insee":"16137","nom":"Feuillade","codes_postaux":["16380"],"code_dep":"16","code_region":"75","population":283,"surface_km2":22.0,"lat":45.5919,"lon":0.4638,"fibre_pct":94.4},{"code_insee":"16138","nom":"Fléac","codes_postaux":["16730"],"code_dep":"16","code_region":"75","population":3861,"surface_km2":12.59,"lat":45.6756,"lon":0.0864,"fibre_pct":97.9},{"code_insee":"16139","nom":"Fleurac","codes_postaux":["16200"],"code_dep":"16","code_region":"75","population":201,"surface_km2":2.17,"lat":45.718,"lon":-0.0838,"fibre_pct":99.2},{"code_insee":"16141","nom":"Fontenille","codes_postaux":["16230"],"code_dep":"16","code_region":"75","population":353,"surface_km2":9.5,"lat":45.9115,"lon":0.171,"fibre_pct":99.5},{"code_insee":"16142","nom":"La Forêt-de-Tessé","codes_postaux":["16240"],"code_dep":"16","code_region":"75","population":206,"surface_km2":10.93,"lat":46.0755,"lon":0.0773,"fibre_pct":95.6},{"code_insee":"16143","nom":"Fouquebrune","codes_postaux":["16410"],"code_dep":"16","code_region":"75","population":714,"surface_km2":27.91,"lat":45.5238,"lon":0.1993,"fibre_pct":100.0},{"code_insee":"16144","nom":"Fouqueure","codes_postaux":["16140"],"code_dep":"16","code_region":"75","population":429,"surface_km2":16.52,"lat":45.887,"lon":0.0709,"fibre_pct":99.2},{"code_insee":"16145","nom":"Foussignac","codes_postaux":["16200"],"code_dep":"16","code_region":"75","population":661,"surface_km2":15.18,"lat":45.7145,"lon":-0.1268,"fibre_pct":100.0},{"code_insee":"16146","nom":"Garat","codes_postaux":["16410"],"code_dep":"16","code_region":"75","population":2105,"surface_km2":19.41,"lat":45.6221,"lon":0.2605,"fibre_pct":94.9},{"code_insee":"16148","nom":"Genac-Bignac","codes_postaux":["16170"],"code_dep":"16","code_region":"75","population":974,"surface_km2":33.7,"lat":45.7986,"lon":0.0297,"fibre_pct":99.8},{"code_insee":"16150","nom":"Gensac-la-Pallue","codes_postaux":["16130"],"code_dep":"16","code_region":"75","population":1627,"surface_km2":19.13,"lat":45.6587,"lon":-0.2637,"fibre_pct":99.9},{"code_insee":"16151","nom":"Genté","codes_postaux":["16130"],"code_dep":"16","code_region":"75","population":924,"surface_km2":11.6,"lat":45.6369,"lon":-0.3051,"fibre_pct":100.0},{"code_insee":"16152","nom":"Gimeux","codes_postaux":["16130"],"code_dep":"16","code_region":"75","population":742,"surface_km2":7.47,"lat":45.6383,"lon":-0.367,"fibre_pct":100.0},{"code_insee":"16153","nom":"Mainxe-Gondeville","codes_postaux":["16200"],"code_dep":"16","code_region":"75","population":1195,"surface_km2":15.6,"lat":45.658,"lon":-0.1674,"fibre_pct":100.0},{"code_insee":"16154","nom":"Gond-Pontouvre","codes_postaux":["16160"],"code_dep":"16","code_region":"75","population":5862,"surface_km2":7.45,"lat":45.6795,"lon":0.1664,"fibre_pct":93.9},{"code_insee":"16155","nom":"Les Gours","codes_postaux":["16140"],"code_dep":"16","code_region":"75","population":91,"surface_km2":11.44,"lat":45.9585,"lon":-0.0662,"fibre_pct":99.6},{"code_insee":"16157","nom":"Le Grand-Madieu","codes_postaux":["16450"],"code_dep":"16","code_region":"75","population":153,"surface_km2":8.36,"lat":45.9396,"lon":0.4483,"fibre_pct":100.0},{"code_insee":"16158","nom":"Grassac","codes_postaux":["16380"],"code_dep":"16","code_region":"75","population":308,"surface_km2":28.35,"lat":45.5832,"lon":0.393,"fibre_pct":100.0},{"code_insee":"16160","nom":"Guimps","codes_postaux":["16300"],"code_dep":"16","code_region":"75","population":497,"surface_km2":12.66,"lat":45.468,"lon":-0.2568,"fibre_pct":100.0},{"code_insee":"16161","nom":"Guizengeard","codes_postaux":["16480"],"code_dep":"16","code_region":"75","population":166,"surface_km2":14.83,"lat":45.3106,"lon":-0.1237,"fibre_pct":95.5},{"code_insee":"16162","nom":"Gurat","codes_postaux":["16320"],"code_dep":"16","code_region":"75","population":186,"surface_km2":15.99,"lat":45.4389,"lon":0.2569,"fibre_pct":100.0},{"code_insee":"16163","nom":"Hiersac","codes_postaux":["16290"],"code_dep":"16","code_region":"75","population":1142,"surface_km2":7.45,"lat":45.6744,"lon":0.0085,"fibre_pct":100.0},{"code_insee":"16164","nom":"Hiesse","codes_postaux":["16490"],"code_dep":"16","code_region":"75","population":238,"surface_km2":24.88,"lat":46.0494,"lon":0.5814,"fibre_pct":100.0},{"code_insee":"16165","nom":"Houlette","codes_postaux":["16200"],"code_dep":"16","code_region":"75","population":398,"surface_km2":7.24,"lat":45.7558,"lon":-0.2075,"fibre_pct":99.5},{"code_insee":"16166","nom":"L'Isle-d'Espagnac","codes_postaux":["16340"],"code_dep":"16","code_region":"75","population":5682,"surface_km2":6.08,"lat":45.6623,"lon":0.199,"fibre_pct":93.3},{"code_insee":"16167","nom":"Jarnac","codes_postaux":["16200"],"code_dep":"16","code_region":"75","population":4486,"surface_km2":11.95,"lat":45.6877,"lon":-0.1694,"fibre_pct":99.8},{"code_insee":"16168","nom":"Jauldes","codes_postaux":["16560"],"code_dep":"16","code_region":"75","population":847,"surface_km2":25.73,"lat":45.78,"lon":0.2527,"fibre_pct":100.0},{"code_insee":"16169","nom":"Javrezac","codes_postaux":["16100"],"code_dep":"16","code_region":"75","population":583,"surface_km2":3.65,"lat":45.6999,"lon":-0.3618,"fibre_pct":100.0},{"code_insee":"16170","nom":"Juignac","codes_postaux":["16190"],"code_dep":"16","code_region":"75","population":388,"surface_km2":24.24,"lat":45.368,"lon":0.1599,"fibre_pct":100.0},{"code_insee":"16171","nom":"Juillac-le-Coq","codes_postaux":["16130"],"code_dep":"16","code_region":"75","population":653,"surface_km2":14.59,"lat":45.589,"lon":-0.2532,"fibre_pct":100.0},{"code_insee":"16173","nom":"Juillé","codes_postaux":["16230"],"code_dep":"16","code_region":"75","population":173,"surface_km2":8.67,"lat":45.9267,"lon":0.1432,"fibre_pct":100.0},{"code_insee":"16174","nom":"Julienne","codes_postaux":["16200"],"code_dep":"16","code_region":"75","population":560,"surface_km2":6.38,"lat":45.6923,"lon":-0.2308,"fibre_pct":100.0},{"code_insee":"16175","nom":"Val des Vignes","codes_postaux":["16250"],"code_dep":"16","code_region":"75","population":1352,"surface_km2":50.98,"lat":45.5065,"lon":-0.0142,"fibre_pct":100.0},{"code_insee":"16176","nom":"Lachaise","codes_postaux":["16300"],"code_dep":"16","code_region":"75","population":318,"surface_km2":9.5,"lat":45.5144,"lon":-0.2413,"fibre_pct":100.0},{"code_insee":"16177","nom":"Ladiville","codes_postaux":["16120"],"code_dep":"16","code_region":"75","population":135,"surface_km2":7.22,"lat":45.5112,"lon":-0.0628,"fibre_pct":100.0},{"code_insee":"16178","nom":"Lagarde-sur-le-Né","codes_postaux":["16300"],"code_dep":"16","code_region":"75","population":189,"surface_km2":4.14,"lat":45.5144,"lon":-0.2048,"fibre_pct":100.0},{"code_insee":"16180","nom":"Laprade","codes_postaux":["16390"],"code_dep":"16","code_region":"75","population":248,"surface_km2":10.37,"lat":45.2792,"lon":0.1866,"fibre_pct":99.0},{"code_insee":"16181","nom":"Lessac","codes_postaux":["16500"],"code_dep":"16","code_region":"75","population":549,"surface_km2":34.38,"lat":46.0701,"lon":0.648,"fibre_pct":99.2},{"code_insee":"16182","nom":"Lesterps","codes_postaux":["16420"],"code_dep":"16","code_region":"75","population":439,"surface_km2":35.99,"lat":46.0132,"lon":0.7915,"fibre_pct":100.0},{"code_insee":"16183","nom":"Lésignac-Durand","codes_postaux":["16310"],"code_dep":"16","code_region":"75","population":167,"surface_km2":19.9,"lat":45.8159,"lon":0.6427,"fibre_pct":98.6},{"code_insee":"16184","nom":"Lichères","codes_postaux":["16460"],"code_dep":"16","code_region":"75","population":99,"surface_km2":4.91,"lat":45.906,"lon":0.2195,"fibre_pct":100.0},{"code_insee":"16185","nom":"Ligné","codes_postaux":["16140"],"code_dep":"16","code_region":"75","population":144,"surface_km2":8.0,"lat":45.9157,"lon":0.1041,"fibre_pct":100.0},{"code_insee":"16186","nom":"Lignières-Ambleville","codes_postaux":["16130","16300"],"code_dep":"16","code_region":"75","population":690,"surface_km2":21.5,"lat":45.5652,"lon":-0.1963,"fibre_pct":98.1},{"code_insee":"16187","nom":"Linars","codes_postaux":["16730"],"code_dep":"16","code_region":"75","population":2115,"surface_km2":6.02,"lat":45.6561,"lon":0.0744,"fibre_pct":99.1},{"code_insee":"16188","nom":"Le Lindois","codes_postaux":["16310"],"code_dep":"16","code_region":"75","population":339,"surface_km2":18.04,"lat":45.754,"lon":0.5936,"fibre_pct":99.3},{"code_insee":"16189","nom":"Londigny","codes_postaux":["16700"],"code_dep":"16","code_region":"75","population":237,"surface_km2":9.79,"lat":46.0854,"lon":0.1434,"fibre_pct":100.0},{"code_insee":"16190","nom":"Longré","codes_postaux":["16240"],"code_dep":"16","code_region":"75","population":193,"surface_km2":14.8,"lat":45.9946,"lon":-0.0248,"fibre_pct":100.0},{"code_insee":"16191","nom":"Lonnes","codes_postaux":["16230"],"code_dep":"16","code_region":"75","population":185,"surface_km2":7.52,"lat":45.9394,"lon":0.1775,"fibre_pct":100.0},{"code_insee":"16192","nom":"Terres-de-Haute-Charente","codes_postaux":["16270"],"code_dep":"16","code_region":"75","population":3777,"surface_km2":86.56,"lat":45.8874,"lon":0.583,"fibre_pct":98.9},{"code_insee":"16193","nom":"Louzac-Saint-André","codes_postaux":["16100"],"code_dep":"16","code_region":"75","population":946,"surface_km2":10.19,"lat":45.7251,"lon":-0.3955,"fibre_pct":100.0},{"code_insee":"16194","nom":"Lupsault","codes_postaux":["16140"],"code_dep":"16","code_region":"75","population":109,"surface_km2":11.49,"lat":45.9378,"lon":-0.0593,"fibre_pct":97.9},{"code_insee":"16195","nom":"Lussac","codes_postaux":["16450"],"code_dep":"16","code_region":"75","population":292,"surface_km2":11.62,"lat":45.8566,"lon":0.4629,"fibre_pct":95.5},{"code_insee":"16196","nom":"Luxé","codes_postaux":["16230"],"code_dep":"16","code_region":"75","population":748,"surface_km2":12.22,"lat":45.8958,"lon":0.1237,"fibre_pct":100.0},{"code_insee":"16197","nom":"La Magdeleine","codes_postaux":["16240"],"code_dep":"16","code_region":"75","population":118,"surface_km2":6.75,"lat":46.049,"lon":0.0788,"fibre_pct":98.9},{"code_insee":"16198","nom":"Magnac-lès-Gardes","codes_postaux":["16320"],"code_dep":"16","code_region":"75","population":741,"surface_km2":37.22,"lat":45.5087,"lon":0.2741,"fibre_pct":100.0},{"code_insee":"16199","nom":"Magnac-sur-Touvre","codes_postaux":["16600"],"code_dep":"16","code_region":"75","population":3255,"surface_km2":7.83,"lat":45.6558,"lon":0.2384,"fibre_pct":97.6},{"code_insee":"16200","nom":"Maine-de-Boixe","codes_postaux":["16230"],"code_dep":"16","code_region":"75","population":473,"surface_km2":9.35,"lat":45.8486,"lon":0.1775,"fibre_pct":100.0},{"code_insee":"16203","nom":"Mainzac","codes_postaux":["16380"],"code_dep":"16","code_region":"75","population":125,"surface_km2":11.4,"lat":45.5544,"lon":0.4779,"fibre_pct":100.0},{"code_insee":"16204","nom":"Bellevigne","codes_postaux":["16120"],"code_dep":"16","code_region":"75","population":1271,"surface_km2":43.94,"lat":45.5566,"lon":-0.1185,"fibre_pct":100.0},{"code_insee":"16205","nom":"Manot","codes_postaux":["16500"],"code_dep":"16","code_region":"75","population":555,"surface_km2":20.38,"lat":45.9278,"lon":0.6157,"fibre_pct":100.0},{"code_insee":"16206","nom":"Mansle-les-Fontaines","codes_postaux":["16230"],"code_dep":"16","code_region":"75","population":2088,"surface_km2":11.32,"lat":45.8874,"lon":0.1866,"fibre_pct":98.8},{"code_insee":"16207","nom":"Marcillac-Lanville","codes_postaux":["16140"],"code_dep":"16","code_region":"75","population":521,"surface_km2":18.55,"lat":45.8576,"lon":0.0177,"fibre_pct":100.0},{"code_insee":"16208","nom":"Mareuil","codes_postaux":["16170"],"code_dep":"16","code_region":"75","population":398,"surface_km2":11.54,"lat":45.7746,"lon":-0.1348,"fibre_pct":100.0},{"code_insee":"16209","nom":"Marillac-le-Franc","codes_postaux":["16110"],"code_dep":"16","code_region":"75","population":825,"surface_km2":14.43,"lat":45.732,"lon":0.4363,"fibre_pct":100.0},{"code_insee":"16210","nom":"Marsac","codes_postaux":["16570"],"code_dep":"16","code_region":"75","population":742,"surface_km2":13.37,"lat":45.7412,"lon":0.076,"fibre_pct":100.0},{"code_insee":"16211","nom":"Marthon","codes_postaux":["16380"],"code_dep":"16","code_region":"75","population":554,"surface_km2":12.85,"lat":45.6154,"lon":0.4477,"fibre_pct":99.0},{"code_insee":"16212","nom":"Massignac","codes_postaux":["16310"],"code_dep":"16","code_region":"75","population":358,"surface_km2":24.02,"lat":45.7793,"lon":0.6497,"fibre_pct":99.4},{"code_insee":"16213","nom":"Mazerolles","codes_postaux":["16310"],"code_dep":"16","code_region":"75","population":314,"surface_km2":17.46,"lat":45.7412,"lon":0.5201,"fibre_pct":100.0},{"code_insee":"16215","nom":"Médillac","codes_postaux":["16210"],"code_dep":"16","code_region":"75","population":150,"surface_km2":5.88,"lat":45.2135,"lon":0.0147,"fibre_pct":100.0},{"code_insee":"16216","nom":"Mérignac","codes_postaux":["16200"],"code_dep":"16","code_region":"75","population":805,"surface_km2":18.71,"lat":45.6936,"lon":-0.0693,"fibre_pct":99.8},{"code_insee":"16217","nom":"Merpins","codes_postaux":["16100"],"code_dep":"16","code_region":"75","population":1085,"surface_km2":10.51,"lat":45.6704,"lon":-0.376,"fibre_pct":100.0},{"code_insee":"16218","nom":"Mesnac","codes_postaux":["16370"],"code_dep":"16","code_region":"75","population":404,"surface_km2":6.57,"lat":45.7744,"lon":-0.3433,"fibre_pct":100.0},{"code_insee":"16220","nom":"Les Métairies","codes_postaux":["16200"],"code_dep":"16","code_region":"75","population":707,"surface_km2":5.25,"lat":45.7119,"lon":-0.1749,"fibre_pct":100.0},{"code_insee":"16221","nom":"Mons","codes_postaux":["16140"],"code_dep":"16","code_region":"75","population":240,"surface_km2":20.22,"lat":45.8734,"lon":-0.0318,"fibre_pct":100.0},{"code_insee":"16222","nom":"Montboyer","codes_postaux":["16620"],"code_dep":"16","code_region":"75","population":341,"surface_km2":26.74,"lat":45.329,"lon":0.0707,"fibre_pct":98.7},{"code_insee":"16223","nom":"Montbron","codes_postaux":["16220"],"code_dep":"16","code_region":"75","population":2000,"surface_km2":43.16,"lat":45.6731,"lon":0.4999,"fibre_pct":99.6},{"code_insee":"16224","nom":"Montmérac","codes_postaux":["16300"],"code_dep":"16","code_region":"75","population":730,"surface_km2":23.24,"lat":45.4404,"lon":-0.2169,"fibre_pct":95.1},{"code_insee":"16225","nom":"Montembœuf","codes_postaux":["16310"],"code_dep":"16","code_region":"75","population":654,"surface_km2":16.04,"lat":45.7745,"lon":0.5499,"fibre_pct":95.6},{"code_insee":"16227","nom":"Montignac-le-Coq","codes_postaux":["16390"],"code_dep":"16","code_region":"75","population":130,"surface_km2":10.26,"lat":45.3418,"lon":0.2158,"fibre_pct":100.0},{"code_insee":"16229","nom":"Montjean","codes_postaux":["16240"],"code_dep":"16","code_region":"75","population":237,"surface_km2":8.14,"lat":46.0831,"lon":0.1122,"fibre_pct":100.0},{"code_insee":"16230","nom":"Montmoreau","codes_postaux":["16190"],"code_dep":"16","code_region":"75","population":2403,"surface_km2":65.09,"lat":45.4062,"lon":0.1524,"fibre_pct":99.0},{"code_insee":"16231","nom":"Montrollet","codes_postaux":["16420"],"code_dep":"16","code_region":"75","population":323,"surface_km2":22.11,"lat":45.9949,"lon":0.8988,"fibre_pct":98.4},{"code_insee":"16232","nom":"Mornac","codes_postaux":["16600"],"code_dep":"16","code_region":"75","population":2107,"surface_km2":23.32,"lat":45.6839,"lon":0.2896,"fibre_pct":100.0},{"code_insee":"16233","nom":"Mosnac-Saint-Simeux","codes_postaux":["16120"],"code_dep":"16","code_region":"75","population":950,"surface_km2":15.77,"lat":45.627,"lon":-0.0276,"fibre_pct":99.8},{"code_insee":"16234","nom":"Moulidars","codes_postaux":["16290"],"code_dep":"16","code_region":"75","population":662,"surface_km2":17.23,"lat":45.6678,"lon":-0.0428,"fibre_pct":98.7},{"code_insee":"16236","nom":"Mouthiers-sur-Boëme","codes_postaux":["16440"],"code_dep":"16","code_region":"75","population":2359,"surface_km2":34.87,"lat":45.5571,"lon":0.1252,"fibre_pct":93.2},{"code_insee":"16237","nom":"Mouton","codes_postaux":["16460"],"code_dep":"16","code_region":"75","population":223,"surface_km2":9.07,"lat":45.8887,"lon":0.2358,"fibre_pct":100.0},{"code_insee":"16239","nom":"Mouzon","codes_postaux":["16310"],"code_dep":"16","code_region":"75","population":142,"surface_km2":10.71,"lat":45.7965,"lon":0.6136,"fibre_pct":95.0},{"code_insee":"16240","nom":"Nabinaud","codes_postaux":["16390"],"code_dep":"16","code_region":"75","population":99,"surface_km2":5.93,"lat":45.2919,"lon":0.2092,"fibre_pct":100.0},{"code_insee":"16241","nom":"Nanclars","codes_postaux":["16230"],"code_dep":"16","code_region":"75","population":211,"surface_km2":5.81,"lat":45.8446,"lon":0.2226,"fibre_pct":100.0},{"code_insee":"16242","nom":"Nanteuil-en-Vallée","codes_postaux":["16700"],"code_dep":"16","code_region":"75","population":1354,"surface_km2":68.71,"lat":46.0091,"lon":0.3208,"fibre_pct":98.6},{"code_insee":"16243","nom":"Nercillac","codes_postaux":["16200"],"code_dep":"16","code_region":"75","population":1051,"surface_km2":16.38,"lat":45.7255,"lon":-0.2676,"fibre_pct":100.0},{"code_insee":"16244","nom":"Nersac","codes_postaux":["16440"],"code_dep":"16","code_region":"75","population":2246,"surface_km2":9.26,"lat":45.6235,"lon":0.0677,"fibre_pct":95.4},{"code_insee":"16245","nom":"Nieuil","codes_postaux":["16270"],"code_dep":"16","code_region":"75","population":883,"surface_km2":23.8,"lat":45.8846,"lon":0.5217,"fibre_pct":100.0},{"code_insee":"16246","nom":"Nonac","codes_postaux":["16190"],"code_dep":"16","code_region":"75","population":266,"surface_km2":21.04,"lat":45.4176,"lon":0.0549,"fibre_pct":99.5},{"code_insee":"16248","nom":"Oradour","codes_postaux":["16140"],"code_dep":"16","code_region":"75","population":163,"surface_km2":14.47,"lat":45.9134,"lon":-0.0379,"fibre_pct":100.0},{"code_insee":"16249","nom":"Oradour-Fanais","codes_postaux":["16500"],"code_dep":"16","code_region":"75","population":342,"surface_km2":26.42,"lat":46.1126,"lon":0.7818,"fibre_pct":99.6},{"code_insee":"16250","nom":"Orgedeuil","codes_postaux":["16220"],"code_dep":"16","code_region":"75","population":207,"surface_km2":10.42,"lat":45.7016,"lon":0.4867,"fibre_pct":100.0},{"code_insee":"16251","nom":"Oriolles","codes_postaux":["16480"],"code_dep":"16","code_region":"75","population":242,"surface_km2":18.33,"lat":45.355,"lon":-0.1434,"fibre_pct":95.8},{"code_insee":"16252","nom":"Orival","codes_postaux":["16210"],"code_dep":"16","code_region":"75","population":149,"surface_km2":5.47,"lat":45.2836,"lon":0.0716,"fibre_pct":100.0},{"code_insee":"16253","nom":"Paizay-Naudouin-Embourie","codes_postaux":["16240"],"code_dep":"16","code_region":"75","population":337,"surface_km2":25.82,"lat":46.0318,"lon":0.0071,"fibre_pct":100.0},{"code_insee":"16254","nom":"Palluaud","codes_postaux":["16390"],"code_dep":"16","code_region":"75","population":215,"surface_km2":8.62,"lat":45.3463,"lon":0.241,"fibre_pct":97.8},{"code_insee":"16255","nom":"Parzac","codes_postaux":["16450"],"code_dep":"16","code_region":"75","population":143,"surface_km2":11.34,"lat":45.9264,"lon":0.4221,"fibre_pct":100.0},{"code_insee":"16256","nom":"Passirac","codes_postaux":["16480"],"code_dep":"16","code_region":"75","population":250,"surface_km2":14.7,"lat":45.343,"lon":-0.0608,"fibre_pct":98.8},{"code_insee":"16258","nom":"Pérignac","codes_postaux":["16250"],"code_dep":"16","code_region":"75","population":495,"surface_km2":25.5,"lat":45.4649,"lon":0.0813,"fibre_pct":98.5},{"code_insee":"16260","nom":"Pillac","codes_postaux":["16390"],"code_dep":"16","code_region":"75","population":243,"surface_km2":19.63,"lat":45.326,"lon":0.1773,"fibre_pct":100.0},{"code_insee":"16261","nom":"Les Pins","codes_postaux":["16260"],"code_dep":"16","code_region":"75","population":506,"surface_km2":21.04,"lat":45.8111,"lon":0.3711,"fibre_pct":98.8},{"code_insee":"16263","nom":"Plassac-Rouffiac","codes_postaux":["16250"],"code_dep":"16","code_region":"75","population":371,"surface_km2":12.02,"lat":45.5251,"lon":0.0769,"fibre_pct":100.0},{"code_insee":"16264","nom":"Pleuville","codes_postaux":["16490"],"code_dep":"16","code_region":"75","population":313,"surface_km2":33.39,"lat":46.0952,"lon":0.4916,"fibre_pct":99.7},{"code_insee":"16267","nom":"Poullignac","codes_postaux":["16190"],"code_dep":"16","code_region":"75","population":107,"surface_km2":8.99,"lat":45.3969,"lon":-0.0087,"fibre_pct":97.1},{"code_insee":"16268","nom":"Poursac","codes_postaux":["16700"],"code_dep":"16","code_region":"75","population":185,"surface_km2":11.43,"lat":45.9607,"lon":0.2649,"fibre_pct":100.0},{"code_insee":"16269","nom":"Pranzac","codes_postaux":["16110"],"code_dep":"16","code_region":"75","population":872,"surface_km2":15.1,"lat":45.6745,"lon":0.3475,"fibre_pct":100.0},{"code_insee":"16270","nom":"Pressignac","codes_postaux":["16150"],"code_dep":"16","code_region":"75","population":398,"surface_km2":28.1,"lat":45.8177,"lon":0.7371,"fibre_pct":100.0},{"code_insee":"16271","nom":"Puymoyen","codes_postaux":["16400"],"code_dep":"16","code_region":"75","population":2403,"surface_km2":7.42,"lat":45.611,"lon":0.1704,"fibre_pct":99.3},{"code_insee":"16272","nom":"Puyréaux","codes_postaux":["16230"],"code_dep":"16","code_region":"75","population":582,"surface_km2":8.14,"lat":45.8636,"lon":0.2121,"fibre_pct":98.2},{"code_insee":"16273","nom":"Raix","codes_postaux":["16240"],"code_dep":"16","code_region":"75","population":134,"surface_km2":6.92,"lat":46.003,"lon":0.1167,"fibre_pct":99.0},{"code_insee":"16275","nom":"Ranville-Breuillaud","codes_postaux":["16140"],"code_dep":"16","code_region":"75","population":157,"surface_km2":12.87,"lat":45.9103,"lon":-0.1206,"fibre_pct":100.0},{"code_insee":"16276","nom":"Reignac","codes_postaux":["16360"],"code_dep":"16","code_region":"75","population":712,"surface_km2":22.0,"lat":45.4271,"lon":-0.1752,"fibre_pct":100.0},{"code_insee":"16277","nom":"Réparsac","codes_postaux":["16200"],"code_dep":"16","code_region":"75","population":631,"surface_km2":11.18,"lat":45.7354,"lon":-0.2537,"fibre_pct":100.0},{"code_insee":"16279","nom":"Rioux-Martin","codes_postaux":["16210"],"code_dep":"16","code_region":"75","population":231,"surface_km2":14.66,"lat":45.2445,"lon":-0.0055,"fibre_pct":100.0},{"code_insee":"16280","nom":"Rivières","codes_postaux":["16110"],"code_dep":"16","code_region":"75","population":2015,"surface_km2":21.75,"lat":45.7657,"lon":0.3492,"fibre_pct":100.0},{"code_insee":"16281","nom":"La Rochefoucauld-en-Angoumois","codes_postaux":["16110"],"code_dep":"16","code_region":"75","population":4025,"surface_km2":24.26,"lat":45.736,"lon":0.3583,"fibre_pct":98.9},{"code_insee":"16282","nom":"La Rochette","codes_postaux":["16110"],"code_dep":"16","code_region":"75","population":523,"surface_km2":11.15,"lat":45.7987,"lon":0.3092,"fibre_pct":100.0},{"code_insee":"16283","nom":"Ronsenac","codes_postaux":["16320"],"code_dep":"16","code_region":"75","population":571,"surface_km2":26.64,"lat":45.4566,"lon":0.2425,"fibre_pct":100.0},{"code_insee":"16284","nom":"Rouffiac","codes_postaux":["16210"],"code_dep":"16","code_region":"75","population":117,"surface_km2":9.82,"lat":45.2634,"lon":0.1007,"fibre_pct":100.0},{"code_insee":"16285","nom":"Rougnac","codes_postaux":["16320"],"code_dep":"16","code_region":"75","population":395,"surface_km2":29.92,"lat":45.5376,"lon":0.3539,"fibre_pct":99.7},{"code_insee":"16286","nom":"Rouillac","codes_postaux":["16170"],"code_dep":"16","code_region":"75","population":2919,"surface_km2":56.85,"lat":45.7937,"lon":-0.0729,"fibre_pct":99.7},{"code_insee":"16287","nom":"Roullet-Saint-Estèphe","codes_postaux":["16440"],"code_dep":"16","code_region":"75","population":4357,"surface_km2":41.74,"lat":45.5776,"lon":0.0312,"fibre_pct":97.6},{"code_insee":"16289","nom":"Roussines","codes_postaux":["16310"],"code_dep":"16","code_region":"75","population":298,"surface_km2":16.04,"lat":45.7227,"lon":0.622,"fibre_pct":98.8},{"code_insee":"16290","nom":"Rouzède","codes_postaux":["16220"],"code_dep":"16","code_region":"75","population":231,"surface_km2":14.41,"lat":45.7146,"lon":0.5664,"fibre_pct":98.3},{"code_insee":"16291","nom":"Ruelle-sur-Touvre","codes_postaux":["16600"],"code_dep":"16","code_region":"75","population":7408,"surface_km2":10.62,"lat":45.6865,"lon":0.2252,"fibre_pct":90.7},{"code_insee":"16292","nom":"Ruffec","codes_postaux":["16700"],"code_dep":"16","code_region":"75","population":3449,"surface_km2":13.51,"lat":46.0383,"lon":0.1991,"fibre_pct":98.7},{"code_insee":"16293","nom":"Saint-Adjutory","codes_postaux":["16310"],"code_dep":"16","code_region":"75","population":503,"surface_km2":14.21,"lat":45.7694,"lon":0.481,"fibre_pct":96.3},{"code_insee":"16295","nom":"Saint-Amant-de-Boixe","codes_postaux":["16330"],"code_dep":"16","code_region":"75","population":1341,"surface_km2":22.52,"lat":45.8061,"lon":0.1347,"fibre_pct":100.0},{"code_insee":"16297","nom":"Graves-Saint-Amant","codes_postaux":["16120"],"code_dep":"16","code_region":"75","population":326,"surface_km2":8.99,"lat":45.637,"lon":-0.1016,"fibre_pct":100.0},{"code_insee":"16298","nom":"Saint-Amant-de-Nouère","codes_postaux":["16170"],"code_dep":"16","code_region":"75","population":345,"surface_km2":11.2,"lat":45.7344,"lon":-0.008,"fibre_pct":100.0},{"code_insee":"16300","nom":"Val-de-Bonnieure","codes_postaux":["16230"],"code_dep":"16","code_region":"75","population":1332,"surface_km2":28.11,"lat":45.8451,"lon":0.2901,"fibre_pct":100.0},{"code_insee":"16301","nom":"Saint-Aulais-la-Chapelle","codes_postaux":["16300"],"code_dep":"16","code_region":"75","population":219,"surface_km2":14.81,"lat":45.4463,"lon":-0.048,"fibre_pct":100.0},{"code_insee":"16302","nom":"Saint-Avit","codes_postaux":["16210"],"code_dep":"16","code_region":"75","population":215,"surface_km2":3.67,"lat":45.2435,"lon":0.0442,"fibre_pct":96.4},{"code_insee":"16303","nom":"Saint-Bonnet","codes_postaux":["16300"],"code_dep":"16","code_region":"75","population":409,"surface_km2":17.8,"lat":45.4701,"lon":-0.0895,"fibre_pct":99.6},{"code_insee":"16304","nom":"Saint-Brice","codes_postaux":["16100"],"code_dep":"16","code_region":"75","population":982,"surface_km2":9.35,"lat":45.6891,"lon":-0.2674,"fibre_pct":100.0},{"code_insee":"16306","nom":"Saint-Christophe","codes_postaux":["16420"],"code_dep":"16","code_region":"75","population":334,"surface_km2":23.35,"lat":46.0028,"lon":0.8565,"fibre_pct":98.2},{"code_insee":"16307","nom":"Saint-Ciers-sur-Bonnieure","codes_postaux":["16230"],"code_dep":"16","code_region":"75","population":312,"surface_km2":10.39,"lat":45.859,"lon":0.2435,"fibre_pct":99.0},{"code_insee":"16308","nom":"Saint-Claud","codes_postaux":["16450"],"code_dep":"16","code_region":"75","population":1032,"surface_km2":26.71,"lat":45.8971,"lon":0.4834,"fibre_pct":99.3},{"code_insee":"16310","nom":"Saint-Coutant","codes_postaux":["16350"],"code_dep":"16","code_region":"75","population":206,"surface_km2":19.54,"lat":45.9923,"lon":0.4641,"fibre_pct":100.0},{"code_insee":"16312","nom":"Saint-Cybardeaux","codes_postaux":["16170"],"code_dep":"16","code_region":"75","population":771,"surface_km2":21.0,"lat":45.7727,"lon":-0.0257,"fibre_pct":99.8},{"code_insee":"16315","nom":"Saint-Félix","codes_postaux":["16480"],"code_dep":"16","code_region":"75","population":102,"surface_km2":8.12,"lat":45.3692,"lon":0.0123,"fibre_pct":100.0},{"code_insee":"16316","nom":"Saint-Fort-sur-le-Né","codes_postaux":["16130"],"code_dep":"16","code_region":"75","population":386,"surface_km2":6.76,"lat":45.5817,"lon":-0.3072,"fibre_pct":100.0},{"code_insee":"16317","nom":"Saint-Fraigne","codes_postaux":["16140"],"code_dep":"16","code_region":"75","population":427,"surface_km2":32.24,"lat":45.9501,"lon":-0.0159,"fibre_pct":100.0},{"code_insee":"16318","nom":"Saint-Front","codes_postaux":["16460"],"code_dep":"16","code_region":"75","population":355,"surface_km2":13.31,"lat":45.8969,"lon":0.2831,"fibre_pct":100.0},{"code_insee":"16320","nom":"Saint-Genis-d'Hiersac","codes_postaux":["16570"],"code_dep":"16","code_region":"75","population":942,"surface_km2":19.3,"lat":45.7493,"lon":0.0438,"fibre_pct":100.0},{"code_insee":"16321","nom":"Saint-Georges","codes_postaux":["16700"],"code_dep":"16","code_region":"75","population":44,"surface_km2":2.22,"lat":45.9751,"lon":0.2701,"fibre_pct":95.9},{"code_insee":"16323","nom":"Saint-Germain-de-Montbron","codes_postaux":["16380"],"code_dep":"16","code_region":"75","population":500,"surface_km2":15.0,"lat":45.6357,"lon":0.4129,"fibre_pct":100.0},{"code_insee":"16325","nom":"Saint-Gourson","codes_postaux":["16700"],"code_dep":"16","code_region":"75","population":133,"surface_km2":10.06,"lat":45.951,"lon":0.309,"fibre_pct":100.0},{"code_insee":"16326","nom":"Saint-Groux","codes_postaux":["16230"],"code_dep":"16","code_region":"75","population":136,"surface_km2":4.5,"lat":45.8904,"lon":0.1587,"fibre_pct":100.0},{"code_insee":"16329","nom":"Saint-Laurent-de-Céris","codes_postaux":["16450"],"code_dep":"16","code_region":"75","population":720,"surface_km2":29.74,"lat":45.9461,"lon":0.4977,"fibre_pct":100.0},{"code_insee":"16330","nom":"Saint-Laurent-de-Cognac","codes_postaux":["16100"],"code_dep":"16","code_region":"75","population":832,"surface_km2":10.88,"lat":45.695,"lon":-0.3958,"fibre_pct":100.0},{"code_insee":"16331","nom":"Saint-Laurent-des-Combes","codes_postaux":["16480"],"code_dep":"16","code_region":"75","population":97,"surface_km2":7.72,"lat":45.3537,"lon":0.0353,"fibre_pct":99.4},{"code_insee":"16334","nom":"Saint-Martial","codes_postaux":["16190"],"code_dep":"16","code_region":"75","population":122,"surface_km2":9.32,"lat":45.3715,"lon":0.0638,"fibre_pct":100.0},{"code_insee":"16335","nom":"Saint-Martin-du-Clocher","codes_postaux":["16700"],"code_dep":"16","code_region":"75","population":126,"surface_km2":6.81,"lat":46.0678,"lon":0.1477,"fibre_pct":100.0},{"code_insee":"16336","nom":"Saint-Mary","codes_postaux":["16260"],"code_dep":"16","code_region":"75","population":354,"surface_km2":21.77,"lat":45.8457,"lon":0.3619,"fibre_pct":100.0},{"code_insee":"16337","nom":"Saint-Maurice-des-Lions","codes_postaux":["16500"],"code_dep":"16","code_region":"75","population":892,"surface_km2":50.04,"lat":45.9634,"lon":0.7026,"fibre_pct":92.9},{"code_insee":"16338","nom":"Saint-Médard","codes_postaux":["16300"],"code_dep":"16","code_region":"75","population":303,"surface_km2":8.31,"lat":45.507,"lon":-0.1322,"fibre_pct":100.0},{"code_insee":"16339","nom":"Val-d'Auge","codes_postaux":["16170"],"code_dep":"16","code_region":"75","population":792,"surface_km2":44.86,"lat":45.8397,"lon":-0.0866,"fibre_pct":100.0},{"code_insee":"16340","nom":"Saint-Même-les-Carrières","codes_postaux":["16720"],"code_dep":"16","code_region":"75","population":1023,"surface_km2":15.15,"lat":45.6455,"lon":-0.1435,"fibre_pct":100.0},{"code_insee":"16341","nom":"Saint-Michel","codes_postaux":["16470"],"code_dep":"16","code_region":"75","population":3196,"surface_km2":2.49,"lat":45.64,"lon":0.111,"fibre_pct":94.0},{"code_insee":"16342","nom":"Saint-Palais-du-Né","codes_postaux":["16300"],"code_dep":"16","code_region":"75","population":305,"surface_km2":13.67,"lat":45.542,"lon":-0.2852,"fibre_pct":96.3},{"code_insee":"16343","nom":"Saint-Preuil","codes_postaux":["16130"],"code_dep":"16","code_region":"75","population":306,"surface_km2":12.54,"lat":45.6001,"lon":-0.1773,"fibre_pct":100.0},{"code_insee":"16345","nom":"Saint-Quentin-sur-Charente","codes_postaux":["16150"],"code_dep":"16","code_region":"75","population":199,"surface_km2":14.47,"lat":45.8392,"lon":0.6768,"fibre_pct":100.0},{"code_insee":"16346","nom":"Saint-Quentin-de-Chalais","codes_postaux":["16210"],"code_dep":"16","code_region":"75","population":241,"surface_km2":12.46,"lat":45.2452,"lon":0.0769,"fibre_pct":100.0},{"code_insee":"16347","nom":"Saint-Romain","codes_postaux":["16210"],"code_dep":"16","code_region":"75","population":514,"surface_km2":22.96,"lat":45.2846,"lon":0.1322,"fibre_pct":98.0},{"code_insee":"16348","nom":"Saint-Saturnin","codes_postaux":["16290"],"code_dep":"16","code_region":"75","population":1284,"surface_km2":13.54,"lat":45.6702,"lon":0.0424,"fibre_pct":98.5},{"code_insee":"16349","nom":"Sainte-Sévère","codes_postaux":["16200"],"code_dep":"16","code_region":"75","population":519,"surface_km2":18.43,"lat":45.7674,"lon":-0.257,"fibre_pct":100.0},{"code_insee":"16350","nom":"Saint-Séverin","codes_postaux":["16390"],"code_dep":"16","code_region":"75","population":784,"surface_km2":15.03,"lat":45.3118,"lon":0.2427,"fibre_pct":98.9},{"code_insee":"16352","nom":"Saint-Simon","codes_postaux":["16120"],"code_dep":"16","code_region":"75","population":233,"surface_km2":3.75,"lat":45.6549,"lon":-0.0763,"fibre_pct":100.0},{"code_insee":"16353","nom":"Saint-Sornin","codes_postaux":["16220"],"code_dep":"16","code_region":"75","population":844,"surface_km2":11.27,"lat":45.6954,"lon":0.4453,"fibre_pct":100.0},{"code_insee":"16354","nom":"Sainte-Souline","codes_postaux":["16480"],"code_dep":"16","code_region":"75","population":112,"surface_km2":7.36,"lat":45.3757,"lon":-0.0201,"fibre_pct":87.6},{"code_insee":"16356","nom":"Saint-Sulpice-de-Ruffec","codes_postaux":["16460"],"code_dep":"16","code_region":"75","population":45,"surface_km2":2.4,"lat":45.9369,"lon":0.3191,"fibre_pct":100.0},{"code_insee":"16357","nom":"Saint-Vallier","codes_postaux":["16480"],"code_dep":"16","code_region":"75","population":139,"surface_km2":18.25,"lat":45.2833,"lon":-0.0731,"fibre_pct":100.0},{"code_insee":"16358","nom":"Saint-Yrieix-sur-Charente","codes_postaux":["16710"],"code_dep":"16","code_region":"75","population":7539,"surface_km2":14.74,"lat":45.6816,"lon":0.126,"fibre_pct":91.8},{"code_insee":"16359","nom":"Salles-d'Angles","codes_postaux":["16130"],"code_dep":"16","code_region":"75","population":1011,"surface_km2":21.74,"lat":45.621,"lon":-0.3481,"fibre_pct":100.0},{"code_insee":"16360","nom":"Salles-de-Barbezieux","codes_postaux":["16300"],"code_dep":"16","code_region":"75","population":407,"surface_km2":9.85,"lat":45.4542,"lon":-0.1259,"fibre_pct":99.6},{"code_insee":"16361","nom":"Salles-de-Villefagnan","codes_postaux":["16700"],"code_dep":"16","code_region":"75","population":313,"surface_km2":13.03,"lat":45.9594,"lon":0.1702,"fibre_pct":100.0},{"code_insee":"16362","nom":"Salles-Lavalette","codes_postaux":["16190"],"code_dep":"16","code_region":"75","population":317,"surface_km2":20.48,"lat":45.3867,"lon":0.2336,"fibre_pct":100.0},{"code_insee":"16363","nom":"Saulgond","codes_postaux":["16420"],"code_dep":"16","code_region":"75","population":530,"surface_km2":27.4,"lat":45.9532,"lon":0.7839,"fibre_pct":100.0},{"code_insee":"16364","nom":"Sauvagnac","codes_postaux":["16310"],"code_dep":"16","code_region":"75","population":66,"surface_km2":7.28,"lat":45.7483,"lon":0.6482,"fibre_pct":98.0},{"code_insee":"16365","nom":"Sauvignac","codes_postaux":["16480"],"code_dep":"16","code_region":"75","population":95,"surface_km2":11.71,"lat":45.2662,"lon":-0.0828,"fibre_pct":96.1},{"code_insee":"16366","nom":"Segonzac","codes_postaux":["16130"],"code_dep":"16","code_region":"75","population":2083,"surface_km2":35.16,"lat":45.6142,"lon":-0.2124,"fibre_pct":99.9},{"code_insee":"16368","nom":"Sers","codes_postaux":["16410"],"code_dep":"16","code_region":"75","population":896,"surface_km2":14.2,"lat":45.582,"lon":0.3172,"fibre_pct":29.3},{"code_insee":"16369","nom":"Sigogne","codes_postaux":["16200"],"code_dep":"16","code_region":"75","population":961,"surface_km2":22.16,"lat":45.7318,"lon":-0.1737,"fibre_pct":99.7},{"code_insee":"16370","nom":"Sireuil","codes_postaux":["16440"],"code_dep":"16","code_region":"75","population":1166,"surface_km2":10.07,"lat":45.6217,"lon":0.0206,"fibre_pct":91.1},{"code_insee":"16372","nom":"Souffrignac","codes_postaux":["16380"],"code_dep":"16","code_region":"75","population":150,"surface_km2":9.47,"lat":45.5886,"lon":0.496,"fibre_pct":93.9},{"code_insee":"16373","nom":"Souvigné","codes_postaux":["16240"],"code_dep":"16","code_region":"75","population":182,"surface_km2":10.51,"lat":45.9698,"lon":0.0528,"fibre_pct":100.0},{"code_insee":"16374","nom":"Soyaux","codes_postaux":["16800"],"code_dep":"16","code_region":"75","population":10087,"surface_km2":12.76,"lat":45.6388,"lon":0.2056,"fibre_pct":94.9},{"code_insee":"16375","nom":"Suaux","codes_postaux":["16260"],"code_dep":"16","code_region":"75","population":378,"surface_km2":11.92,"lat":45.8465,"lon":0.5153,"fibre_pct":100.0},{"code_insee":"16377","nom":"La Tâche","codes_postaux":["16260"],"code_dep":"16","code_region":"75","population":105,"surface_km2":7.25,"lat":45.8688,"lon":0.3563,"fibre_pct":100.0},{"code_insee":"16378","nom":"Taizé-Aizie","codes_postaux":["16700"],"code_dep":"16","code_region":"75","population":593,"surface_km2":14.87,"lat":46.0669,"lon":0.2537,"fibre_pct":100.0},{"code_insee":"16379","nom":"Taponnat-Fleurignac","codes_postaux":["16110"],"code_dep":"16","code_region":"75","population":1593,"surface_km2":21.58,"lat":45.7713,"lon":0.4226,"fibre_pct":99.8},{"code_insee":"16380","nom":"Le Tâtre","codes_postaux":["16360"],"code_dep":"16","code_region":"75","population":431,"surface_km2":6.06,"lat":45.3986,"lon":-0.2022,"fibre_pct":100.0},{"code_insee":"16381","nom":"Theil-Rabier","codes_postaux":["16240"],"code_dep":"16","code_region":"75","population":164,"surface_km2":7.56,"lat":46.056,"lon":0.0418,"fibre_pct":100.0},{"code_insee":"16382","nom":"Torsac","codes_postaux":["16410"],"code_dep":"16","code_region":"75","population":740,"surface_km2":28.53,"lat":45.5664,"lon":0.2082,"fibre_pct":54.9},{"code_insee":"16383","nom":"Tourriers","codes_postaux":["16560"],"code_dep":"16","code_region":"75","population":802,"surface_km2":6.77,"lat":45.79,"lon":0.1952,"fibre_pct":98.1},{"code_insee":"16384","nom":"Touvérac","codes_postaux":["16360"],"code_dep":"16","code_region":"75","population":583,"surface_km2":18.29,"lat":45.3748,"lon":-0.2001,"fibre_pct":100.0},{"code_insee":"16385","nom":"Touvre","codes_postaux":["16600"],"code_dep":"16","code_region":"75","population":1150,"surface_km2":9.17,"lat":45.6581,"lon":0.2695,"fibre_pct":93.4},{"code_insee":"16387","nom":"Triac-Lautrait","codes_postaux":["16200"],"code_dep":"16","code_region":"75","population":462,"surface_km2":6.49,"lat":45.6811,"lon":-0.1193,"fibre_pct":100.0},{"code_insee":"16388","nom":"Trois-Palis","codes_postaux":["16730"],"code_dep":"16","code_region":"75","population":944,"surface_km2":4.2,"lat":45.6384,"lon":0.0481,"fibre_pct":97.9},{"code_insee":"16389","nom":"Turgon","codes_postaux":["16350"],"code_dep":"16","code_region":"75","population":80,"surface_km2":7.24,"lat":45.953,"lon":0.4101,"fibre_pct":97.5},{"code_insee":"16390","nom":"Tusson","codes_postaux":["16140"],"code_dep":"16","code_region":"75","population":240,"surface_km2":13.99,"lat":45.9304,"lon":0.0734,"fibre_pct":96.3},{"code_insee":"16392","nom":"Valence","codes_postaux":["16460"],"code_dep":"16","code_region":"75","population":192,"surface_km2":10.9,"lat":45.8852,"lon":0.3199,"fibre_pct":100.0},{"code_insee":"16393","nom":"La Boixe","codes_postaux":["16330"],"code_dep":"16","code_region":"75","population":2841,"surface_km2":36.26,"lat":45.7649,"lon":0.134,"fibre_pct":99.7},{"code_insee":"16394","nom":"Vaux-Lavalette","codes_postaux":["16320"],"code_dep":"16","code_region":"75","population":79,"surface_km2":6.78,"lat":45.4178,"lon":0.2407,"fibre_pct":100.0},{"code_insee":"16395","nom":"Vaux-Rouillac","codes_postaux":["16170"],"code_dep":"16","code_region":"75","population":294,"surface_km2":13.36,"lat":45.7431,"lon":-0.0891,"fibre_pct":100.0},{"code_insee":"16396","nom":"Ventouse","codes_postaux":["16460"],"code_dep":"16","code_region":"75","population":122,"surface_km2":10.1,"lat":45.9097,"lon":0.3228,"fibre_pct":100.0},{"code_insee":"16397","nom":"Verdille","codes_postaux":["16140"],"code_dep":"16","code_region":"75","population":385,"surface_km2":14.45,"lat":45.8814,"lon":-0.0965,"fibre_pct":100.0},{"code_insee":"16398","nom":"Verneuil","codes_postaux":["16310"],"code_dep":"16","code_region":"75","population":92,"surface_km2":7.83,"lat":45.7823,"lon":0.6979,"fibre_pct":100.0},{"code_insee":"16399","nom":"Verrières","codes_postaux":["16130"],"code_dep":"16","code_region":"75","population":310,"surface_km2":13.41,"lat":45.5605,"lon":-0.2619,"fibre_pct":99.1},{"code_insee":"16400","nom":"Verteuil-sur-Charente","codes_postaux":["16510"],"code_dep":"16","code_region":"75","population":580,"surface_km2":14.28,"lat":45.9683,"lon":0.2296,"fibre_pct":100.0},{"code_insee":"16401","nom":"Vervant","codes_postaux":["16330"],"code_dep":"16","code_region":"75","population":147,"surface_km2":9.54,"lat":45.8335,"lon":0.1318,"fibre_pct":100.0},{"code_insee":"16402","nom":"Vibrac","codes_postaux":["16120"],"code_dep":"16","code_region":"75","population":307,"surface_km2":2.84,"lat":45.6433,"lon":-0.0588,"fibre_pct":100.0},{"code_insee":"16403","nom":"Le Vieux-Cérier","codes_postaux":["16350"],"code_dep":"16","code_region":"75","population":129,"surface_km2":9.72,"lat":45.9792,"lon":0.4476,"fibre_pct":96.9},{"code_insee":"16404","nom":"Vieux-Ruffec","codes_postaux":["16350"],"code_dep":"16","code_region":"75","population":106,"surface_km2":12.79,"lat":46.0153,"lon":0.3792,"fibre_pct":92.6},{"code_insee":"16405","nom":"Vignolles","codes_postaux":["16300"],"code_dep":"16","code_region":"75","population":170,"surface_km2":8.8,"lat":45.5086,"lon":-0.0997,"fibre_pct":100.0},{"code_insee":"16406","nom":"Moulins-sur-Tardoire","codes_postaux":["16110","16220"],"code_dep":"16","code_region":"75","population":821,"surface_km2":22.18,"lat":45.6883,"lon":0.4037,"fibre_pct":100.0},{"code_insee":"16408","nom":"Villebois-Lavalette","codes_postaux":["16320"],"code_dep":"16","code_region":"75","population":717,"surface_km2":7.18,"lat":45.4781,"lon":0.2818,"fibre_pct":100.0},{"code_insee":"16409","nom":"Villefagnan","codes_postaux":["16240"],"code_dep":"16","code_region":"75","population":972,"surface_km2":24.0,"lat":46.0088,"lon":0.0939,"fibre_pct":100.0},{"code_insee":"16412","nom":"Villejoubert","codes_postaux":["16560"],"code_dep":"16","code_region":"75","population":381,"surface_km2":7.89,"lat":45.8084,"lon":0.1739,"fibre_pct":100.0},{"code_insee":"16413","nom":"Villiers-le-Roux","codes_postaux":["16240"],"code_dep":"16","code_region":"75","population":171,"surface_km2":4.96,"lat":46.0497,"lon":0.1115,"fibre_pct":100.0},{"code_insee":"16414","nom":"Villognon","codes_postaux":["16230"],"code_dep":"16","code_region":"75","population":336,"surface_km2":9.18,"lat":45.8614,"lon":0.1059,"fibre_pct":100.0},{"code_insee":"16415","nom":"Vindelle","codes_postaux":["16430"],"code_dep":"16","code_region":"75","population":1045,"surface_km2":11.0,"lat":45.7195,"lon":0.1086,"fibre_pct":99.8},{"code_insee":"16416","nom":"Vitrac-Saint-Vincent","codes_postaux":["16310"],"code_dep":"16","code_region":"75","population":489,"surface_km2":22.29,"lat":45.8011,"lon":0.4972,"fibre_pct":99.4},{"code_insee":"16418","nom":"Vœuil-et-Giget","codes_postaux":["16400"],"code_dep":"16","code_region":"75","population":1591,"surface_km2":8.53,"lat":45.5908,"lon":0.1591,"fibre_pct":95.1},{"code_insee":"16419","nom":"Vouharte","codes_postaux":["16330"],"code_dep":"16","code_region":"75","population":300,"surface_km2":10.75,"lat":45.8042,"lon":0.0777,"fibre_pct":100.0},{"code_insee":"16420","nom":"Voulgézac","codes_postaux":["16250"],"code_dep":"16","code_region":"75","population":244,"surface_km2":13.41,"lat":45.5091,"lon":0.1304,"fibre_pct":96.7},{"code_insee":"16421","nom":"Vouthon","codes_postaux":["16220"],"code_dep":"16","code_region":"75","population":405,"surface_km2":10.45,"lat":45.6591,"lon":0.4482,"fibre_pct":100.0},{"code_insee":"16422","nom":"Vouzan","codes_postaux":["16410"],"code_dep":"16","code_region":"75","population":818,"surface_km2":16.33,"lat":45.5967,"lon":0.3652,"fibre_pct":10.7},{"code_insee":"16423","nom":"Xambes","codes_postaux":["16330"],"code_dep":"16","code_region":"75","population":257,"surface_km2":5.33,"lat":45.8253,"lon":0.1081,"fibre_pct":100.0},{"code_insee":"16424","nom":"Yviers","codes_postaux":["16210"],"code_dep":"16","code_region":"75","population":541,"surface_km2":22.77,"lat":45.2711,"lon":-0.0191,"fibre_pct":100.0},{"code_insee":"16425","nom":"Yvrac-et-Malleyrand","codes_postaux":["16110"],"code_dep":"16","code_region":"75","population":559,"surface_km2":18.94,"lat":45.7324,"lon":0.4619,"fibre_pct":99.7}]