[{"code_insee":"17002","nom":"Agudelle","codes_postaux":["17500"],"code_dep":"17","code_region":"75","population":131,"surface_km2":5.4,"lat":45.3836,"lon":-0.4694},{"code_insee":"17003","nom":"Aigrefeuille-d'Aunis","codes_postaux":["17290"],"code_dep":"17","code_region":"75","population":4677,"surface_km2":17.17,"lat":46.1199,"lon":-0.9491},{"code_insee":"17004","nom":"Île-d'Aix","codes_postaux":["17123"],"code_dep":"17","code_region":"75","population":186,"surface_km2":1.34,"lat":46.0122,"lon":-1.1792},{"code_insee":"17005","nom":"Allas-Bocage","codes_postaux":["17150"],"code_dep":"17","code_region":"75","population":194,"surface_km2":10.94,"lat":45.3852,"lon":-0.5019},{"code_insee":"17006","nom":"Allas-Champagne","codes_postaux":["17500"],"code_dep":"17","code_region":"75","population":283,"surface_km2":7.71,"lat":45.4729,"lon":-0.3386},{"code_insee":"17007","nom":"Anais","codes_postaux":["17540"],"code_dep":"17","code_region":"75","population":314,"surface_km2":9.53,"lat":46.1774,"lon":-0.9012},{"code_insee":"17008","nom":"Andilly","codes_postaux":["17230"],"code_dep":"17","code_region":"75","population":2350,"surface_km2":28.73,"lat":46.2615,"lon":-1.0157},{"code_insee":"17009","nom":"Angliers","codes_postaux":["17540"],"code_dep":"17","code_region":"75","population":1447,"surface_km2":10.85,"lat":46.2049,"lon":-0.9499},{"code_insee":"17010","nom":"Angoulins","codes_postaux":["17690"],"code_dep":"17","code_region":"75","population":4240,"surface_km2":7.9,"lat":46.1083,"lon":-1.11},{"code_insee":"17011","nom":"Annepont","codes_postaux":["17350"],"code_dep":"17","code_region":"75","population":399,"surface_km2":8.9,"lat":45.8446,"lon":-0.6067},{"code_insee":"17012","nom":"Annezay","codes_postaux":["17380"],"code_dep":"17","code_region":"75","population":168,"surface_km2":7.52,"lat":46.0075,"lon":-0.6979},{"code_insee":"17013","nom":"Antezant-la-Chapelle","codes_postaux":["17400"],"code_dep":"17","code_region":"75","population":367,"surface_km2":18.71,"lat":45.9987,"lon":-0.4797},{"code_insee":"17015","nom":"Arces","codes_postaux":["17120"],"code_dep":"17","code_region":"75","population":716,"surface_km2":26.28,"lat":45.5536,"lon":-0.8959},{"code_insee":"17016","nom":"Archiac","codes_postaux":["17520"],"code_dep":"17","code_region":"75","population":773,"surface_km2":4.49,"lat":45.5214,"lon":-0.3016},{"code_insee":"17017","nom":"Archingeay","codes_postaux":["17380"],"code_dep":"17","code_region":"75","population":765,"surface_km2":16.48,"lat":45.9312,"lon":-0.7206},{"code_insee":"17018","nom":"Ardillières","codes_postaux":["17290"],"code_dep":"17","code_region":"75","population":890,"surface_km2":15.99,"lat":46.0449,"lon":-0.8937},{"code_insee":"17019","nom":"Ars-en-Ré","codes_postaux":["17590"],"code_dep":"17","code_region":"75","population":1314,"surface_km2":10.59,"lat":46.2121,"lon":-1.5084},{"code_insee":"17020","nom":"Arthenac","codes_postaux":["17520"],"code_dep":"17","code_region":"75","population":334,"surface_km2":12.76,"lat":45.5058,"lon":-0.3285},{"code_insee":"17021","nom":"Arvert","codes_postaux":["17530"],"code_dep":"17","code_region":"75","population":3917,"surface_km2":20.32,"lat":45.7451,"lon":-1.1245},{"code_insee":"17022","nom":"Asnières-la-Giraud","codes_postaux":["17400"],"code_dep":"17","code_region":"75","population":977,"surface_km2":18.73,"lat":45.8946,"lon":-0.5052},{"code_insee":"17023","nom":"Aujac","codes_postaux":["17770"],"code_dep":"17","code_region":"75","population":372,"surface_km2":8.71,"lat":45.8441,"lon":-0.4013},{"code_insee":"17024","nom":"Aulnay","codes_postaux":["17470"],"code_dep":"17","code_region":"75","population":1410,"surface_km2":31.2,"lat":46.0192,"lon":-0.3487},{"code_insee":"17025","nom":"Aumagne","codes_postaux":["17770"],"code_dep":"17","code_region":"75","population":694,"surface_km2":20.46,"lat":45.8807,"lon":-0.4105},{"code_insee":"17026","nom":"Authon-Ébéon","codes_postaux":["17770"],"code_dep":"17","code_region":"75","population":410,"surface_km2":11.91,"lat":45.8447,"lon":-0.4259},{"code_insee":"17027","nom":"Avy","codes_postaux":["17800"],"code_dep":"17","code_region":"75","population":510,"surface_km2":14.59,"lat":45.5514,"lon":-0.5096},{"code_insee":"17028","nom":"Aytré","codes_postaux":["17440"],"code_dep":"17","code_region":"75","population":9746,"surface_km2":12.23,"lat":46.1312,"lon":-1.1146},{"code_insee":"17029","nom":"Bagnizeau","codes_postaux":["17160"],"code_dep":"17","code_region":"75","population":177,"surface_km2":9.74,"lat":45.9008,"lon":-0.3162},{"code_insee":"17030","nom":"Balanzac","codes_postaux":["17600"],"code_dep":"17","code_region":"75","population":642,"surface_km2":12.85,"lat":45.7528,"lon":-0.8438},{"code_insee":"17031","nom":"Ballans","codes_postaux":["17160"],"code_dep":"17","code_region":"75","population":201,"surface_km2":7.04,"lat":45.8053,"lon":-0.2235},{"code_insee":"17032","nom":"Ballon","codes_postaux":["17290"],"code_dep":"17","code_region":"75","population":828,"surface_km2":12.28,"lat":46.0541,"lon":-0.9705},{"code_insee":"17033","nom":"La Barde","codes_postaux":["17360"],"code_dep":"17","code_region":"75","population":504,"surface_km2":21.34,"lat":45.1271,"lon":-0.0636},{"code_insee":"17034","nom":"Barzan","codes_postaux":["17120"],"code_dep":"17","code_region":"75","population":475,"surface_km2":26.44,"lat":45.5102,"lon":-0.8897},{"code_insee":"17035","nom":"Bazauges","codes_postaux":["17490"],"code_dep":"17","code_region":"75","population":101,"surface_km2":8.17,"lat":45.9163,"lon":-0.1623},{"code_insee":"17036","nom":"Beaugeay","codes_postaux":["17620"],"code_dep":"17","code_region":"75","population":794,"surface_km2":14.58,"lat":45.8718,"lon":-1.01},{"code_insee":"17037","nom":"Beauvais-sur-Matha","codes_postaux":["17490"],"code_dep":"17","code_region":"75","population":638,"surface_km2":12.62,"lat":45.8914,"lon":-0.1729},{"code_insee":"17038","nom":"Bedenac","codes_postaux":["17210"],"code_dep":"17","code_region":"75","population":699,"surface_km2":40.26,"lat":45.1799,"lon":-0.3109},{"code_insee":"17039","nom":"Belluire","codes_postaux":["17800"],"code_dep":"17","code_region":"75","population":214,"surface_km2":4.51,"lat":45.5282,"lon":-0.5582},{"code_insee":"17041","nom":"Benon","codes_postaux":["17170"],"code_dep":"17","code_region":"75","population":1859,"surface_km2":47.53,"lat":46.2004,"lon":-0.7938},{"code_insee":"17042","nom":"Bercloux","codes_postaux":["17770"],"code_dep":"17","code_region":"75","population":448,"surface_km2":9.61,"lat":45.8401,"lon":-0.4596},{"code_insee":"17043","nom":"Bernay-Saint-Martin","codes_postaux":["17330"],"code_dep":"17","code_region":"75","population":770,"surface_km2":25.24,"lat":46.0696,"lon":-0.6216},{"code_insee":"17044","nom":"Berneuil","codes_postaux":["17460"],"code_dep":"17","code_region":"75","population":1169,"surface_km2":25.6,"lat":45.6623,"lon":-0.5941},{"code_insee":"17045","nom":"Beurlay","codes_postaux":["17250"],"code_dep":"17","code_region":"75","population":994,"surface_km2":9.82,"lat":45.8639,"lon":-0.8466},{"code_insee":"17046","nom":"Bignay","codes_postaux":["17400"],"code_dep":"17","code_region":"75","population":359,"surface_km2":8.73,"lat":45.9206,"lon":-0.6024},{"code_insee":"17047","nom":"Biron","codes_postaux":["17800"],"code_dep":"17","code_region":"75","population":243,"surface_km2":8.6,"lat":45.5679,"lon":-0.4854},{"code_insee":"17048","nom":"Blanzac-lès-Matha","codes_postaux":["17160"],"code_dep":"17","code_region":"75","population":345,"surface_km2":9.58,"lat":45.875,"lon":-0.354},{"code_insee":"17049","nom":"Blanzay-sur-Boutonne","codes_postaux":["17470"],"code_dep":"17","code_region":"75","population":76,"surface_km2":5.8,"lat":46.0537,"lon":-0.4205},{"code_insee":"17050","nom":"Bois","codes_postaux":["17240"],"code_dep":"17","code_region":"75","population":523,"surface_km2":21.35,"lat":45.4801,"lon":-0.6161},{"code_insee":"17051","nom":"Le Bois-Plage-en-Ré","codes_postaux":["17580"],"code_dep":"17","code_region":"75","population":2125,"surface_km2":12.2,"lat":46.1811,"lon":-1.3782},{"code_insee":"17052","nom":"Boisredon","codes_postaux":["17150"],"code_dep":"17","code_region":"75","population":711,"surface_km2":21.99,"lat":45.3189,"lon":-0.5432},{"code_insee":"17053","nom":"Bords","codes_postaux":["17430"],"code_dep":"17","code_region":"75","population":1375,"surface_km2":15.64,"lat":45.8956,"lon":-0.7824},{"code_insee":"17054","nom":"Boresse-et-Martron","codes_postaux":["17270"],"code_dep":"17","code_region":"75","population":200,"surface_km2":11.25,"lat":45.2715,"lon":-0.1283},{"code_insee":"17055","nom":"Boscamnant","codes_postaux":["17360"],"code_dep":"17","code_region":"75","population":330,"surface_km2":14.08,"lat":45.1928,"lon":-0.0698},{"code_insee":"17056","nom":"Bougneau","codes_postaux":["17800"],"code_dep":"17","code_region":"75","population":655,"surface_km2":14.78,"lat":45.5994,"lon":-0.5049},{"code_insee":"17057","nom":"Bouhet","codes_postaux":["17540"],"code_dep":"17","code_region":"75","population":903,"surface_km2":15.24,"lat":46.1625,"lon":-0.8526},{"code_insee":"17058","nom":"Bourcefranc-le-Chapus","codes_postaux":["17560"],"code_dep":"17","code_region":"75","population":3486,"surface_km2":12.77,"lat":45.8455,"lon":-1.1369},{"code_insee":"17059","nom":"Bourgneuf","codes_postaux":["17220"],"code_dep":"17","code_region":"75","population":1463,"surface_km2":2.57,"lat":46.1672,"lon":-1.0224},{"code_insee":"17060","nom":"Boutenac-Touvent","codes_postaux":["17120"],"code_dep":"17","code_region":"75","population":230,"surface_km2":3.18,"lat":45.4996,"lon":-0.7622},{"code_insee":"17061","nom":"Bran","codes_postaux":["17210"],"code_dep":"17","code_region":"75","population":137,"surface_km2":4.22,"lat":45.3497,"lon":-0.2619},{"code_insee":"17062","nom":"Bresdon","codes_postaux":["17490"],"code_dep":"17","code_region":"75","population":231,"surface_km2":16.85,"lat":45.8665,"lon":-0.1431},{"code_insee":"17063","nom":"Breuil-la-Réorte","codes_postaux":["17700"],"code_dep":"17","code_region":"75","population":470,"surface_km2":16.15,"lat":46.0631,"lon":-0.6923},{"code_insee":"17064","nom":"Breuillet","codes_postaux":["17920"],"code_dep":"17","code_region":"75","population":3058,"surface_km2":20.42,"lat":45.7005,"lon":-1.054},{"code_insee":"17065","nom":"Breuil-Magné","codes_postaux":["17870"],"code_dep":"17","code_region":"75","population":1926,"surface_km2":22.4,"lat":45.9944,"lon":-0.966},{"code_insee":"17066","nom":"Brie-sous-Archiac","codes_postaux":["17520"],"code_dep":"17","code_region":"75","population":223,"surface_km2":7.58,"lat":45.4722,"lon":-0.3026},{"code_insee":"17067","nom":"Brie-sous-Matha","codes_postaux":["17160"],"code_dep":"17","code_region":"75","population":163,"surface_km2":6.36,"lat":45.8187,"lon":-0.2527},{"code_insee":"17068","nom":"Brie-sous-Mortagne","codes_postaux":["17120"],"code_dep":"17","code_region":"75","population":234,"surface_km2":7.31,"lat":45.5021,"lon":-0.7381},{"code_insee":"17069","nom":"Brives-sur-Charente","codes_postaux":["17800"],"code_dep":"17","code_region":"75","population":213,"surface_km2":5.99,"lat":45.6666,"lon":-0.4568},{"code_insee":"17070","nom":"Brizambourg","codes_postaux":["17770"],"code_dep":"17","code_region":"75","population":997,"surface_km2":21.99,"lat":45.8048,"lon":-0.4702},{"code_insee":"17071","nom":"La Brousse","codes_postaux":["17160"],"code_dep":"17","code_region":"75","population":516,"surface_km2":18.86,"lat":45.9006,"lon":-0.3684},{"code_insee":"17072","nom":"Burie","codes_postaux":["17770"],"code_dep":"17","code_region":"75","population":1338,"surface_km2":9.22,"lat":45.778,"lon":-0.4294},{"code_insee":"17073","nom":"Bussac-sur-Charente","codes_postaux":["17100"],"code_dep":"17","code_region":"75","population":1321,"surface_km2":10.1,"lat":45.7906,"lon":-0.6259},{"code_insee":"17074","nom":"Bussac-Forêt","codes_postaux":["17210"],"code_dep":"17","code_region":"75","population":1074,"surface_km2":35.18,"lat":45.1928,"lon":-0.3774},{"code_insee":"17075","nom":"Cabariot","codes_postaux":["17430"],"code_dep":"17","code_region":"75","population":1481,"surface_km2":15.24,"lat":45.9318,"lon":-0.8492},{"code_insee":"17076","nom":"Celles","codes_postaux":["17520"],"code_dep":"17","code_region":"75","population":329,"surface_km2":5.98,"lat":45.6098,"lon":-0.384},{"code_insee":"17077","nom":"Cercoux","codes_postaux":["17270"],"code_dep":"17","code_region":"75","population":1302,"surface_km2":42.05,"lat":45.1273,"lon":-0.2144},{"code_insee":"17078","nom":"Chadenac","codes_postaux":["17800"],"code_dep":"17","code_region":"75","population":518,"surface_km2":14.05,"lat":45.5473,"lon":-0.4512},{"code_insee":"17079","nom":"Chaillevette","codes_postaux":["17890"],"code_dep":"17","code_region":"75","population":1664,"surface_km2":9.57,"lat":45.7316,"lon":-1.0682},{"code_insee":"17080","nom":"Chambon","codes_postaux":["17290"],"code_dep":"17","code_region":"75","population":983,"surface_km2":18.69,"lat":46.1091,"lon":-0.8413},{"code_insee":"17081","nom":"Chamouillac","codes_postaux":["17130"],"code_dep":"17","code_region":"75","population":370,"surface_km2":8.25,"lat":45.3058,"lon":-0.4605},{"code_insee":"17082","nom":"Champagnac","codes_postaux":["17500"],"code_dep":"17","code_region":"75","population":488,"surface_km2":12.93,"lat":45.4324,"lon":-0.3785},{"code_insee":"17083","nom":"Champagne","codes_postaux":["17620"],"code_dep":"17","code_region":"75","population":651,"surface_km2":19.53,"lat":45.8321,"lon":-0.9154},{"code_insee":"17084","nom":"Champagnolles","codes_postaux":["17240"],"code_dep":"17","code_region":"75","population":687,"surface_km2":17.27,"lat":45.509,"lon":-0.6462},{"code_insee":"17085","nom":"Champdolent","codes_postaux":["17430"],"code_dep":"17","code_region":"75","population":425,"surface_km2":12.08,"lat":45.9135,"lon":-0.7797},{"code_insee":"17086","nom":"Chaniers","codes_postaux":["17610"],"code_dep":"17","code_region":"75","population":3651,"surface_km2":26.52,"lat":45.734,"lon":-0.5566},{"code_insee":"17087","nom":"Chantemerle-sur-la-Soie","codes_postaux":["17380"],"code_dep":"17","code_region":"75","population":209,"surface_km2":5.78,"lat":45.9723,"lon":-0.6483},{"code_insee":"17089","nom":"La Chapelle-des-Pots","codes_postaux":["17100"],"code_dep":"17","code_region":"75","population":1019,"surface_km2":10.29,"lat":45.7627,"lon":-0.5367},{"code_insee":"17091","nom":"Charron","codes_postaux":["17230"],"code_dep":"17","code_region":"75","population":2021,"surface_km2":35.16,"lat":46.2933,"lon":-1.0737},{"code_insee":"17092","nom":"Chartuzac","codes_postaux":["17130"],"code_dep":"17","code_region":"75","population":164,"surface_km2":2.42,"lat":45.3374,"lon":-0.4154},{"code_insee":"17093","nom":"Le Château-d'Oléron","codes_postaux":["17480"],"code_dep":"17","code_region":"75","population":4366,"surface_km2":15.61,"lat":45.8786,"lon":-1.2182},{"code_insee":"17094","nom":"Châtelaillon-Plage","codes_postaux":["17340"],"code_dep":"17","code_region":"75","population":6653,"surface_km2":6.74,"lat":46.0738,"lon":-1.0804},{"code_insee":"17095","nom":"Chatenet","codes_postaux":["17210"],"code_dep":"17","code_region":"75","population":221,"surface_km2":9.67,"lat":45.2995,"lon":-0.2874},{"code_insee":"17096","nom":"Chaunac","codes_postaux":["17130"],"code_dep":"17","code_region":"75","population":67,"surface_km2":2.23,"lat":45.3592,"lon":-0.3605},{"code_insee":"17097","nom":"Le Chay","codes_postaux":["17600"],"code_dep":"17","code_region":"75","population":840,"surface_km2":12.25,"lat":45.6409,"lon":-0.8995},{"code_insee":"17098","nom":"Chenac-Saint-Seurin-d'Uzet","codes_postaux":["17120"],"code_dep":"17","code_region":"75","population":606,"surface_km2":40.81,"lat":45.4964,"lon":-0.8214},{"code_insee":"17099","nom":"Chepniers","codes_postaux":["17210"],"code_dep":"17","code_region":"75","population":697,"surface_km2":28.13,"lat":45.2487,"lon":-0.3247},{"code_insee":"17100","nom":"Chérac","codes_postaux":["17610"],"code_dep":"17","code_region":"75","population":1130,"surface_km2":29.86,"lat":45.7102,"lon":-0.4473},{"code_insee":"17101","nom":"Cherbonnières","codes_postaux":["17470"],"code_dep":"17","code_region":"75","population":347,"surface_km2":16.75,"lat":45.9656,"lon":-0.3411},{"code_insee":"17102","nom":"Chermignac","codes_postaux":["17460"],"code_dep":"17","code_region":"75","population":1265,"surface_km2":13.51,"lat":45.6912,"lon":-0.6784},{"code_insee":"17104","nom":"Chevanceaux","codes_postaux":["17210"],"code_dep":"17","code_region":"75","population":1065,"surface_km2":22.18,"lat":45.3012,"lon":-0.2032},{"code_insee":"17105","nom":"Chives","codes_postaux":["17510"],"code_dep":"17","code_region":"75","population":317,"surface_km2":20.65,"lat":45.9526,"lon":-0.1216},{"code_insee":"17106","nom":"Cierzac","codes_postaux":["17520"],"code_dep":"17","code_region":"75","population":323,"surface_km2":5.43,"lat":45.561,"lon":-0.3118},{"code_insee":"17107","nom":"Ciré-d'Aunis","codes_postaux":["17290"],"code_dep":"17","code_region":"75","population":1583,"surface_km2":25.87,"lat":46.041,"lon":-0.9346},{"code_insee":"17108","nom":"Clam","codes_postaux":["17500"],"code_dep":"17","code_region":"75","population":418,"surface_km2":6.96,"lat":45.4928,"lon":-0.4425},{"code_insee":"17109","nom":"Clavette","codes_postaux":["17220"],"code_dep":"17","code_region":"75","population":1406,"surface_km2":6.31,"lat":46.1444,"lon":-1.0354},{"code_insee":"17110","nom":"Clérac","codes_postaux":["17270"],"code_dep":"17","code_region":"75","population":1074,"surface_km2":43.55,"lat":45.1734,"lon":-0.2376},{"code_insee":"17111","nom":"Clion","codes_postaux":["17240"],"code_dep":"17","code_region":"75","population":843,"surface_km2":15.98,"lat":45.473,"lon":-0.5096},{"code_insee":"17112","nom":"La Clisse","codes_postaux":["17600"],"code_dep":"17","code_region":"75","population":759,"surface_km2":5.26,"lat":45.7317,"lon":-0.7544},{"code_insee":"17113","nom":"La Clotte","codes_postaux":["17360"],"code_dep":"17","code_region":"75","population":708,"surface_km2":17.91,"lat":45.1175,"lon":-0.1404},{"code_insee":"17114","nom":"Coivert","codes_postaux":["17330"],"code_dep":"17","code_region":"75","population":190,"surface_km2":14.99,"lat":46.0668,"lon":-0.4576},{"code_insee":"17115","nom":"Colombiers","codes_postaux":["17460"],"code_dep":"17","code_region":"75","population":306,"surface_km2":7.21,"lat":45.6473,"lon":-0.5561},{"code_insee":"17116","nom":"Consac","codes_postaux":["17150"],"code_dep":"17","code_region":"75","population":236,"surface_km2":9.09,"lat":45.4184,"lon":-0.5899},{"code_insee":"17117","nom":"Contré","codes_postaux":["17470"],"code_dep":"17","code_region":"75","population":135,"surface_km2":12.34,"lat":46.0128,"lon":-0.2632},{"code_insee":"17118","nom":"Corignac","codes_postaux":["17130"],"code_dep":"17","code_region":"75","population":326,"surface_km2":11.16,"lat":45.2423,"lon":-0.3923},{"code_insee":"17119","nom":"Corme-Écluse","codes_postaux":["17600"],"code_dep":"17","code_region":"75","population":1295,"surface_km2":17.63,"lat":45.6326,"lon":-0.8594},{"code_insee":"17120","nom":"Corme-Royal","codes_postaux":["17600"],"code_dep":"17","code_region":"75","population":1997,"surface_km2":27.26,"lat":45.7494,"lon":-0.8033},{"code_insee":"17121","nom":"La Couarde-sur-Mer","codes_postaux":["17670"],"code_dep":"17","code_region":"75","population":1112,"surface_km2":8.77,"lat":46.1994,"lon":-1.4403},{"code_insee":"17122","nom":"Coulonges","codes_postaux":["17800"],"code_dep":"17","code_region":"75","population":222,"surface_km2":9.26,"lat":45.6091,"lon":-0.4324},{"code_insee":"17124","nom":"Courant","codes_postaux":["17330"],"code_dep":"17","code_region":"75","population":445,"surface_km2":15.77,"lat":46.0367,"lon":-0.5932},{"code_insee":"17125","nom":"Courcelles","codes_postaux":["17400"],"code_dep":"17","code_region":"75","population":455,"surface_km2":6.76,"lat":45.9573,"lon":-0.4816},{"code_insee":"17126","nom":"Courcerac","codes_postaux":["17160"],"code_dep":"17","code_region":"75","population":316,"surface_km2":6.35,"lat":45.8387,"lon":-0.3637},{"code_insee":"17127","nom":"Courçon","codes_postaux":["17170"],"code_dep":"17","code_region":"75","population":2091,"surface_km2":19.24,"lat":46.2573,"lon":-0.7928},{"code_insee":"17128","nom":"Courcoury","codes_postaux":["17100"],"code_dep":"17","code_region":"75","population":721,"surface_km2":12.78,"lat":45.7025,"lon":-0.5675},{"code_insee":"17129","nom":"Courpignac","codes_postaux":["17130"],"code_dep":"17","code_region":"75","population":421,"surface_km2":14.88,"lat":45.3157,"lon":-0.4985},{"code_insee":"17130","nom":"Coux","codes_postaux":["17130"],"code_dep":"17","code_region":"75","population":480,"surface_km2":13.3,"lat":45.3216,"lon":-0.4094},{"code_insee":"17131","nom":"Cozes","codes_postaux":["17120"],"code_dep":"17","code_region":"75","population":2287,"surface_km2":16.65,"lat":45.5734,"lon":-0.8284},{"code_insee":"17132","nom":"Cram-Chaban","codes_postaux":["17170"],"code_dep":"17","code_region":"75","population":654,"surface_km2":16.04,"lat":46.2198,"lon":-0.7159},{"code_insee":"17133","nom":"Cravans","codes_postaux":["17260"],"code_dep":"17","code_region":"75","population":845,"surface_km2":14.78,"lat":45.5954,"lon":-0.7138},{"code_insee":"17134","nom":"Crazannes","codes_postaux":["17350"],"code_dep":"17","code_region":"75","population":442,"surface_km2":4.87,"lat":45.8506,"lon":-0.7046},{"code_insee":"17135","nom":"Cressé","codes_postaux":["17160"],"code_dep":"17","code_region":"75","population":225,"surface_km2":10.96,"lat":45.9149,"lon":-0.2145},{"code_insee":"17136","nom":"Croix-Chapeau","codes_postaux":["17220"],"code_dep":"17","code_region":"75","population":1418,"surface_km2":4.88,"lat":46.1023,"lon":-0.9985},{"code_insee":"17137","nom":"La Croix-Comtesse","codes_postaux":["17330"],"code_dep":"17","code_region":"75","population":223,"surface_km2":2.65,"lat":46.0817,"lon":-0.5056},{"code_insee":"17138","nom":"Dampierre-sur-Boutonne","codes_postaux":["17470"],"code_dep":"17","code_region":"75","population":267,"surface_km2":14.11,"lat":46.0746,"lon":-0.3893},{"code_insee":"17139","nom":"Dœuil-sur-le-Mignon","codes_postaux":["17330"],"code_dep":"17","code_region":"75","population":373,"surface_km2":19.55,"lat":46.1247,"lon":-0.5468},{"code_insee":"17140","nom":"Dolus-d'Oléron","codes_postaux":["17550"],"code_dep":"17","code_region":"75","population":3199,"surface_km2":28.85,"lat":45.9069,"lon":-1.2583},{"code_insee":"17141","nom":"Dompierre-sur-Charente","codes_postaux":["17610"],"code_dep":"17","code_region":"75","population":477,"surface_km2":8.34,"lat":45.7083,"lon":-0.4978},{"code_insee":"17142","nom":"Dompierre-sur-Mer","codes_postaux":["17139"],"code_dep":"17","code_region":"75","population":6315,"surface_km2":18.4,"lat":46.188,"lon":-1.0654},{"code_insee":"17143","nom":"Le Douhet","codes_postaux":["17100"],"code_dep":"17","code_region":"75","population":708,"surface_km2":18.57,"lat":45.8082,"lon":-0.5793},{"code_insee":"17145","nom":"Échebrune","codes_postaux":["17800"],"code_dep":"17","code_region":"75","population":480,"surface_km2":17.34,"lat":45.5923,"lon":-0.4514},{"code_insee":"17146","nom":"Échillais","codes_postaux":["17620"],"code_dep":"17","code_region":"75","population":3765,"surface_km2":15.0,"lat":45.9022,"lon":-0.9554},{"code_insee":"17147","nom":"Écoyeux","codes_postaux":["17770"],"code_dep":"17","code_region":"75","population":1365,"surface_km2":20.42,"lat":45.8149,"lon":-0.5189},{"code_insee":"17148","nom":"Écurat","codes_postaux":["17810"],"code_dep":"17","code_region":"75","population":438,"surface_km2":10.56,"lat":45.7953,"lon":-0.6968},{"code_insee":"17149","nom":"Les Éduts","codes_postaux":["17510"],"code_dep":"17","code_region":"75","population":57,"surface_km2":8.13,"lat":45.9988,"lon":-0.2055},{"code_insee":"17150","nom":"Les Églises-d'Argenteuil","codes_postaux":["17400"],"code_dep":"17","code_region":"75","population":537,"surface_km2":14.4,"lat":45.9752,"lon":-0.4251},{"code_insee":"17151","nom":"L'Éguille","codes_postaux":["17600"],"code_dep":"17","code_region":"75","population":910,"surface_km2":5.63,"lat":45.6997,"lon":-0.9837},{"code_insee":"17152","nom":"Épargnes","codes_postaux":["17120"],"code_dep":"17","code_region":"75","population":947,"surface_km2":23.76,"lat":45.547,"lon":-0.8},{"code_insee":"17153","nom":"Esnandes","codes_postaux":["17137"],"code_dep":"17","code_region":"75","population":2224,"surface_km2":7.65,"lat":46.2471,"lon":-1.1169},{"code_insee":"17154","nom":"Les Essards","codes_postaux":["17250"],"code_dep":"17","code_region":"75","population":740,"surface_km2":9.71,"lat":45.7948,"lon":-0.7753},{"code_insee":"17155","nom":"Étaules","codes_postaux":["17750"],"code_dep":"17","code_region":"75","population":2857,"surface_km2":12.01,"lat":45.7273,"lon":-1.1054},{"code_insee":"17156","nom":"Expiremont","codes_postaux":["17130"],"code_dep":"17","code_region":"75","population":112,"surface_km2":5.73,"lat":45.3323,"lon":-0.3746},{"code_insee":"17157","nom":"Fenioux","codes_postaux":["17350"],"code_dep":"17","code_region":"75","population":158,"surface_km2":9.45,"lat":45.8901,"lon":-0.5865},{"code_insee":"17158","nom":"Ferrières","codes_postaux":["17170"],"code_dep":"17","code_region":"75","population":1573,"surface_km2":7.61,"lat":46.2264,"lon":-0.8576},{"code_insee":"17159","nom":"Fléac-sur-Seugne","codes_postaux":["17800"],"code_dep":"17","code_region":"75","population":361,"surface_km2":8.5,"lat":45.5318,"lon":-0.5242},{"code_insee":"17160","nom":"Floirac","codes_postaux":["17120","17240"],"code_dep":"17","code_region":"75","population":420,"surface_km2":31.73,"lat":45.4586,"lon":-0.7744},{"code_insee":"17161","nom":"La Flotte","codes_postaux":["17630"],"code_dep":"17","code_region":"75","population":3150,"surface_km2":12.25,"lat":46.1829,"lon":-1.3194},{"code_insee":"17162","nom":"Fontaine-Chalendray","codes_postaux":["17510"],"code_dep":"17","code_region":"75","population":237,"surface_km2":19.02,"lat":45.9479,"lon":-0.179},{"code_insee":"17163","nom":"Fontaines-d'Ozillac","codes_postaux":["17500"],"code_dep":"17","code_region":"75","population":510,"surface_km2":13.94,"lat":45.3796,"lon":-0.3874},{"code_insee":"17164","nom":"Fontcouverte","codes_postaux":["17100"],"code_dep":"17","code_region":"75","population":2330,"surface_km2":11.78,"lat":45.7673,"lon":-0.5895},{"code_insee":"17165","nom":"Fontenet","codes_postaux":["17400"],"code_dep":"17","code_region":"75","population":391,"surface_km2":10.2,"lat":45.9073,"lon":-0.4651},{"code_insee":"17166","nom":"Forges","codes_postaux":["17290"],"code_dep":"17","code_region":"75","population":1308,"surface_km2":13.7,"lat":46.1108,"lon":-0.8924},{"code_insee":"17167","nom":"Le Fouilloux","codes_postaux":["17270"],"code_dep":"17","code_region":"75","population":755,"surface_km2":29.7,"lat":45.2078,"lon":-0.1263},{"code_insee":"17168","nom":"Fouras","codes_postaux":["17450"],"code_dep":"17","code_region":"75","population":4148,"surface_km2":10.06,"lat":45.9819,"lon":-1.0913},{"code_insee":"17171","nom":"Geay","codes_postaux":["17250"],"code_dep":"17","code_region":"75","population":788,"surface_km2":15.99,"lat":45.8595,"lon":-0.7543},{"code_insee":"17172","nom":"Gémozac","codes_postaux":["17260"],"code_dep":"17","code_region":"75","population":3052,"surface_km2":32.16,"lat":45.5616,"lon":-0.6901},{"code_insee":"17173","nom":"La Genétouze","codes_postaux":["17360"],"code_dep":"17","code_region":"75","population":217,"surface_km2":37.12,"lat":45.2178,"lon":-0.0527},{"code_insee":"17174","nom":"Genouillé","codes_postaux":["17430"],"code_dep":"17","code_region":"75","population":872,"surface_km2":34.63,"lat":46.0236,"lon":-0.7757},{"code_insee":"17175","nom":"Germignac","codes_postaux":["17520"],"code_dep":"17","code_region":"75","population":653,"surface_km2":14.36,"lat":45.5613,"lon":-0.3459},{"code_insee":"17176","nom":"Gibourne","codes_postaux":["17160"],"code_dep":"17","code_region":"75","population":103,"surface_km2":11.05,"lat":45.9291,"lon":-0.3117},{"code_insee":"17177","nom":"Le Gicq","codes_postaux":["17160"],"code_dep":"17","code_region":"75","population":121,"surface_km2":6.01,"lat":45.9366,"lon":-0.2554},{"code_insee":"17178","nom":"Givrezac","codes_postaux":["17260"],"code_dep":"17","code_region":"75","population":74,"surface_km2":2.71,"lat":45.5415,"lon":-0.6318},{"code_insee":"17179","nom":"Les Gonds","codes_postaux":["17100"],"code_dep":"17","code_region":"75","population":1740,"surface_km2":13.06,"lat":45.7068,"lon":-0.6066},{"code_insee":"17180","nom":"Gourvillette","codes_postaux":["17490"],"code_dep":"17","code_region":"75","population":116,"surface_km2":8.03,"lat":45.8905,"lon":-0.224},{"code_insee":"17181","nom":"Grandjean","codes_postaux":["17350"],"code_dep":"17","code_region":"75","population":308,"surface_km2":6.07,"lat":45.8771,"lon":-0.5967},{"code_insee":"17182","nom":"La Grève-sur-Mignon","codes_postaux":["17170"],"code_dep":"17","code_region":"75","population":577,"surface_km2":11.57,"lat":46.2507,"lon":-0.7604},{"code_insee":"17183","nom":"Grézac","codes_postaux":["17120"],"code_dep":"17","code_region":"75","population":955,"surface_km2":20.18,"lat":45.6069,"lon":-0.8378},{"code_insee":"17184","nom":"La Gripperie-Saint-Symphorien","codes_postaux":["17620"],"code_dep":"17","code_region":"75","population":604,"surface_km2":18.6,"lat":45.7909,"lon":-0.9538},{"code_insee":"17185","nom":"Le Gua","codes_postaux":["17600"],"code_dep":"17","code_region":"75","population":2129,"surface_km2":37.72,"lat":45.7236,"lon":-0.9673},{"code_insee":"17186","nom":"Le Gué-d'Alleré","codes_postaux":["17540"],"code_dep":"17","code_region":"75","population":1113,"surface_km2":7.67,"lat":46.1862,"lon":-0.8708},{"code_insee":"17187","nom":"Guitinières","codes_postaux":["17500"],"code_dep":"17","code_region":"75","population":479,"surface_km2":9.24,"lat":45.4431,"lon":-0.5111},{"code_insee":"17188","nom":"Haimps","codes_postaux":["17160"],"code_dep":"17","code_region":"75","population":448,"surface_km2":18.6,"lat":45.8614,"lon":-0.2521},{"code_insee":"17190","nom":"L'Houmeau","codes_postaux":["17137"],"code_dep":"17","code_region":"75","population":3000,"surface_km2":4.36,"lat":46.1935,"lon":-1.1841},{"code_insee":"17191","nom":"La Jard","codes_postaux":["17460"],"code_dep":"17","code_region":"75","population":426,"surface_km2":8.45,"lat":45.6583,"lon":-0.5739},{"code_insee":"17192","nom":"Jarnac-Champagne","codes_postaux":["17520"],"code_dep":"17","code_region":"75","population":878,"surface_km2":21.79,"lat":45.5549,"lon":-0.401},{"code_insee":"17193","nom":"La Jarne","codes_postaux":["17220"],"code_dep":"17","code_region":"75","population":2637,"surface_km2":8.56,"lat":46.1215,"lon":-1.074},{"code_insee":"17194","nom":"La Jarrie","codes_postaux":["17220"],"code_dep":"17","code_region":"75","population":3458,"surface_km2":9.54,"lat":46.1221,"lon":-1.0107},{"code_insee":"17195","nom":"La Jarrie-Audouin","codes_postaux":["17330"],"code_dep":"17","code_region":"75","population":270,"surface_km2":8.47,"lat":46.035,"lon":-0.4791},{"code_insee":"17196","nom":"Jazennes","codes_postaux":["17260"],"code_dep":"17","code_region":"75","population":542,"surface_km2":10.87,"lat":45.5851,"lon":-0.6148},{"code_insee":"17197","nom":"Jonzac","codes_postaux":["17500"],"code_dep":"17","code_region":"75","population":3602,"surface_km2":13.05,"lat":45.4413,"lon":-0.4237},{"code_insee":"17198","nom":"Juicq","codes_postaux":["17770"],"code_dep":"17","code_region":"75","population":320,"surface_km2":9.4,"lat":45.8403,"lon":-0.579},{"code_insee":"17199","nom":"Jussas","codes_postaux":["17130"],"code_dep":"17","code_region":"75","population":155,"surface_km2":9.2,"lat":45.2742,"lon":-0.3567},{"code_insee":"17200","nom":"Lagord","codes_postaux":["17140"],"code_dep":"17","code_region":"75","population":7802,"surface_km2":8.01,"lat":46.1851,"lon":-1.1522},{"code_insee":"17201","nom":"La Laigne","codes_postaux":["17170"],"code_dep":"17","code_region":"75","population":500,"surface_km2":4.34,"lat":46.2168,"lon":-0.7562},{"code_insee":"17202","nom":"Landes","codes_postaux":["17380"],"code_dep":"17","code_region":"75","population":575,"surface_km2":16.04,"lat":45.9984,"lon":-0.6012},{"code_insee":"17203","nom":"Landrais","codes_postaux":["17290"],"code_dep":"17","code_region":"75","population":797,"surface_km2":15.62,"lat":46.0681,"lon":-0.8622},{"code_insee":"17204","nom":"Léoville","codes_postaux":["17500"],"code_dep":"17","code_region":"75","population":300,"surface_km2":10.26,"lat":45.3764,"lon":-0.3317},{"code_insee":"17205","nom":"Loire-les-Marais","codes_postaux":["17870"],"code_dep":"17","code_region":"75","population":381,"surface_km2":12.43,"lat":45.986,"lon":-0.9272},{"code_insee":"17206","nom":"Loiré-sur-Nie","codes_postaux":["17470"],"code_dep":"17","code_region":"75","population":283,"surface_km2":14.54,"lat":45.9593,"lon":-0.2901},{"code_insee":"17207","nom":"Loix","codes_postaux":["17111"],"code_dep":"17","code_region":"75","population":745,"surface_km2":6.27,"lat":46.2202,"lon":-1.4468},{"code_insee":"17208","nom":"Longèves","codes_postaux":["17230"],"code_dep":"17","code_region":"75","population":1052,"surface_km2":13.15,"lat":46.2408,"lon":-0.9755},{"code_insee":"17209","nom":"Lonzac","codes_postaux":["17520"],"code_dep":"17","code_region":"75","population":267,"surface_km2":6.28,"lat":45.5917,"lon":-0.3955},{"code_insee":"17210","nom":"Lorignac","codes_postaux":["17240"],"code_dep":"17","code_region":"75","population":499,"surface_km2":17.67,"lat":45.4606,"lon":-0.6752},{"code_insee":"17211","nom":"Loulay","codes_postaux":["17330"],"code_dep":"17","code_region":"75","population":760,"surface_km2":7.36,"lat":46.0445,"lon":-0.5129},{"code_insee":"17212","nom":"Louzignac","codes_postaux":["17160"],"code_dep":"17","code_region":"75","population":176,"surface_km2":6.14,"lat":45.832,"lon":-0.2285},{"code_insee":"17213","nom":"Lozay","codes_postaux":["17330"],"code_dep":"17","code_region":"75","population":165,"surface_km2":11.91,"lat":46.0455,"lon":-0.5434},{"code_insee":"17214","nom":"Luchat","codes_postaux":["17600"],"code_dep":"17","code_region":"75","population":511,"surface_km2":4.75,"lat":45.7152,"lon":-0.7605},{"code_insee":"17215","nom":"Lussac","codes_postaux":["17500"],"code_dep":"17","code_region":"75","population":39,"surface_km2":1.75,"lat":45.4672,"lon":-0.4741},{"code_insee":"17216","nom":"Lussant","codes_postaux":["17430"],"code_dep":"17","code_region":"75","population":1004,"surface_km2":9.0,"lat":45.9429,"lon":-0.8235},{"code_insee":"17217","nom":"Macqueville","codes_postaux":["17490"],"code_dep":"17","code_region":"75","population":297,"surface_km2":11.29,"lat":45.7964,"lon":-0.2042},{"code_insee":"17218","nom":"Marans","codes_postaux":["17230"],"code_dep":"17","code_region":"75","population":4476,"surface_km2":83.87,"lat":46.3139,"lon":-0.9891},{"code_insee":"17219","nom":"Marennes-Hiers-Brouage","codes_postaux":["17320"],"code_dep":"17","code_region":"75","population":6163,"surface_km2":52.8,"lat":45.8328,"lon":-1.0702},{"code_insee":"17220","nom":"Marignac","codes_postaux":["17800"],"code_dep":"17","code_region":"75","population":412,"surface_km2":13.49,"lat":45.5189,"lon":-0.4699},{"code_insee":"17221","nom":"Marsais","codes_postaux":["17700"],"code_dep":"17","code_region":"75","population":981,"surface_km2":23.85,"lat":46.1213,"lon":-0.6141},{"code_insee":"17222","nom":"Marsilly","codes_postaux":["17137"],"code_dep":"17","code_region":"75","population":3176,"surface_km2":12.05,"lat":46.2289,"lon":-1.1375},{"code_insee":"17223","nom":"Massac","codes_postaux":["17490"],"code_dep":"17","code_region":"75","population":184,"surface_km2":9.22,"lat":45.8616,"lon":-0.2186},{"code_insee":"17224","nom":"Matha","codes_postaux":["17160"],"code_dep":"17","code_region":"75","population":2191,"surface_km2":19.29,"lat":45.8656,"lon":-0.3157},{"code_insee":"17225","nom":"Les Mathes","codes_postaux":["17570"],"code_dep":"17","code_region":"75","population":2180,"surface_km2":35.49,"lat":45.7056,"lon":-1.1776},{"code_insee":"17226","nom":"Mazeray","codes_postaux":["17400"],"code_dep":"17","code_region":"75","population":991,"surface_km2":19.62,"lat":45.9119,"lon":-0.5584},{"code_insee":"17227","nom":"Mazerolles","codes_postaux":["17800"],"code_dep":"17","code_region":"75","population":243,"surface_km2":5.17,"lat":45.5582,"lon":-0.5894},{"code_insee":"17228","nom":"Médis","codes_postaux":["17600"],"code_dep":"17","code_region":"75","population":3157,"surface_km2":23.65,"lat":45.6423,"lon":-0.9599},{"code_insee":"17229","nom":"Mérignac","codes_postaux":["17210"],"code_dep":"17","code_region":"75","population":237,"surface_km2":4.49,"lat":45.3297,"lon":-0.3025},{"code_insee":"17230","nom":"Meschers-sur-Gironde","codes_postaux":["17132"],"code_dep":"17","code_region":"75","population":3180,"surface_km2":28.24,"lat":45.5616,"lon":-0.9592},{"code_insee":"17231","nom":"Messac","codes_postaux":["17130"],"code_dep":"17","code_region":"75","population":102,"surface_km2":7.27,"lat":45.3492,"lon":-0.3147},{"code_insee":"17232","nom":"Meursac","codes_postaux":["17120"],"code_dep":"17","code_region":"75","population":1563,"surface_km2":26.44,"lat":45.6528,"lon":-0.8199},{"code_insee":"17233","nom":"Meux","codes_postaux":["17500"],"code_dep":"17","code_region":"75","population":327,"surface_km2":8.39,"lat":45.444,"lon":-0.3587},{"code_insee":"17234","nom":"Migré","codes_postaux":["17330"],"code_dep":"17","code_region":"75","population":347,"surface_km2":14.44,"lat":46.0808,"lon":-0.5585},{"code_insee":"17235","nom":"Migron","codes_postaux":["17770"],"code_dep":"17","code_region":"75","population":694,"surface_km2":15.04,"lat":45.8039,"lon":-0.4049},{"code_insee":"17236","nom":"Mirambeau","codes_postaux":["17150"],"code_dep":"17","code_region":"75","population":1520,"surface_km2":26.75,"lat":45.3645,"lon":-0.5715},{"code_insee":"17237","nom":"Moëze","codes_postaux":["17780"],"code_dep":"17","code_region":"75","population":600,"surface_km2":21.2,"lat":45.8902,"lon":-1.054},{"code_insee":"17239","nom":"Mons","codes_postaux":["17160"],"code_dep":"17","code_region":"75","population":445,"surface_km2":15.78,"lat":45.8053,"lon":-0.3372},{"code_insee":"17240","nom":"Montendre","codes_postaux":["17130"],"code_dep":"17","code_region":"75","population":3222,"surface_km2":25.81,"lat":45.2859,"lon":-0.3862},{"code_insee":"17241","nom":"Montguyon","codes_postaux":["17270"],"code_dep":"17","code_region":"75","population":1705,"surface_km2":18.25,"lat":45.2071,"lon":-0.1679},{"code_insee":"17242","nom":"Montils","codes_postaux":["17800"],"code_dep":"17","code_region":"75","population":867,"surface_km2":23.89,"lat":45.6576,"lon":-0.5083},{"code_insee":"17243","nom":"Montlieu-la-Garde","codes_postaux":["17210"],"code_dep":"17","code_region":"75","population":1310,"surface_km2":31.91,"lat":45.2286,"lon":-0.2748},{"code_insee":"17244","nom":"Montpellier-de-Médillan","codes_postaux":["17260"],"code_dep":"17","code_region":"75","population":700,"surface_km2":15.01,"lat":45.6323,"lon":-0.7538},{"code_insee":"17245","nom":"Montroy","codes_postaux":["17220"],"code_dep":"17","code_region":"75","population":963,"surface_km2":4.03,"lat":46.1547,"lon":-1.02},{"code_insee":"17246","nom":"Moragne","codes_postaux":["17430"],"code_dep":"17","code_region":"75","population":536,"surface_km2":12.25,"lat":45.9745,"lon":-0.7907},{"code_insee":"17247","nom":"Mornac-sur-Seudre","codes_postaux":["17113"],"code_dep":"17","code_region":"75","population":877,"surface_km2":9.76,"lat":45.7086,"lon":-1.017},{"code_insee":"17248","nom":"Mortagne-sur-Gironde","codes_postaux":["17120"],"code_dep":"17","code_region":"75","population":911,"surface_km2":34.57,"lat":45.4824,"lon":-0.7975},{"code_insee":"17249","nom":"Mortiers","codes_postaux":["17500"],"code_dep":"17","code_region":"75","population":173,"surface_km2":6.7,"lat":45.3987,"lon":-0.3227},{"code_insee":"17250","nom":"Mosnac","codes_postaux":["17240"],"code_dep":"17","code_region":"75","population":494,"surface_km2":12.74,"lat":45.5042,"lon":-0.539},{"code_insee":"17252","nom":"Le Mung","codes_postaux":["17350"],"code_dep":"17","code_region":"75","population":317,"surface_km2":7.52,"lat":45.8692,"lon":-0.7132},{"code_insee":"17253","nom":"Muron","codes_postaux":["17430"],"code_dep":"17","code_region":"75","population":1378,"surface_km2":39.7,"lat":46.0071,"lon":-0.8614},{"code_insee":"17254","nom":"Nachamps","codes_postaux":["17380"],"code_dep":"17","code_region":"75","population":206,"surface_km2":4.23,"lat":46.0222,"lon":-0.624},{"code_insee":"17255","nom":"Nancras","codes_postaux":["17600"],"code_dep":"17","code_region":"75","population":794,"surface_km2":3.07,"lat":45.751,"lon":-0.8764},{"code_insee":"17256","nom":"Nantillé","codes_postaux":["17770"],"code_dep":"17","code_region":"75","population":325,"surface_km2":10.91,"lat":45.8604,"lon":-0.4834},{"code_insee":"17257","nom":"Néré","codes_postaux":["17510"],"code_dep":"17","code_region":"75","population":669,"surface_km2":30.17,"lat":45.9805,"lon":-0.2397},{"code_insee":"17258","nom":"Neuillac","codes_postaux":["17520"],"code_dep":"17","code_region":"75","population":321,"surface_km2":10.46,"lat":45.5137,"lon":-0.399},{"code_insee":"17259","nom":"Neulles","codes_postaux":["17500"],"code_dep":"17","code_region":"75","population":165,"surface_km2":5.84,"lat":45.5107,"lon":-0.4294},{"code_insee":"17260","nom":"Neuvicq","codes_postaux":["17270"],"code_dep":"17","code_region":"75","population":378,"surface_km2":22.91,"lat":45.2642,"lon":-0.1702},{"code_insee":"17261","nom":"Neuvicq-le-Château","codes_postaux":["17490"],"code_dep":"17","code_region":"75","population":365,"surface_km2":15.16,"lat":45.8086,"lon":-0.1595},{"code_insee":"17262","nom":"Nieul-lès-Saintes","codes_postaux":["17810"],"code_dep":"17","code_region":"75","population":1186,"surface_km2":20.47,"lat":45.7535,"lon":-0.7428},{"code_insee":"17263","nom":"Nieul-le-Virouil","codes_postaux":["17150"],"code_dep":"17","code_region":"75","population":573,"surface_km2":22.59,"lat":45.416,"lon":-0.5235},{"code_insee":"17264","nom":"Nieul-sur-Mer","codes_postaux":["17137"],"code_dep":"17","code_region":"75","population":5811,"surface_km2":10.92,"lat":46.2097,"lon":-1.1631},{"code_insee":"17265","nom":"Nieulle-sur-Seudre","codes_postaux":["17600"],"code_dep":"17","code_region":"75","population":1220,"surface_km2":22.23,"lat":45.758,"lon":-1.0326},{"code_insee":"17266","nom":"Les Nouillers","codes_postaux":["17380"],"code_dep":"17","code_region":"75","population":722,"surface_km2":23.8,"lat":45.9349,"lon":-0.655},{"code_insee":"17267","nom":"Nuaillé-d'Aunis","codes_postaux":["17540"],"code_dep":"17","code_region":"75","population":1279,"surface_km2":16.48,"lat":46.2384,"lon":-0.9264},{"code_insee":"17268","nom":"Rives-de-Boutonne","codes_postaux":["17470"],"code_dep":"17","code_region":"75","population":419,"surface_km2":21.27,"lat":46.0307,"lon":-0.4043},{"code_insee":"17269","nom":"Orignolles","codes_postaux":["17210"],"code_dep":"17","code_region":"75","population":698,"surface_km2":13.86,"lat":45.2212,"lon":-0.236},{"code_insee":"17270","nom":"Ozillac","codes_postaux":["17500"],"code_dep":"17","code_region":"75","population":613,"surface_km2":15.87,"lat":45.4068,"lon":-0.4022},{"code_insee":"17271","nom":"Paillé","codes_postaux":["17470"],"code_dep":"17","code_region":"75","population":326,"surface_km2":12.59,"lat":45.9842,"lon":-0.3874},{"code_insee":"17273","nom":"Pérignac","codes_postaux":["17800"],"code_dep":"17","code_region":"75","population":965,"surface_km2":27.7,"lat":45.6363,"lon":-0.4607},{"code_insee":"17274","nom":"Périgny","codes_postaux":["17180"],"code_dep":"17","code_region":"75","population":8877,"surface_km2":11.01,"lat":46.1559,"lon":-1.0798},{"code_insee":"17275","nom":"Pessines","codes_postaux":["17810"],"code_dep":"17","code_region":"75","population":796,"surface_km2":9.13,"lat":45.7209,"lon":-0.7134},{"code_insee":"17276","nom":"Le Pin","codes_postaux":["17210"],"code_dep":"17","code_region":"75","population":71,"surface_km2":2.53,"lat":45.317,"lon":-0.2954},{"code_insee":"17277","nom":"Essouvert","codes_postaux":["17400"],"code_dep":"17","code_region":"75","population":1021,"surface_km2":30.27,"lat":45.9958,"lon":-0.5412},{"code_insee":"17278","nom":"Pisany","codes_postaux":["17600"],"code_dep":"17","code_region":"75","population":759,"surface_km2":6.69,"lat":45.7054,"lon":-0.7939},{"code_insee":"17279","nom":"Plassac","codes_postaux":["17240"],"code_dep":"17","code_region":"75","population":677,"surface_km2":15.62,"lat":45.4497,"lon":-0.5771},{"code_insee":"17280","nom":"Plassay","codes_postaux":["17250"],"code_dep":"17","code_region":"75","population":823,"surface_km2":17.05,"lat":45.8258,"lon":-0.7284},{"code_insee":"17281","nom":"Polignac","codes_postaux":["17210"],"code_dep":"17","code_region":"75","population":161,"surface_km2":4.71,"lat":45.2797,"lon":-0.3071},{"code_insee":"17282","nom":"Pommiers-Moulons","codes_postaux":["17130"],"code_dep":"17","code_region":"75","population":212,"surface_km2":9.59,"lat":45.3275,"lon":-0.3432},{"code_insee":"17283","nom":"Pons","codes_postaux":["17800"],"code_dep":"17","code_region":"75","population":4343,"surface_km2":27.81,"lat":45.5763,"lon":-0.5594},{"code_insee":"17284","nom":"Pont-l'Abbé-d'Arnoult","codes_postaux":["17250"],"code_dep":"17","code_region":"75","population":1811,"surface_km2":12.5,"lat":45.8255,"lon":-0.867},{"code_insee":"17285","nom":"Port-d'Envaux","codes_postaux":["17350"],"code_dep":"17","code_region":"75","population":1188,"surface_km2":22.63,"lat":45.8153,"lon":-0.6737},{"code_insee":"17286","nom":"Les Portes-en-Ré","codes_postaux":["17880"],"code_dep":"17","code_region":"75","population":577,"surface_km2":8.07,"lat":46.2423,"lon":-1.4988},{"code_insee":"17287","nom":"Pouillac","codes_postaux":["17210"],"code_dep":"17","code_region":"75","population":294,"surface_km2":4.63,"lat":45.2722,"lon":-0.2587},{"code_insee":"17288","nom":"Poursay-Garnaud","codes_postaux":["17400"],"code_dep":"17","code_region":"75","population":309,"surface_km2":5.26,"lat":45.9501,"lon":-0.4513},{"code_insee":"17289","nom":"Préguillac","codes_postaux":["17460"],"code_dep":"17","code_region":"75","population":444,"surface_km2":6.66,"lat":45.6679,"lon":-0.6267},{"code_insee":"17290","nom":"Prignac","codes_postaux":["17160"],"code_dep":"17","code_region":"75","population":282,"surface_km2":6.92,"lat":45.8319,"lon":-0.3482},{"code_insee":"17291","nom":"Puilboreau","codes_postaux":["17138"],"code_dep":"17","code_region":"75","population":6765,"surface_km2":8.01,"lat":46.1849,"lon":-1.1146},{"code_insee":"17292","nom":"Puy-du-Lac","codes_postaux":["17380"],"code_dep":"17","code_region":"75","population":523,"surface_km2":14.9,"lat":45.946,"lon":-0.7573},{"code_insee":"17293","nom":"Puyravault","codes_postaux":["17700"],"code_dep":"17","code_region":"75","population":747,"surface_km2":13.75,"lat":46.1387,"lon":-0.8181},{"code_insee":"17294","nom":"Puyrolland","codes_postaux":["17380"],"code_dep":"17","code_region":"75","population":182,"surface_km2":13.12,"lat":46.034,"lon":-0.6527},{"code_insee":"17295","nom":"Réaux sur Trèfle","codes_postaux":["17500"],"code_dep":"17","code_region":"75","population":765,"surface_km2":20.7,"lat":45.4747,"lon":-0.3797},{"code_insee":"17296","nom":"Rétaud","codes_postaux":["17460"],"code_dep":"17","code_region":"75","population":1058,"surface_km2":19.91,"lat":45.6764,"lon":-0.7288},{"code_insee":"17297","nom":"Rivedoux-Plage","codes_postaux":["17940"],"code_dep":"17","code_region":"75","population":2483,"surface_km2":4.85,"lat":46.1587,"lon":-1.2791},{"code_insee":"17298","nom":"Rioux","codes_postaux":["17460"],"code_dep":"17","code_region":"75","population":964,"surface_km2":19.02,"lat":45.6371,"lon":-0.7057},{"code_insee":"17299","nom":"Rochefort","codes_postaux":["17300"],"code_dep":"17","code_region":"75","population":23460,"surface_km2":22.02,"lat":45.9455,"lon":-0.9745},{"code_insee":"17300","nom":"La Rochelle","codes_postaux":["17000"],"code_dep":"17","code_region":"75","population":79851,"surface_km2":30.01,"lat":46.162,"lon":-1.1765},{"code_insee":"17301","nom":"Romazières","codes_postaux":["17510"],"code_dep":"17","code_region":"75","population":90,"surface_km2":8.72,"lat":45.9939,"lon":-0.1777},{"code_insee":"17302","nom":"Romegoux","codes_postaux":["17250"],"code_dep":"17","code_region":"75","population":640,"surface_km2":13.31,"lat":45.8589,"lon":-0.8047},{"code_insee":"17303","nom":"La Ronde","codes_postaux":["17170"],"code_dep":"17","code_region":"75","population":997,"surface_km2":20.82,"lat":46.3023,"lon":-0.7889},{"code_insee":"17304","nom":"Rouffiac","codes_postaux":["17800"],"code_dep":"17","code_region":"75","population":519,"surface_km2":5.91,"lat":45.6828,"lon":-0.4927},{"code_insee":"17305","nom":"Rouffignac","codes_postaux":["17130"],"code_dep":"17","code_region":"75","population":437,"surface_km2":14.74,"lat":45.3373,"lon":-0.4523},{"code_insee":"17306","nom":"Royan","codes_postaux":["17200"],"code_dep":"17","code_region":"75","population":19425,"surface_km2":19.51,"lat":45.6343,"lon":-1.0127},{"code_insee":"17307","nom":"Sablonceaux","codes_postaux":["17600"],"code_dep":"17","code_region":"75","population":1458,"surface_km2":22.2,"lat":45.7115,"lon":-0.8935},{"code_insee":"17308","nom":"Saint-Agnant","codes_postaux":["17620"],"code_dep":"17","code_region":"75","population":2780,"surface_km2":22.79,"lat":45.8677,"lon":-0.9545},{"code_insee":"17309","nom":"Saint-Aigulin","codes_postaux":["17360"],"code_dep":"17","code_region":"75","population":1878,"surface_km2":28.46,"lat":45.1685,"lon":-0.0493},{"code_insee":"17310","nom":"Saint-André-de-Lidon","codes_postaux":["17260"],"code_dep":"17","code_region":"75","population":1272,"surface_km2":24.41,"lat":45.581,"lon":-0.7594},{"code_insee":"17311","nom":"Saint-Augustin","codes_postaux":["17570"],"code_dep":"17","code_region":"75","population":1521,"surface_km2":18.59,"lat":45.6864,"lon":-1.1029},{"code_insee":"17312","nom":"Saint-Bonnet-sur-Gironde","codes_postaux":["17150"],"code_dep":"17","code_region":"75","population":859,"surface_km2":31.13,"lat":45.3428,"lon":-0.6511},{"code_insee":"17313","nom":"Saint-Bris-des-Bois","codes_postaux":["17770"],"code_dep":"17","code_region":"75","population":388,"surface_km2":9.03,"lat":45.7696,"lon":-0.4731},{"code_insee":"17314","nom":"Saint-Césaire","codes_postaux":["17770"],"code_dep":"17","code_region":"75","population":888,"surface_km2":10.42,"lat":45.7606,"lon":-0.4888},{"code_insee":"17315","nom":"Saint-Christophe","codes_postaux":["17220"],"code_dep":"17","code_region":"75","population":1422,"surface_km2":13.68,"lat":46.1477,"lon":-0.9502},{"code_insee":"17316","nom":"Saint-Ciers-Champagne","codes_postaux":["17520"],"code_dep":"17","code_region":"75","population":388,"surface_km2":18.26,"lat":45.4504,"lon":-0.2992},{"code_insee":"17317","nom":"Saint-Ciers-du-Taillon","codes_postaux":["17240"],"code_dep":"17","code_region":"75","population":581,"surface_km2":22.08,"lat":45.432,"lon":-0.6368},{"code_insee":"17318","nom":"Saint-Clément-des-Baleines","codes_postaux":["17590"],"code_dep":"17","code_region":"75","population":688,"surface_km2":6.92,"lat":46.2355,"lon":-1.5386},{"code_insee":"17319","nom":"Sainte-Colombe","codes_postaux":["17210"],"code_dep":"17","code_region":"75","population":113,"surface_km2":4.4,"lat":45.2828,"lon":-0.2725},{"code_insee":"17320","nom":"Saint-Coutant-le-Grand","codes_postaux":["17430"],"code_dep":"17","code_region":"75","population":417,"surface_km2":12.98,"lat":45.9481,"lon":-0.7872},{"code_insee":"17321","nom":"Saint-Crépin","codes_postaux":["17380"],"code_dep":"17","code_region":"75","population":340,"surface_km2":14.16,"lat":45.9974,"lon":-0.7415},{"code_insee":"17322","nom":"Saint-Cyr-du-Doret","codes_postaux":["17170"],"code_dep":"17","code_region":"75","population":681,"surface_km2":17.13,"lat":46.2661,"lon":-0.8222},{"code_insee":"17323","nom":"Saint-Denis-d'Oléron","codes_postaux":["17650"],"code_dep":"17","code_region":"75","population":1358,"surface_km2":11.86,"lat":46.0225,"lon":-1.3833},{"code_insee":"17324","nom":"Saint-Dizant-du-Bois","codes_postaux":["17150"],"code_dep":"17","code_region":"75","population":113,"surface_km2":4.17,"lat":45.4045,"lon":-0.5707},{"code_insee":"17325","nom":"Saint-Dizant-du-Gua","codes_postaux":["17240"],"code_dep":"17","code_region":"75","population":499,"surface_km2":27.28,"lat":45.4159,"lon":-0.7351},{"code_insee":"17326","nom":"Saint-Eugène","codes_postaux":["17520"],"code_dep":"17","code_region":"75","population":288,"surface_km2":16.52,"lat":45.4982,"lon":-0.2722},{"code_insee":"17327","nom":"Saint-Félix","codes_postaux":["17330"],"code_dep":"17","code_region":"75","population":324,"surface_km2":15.42,"lat":46.0921,"lon":-0.6042},{"code_insee":"17328","nom":"Saint-Fort-sur-Gironde","codes_postaux":["17240"],"code_dep":"17","code_region":"75","population":912,"surface_km2":34.75,"lat":45.449,"lon":-0.7442},{"code_insee":"17329","nom":"Saint-Froult","codes_postaux":["17780"],"code_dep":"17","code_region":"75","population":400,"surface_km2":6.47,"lat":45.9114,"lon":-1.0597},{"code_insee":"17330","nom":"Sainte-Gemme","codes_postaux":["17250"],"code_dep":"17","code_region":"75","population":1365,"surface_km2":41.03,"lat":45.7751,"lon":-0.8932},{"code_insee":"17331","nom":"Saint-Genis-de-Saintonge","codes_postaux":["17240"],"code_dep":"17","code_region":"75","population":1282,"surface_km2":11.05,"lat":45.4817,"lon":-0.5645},{"code_insee":"17332","nom":"Saint-Georges-Antignac","codes_postaux":["17240"],"code_dep":"17","code_region":"75","population":416,"surface_km2":10.21,"lat":45.49,"lon":-0.4846},{"code_insee":"17333","nom":"Saint-Georges-de-Didonne","codes_postaux":["17110"],"code_dep":"17","code_region":"75","population":5092,"surface_km2":16.51,"lat":45.5926,"lon":-0.987},{"code_insee":"17335","nom":"Saint-Georges-des-Agoûts","codes_postaux":["17150"],"code_dep":"17","code_region":"75","population":278,"surface_km2":6.36,"lat":45.3767,"lon":-0.6479},{"code_insee":"17336","nom":"Saint-Georges-des-Coteaux","codes_postaux":["17810"],"code_dep":"17","code_region":"75","population":2843,"surface_km2":19.3,"lat":45.7728,"lon":-0.7006},{"code_insee":"17337","nom":"Saint-Georges-d'Oléron","codes_postaux":["17190"],"code_dep":"17","code_region":"75","population":4067,"surface_km2":46.39,"lat":45.9745,"lon":-1.3147},{"code_insee":"17338","nom":"Saint-Georges-du-Bois","codes_postaux":["17700"],"code_dep":"17","code_region":"75","population":1883,"surface_km2":27.87,"lat":46.1547,"lon":-0.7345},{"code_insee":"17339","nom":"Saint-Germain-de-Lusignan","codes_postaux":["17500"],"code_dep":"17","code_region":"75","population":1299,"surface_km2":18.14,"lat":45.4635,"lon":-0.4419},{"code_insee":"17340","nom":"Saint-Pierre-La-Noue","codes_postaux":["17700"],"code_dep":"17","code_region":"75","population":1486,"surface_km2":24.98,"lat":46.072,"lon":-0.799},{"code_insee":"17341","nom":"Saint-Germain-de-Vibrac","codes_postaux":["17500"],"code_dep":"17","code_region":"75","population":186,"surface_km2":7.19,"lat":45.4213,"lon":-0.3283},{"code_insee":"17342","nom":"Saint-Germain-du-Seudre","codes_postaux":["17240"],"code_dep":"17","code_region":"75","population":407,"surface_km2":16.29,"lat":45.5103,"lon":-0.6856},{"code_insee":"17343","nom":"Saint-Grégoire-d'Ardennes","codes_postaux":["17240"],"code_dep":"17","code_region":"75","population":143,"surface_km2":3.55,"lat":45.5115,"lon":-0.51},{"code_insee":"17344","nom":"Saint-Hilaire-de-Villefranche","codes_postaux":["17770"],"code_dep":"17","code_region":"75","population":1350,"surface_km2":25.85,"lat":45.8561,"lon":-0.5497},{"code_insee":"17345","nom":"Saint-Hilaire-du-Bois","codes_postaux":["17500"],"code_dep":"17","code_region":"75","population":294,"surface_km2":7.55,"lat":45.4335,"lon":-0.4895},{"code_insee":"17346","nom":"Saint-Hippolyte","codes_postaux":["17430"],"code_dep":"17","code_region":"75","population":1495,"surface_km2":23.56,"lat":45.9152,"lon":-0.9115},{"code_insee":"17347","nom":"Saint-Jean-d'Angély","codes_postaux":["17400"],"code_dep":"17","code_region":"75","population":6784,"surface_km2":18.87,"lat":45.9432,"lon":-0.5188},{"code_insee":"17348","nom":"Saint-Jean-d'Angle","codes_postaux":["17620"],"code_dep":"17","code_region":"75","population":699,"surface_km2":21.87,"lat":45.831,"lon":-0.9744},{"code_insee":"17349","nom":"Saint-Jean-de-Liversay","codes_postaux":["17170"],"code_dep":"17","code_region":"75","population":3063,"surface_km2":41.61,"lat":46.2822,"lon":-0.8821},{"code_insee":"17350","nom":"Saint-Julien-de-l'Escap","codes_postaux":["17400"],"code_dep":"17","code_region":"75","population":857,"surface_km2":8.96,"lat":45.929,"lon":-0.4836},{"code_insee":"17351","nom":"Saint-Just-Luzac","codes_postaux":["17320"],"code_dep":"17","code_region":"75","population":2136,"surface_km2":49.2,"lat":45.7961,"lon":-1.054},{"code_insee":"17353","nom":"Saint-Laurent-de-la-Prée","codes_postaux":["17450"],"code_dep":"17","code_region":"75","population":2299,"surface_km2":27.62,"lat":45.9884,"lon":-1.0287},{"code_insee":"17354","nom":"Saint-Léger","codes_postaux":["17800"],"code_dep":"17","code_region":"75","population":679,"surface_km2":15.89,"lat":45.6159,"lon":-0.5716},{"code_insee":"17355","nom":"Sainte-Lheurine","codes_postaux":["17520"],"code_dep":"17","code_region":"75","population":533,"surface_km2":17.63,"lat":45.5222,"lon":-0.3581},{"code_insee":"17356","nom":"Saint-Loup","codes_postaux":["17380"],"code_dep":"17","code_region":"75","population":313,"surface_km2":16.56,"lat":45.9968,"lon":-0.6419},{"code_insee":"17357","nom":"Saint-Maigrin","codes_postaux":["17520"],"code_dep":"17","code_region":"75","population":534,"surface_km2":21.41,"lat":45.4138,"lon":-0.274},{"code_insee":"17358","nom":"Saint-Mandé-sur-Brédoire","codes_postaux":["17470"],"code_dep":"17","code_region":"75","population":315,"surface_km2":23.33,"lat":46.0354,"lon":-0.2736},{"code_insee":"17359","nom":"Saint-Mard","codes_postaux":["17700"],"code_dep":"17","code_region":"75","population":1261,"surface_km2":21.04,"lat":46.0931,"lon":-0.6961},{"code_insee":"17360","nom":"Sainte-Marie-de-Ré","codes_postaux":["17740"],"code_dep":"17","code_region":"75","population":3412,"surface_km2":9.97,"lat":46.1559,"lon":-1.3232},{"code_insee":"17361","nom":"Saint-Martial","codes_postaux":["17330"],"code_dep":"17","code_region":"75","population":109,"surface_km2":4.12,"lat":46.044,"lon":-0.4555},{"code_insee":"17362","nom":"Saint-Martial-de-Mirambeau","codes_postaux":["17150"],"code_dep":"17","code_region":"75","population":302,"surface_km2":9.23,"lat":45.3743,"lon":-0.5937},{"code_insee":"17363","nom":"Saint-Martial-de-Vitaterne","codes_postaux":["17500"],"code_dep":"17","code_region":"75","population":552,"surface_km2":2.81,"lat":45.4644,"lon":-0.4331},{"code_insee":"17364","nom":"Saint-Martial-sur-Né","codes_postaux":["17520"],"code_dep":"17","code_region":"75","population":425,"surface_km2":11.91,"lat":45.5758,"lon":-0.3722},{"code_insee":"17365","nom":"Saint-Martin-d'Ary","codes_postaux":["17270"],"code_dep":"17","code_region":"75","population":470,"surface_km2":8.67,"lat":45.2179,"lon":-0.2006},{"code_insee":"17366","nom":"Saint-Martin-de-Coux","codes_postaux":["17360"],"code_dep":"17","code_region":"75","population":444,"surface_km2":15.72,"lat":45.1452,"lon":-0.1147},{"code_insee":"17367","nom":"Saint-Martin-de-Juillers","codes_postaux":["17400"],"code_dep":"17","code_region":"75","population":151,"surface_km2":8.44,"lat":45.938,"lon":-0.3434},{"code_insee":"17369","nom":"Saint-Martin-de-Ré","codes_postaux":["17410"],"code_dep":"17","code_region":"75","population":2355,"surface_km2":4.72,"lat":46.1987,"lon":-1.3714},{"code_insee":"17372","nom":"Saint-Médard","codes_postaux":["17500"],"code_dep":"17","code_region":"75","population":91,"surface_km2":3.87,"lat":45.4003,"lon":-0.3527},{"code_insee":"17373","nom":"Saint-Médard-d'Aunis","codes_postaux":["17220"],"code_dep":"17","code_region":"75","population":2396,"surface_km2":22.69,"lat":46.157,"lon":-0.9625},{"code_insee":"17374","nom":"Sainte-Même","codes_postaux":["17770"],"code_dep":"17","code_region":"75","population":223,"surface_km2":6.23,"lat":45.8782,"lon":-0.46},{"code_insee":"17375","nom":"Saint-Nazaire-sur-Charente","codes_postaux":["17780"],"code_dep":"17","code_region":"75","population":1210,"surface_km2":19.97,"lat":45.9433,"lon":-1.0292},{"code_insee":"17376","nom":"Saint-Ouen-d'Aunis","codes_postaux":["17230"],"code_dep":"17","code_region":"75","population":2150,"surface_km2":8.91,"lat":46.232,"lon":-1.0268},{"code_insee":"17377","nom":"Saint-Ouen-la-Thène","codes_postaux":["17490"],"code_dep":"17","code_region":"75","population":147,"surface_km2":7.05,"lat":45.8622,"lon":-0.1676},{"code_insee":"17378","nom":"Saint-Palais-de-Négrignac","codes_postaux":["17210"],"code_dep":"17","code_region":"75","population":410,"surface_km2":18.85,"lat":45.2718,"lon":-0.2039},{"code_insee":"17379","nom":"Saint-Palais-de-Phiolin","codes_postaux":["17800"],"code_dep":"17","code_region":"75","population":214,"surface_km2":10.99,"lat":45.5177,"lon":-0.5958},{"code_insee":"17380","nom":"Saint-Palais-sur-Mer","codes_postaux":["17420"],"code_dep":"17","code_region":"75","population":3840,"surface_km2":15.68,"lat":45.6569,"lon":-1.1031},{"code_insee":"17381","nom":"Saint-Pardoult","codes_postaux":["17400"],"code_dep":"17","code_region":"75","population":211,"surface_km2":5.57,"lat":46.0057,"lon":-0.4563},{"code_insee":"17382","nom":"Saint-Pierre-d'Amilly","codes_postaux":["17700"],"code_dep":"17","code_region":"75","population":575,"surface_km2":19.77,"lat":46.173,"lon":-0.6984},{"code_insee":"17383","nom":"Saint-Pierre-de-Juillers","codes_postaux":["17400"],"code_dep":"17","code_region":"75","population":349,"surface_km2":17.67,"lat":45.9463,"lon":-0.3853},{"code_insee":"17384","nom":"Saint-Pierre-de-l'Isle","codes_postaux":["17330"],"code_dep":"17","code_region":"75","population":248,"surface_km2":6.49,"lat":46.0302,"lon":-0.4464},{"code_insee":"17385","nom":"Saint-Pierre-d'Oléron","codes_postaux":["17310"],"code_dep":"17","code_region":"75","population":6633,"surface_km2":40.49,"lat":45.9354,"lon":-1.3008},{"code_insee":"17386","nom":"Saint-Pierre-du-Palais","codes_postaux":["17270"],"code_dep":"17","code_region":"75","population":337,"surface_km2":13.0,"lat":45.1573,"lon":-0.1497},{"code_insee":"17387","nom":"Saint-Porchaire","codes_postaux":["17250"],"code_dep":"17","code_region":"75","population":2040,"surface_km2":17.43,"lat":45.8261,"lon":-0.7719},{"code_insee":"17388","nom":"Saint-Quantin-de-Rançanne","codes_postaux":["17800"],"code_dep":"17","code_region":"75","population":274,"surface_km2":9.25,"lat":45.5369,"lon":-0.5943},{"code_insee":"17389","nom":"Sainte-Radegonde","codes_postaux":["17250"],"code_dep":"17","code_region":"75","population":589,"surface_km2":11.29,"lat":45.8475,"lon":-0.8709},{"code_insee":"17390","nom":"Sainte-Ramée","codes_postaux":["17240"],"code_dep":"17","code_region":"75","population":113,"surface_km2":4.78,"lat":45.4182,"lon":-0.6648},{"code_insee":"17391","nom":"Saint-Rogatien","codes_postaux":["17220"],"code_dep":"17","code_region":"75","population":2364,"surface_km2":5.05,"lat":46.1462,"lon":-1.0585},{"code_insee":"17393","nom":"Saint-Romain-de-Benet","codes_postaux":["17600"],"code_dep":"17","code_region":"75","population":1801,"surface_km2":33.08,"lat":45.6949,"lon":-0.8567},{"code_insee":"17394","nom":"Saint-Saturnin-du-Bois","codes_postaux":["17700"],"code_dep":"17","code_region":"75","population":915,"surface_km2":25.3,"lat":46.1399,"lon":-0.6581},{"code_insee":"17395","nom":"Saint-Sauvant","codes_postaux":["17610"],"code_dep":"17","code_region":"75","population":515,"surface_km2":7.05,"lat":45.7327,"lon":-0.492},{"code_insee":"17396","nom":"Saint-Sauveur-d'Aunis","codes_postaux":["17540"],"code_dep":"17","code_region":"75","population":2026,"surface_km2":19.25,"lat":46.2131,"lon":-0.8945},{"code_insee":"17397","nom":"Saint-Savinien","codes_postaux":["17350"],"code_dep":"17","code_region":"75","population":2460,"surface_km2":47.16,"lat":45.8819,"lon":-0.6859},{"code_insee":"17398","nom":"Saint-Seurin-de-Palenne","codes_postaux":["17800"],"code_dep":"17","code_region":"75","population":167,"surface_km2":3.99,"lat":45.6224,"lon":-0.5145},{"code_insee":"17400","nom":"Saint-Sever-de-Saintonge","codes_postaux":["17800"],"code_dep":"17","code_region":"75","population":647,"surface_km2":8.19,"lat":45.6895,"lon":-0.5221},{"code_insee":"17401","nom":"Saint-Séverin-sur-Boutonne","codes_postaux":["17330"],"code_dep":"17","code_region":"75","population":93,"surface_km2":8.03,"lat":46.0933,"lon":-0.4268},{"code_insee":"17402","nom":"Saint-Sigismond-de-Clermont","codes_postaux":["17240"],"code_dep":"17","code_region":"75","population":161,"surface_km2":5.35,"lat":45.4467,"lon":-0.5454},{"code_insee":"17403","nom":"Saint-Simon-de-Bordes","codes_postaux":["17500"],"code_dep":"17","code_region":"75","population":762,"surface_km2":14.06,"lat":45.4119,"lon":-0.4546},{"code_insee":"17404","nom":"Saint-Simon-de-Pellouaille","codes_postaux":["17260"],"code_dep":"17","code_region":"75","population":708,"surface_km2":9.05,"lat":45.6093,"lon":-0.6742},{"code_insee":"17405","nom":"Saint-Sorlin-de-Conac","codes_postaux":["17150"],"code_dep":"17","code_region":"75","population":209,"surface_km2":26.73,"lat":45.3516,"lon":-0.7132},{"code_insee":"17406","nom":"Saint-Sornin","codes_postaux":["17600"],"code_dep":"17","code_region":"75","population":415,"surface_km2":13.59,"lat":45.7716,"lon":-0.9752},{"code_insee":"17407","nom":"Sainte-Soulle","codes_postaux":["17220"],"code_dep":"17","code_region":"75","population":5034,"surface_km2":22.05,"lat":46.1966,"lon":-1.006},{"code_insee":"17408","nom":"Saint-Sulpice-d'Arnoult","codes_postaux":["17250"],"code_dep":"17","code_region":"75","population":924,"surface_km2":16.26,"lat":45.8156,"lon":-0.8281},{"code_insee":"17409","nom":"Saint-Sulpice-de-Royan","codes_postaux":["17200"],"code_dep":"17","code_region":"75","population":3446,"surface_km2":20.97,"lat":45.6752,"lon":-1.0108},{"code_insee":"17410","nom":"Saint-Thomas-de-Conac","codes_postaux":["17150"],"code_dep":"17","code_region":"75","population":590,"surface_km2":42.84,"lat":45.3857,"lon":-0.7172},{"code_insee":"17411","nom":"Saint-Trojan-les-Bains","codes_postaux":["17370"],"code_dep":"17","code_region":"75","population":1121,"surface_km2":15.7,"lat":45.832,"lon":-1.2226},{"code_insee":"17412","nom":"Saint-Vaize","codes_postaux":["17100"],"code_dep":"17","code_region":"75","population":620,"surface_km2":4.68,"lat":45.817,"lon":-0.6212},{"code_insee":"17413","nom":"Saint-Vivien","codes_postaux":["17220"],"code_dep":"17","code_region":"75","population":1436,"surface_km2":8.35,"lat":46.0771,"lon":-1.0504},{"code_insee":"17414","nom":"Saint-Xandre","codes_postaux":["17138"],"code_dep":"17","code_region":"75","population":5677,"surface_km2":13.49,"lat":46.2131,"lon":-1.0924},{"code_insee":"17415","nom":"Saintes","codes_postaux":["17100"],"code_dep":"17","code_region":"75","population":25363,"surface_km2":45.91,"lat":45.7462,"lon":-0.6456},{"code_insee":"17416","nom":"Saleignes","codes_postaux":["17510"],"code_dep":"17","code_region":"75","population":56,"surface_km2":7.96,"lat":46.0189,"lon":-0.1836},{"code_insee":"17417","nom":"Salignac-de-Mirambeau","codes_postaux":["17130"],"code_dep":"17","code_region":"75","population":163,"surface_km2":7.6,"lat":45.3478,"lon":-0.4821},{"code_insee":"17418","nom":"Salignac-sur-Charente","codes_postaux":["17800"],"code_dep":"17","code_region":"75","population":606,"surface_km2":10.18,"lat":45.6692,"lon":-0.4155},{"code_insee":"17420","nom":"Salles-sur-Mer","codes_postaux":["17220"],"code_dep":"17","code_region":"75","population":2465,"surface_km2":14.11,"lat":46.103,"lon":-1.0518},{"code_insee":"17421","nom":"Saujon","codes_postaux":["17600"],"code_dep":"17","code_region":"75","population":7440,"surface_km2":18.72,"lat":45.6718,"lon":-0.9365},{"code_insee":"17422","nom":"Seigné","codes_postaux":["17510"],"code_dep":"17","code_region":"75","population":92,"surface_km2":6.47,"lat":45.9539,"lon":-0.2158},{"code_insee":"17423","nom":"Semillac","codes_postaux":["17150"],"code_dep":"17","code_region":"75","population":65,"surface_km2":2.49,"lat":45.3999,"lon":-0.588},{"code_insee":"17424","nom":"Semoussac","codes_postaux":["17150"],"code_dep":"17","code_region":"75","population":386,"surface_km2":9.56,"lat":45.3888,"lon":-0.6264},{"code_insee":"17425","nom":"Semussac","codes_postaux":["17120"],"code_dep":"17","code_region":"75","population":2585,"surface_km2":24.93,"lat":45.5998,"lon":-0.9172},{"code_insee":"17426","nom":"Le Seure","codes_postaux":["17770"],"code_dep":"17","code_region":"75","population":274,"surface_km2":5.4,"lat":45.7921,"lon":-0.3551},{"code_insee":"17427","nom":"Siecq","codes_postaux":["17490"],"code_dep":"17","code_region":"75","population":211,"surface_km2":11.74,"lat":45.8444,"lon":-0.1878},{"code_insee":"17428","nom":"Sonnac","codes_postaux":["17160"],"code_dep":"17","code_region":"75","population":512,"surface_km2":16.84,"lat":45.83,"lon":-0.279},{"code_insee":"17429","nom":"Soubise","codes_postaux":["17780"],"code_dep":"17","code_region":"75","population":3316,"surface_km2":11.3,"lat":45.9099,"lon":-1.0041},{"code_insee":"17430","nom":"Soubran","codes_postaux":["17150"],"code_dep":"17","code_region":"75","population":414,"surface_km2":13.13,"lat":45.3547,"lon":-0.5212},{"code_insee":"17431","nom":"Soulignonne","codes_postaux":["17250"],"code_dep":"17","code_region":"75","population":752,"surface_km2":14.45,"lat":45.775,"lon":-0.7931},{"code_insee":"17432","nom":"Souméras","codes_postaux":["17130"],"code_dep":"17","code_region":"75","population":381,"surface_km2":6.27,"lat":45.2958,"lon":-0.4382},{"code_insee":"17433","nom":"Sousmoulins","codes_postaux":["17130"],"code_dep":"17","code_region":"75","population":229,"surface_km2":7.78,"lat":45.3058,"lon":-0.3275},{"code_insee":"17434","nom":"Surgères","codes_postaux":["17700"],"code_dep":"17","code_region":"75","population":6897,"surface_km2":28.66,"lat":46.0985,"lon":-0.7514},{"code_insee":"17435","nom":"Taillant","codes_postaux":["17350"],"code_dep":"17","code_region":"75","population":204,"surface_km2":5.02,"lat":45.8999,"lon":-0.6227},{"code_insee":"17436","nom":"Taillebourg","codes_postaux":["17350"],"code_dep":"17","code_region":"75","population":794,"surface_km2":14.52,"lat":45.8458,"lon":-0.6372},{"code_insee":"17437","nom":"Talmont-sur-Gironde","codes_postaux":["17120"],"code_dep":"17","code_region":"75","population":77,"surface_km2":18.16,"lat":45.5288,"lon":-0.9227},{"code_insee":"17438","nom":"Tanzac","codes_postaux":["17260"],"code_dep":"17","code_region":"75","population":296,"surface_km2":11.46,"lat":45.5569,"lon":-0.6243},{"code_insee":"17439","nom":"Taugon","codes_postaux":["17170"],"code_dep":"17","code_region":"75","population":772,"surface_km2":15.77,"lat":46.3162,"lon":-0.8304},{"code_insee":"17440","nom":"Ternant","codes_postaux":["17400"],"code_dep":"17","code_region":"75","population":385,"surface_km2":5.52,"lat":45.946,"lon":-0.5588},{"code_insee":"17441","nom":"Tesson","codes_postaux":["17460"],"code_dep":"17","code_region":"75","population":1148,"surface_km2":12.33,"lat":45.6327,"lon":-0.6572},{"code_insee":"17442","nom":"Thaims","codes_postaux":["17120"],"code_dep":"17","code_region":"75","population":396,"surface_km2":8.84,"lat":45.6148,"lon":-0.7889},{"code_insee":"17443","nom":"Thairé","codes_postaux":["17290"],"code_dep":"17","code_region":"75","population":1897,"surface_km2":18.83,"lat":46.0775,"lon":-1.0074},{"code_insee":"17444","nom":"Thénac","codes_postaux":["17460"],"code_dep":"17","code_region":"75","population":1748,"surface_km2":19.42,"lat":45.6799,"lon":-0.6542},{"code_insee":"17445","nom":"Thézac","codes_postaux":["17600"],"code_dep":"17","code_region":"75","population":331,"surface_km2":12.52,"lat":45.6758,"lon":-0.7899},{"code_insee":"17446","nom":"Thors","codes_postaux":["17160"],"code_dep":"17","code_region":"75","population":477,"surface_km2":5.7,"lat":45.8252,"lon":-0.3172},{"code_insee":"17447","nom":"Le Thou","codes_postaux":["17290"],"code_dep":"17","code_region":"75","population":2117,"surface_km2":19.37,"lat":46.0845,"lon":-0.9363},{"code_insee":"17448","nom":"Tonnay-Boutonne","codes_postaux":["17380"],"code_dep":"17","code_region":"75","population":1188,"surface_km2":23.12,"lat":45.9756,"lon":-0.7168},{"code_insee":"17449","nom":"Tonnay-Charente","codes_postaux":["17430"],"code_dep":"17","code_region":"75","population":8289,"surface_km2":34.96,"lat":45.9646,"lon":-0.8777},{"code_insee":"17450","nom":"Torxé","codes_postaux":["17380"],"code_dep":"17","code_region":"75","population":258,"surface_km2":11.42,"lat":45.9604,"lon":-0.6373},{"code_insee":"17451","nom":"Les Touches-de-Périgny","codes_postaux":["17160"],"code_dep":"17","code_region":"75","population":550,"surface_km2":21.51,"lat":45.908,"lon":-0.2651},{"code_insee":"17452","nom":"La Tremblade","codes_postaux":["17390"],"code_dep":"17","code_region":"75","population":4650,"surface_km2":63.69,"lat":45.7481,"lon":-1.1749},{"code_insee":"17453","nom":"Trizay","codes_postaux":["17250"],"code_dep":"17","code_region":"75","population":1538,"surface_km2":14.25,"lat":45.8842,"lon":-0.9036},{"code_insee":"17454","nom":"Tugéras-Saint-Maurice","codes_postaux":["17130"],"code_dep":"17","code_region":"75","population":381,"surface_km2":13.92,"lat":45.3576,"lon":-0.4045},{"code_insee":"17455","nom":"La Vallée","codes_postaux":["17250"],"code_dep":"17","code_region":"75","population":707,"surface_km2":16.45,"lat":45.8917,"lon":-0.8457},{"code_insee":"17457","nom":"La Devise","codes_postaux":["17380","17700"],"code_dep":"17","code_region":"75","population":1183,"surface_km2":26.92,"lat":46.0464,"lon":-0.7346},{"code_insee":"17458","nom":"Vanzac","codes_postaux":["17500"],"code_dep":"17","code_region":"75","population":198,"surface_km2":6.42,"lat":45.3555,"lon":-0.3009},{"code_insee":"17459","nom":"Varaize","codes_postaux":["17400"],"code_dep":"17","code_region":"75","population":533,"surface_km2":20.24,"lat":45.9181,"lon":-0.4275},{"code_insee":"17460","nom":"Varzay","codes_postaux":["17460"],"code_dep":"17","code_region":"75","population":845,"surface_km2":14.03,"lat":45.7012,"lon":-0.744},{"code_insee":"17461","nom":"Vaux-sur-Mer","codes_postaux":["17640"],"code_dep":"17","code_region":"75","population":4013,"surface_km2":6.07,"lat":45.6444,"lon":-1.059},{"code_insee":"17462","nom":"Vénérand","codes_postaux":["17100"],"code_dep":"17","code_region":"75","population":771,"surface_km2":9.67,"lat":45.7903,"lon":-0.5417},{"code_insee":"17463","nom":"Vergeroux","codes_postaux":["17300"],"code_dep":"17","code_region":"75","population":1279,"surface_km2":5.98,"lat":45.972,"lon":-0.9847},{"code_insee":"17464","nom":"Vergné","codes_postaux":["17330"],"code_dep":"17","code_region":"75","population":172,"surface_km2":8.03,"lat":46.0714,"lon":-0.5157},{"code_insee":"17465","nom":"La Vergne","codes_postaux":["17400"],"code_dep":"17","code_region":"75","population":611,"surface_km2":13.82,"lat":45.9713,"lon":-0.57},{"code_insee":"17466","nom":"Vérines","codes_postaux":["17540"],"code_dep":"17","code_region":"75","population":2354,"surface_km2":13.53,"lat":46.1984,"lon":-0.9672},{"code_insee":"17467","nom":"Vervant","codes_postaux":["17400"],"code_dep":"17","code_region":"75","population":252,"surface_km2":5.56,"lat":45.9711,"lon":-0.4434},{"code_insee":"17468","nom":"Vibrac","codes_postaux":["17130"],"code_dep":"17","code_region":"75","population":162,"surface_km2":5.05,"lat":45.3535,"lon":-0.3362},{"code_insee":"17469","nom":"Villars-en-Pons","codes_postaux":["17260"],"code_dep":"17","code_region":"75","population":583,"surface_km2":13.22,"lat":45.6071,"lon":-0.6256},{"code_insee":"17470","nom":"Villars-les-Bois","codes_postaux":["17770"],"code_dep":"17","code_region":"75","population":257,"surface_km2":8.59,"lat":45.7963,"lon":-0.4365},{"code_insee":"17471","nom":"La Villedieu","codes_postaux":["17470"],"code_dep":"17","code_region":"75","population":200,"surface_km2":22.34,"lat":46.0656,"lon":-0.3211},{"code_insee":"17472","nom":"Villedoux","codes_postaux":["17230"],"code_dep":"17","code_region":"75","population":2166,"surface_km2":15.71,"lat":46.2413,"lon":-1.0702},{"code_insee":"17473","nom":"Villemorin","codes_postaux":["17470"],"code_dep":"17","code_region":"75","population":130,"surface_km2":10.78,"lat":45.9954,"lon":-0.3075},{"code_insee":"17474","nom":"Villeneuve-la-Comtesse","codes_postaux":["17330"],"code_dep":"17","code_region":"75","population":743,"surface_km2":16.1,"lat":46.0959,"lon":-0.4941},{"code_insee":"17476","nom":"Villexavier","codes_postaux":["17500"],"code_dep":"17","code_region":"75","population":267,"surface_km2":9.96,"lat":45.3789,"lon":-0.4399},{"code_insee":"17477","nom":"Villiers-Couture","codes_postaux":["17510"],"code_dep":"17","code_region":"75","population":109,"surface_km2":8.44,"lat":45.9846,"lon":-0.1533},{"code_insee":"17478","nom":"Vinax","codes_postaux":["17510"],"code_dep":"17","code_region":"75","population":68,"surface_km2":9.32,"lat":46.0346,"lon":-0.2161},{"code_insee":"17479","nom":"Virollet","codes_postaux":["17260"],"code_dep":"17","code_region":"75","population":294,"surface_km2":10.18,"lat":45.5376,"lon":-0.7272},{"code_insee":"17480","nom":"Virson","codes_postaux":["17290"],"code_dep":"17","code_region":"75","population":731,"surface_km2":10.0,"lat":46.1406,"lon":-0.8835},{"code_insee":"17481","nom":"Voissay","codes_postaux":["17400"],"code_dep":"17","code_region":"75","population":173,"surface_km2":5.04,"lat":45.9471,"lon":-0.6021},{"code_insee":"17482","nom":"Vouhé","codes_postaux":["17700"],"code_dep":"17","code_region":"75","population":674,"surface_km2":15.79,"lat":46.1493,"lon":-0.7994},{"code_insee":"17483","nom":"Yves","codes_postaux":["17340"],"code_dep":"17","code_region":"75","population":1585,"surface_km2":25.9,"lat":46.0354,"lon":-1.0384},{"code_insee":"17484","nom":"Port-des-Barques","codes_postaux":["17730"],"code_dep":"17","code_region":"75","population":1780,"surface_km2":6.42,"lat":45.9439,"lon":-1.0869},{"code_insee":"17485","nom":"Le Grand-Village-Plage","codes_postaux":["17370"],"code_dep":"17","code_region":"75","population":1108,"surface_km2":5.91,"lat":45.8647,"lon":-1.2373},{"code_insee":"17486","nom":"La Brée-les-Bains","codes_postaux":["17840"],"code_dep":"17","code_region":"75","population":716,"surface_km2":7.36,"lat":46.008,"lon":-1.3476}]