[{"code_insee":"19001","nom":"Affieux","codes_postaux":["19260"],"code_dep":"19","code_region":"75","population":385,"surface_km2":30.67,"lat":45.5111,"lon":1.7619,"fibre_pct":100.0},{"code_insee":"19002","nom":"Aix","codes_postaux":["19200"],"code_dep":"19","code_region":"75","population":352,"surface_km2":48.75,"lat":45.616,"lon":2.393,"fibre_pct":100.0},{"code_insee":"19003","nom":"Albignac","codes_postaux":["19190"],"code_dep":"19","code_region":"75","population":236,"surface_km2":9.84,"lat":45.1471,"lon":1.6795,"fibre_pct":100.0},{"code_insee":"19004","nom":"Albussac","codes_postaux":["19380"],"code_dep":"19","code_region":"75","population":725,"surface_km2":36.35,"lat":45.1388,"lon":1.8132,"fibre_pct":100.0},{"code_insee":"19005","nom":"Allassac","codes_postaux":["19240"],"code_dep":"19","code_region":"75","population":4081,"surface_km2":38.86,"lat":45.2573,"lon":1.4609,"fibre_pct":96.8},{"code_insee":"19006","nom":"Alleyrat","codes_postaux":["19200"],"code_dep":"19","code_region":"75","population":98,"surface_km2":15.02,"lat":45.5651,"lon":2.2197,"fibre_pct":100.0},{"code_insee":"19007","nom":"Altillac","codes_postaux":["19120"],"code_dep":"19","code_region":"75","population":824,"surface_km2":25.48,"lat":44.9774,"lon":1.8683,"fibre_pct":100.0},{"code_insee":"19008","nom":"Ambrugeat","codes_postaux":["19250"],"code_dep":"19","code_region":"75","population":213,"surface_km2":29.64,"lat":45.5336,"lon":2.0878,"fibre_pct":88.0},{"code_insee":"19009","nom":"Les Angles-sur-Corrèze","codes_postaux":["19000"],"code_dep":"19","code_region":"75","population":125,"surface_km2":4.78,"lat":45.3103,"lon":1.801,"fibre_pct":100.0},{"code_insee":"19010","nom":"Argentat-sur-Dordogne","codes_postaux":["19320","19400"],"code_dep":"19","code_region":"75","population":2881,"surface_km2":29.35,"lat":45.1166,"lon":1.9319,"fibre_pct":100.0},{"code_insee":"19011","nom":"Arnac-Pompadour","codes_postaux":["19230"],"code_dep":"19","code_region":"75","population":1205,"surface_km2":15.06,"lat":45.4118,"lon":1.366,"fibre_pct":100.0},{"code_insee":"19012","nom":"Astaillac","codes_postaux":["19120"],"code_dep":"19","code_region":"75","population":204,"surface_km2":7.3,"lat":44.9509,"lon":1.8296,"fibre_pct":100.0},{"code_insee":"19013","nom":"Aubazines","codes_postaux":["19190"],"code_dep":"19","code_region":"75","population":856,"surface_km2":14.24,"lat":45.1873,"lon":1.6891,"fibre_pct":100.0},{"code_insee":"19014","nom":"Auriac","codes_postaux":["19220"],"code_dep":"19","code_region":"75","population":216,"surface_km2":34.8,"lat":45.1983,"lon":2.1376,"fibre_pct":100.0},{"code_insee":"19015","nom":"Ayen","codes_postaux":["19310"],"code_dep":"19","code_region":"75","population":717,"surface_km2":13.36,"lat":45.2541,"lon":1.325,"fibre_pct":100.0},{"code_insee":"19016","nom":"Bar","codes_postaux":["19800"],"code_dep":"19","code_region":"75","population":311,"surface_km2":20.88,"lat":45.3407,"lon":1.8143,"fibre_pct":100.0},{"code_insee":"19017","nom":"Bassignac-le-Bas","codes_postaux":["19430"],"code_dep":"19","code_region":"75","population":80,"surface_km2":12.41,"lat":45.0258,"lon":1.8708,"fibre_pct":100.0},{"code_insee":"19018","nom":"Bassignac-le-Haut","codes_postaux":["19220"],"code_dep":"19","code_region":"75","population":160,"surface_km2":19.45,"lat":45.2013,"lon":2.0755,"fibre_pct":100.0},{"code_insee":"19019","nom":"Beaulieu-sur-Dordogne","codes_postaux":["19120"],"code_dep":"19","code_region":"75","population":1310,"surface_km2":16.99,"lat":44.9991,"lon":1.8318,"fibre_pct":100.0},{"code_insee":"19020","nom":"Beaumont","codes_postaux":["19390"],"code_dep":"19","code_region":"75","population":114,"surface_km2":11.13,"lat":45.4226,"lon":1.7904,"fibre_pct":100.0},{"code_insee":"19021","nom":"Bellechassagne","codes_postaux":["19290"],"code_dep":"19","code_region":"75","population":102,"surface_km2":13.29,"lat":45.6484,"lon":2.2197,"fibre_pct":100.0},{"code_insee":"19022","nom":"Benayes","codes_postaux":["19510"],"code_dep":"19","code_region":"75","population":224,"surface_km2":23.41,"lat":45.5238,"lon":1.4687,"fibre_pct":100.0},{"code_insee":"19023","nom":"Beynat","codes_postaux":["19190"],"code_dep":"19","code_region":"75","population":1318,"surface_km2":34.82,"lat":45.134,"lon":1.7236,"fibre_pct":100.0},{"code_insee":"19024","nom":"Beyssac","codes_postaux":["19230"],"code_dep":"19","code_region":"75","population":481,"surface_km2":21.34,"lat":45.3693,"lon":1.4224,"fibre_pct":100.0},{"code_insee":"19025","nom":"Beyssenac","codes_postaux":["19230"],"code_dep":"19","code_region":"75","population":370,"surface_km2":18.18,"lat":45.4032,"lon":1.3016,"fibre_pct":100.0},{"code_insee":"19026","nom":"Bilhac","codes_postaux":["19120"],"code_dep":"19","code_region":"75","population":242,"surface_km2":7.12,"lat":44.94,"lon":1.7743,"fibre_pct":100.0},{"code_insee":"19027","nom":"Bonnefond","codes_postaux":["19170"],"code_dep":"19","code_region":"75","population":115,"surface_km2":45.38,"lat":45.5244,"lon":1.9818,"fibre_pct":100.0},{"code_insee":"19028","nom":"Bort-les-Orgues","codes_postaux":["19110"],"code_dep":"19","code_region":"75","population":2483,"surface_km2":14.85,"lat":45.3939,"lon":2.4849,"fibre_pct":100.0},{"code_insee":"19029","nom":"Branceilles","codes_postaux":["19500"],"code_dep":"19","code_region":"75","population":279,"surface_km2":11.58,"lat":45.0062,"lon":1.7119,"fibre_pct":100.0},{"code_insee":"19030","nom":"Brignac-la-Plaine","codes_postaux":["19310"],"code_dep":"19","code_region":"75","population":977,"surface_km2":18.86,"lat":45.1745,"lon":1.3234,"fibre_pct":100.0},{"code_insee":"19031","nom":"Brive-la-Gaillarde","codes_postaux":["19100"],"code_dep":"19","code_region":"75","population":47095,"surface_km2":48.65,"lat":45.145,"lon":1.5144,"fibre_pct":95.3},{"code_insee":"19033","nom":"Bugeat","codes_postaux":["19170"],"code_dep":"19","code_region":"75","population":719,"surface_km2":31.16,"lat":45.59,"lon":1.9357,"fibre_pct":100.0},{"code_insee":"19034","nom":"Camps-Saint-Mathurin-Léobazel","codes_postaux":["19430"],"code_dep":"19","code_region":"75","population":206,"surface_km2":34.09,"lat":44.9934,"lon":1.9866,"fibre_pct":100.0},{"code_insee":"19035","nom":"Chabrignac","codes_postaux":["19350"],"code_dep":"19","code_region":"75","population":542,"surface_km2":11.0,"lat":45.3124,"lon":1.3427,"fibre_pct":100.0},{"code_insee":"19036","nom":"Chamberet","codes_postaux":["19370"],"code_dep":"19","code_region":"75","population":1433,"surface_km2":70.52,"lat":45.6038,"lon":1.7177,"fibre_pct":100.0},{"code_insee":"19037","nom":"Chamboulive","codes_postaux":["19450"],"code_dep":"19","code_region":"75","population":1155,"surface_km2":47.22,"lat":45.4276,"lon":1.7159,"fibre_pct":100.0},{"code_insee":"19038","nom":"Chameyrat","codes_postaux":["19330"],"code_dep":"19","code_region":"75","population":1481,"surface_km2":19.34,"lat":45.2452,"lon":1.7046,"fibre_pct":98.5},{"code_insee":"19039","nom":"Champagnac-la-Noaille","codes_postaux":["19320"],"code_dep":"19","code_region":"75","population":237,"surface_km2":26.0,"lat":45.3067,"lon":1.9999,"fibre_pct":100.0},{"code_insee":"19040","nom":"Champagnac-la-Prune","codes_postaux":["19320"],"code_dep":"19","code_region":"75","population":150,"surface_km2":13.29,"lat":45.1895,"lon":1.9397,"fibre_pct":100.0},{"code_insee":"19041","nom":"Chanac-les-Mines","codes_postaux":["19150"],"code_dep":"19","code_region":"75","population":437,"surface_km2":13.15,"lat":45.2716,"lon":1.8133,"fibre_pct":99.7},{"code_insee":"19042","nom":"Chanteix","codes_postaux":["19330"],"code_dep":"19","code_region":"75","population":596,"surface_km2":19.39,"lat":45.313,"lon":1.6254,"fibre_pct":100.0},{"code_insee":"19043","nom":"La Chapelle-aux-Brocs","codes_postaux":["19360"],"code_dep":"19","code_region":"75","population":448,"surface_km2":5.01,"lat":45.1427,"lon":1.6289,"fibre_pct":81.2},{"code_insee":"19044","nom":"La Chapelle-aux-Saints","codes_postaux":["19120"],"code_dep":"19","code_region":"75","population":257,"surface_km2":4.93,"lat":44.9818,"lon":1.7205,"fibre_pct":100.0},{"code_insee":"19045","nom":"La Chapelle-Saint-Géraud","codes_postaux":["19430"],"code_dep":"19","code_region":"75","population":196,"surface_km2":17.56,"lat":45.0512,"lon":1.9483,"fibre_pct":100.0},{"code_insee":"19046","nom":"Chapelle-Spinasse","codes_postaux":["19300"],"code_dep":"19","code_region":"75","population":114,"surface_km2":5.95,"lat":45.3566,"lon":2.0532,"fibre_pct":100.0},{"code_insee":"19047","nom":"Chartrier-Ferrière","codes_postaux":["19600"],"code_dep":"19","code_region":"75","population":373,"surface_km2":15.51,"lat":45.0556,"lon":1.4343,"fibre_pct":100.0},{"code_insee":"19048","nom":"Le Chastang","codes_postaux":["19190"],"code_dep":"19","code_region":"75","population":349,"surface_km2":7.95,"lat":45.1772,"lon":1.7328,"fibre_pct":100.0},{"code_insee":"19049","nom":"Chasteaux","codes_postaux":["19600"],"code_dep":"19","code_region":"75","population":754,"surface_km2":18.7,"lat":45.0844,"lon":1.4614,"fibre_pct":100.0},{"code_insee":"19050","nom":"Chauffour-sur-Vell","codes_postaux":["19500"],"code_dep":"19","code_region":"75","population":408,"surface_km2":7.32,"lat":45.0202,"lon":1.6715,"fibre_pct":98.3},{"code_insee":"19051","nom":"Chaumeil","codes_postaux":["19390"],"code_dep":"19","code_region":"75","population":164,"surface_km2":31.64,"lat":45.4546,"lon":1.878,"fibre_pct":100.0},{"code_insee":"19052","nom":"Chavanac","codes_postaux":["19290"],"code_dep":"19","code_region":"75","population":52,"surface_km2":9.75,"lat":45.6167,"lon":2.0984,"fibre_pct":100.0},{"code_insee":"19053","nom":"Chaveroche","codes_postaux":["19200"],"code_dep":"19","code_region":"75","population":268,"surface_km2":18.52,"lat":45.564,"lon":2.254,"fibre_pct":100.0},{"code_insee":"19054","nom":"Chenailler-Mascheix","codes_postaux":["19120"],"code_dep":"19","code_region":"75","population":215,"surface_km2":15.5,"lat":45.0642,"lon":1.8291,"fibre_pct":100.0},{"code_insee":"19055","nom":"Chirac-Bellevue","codes_postaux":["19160"],"code_dep":"19","code_region":"75","population":272,"surface_km2":20.61,"lat":45.4516,"lon":2.3118,"fibre_pct":100.0},{"code_insee":"19056","nom":"Clergoux","codes_postaux":["19320"],"code_dep":"19","code_region":"75","population":408,"surface_km2":15.84,"lat":45.2751,"lon":1.9553,"fibre_pct":100.0},{"code_insee":"19057","nom":"Collonges-la-Rouge","codes_postaux":["19500"],"code_dep":"19","code_region":"75","population":478,"surface_km2":14.11,"lat":45.0613,"lon":1.6539,"fibre_pct":99.8},{"code_insee":"19058","nom":"Combressol","codes_postaux":["19250"],"code_dep":"19","code_region":"75","population":386,"surface_km2":25.42,"lat":45.4653,"lon":2.1689,"fibre_pct":100.0},{"code_insee":"19059","nom":"Concèze","codes_postaux":["19350"],"code_dep":"19","code_region":"75","population":376,"surface_km2":13.5,"lat":45.3614,"lon":1.3341,"fibre_pct":100.0},{"code_insee":"19060","nom":"Condat-sur-Ganaveix","codes_postaux":["19140"],"code_dep":"19","code_region":"75","population":643,"surface_km2":37.77,"lat":45.481,"lon":1.5981,"fibre_pct":100.0},{"code_insee":"19061","nom":"Cornil","codes_postaux":["19150"],"code_dep":"19","code_region":"75","population":1261,"surface_km2":19.76,"lat":45.2125,"lon":1.694,"fibre_pct":99.9},{"code_insee":"19062","nom":"Corrèze","codes_postaux":["19800"],"code_dep":"19","code_region":"75","population":1171,"surface_km2":34.68,"lat":45.3678,"lon":1.872,"fibre_pct":99.2},{"code_insee":"19063","nom":"Cosnac","codes_postaux":["19360"],"code_dep":"19","code_region":"75","population":3044,"surface_km2":20.31,"lat":45.1301,"lon":1.5837,"fibre_pct":93.6},{"code_insee":"19064","nom":"Couffy-sur-Sarsonne","codes_postaux":["19340"],"code_dep":"19","code_region":"75","population":72,"surface_km2":14.16,"lat":45.6748,"lon":2.337,"fibre_pct":100.0},{"code_insee":"19065","nom":"Courteix","codes_postaux":["19340"],"code_dep":"19","code_region":"75","population":63,"surface_km2":10.2,"lat":45.6446,"lon":2.3406,"fibre_pct":100.0},{"code_insee":"19066","nom":"Cublac","codes_postaux":["19520"],"code_dep":"19","code_region":"75","population":1728,"surface_km2":20.53,"lat":45.1593,"lon":1.3107,"fibre_pct":96.9},{"code_insee":"19067","nom":"Curemonte","codes_postaux":["19500"],"code_dep":"19","code_region":"75","population":219,"surface_km2":8.73,"lat":45.0039,"lon":1.7577,"fibre_pct":100.0},{"code_insee":"19068","nom":"Dampniat","codes_postaux":["19360"],"code_dep":"19","code_region":"75","population":716,"surface_km2":15.44,"lat":45.1584,"lon":1.6362,"fibre_pct":92.0},{"code_insee":"19069","nom":"Darazac","codes_postaux":["19220"],"code_dep":"19","code_region":"75","population":154,"surface_km2":14.69,"lat":45.1753,"lon":2.0818,"fibre_pct":100.0},{"code_insee":"19070","nom":"Darnets","codes_postaux":["19300"],"code_dep":"19","code_region":"75","population":303,"surface_km2":25.81,"lat":45.4224,"lon":2.1088,"fibre_pct":100.0},{"code_insee":"19071","nom":"Davignac","codes_postaux":["19250"],"code_dep":"19","code_region":"75","population":235,"surface_km2":30.07,"lat":45.4908,"lon":2.0726,"fibre_pct":100.0},{"code_insee":"19072","nom":"Donzenac","codes_postaux":["19270"],"code_dep":"19","code_region":"75","population":2733,"surface_km2":24.49,"lat":45.2318,"lon":1.5245,"fibre_pct":100.0},{"code_insee":"19073","nom":"Égletons","codes_postaux":["19300"],"code_dep":"19","code_region":"75","population":4341,"surface_km2":16.8,"lat":45.4245,"lon":2.0338,"fibre_pct":99.7},{"code_insee":"19074","nom":"L'Église-aux-Bois","codes_postaux":["19170"],"code_dep":"19","code_region":"75","population":50,"surface_km2":16.37,"lat":45.6579,"lon":1.7951,"fibre_pct":100.0},{"code_insee":"19075","nom":"Espagnac","codes_postaux":["19150"],"code_dep":"19","code_region":"75","population":381,"surface_km2":23.89,"lat":45.2424,"lon":1.8919,"fibre_pct":100.0},{"code_insee":"19076","nom":"Espartignac","codes_postaux":["19140"],"code_dep":"19","code_region":"75","population":407,"surface_km2":14.07,"lat":45.3965,"lon":1.5996,"fibre_pct":100.0},{"code_insee":"19077","nom":"Estivals","codes_postaux":["19600"],"code_dep":"19","code_region":"75","population":135,"surface_km2":8.94,"lat":45.032,"lon":1.4567,"fibre_pct":100.0},{"code_insee":"19078","nom":"Estivaux","codes_postaux":["19410"],"code_dep":"19","code_region":"75","population":403,"surface_km2":16.73,"lat":45.3211,"lon":1.4953,"fibre_pct":100.0},{"code_insee":"19079","nom":"Eyburie","codes_postaux":["19140"],"code_dep":"19","code_region":"75","population":486,"surface_km2":29.64,"lat":45.4686,"lon":1.6443,"fibre_pct":100.0},{"code_insee":"19080","nom":"Eygurande","codes_postaux":["19340"],"code_dep":"19","code_region":"75","population":678,"surface_km2":34.69,"lat":45.6746,"lon":2.4235,"fibre_pct":98.6},{"code_insee":"19081","nom":"Eyrein","codes_postaux":["19800"],"code_dep":"19","code_region":"75","population":514,"surface_km2":26.29,"lat":45.3272,"lon":1.9539,"fibre_pct":99.8},{"code_insee":"19082","nom":"Favars","codes_postaux":["19330"],"code_dep":"19","code_region":"75","population":1121,"surface_km2":12.03,"lat":45.2631,"lon":1.6694,"fibre_pct":99.9},{"code_insee":"19083","nom":"Feyt","codes_postaux":["19340"],"code_dep":"19","code_region":"75","population":110,"surface_km2":19.59,"lat":45.6832,"lon":2.4822,"fibre_pct":100.0},{"code_insee":"19084","nom":"Forgès","codes_postaux":["19380"],"code_dep":"19","code_region":"75","population":263,"surface_km2":10.46,"lat":45.1593,"lon":1.865,"fibre_pct":100.0},{"code_insee":"19085","nom":"Gimel-les-Cascades","codes_postaux":["19800"],"code_dep":"19","code_region":"75","population":755,"surface_km2":20.95,"lat":45.3013,"lon":1.8339,"fibre_pct":99.8},{"code_insee":"19086","nom":"Goulles","codes_postaux":["19430"],"code_dep":"19","code_region":"75","population":323,"surface_km2":33.22,"lat":45.0207,"lon":2.09,"fibre_pct":100.0},{"code_insee":"19087","nom":"Gourdon-Murat","codes_postaux":["19170"],"code_dep":"19","code_region":"75","population":83,"surface_km2":15.84,"lat":45.5499,"lon":1.9041,"fibre_pct":100.0},{"code_insee":"19088","nom":"Grandsaigne","codes_postaux":["19300"],"code_dep":"19","code_region":"75","population":46,"surface_km2":20.01,"lat":45.4864,"lon":1.93,"fibre_pct":100.0},{"code_insee":"19089","nom":"Gros-Chastang","codes_postaux":["19320"],"code_dep":"19","code_region":"75","population":181,"surface_km2":13.34,"lat":45.2158,"lon":2.006,"fibre_pct":97.9},{"code_insee":"19090","nom":"Gumond","codes_postaux":["19320"],"code_dep":"19","code_region":"75","population":99,"surface_km2":10.04,"lat":45.2216,"lon":1.9628,"fibre_pct":100.0},{"code_insee":"19091","nom":"Hautefage","codes_postaux":["19400"],"code_dep":"19","code_region":"75","population":313,"surface_km2":24.26,"lat":45.088,"lon":1.9952,"fibre_pct":100.0},{"code_insee":"19093","nom":"Jugeals-Nazareth","codes_postaux":["19500"],"code_dep":"19","code_region":"75","population":943,"surface_km2":11.24,"lat":45.09,"lon":1.5517,"fibre_pct":100.0},{"code_insee":"19094","nom":"Juillac","codes_postaux":["19350"],"code_dep":"19","code_region":"75","population":1153,"surface_km2":32.59,"lat":45.3253,"lon":1.2897,"fibre_pct":100.0},{"code_insee":"19095","nom":"Lacelle","codes_postaux":["19170"],"code_dep":"19","code_region":"75","population":137,"surface_km2":21.01,"lat":45.6446,"lon":1.8257,"fibre_pct":100.0},{"code_insee":"19096","nom":"Ladignac-sur-Rondelles","codes_postaux":["19150"],"code_dep":"19","code_region":"75","population":404,"surface_km2":10.25,"lat":45.2273,"lon":1.8226,"fibre_pct":100.0},{"code_insee":"19097","nom":"Lafage-sur-Sombre","codes_postaux":["19320"],"code_dep":"19","code_region":"75","population":137,"surface_km2":18.84,"lat":45.2913,"lon":2.0669,"fibre_pct":100.0},{"code_insee":"19098","nom":"Lagarde-Marc-la-Tour","codes_postaux":["19150"],"code_dep":"19","code_region":"75","population":928,"surface_km2":28.23,"lat":45.1904,"lon":1.8255,"fibre_pct":100.0},{"code_insee":"19099","nom":"Lagleygeolle","codes_postaux":["19500"],"code_dep":"19","code_region":"75","population":225,"surface_km2":19.48,"lat":45.0855,"lon":1.6938,"fibre_pct":100.0},{"code_insee":"19100","nom":"Lagraulière","codes_postaux":["19700"],"code_dep":"19","code_region":"75","population":1197,"surface_km2":30.89,"lat":45.3572,"lon":1.6264,"fibre_pct":99.0},{"code_insee":"19101","nom":"Laguenne-sur-Avalouze","codes_postaux":["19150"],"code_dep":"19","code_region":"75","population":1577,"surface_km2":12.18,"lat":45.2475,"lon":1.8065,"fibre_pct":98.6},{"code_insee":"19102","nom":"Lamazière-Basse","codes_postaux":["19160"],"code_dep":"19","code_region":"75","population":281,"surface_km2":44.04,"lat":45.3632,"lon":2.1727,"fibre_pct":100.0},{"code_insee":"19103","nom":"Lamazière-Haute","codes_postaux":["19340"],"code_dep":"19","code_region":"75","population":65,"surface_km2":15.41,"lat":45.6801,"lon":2.3863,"fibre_pct":100.0},{"code_insee":"19104","nom":"Lamongerie","codes_postaux":["19510"],"code_dep":"19","code_region":"75","population":124,"surface_km2":12.21,"lat":45.5384,"lon":1.5789,"fibre_pct":100.0},{"code_insee":"19105","nom":"Lanteuil","codes_postaux":["19190"],"code_dep":"19","code_region":"75","population":517,"surface_km2":22.48,"lat":45.1182,"lon":1.643,"fibre_pct":100.0},{"code_insee":"19106","nom":"Lapleau","codes_postaux":["19550"],"code_dep":"19","code_region":"75","population":393,"surface_km2":17.76,"lat":45.2971,"lon":2.1538,"fibre_pct":100.0},{"code_insee":"19107","nom":"Larche","codes_postaux":["19600"],"code_dep":"19","code_region":"75","population":1645,"surface_km2":5.73,"lat":45.1135,"lon":1.4138,"fibre_pct":99.9},{"code_insee":"19108","nom":"Laroche-près-Feyt","codes_postaux":["19340"],"code_dep":"19","code_region":"75","population":80,"surface_km2":17.28,"lat":45.705,"lon":2.4976,"fibre_pct":100.0},{"code_insee":"19109","nom":"Lascaux","codes_postaux":["19130"],"code_dep":"19","code_region":"75","population":228,"surface_km2":7.43,"lat":45.3389,"lon":1.3734,"fibre_pct":100.0},{"code_insee":"19110","nom":"Latronche","codes_postaux":["19160"],"code_dep":"19","code_region":"75","population":112,"surface_km2":19.78,"lat":45.3099,"lon":2.2394,"fibre_pct":100.0},{"code_insee":"19111","nom":"Laval-sur-Luzège","codes_postaux":["19550"],"code_dep":"19","code_region":"75","population":103,"surface_km2":16.62,"lat":45.2521,"lon":2.1443,"fibre_pct":100.0},{"code_insee":"19112","nom":"Lestards","codes_postaux":["19170"],"code_dep":"19","code_region":"75","population":117,"surface_km2":18.76,"lat":45.5425,"lon":1.8646,"fibre_pct":100.0},{"code_insee":"19113","nom":"Liginiac","codes_postaux":["19160"],"code_dep":"19","code_region":"75","population":651,"surface_km2":28.71,"lat":45.4075,"lon":2.324,"fibre_pct":100.0},{"code_insee":"19114","nom":"Lignareix","codes_postaux":["19200"],"code_dep":"19","code_region":"75","population":162,"surface_km2":9.48,"lat":45.6114,"lon":2.3011,"fibre_pct":100.0},{"code_insee":"19115","nom":"Ligneyrac","codes_postaux":["19500"],"code_dep":"19","code_region":"75","population":290,"surface_km2":8.5,"lat":45.0487,"lon":1.6185,"fibre_pct":100.0},{"code_insee":"19116","nom":"Liourdres","codes_postaux":["19120"],"code_dep":"19","code_region":"75","population":271,"surface_km2":5.84,"lat":44.9369,"lon":1.8076,"fibre_pct":100.0},{"code_insee":"19117","nom":"Lissac-sur-Couze","codes_postaux":["19600"],"code_dep":"19","code_region":"75","population":705,"surface_km2":12.53,"lat":45.1116,"lon":1.4619,"fibre_pct":95.4},{"code_insee":"19118","nom":"Le Lonzac","codes_postaux":["19470"],"code_dep":"19","code_region":"75","population":823,"surface_km2":36.64,"lat":45.4705,"lon":1.7274,"fibre_pct":100.0},{"code_insee":"19119","nom":"Lostanges","codes_postaux":["19500"],"code_dep":"19","code_region":"75","population":152,"surface_km2":9.6,"lat":45.0683,"lon":1.7726,"fibre_pct":100.0},{"code_insee":"19120","nom":"Louignac","codes_postaux":["19310"],"code_dep":"19","code_region":"75","population":248,"surface_km2":21.34,"lat":45.2158,"lon":1.2695,"fibre_pct":100.0},{"code_insee":"19121","nom":"Lubersac","codes_postaux":["19210"],"code_dep":"19","code_region":"75","population":2246,"surface_km2":58.43,"lat":45.45,"lon":1.3981,"fibre_pct":100.0},{"code_insee":"19122","nom":"Madranges","codes_postaux":["19470"],"code_dep":"19","code_region":"75","population":166,"surface_km2":13.1,"lat":45.4633,"lon":1.8016,"fibre_pct":100.0},{"code_insee":"19123","nom":"Malemort","codes_postaux":["19360"],"code_dep":"19","code_region":"75","population":8239,"surface_km2":19.58,"lat":45.1797,"lon":1.5936,"fibre_pct":96.2},{"code_insee":"19124","nom":"Mansac","codes_postaux":["19520"],"code_dep":"19","code_region":"75","population":1554,"surface_km2":18.8,"lat":45.1584,"lon":1.3832,"fibre_pct":98.0},{"code_insee":"19125","nom":"Marcillac-la-Croisille","codes_postaux":["19320"],"code_dep":"19","code_region":"75","population":857,"surface_km2":40.19,"lat":45.2504,"lon":2.0305,"fibre_pct":99.9},{"code_insee":"19126","nom":"Marcillac-la-Croze","codes_postaux":["19500"],"code_dep":"19","code_region":"75","population":190,"surface_km2":6.09,"lat":45.0342,"lon":1.7366,"fibre_pct":100.0},{"code_insee":"19128","nom":"Margerides","codes_postaux":["19200"],"code_dep":"19","code_region":"75","population":271,"surface_km2":11.95,"lat":45.4548,"lon":2.4179,"fibre_pct":100.0},{"code_insee":"19129","nom":"Masseret","codes_postaux":["19510"],"code_dep":"19","code_region":"75","population":678,"surface_km2":13.73,"lat":45.5434,"lon":1.5174,"fibre_pct":100.0},{"code_insee":"19130","nom":"Maussac","codes_postaux":["19250"],"code_dep":"19","code_region":"75","population":452,"surface_km2":13.97,"lat":45.4716,"lon":2.1245,"fibre_pct":100.0},{"code_insee":"19131","nom":"Meilhards","codes_postaux":["19510"],"code_dep":"19","code_region":"75","population":545,"surface_km2":45.21,"lat":45.5489,"lon":1.6358,"fibre_pct":100.0},{"code_insee":"19132","nom":"Ménoire","codes_postaux":["19190"],"code_dep":"19","code_region":"75","population":132,"surface_km2":6.45,"lat":45.1059,"lon":1.7942,"fibre_pct":100.0},{"code_insee":"19133","nom":"Mercœur","codes_postaux":["19430"],"code_dep":"19","code_region":"75","population":228,"surface_km2":30.14,"lat":45.0182,"lon":1.9479,"fibre_pct":100.0},{"code_insee":"19134","nom":"Merlines","codes_postaux":["19340"],"code_dep":"19","code_region":"75","population":741,"surface_km2":14.14,"lat":45.6269,"lon":2.4551,"fibre_pct":100.0},{"code_insee":"19135","nom":"Mestes","codes_postaux":["19200"],"code_dep":"19","code_region":"75","population":341,"surface_km2":11.51,"lat":45.4928,"lon":2.3166,"fibre_pct":100.0},{"code_insee":"19136","nom":"Meymac","codes_postaux":["19250"],"code_dep":"19","code_region":"75","population":2389,"surface_km2":87.29,"lat":45.5527,"lon":2.1266,"fibre_pct":99.4},{"code_insee":"19137","nom":"Meyrignac-l'Église","codes_postaux":["19800"],"code_dep":"19","code_region":"75","population":64,"surface_km2":10.1,"lat":45.4054,"lon":1.8607,"fibre_pct":45.4},{"code_insee":"19138","nom":"Meyssac","codes_postaux":["19500"],"code_dep":"19","code_region":"75","population":1310,"surface_km2":11.53,"lat":45.0484,"lon":1.6867,"fibre_pct":100.0},{"code_insee":"19139","nom":"Millevaches","codes_postaux":["19290"],"code_dep":"19","code_region":"75","population":79,"surface_km2":11.53,"lat":45.6441,"lon":2.0907,"fibre_pct":100.0},{"code_insee":"19140","nom":"Monceaux-sur-Dordogne","codes_postaux":["19400"],"code_dep":"19","code_region":"75","population":628,"surface_km2":36.88,"lat":45.0732,"lon":1.8896,"fibre_pct":100.0},{"code_insee":"19141","nom":"Monestier-Merlines","codes_postaux":["19340"],"code_dep":"19","code_region":"75","population":302,"surface_km2":9.49,"lat":45.6539,"lon":2.4899,"fibre_pct":100.0},{"code_insee":"19142","nom":"Monestier-Port-Dieu","codes_postaux":["19110"],"code_dep":"19","code_region":"75","population":132,"surface_km2":18.81,"lat":45.4963,"lon":2.4866,"fibre_pct":100.0},{"code_insee":"19143","nom":"Montaignac-sur-Doustre","codes_postaux":["19300"],"code_dep":"19","code_region":"75","population":633,"surface_km2":32.66,"lat":45.3364,"lon":2.0271,"fibre_pct":100.0},{"code_insee":"19144","nom":"Montgibaud","codes_postaux":["19210"],"code_dep":"19","code_region":"75","population":251,"surface_km2":14.13,"lat":45.5104,"lon":1.4217,"fibre_pct":100.0},{"code_insee":"19145","nom":"Moustier-Ventadour","codes_postaux":["19300"],"code_dep":"19","code_region":"75","population":405,"surface_km2":30.23,"lat":45.3811,"lon":2.105,"fibre_pct":100.0},{"code_insee":"19146","nom":"Naves","codes_postaux":["19460"],"code_dep":"19","code_region":"75","population":2281,"surface_km2":36.47,"lat":45.3124,"lon":1.7504,"fibre_pct":99.8},{"code_insee":"19147","nom":"Nespouls","codes_postaux":["19600"],"code_dep":"19","code_region":"75","population":638,"surface_km2":20.35,"lat":45.0549,"lon":1.5026,"fibre_pct":100.0},{"code_insee":"19148","nom":"Neuvic","codes_postaux":["19160"],"code_dep":"19","code_region":"75","population":1567,"surface_km2":75.21,"lat":45.3631,"lon":2.2534,"fibre_pct":100.0},{"code_insee":"19149","nom":"Neuville","codes_postaux":["19380"],"code_dep":"19","code_region":"75","population":201,"surface_km2":14.19,"lat":45.109,"lon":1.8488,"fibre_pct":100.0},{"code_insee":"19150","nom":"Noailhac","codes_postaux":["19500"],"code_dep":"19","code_region":"75","population":348,"surface_km2":13.57,"lat":45.0792,"lon":1.6215,"fibre_pct":100.0},{"code_insee":"19151","nom":"Noailles","codes_postaux":["19600"],"code_dep":"19","code_region":"75","population":945,"surface_km2":12.51,"lat":45.0989,"lon":1.5204,"fibre_pct":97.9},{"code_insee":"19152","nom":"Nonards","codes_postaux":["19120"],"code_dep":"19","code_region":"75","population":482,"surface_km2":11.01,"lat":45.0211,"lon":1.813,"fibre_pct":100.0},{"code_insee":"19153","nom":"Objat","codes_postaux":["19130"],"code_dep":"19","code_region":"75","population":3721,"surface_km2":9.6,"lat":45.266,"lon":1.4153,"fibre_pct":98.4},{"code_insee":"19154","nom":"Orgnac-sur-Vézère","codes_postaux":["19410"],"code_dep":"19","code_region":"75","population":325,"surface_km2":18.83,"lat":45.3406,"lon":1.4616,"fibre_pct":100.0},{"code_insee":"19155","nom":"Orliac-de-Bar","codes_postaux":["19390"],"code_dep":"19","code_region":"75","population":256,"surface_km2":14.97,"lat":45.3705,"lon":1.8044,"fibre_pct":100.0},{"code_insee":"19156","nom":"Palazinges","codes_postaux":["19190"],"code_dep":"19","code_region":"75","population":162,"surface_km2":5.38,"lat":45.1646,"lon":1.6962,"fibre_pct":100.0},{"code_insee":"19157","nom":"Palisse","codes_postaux":["19160"],"code_dep":"19","code_region":"75","population":224,"surface_km2":33.37,"lat":45.4333,"lon":2.2073,"fibre_pct":94.2},{"code_insee":"19158","nom":"Pandrignes","codes_postaux":["19150"],"code_dep":"19","code_region":"75","population":172,"surface_km2":8.45,"lat":45.22,"lon":1.8632,"fibre_pct":100.0},{"code_insee":"19159","nom":"Péret-Bel-Air","codes_postaux":["19300"],"code_dep":"19","code_region":"75","population":84,"surface_km2":15.62,"lat":45.4713,"lon":2.0261,"fibre_pct":100.0},{"code_insee":"19160","nom":"Pérols-sur-Vézère","codes_postaux":["19170"],"code_dep":"19","code_region":"75","population":201,"surface_km2":47.25,"lat":45.5731,"lon":2.009,"fibre_pct":100.0},{"code_insee":"19161","nom":"Perpezac-le-Blanc","codes_postaux":["19310"],"code_dep":"19","code_region":"75","population":427,"surface_km2":18.9,"lat":45.2147,"lon":1.3231,"fibre_pct":100.0},{"code_insee":"19162","nom":"Perpezac-le-Noir","codes_postaux":["19410"],"code_dep":"19","code_region":"75","population":1270,"surface_km2":24.96,"lat":45.337,"lon":1.5518,"fibre_pct":100.0},{"code_insee":"19163","nom":"Le Pescher","codes_postaux":["19190"],"code_dep":"19","code_region":"75","population":365,"surface_km2":11.23,"lat":45.0791,"lon":1.7625,"fibre_pct":100.0},{"code_insee":"19164","nom":"Peyrelevade","codes_postaux":["19290"],"code_dep":"19","code_region":"75","population":824,"surface_km2":66.71,"lat":45.7101,"lon":2.0286,"fibre_pct":100.0},{"code_insee":"19165","nom":"Peyrissac","codes_postaux":["19260"],"code_dep":"19","code_region":"75","population":133,"surface_km2":6.1,"lat":45.5035,"lon":1.6932,"fibre_pct":100.0},{"code_insee":"19166","nom":"Pierrefitte","codes_postaux":["19450"],"code_dep":"19","code_region":"75","population":93,"surface_km2":9.98,"lat":45.4297,"lon":1.6433,"fibre_pct":100.0},{"code_insee":"19167","nom":"Confolent-Port-Dieu","codes_postaux":["19200"],"code_dep":"19","code_region":"75","population":42,"surface_km2":10.76,"lat":45.5293,"lon":2.4932,"fibre_pct":100.0},{"code_insee":"19168","nom":"Pradines","codes_postaux":["19170"],"code_dep":"19","code_region":"75","population":92,"surface_km2":19.83,"lat":45.5079,"lon":1.9114,"fibre_pct":98.8},{"code_insee":"19169","nom":"Puy-d'Arnac","codes_postaux":["19120"],"code_dep":"19","code_region":"75","population":296,"surface_km2":12.29,"lat":45.024,"lon":1.7748,"fibre_pct":100.0},{"code_insee":"19170","nom":"Queyssac-les-Vignes","codes_postaux":["19120"],"code_dep":"19","code_region":"75","population":235,"surface_km2":11.18,"lat":44.9622,"lon":1.7668,"fibre_pct":100.0},{"code_insee":"19171","nom":"Reygade","codes_postaux":["19430"],"code_dep":"19","code_region":"75","population":175,"surface_km2":14.12,"lat":45.0203,"lon":1.9035,"fibre_pct":100.0},{"code_insee":"19172","nom":"Rilhac-Treignac","codes_postaux":["19260"],"code_dep":"19","code_region":"75","population":117,"surface_km2":9.61,"lat":45.5285,"lon":1.6912,"fibre_pct":100.0},{"code_insee":"19173","nom":"Rilhac-Xaintrie","codes_postaux":["19220"],"code_dep":"19","code_region":"75","population":303,"surface_km2":25.68,"lat":45.1801,"lon":2.1961,"fibre_pct":100.0},{"code_insee":"19174","nom":"La Roche-Canillac","codes_postaux":["19320"],"code_dep":"19","code_region":"75","population":126,"surface_km2":3.12,"lat":45.1977,"lon":1.9636,"fibre_pct":100.0},{"code_insee":"19175","nom":"Roche-le-Peyroux","codes_postaux":["19160"],"code_dep":"19","code_region":"75","population":107,"surface_km2":7.09,"lat":45.429,"lon":2.3822,"fibre_pct":100.0},{"code_insee":"19176","nom":"Rosiers-d'Égletons","codes_postaux":["19300"],"code_dep":"19","code_region":"75","population":1083,"surface_km2":38.25,"lat":45.3913,"lon":2.0165,"fibre_pct":100.0},{"code_insee":"19177","nom":"Rosiers-de-Juillac","codes_postaux":["19350"],"code_dep":"19","code_region":"75","population":177,"surface_km2":9.62,"lat":45.2889,"lon":1.3018,"fibre_pct":100.0},{"code_insee":"19178","nom":"Sadroc","codes_postaux":["19270"],"code_dep":"19","code_region":"75","population":1010,"surface_km2":19.32,"lat":45.2748,"lon":1.5495,"fibre_pct":100.0},{"code_insee":"19179","nom":"Saillac","codes_postaux":["19500"],"code_dep":"19","code_region":"75","population":214,"surface_km2":4.33,"lat":45.041,"lon":1.6413,"fibre_pct":100.0},{"code_insee":"19180","nom":"Saint-Angel","codes_postaux":["19200"],"code_dep":"19","code_region":"75","population":702,"surface_km2":47.99,"lat":45.4964,"lon":2.2365,"fibre_pct":100.0},{"code_insee":"19181","nom":"Saint-Augustin","codes_postaux":["19390"],"code_dep":"19","code_region":"75","population":427,"surface_km2":30.31,"lat":45.4383,"lon":1.8353,"fibre_pct":100.0},{"code_insee":"19182","nom":"Saint-Aulaire","codes_postaux":["19130"],"code_dep":"19","code_region":"75","population":773,"surface_km2":11.0,"lat":45.237,"lon":1.3889,"fibre_pct":100.0},{"code_insee":"19184","nom":"Saint-Bazile-de-Meyssac","codes_postaux":["19500"],"code_dep":"19","code_region":"75","population":142,"surface_km2":4.52,"lat":45.0552,"lon":1.7252,"fibre_pct":100.0},{"code_insee":"19186","nom":"Saint-Bonnet-Elvert","codes_postaux":["19380"],"code_dep":"19","code_region":"75","population":234,"surface_km2":18.33,"lat":45.157,"lon":1.9177,"fibre_pct":100.0},{"code_insee":"19187","nom":"Saint-Bonnet-la-Rivière","codes_postaux":["19130"],"code_dep":"19","code_region":"75","population":389,"surface_km2":10.1,"lat":45.2953,"lon":1.3582,"fibre_pct":100.0},{"code_insee":"19188","nom":"Saint-Bonnet-l'Enfantier","codes_postaux":["19410"],"code_dep":"19","code_region":"75","population":410,"surface_km2":11.89,"lat":45.299,"lon":1.5278,"fibre_pct":100.0},{"code_insee":"19189","nom":"Saint-Bonnet-les-Tours-de-Merle","codes_postaux":["19430"],"code_dep":"19","code_region":"75","population":41,"surface_km2":5.92,"lat":45.0541,"lon":2.0526,"fibre_pct":100.0},{"code_insee":"19190","nom":"Saint-Bonnet-près-Bort","codes_postaux":["19200"],"code_dep":"19","code_region":"75","population":188,"surface_km2":16.94,"lat":45.5074,"lon":2.4239,"fibre_pct":81.0},{"code_insee":"19191","nom":"Saint-Cernin-de-Larche","codes_postaux":["19600"],"code_dep":"19","code_region":"75","population":695,"surface_km2":9.3,"lat":45.0916,"lon":1.4127,"fibre_pct":100.0},{"code_insee":"19192","nom":"Saint-Chamant","codes_postaux":["19380"],"code_dep":"19","code_region":"75","population":468,"surface_km2":14.06,"lat":45.1268,"lon":1.8971,"fibre_pct":100.0},{"code_insee":"19193","nom":"Saint-Cirgues-la-Loutre","codes_postaux":["19220"],"code_dep":"19","code_region":"75","population":188,"surface_km2":18.5,"lat":45.0887,"lon":2.1006,"fibre_pct":100.0},{"code_insee":"19194","nom":"Saint-Clément","codes_postaux":["19700"],"code_dep":"19","code_region":"75","population":1386,"surface_km2":26.87,"lat":45.3344,"lon":1.6876,"fibre_pct":100.0},{"code_insee":"19195","nom":"Saint-Cyprien","codes_postaux":["19130"],"code_dep":"19","code_region":"75","population":377,"surface_km2":7.74,"lat":45.2534,"lon":1.3638,"fibre_pct":100.0},{"code_insee":"19196","nom":"Saint-Cyr-la-Roche","codes_postaux":["19130"],"code_dep":"19","code_region":"75","population":450,"surface_km2":8.41,"lat":45.2783,"lon":1.384,"fibre_pct":100.0},{"code_insee":"19198","nom":"Saint-Éloy-les-Tuileries","codes_postaux":["19210"],"code_dep":"19","code_region":"75","population":114,"surface_km2":9.14,"lat":45.4571,"lon":1.2809,"fibre_pct":100.0},{"code_insee":"19199","nom":"Saint-Étienne-aux-Clos","codes_postaux":["19200"],"code_dep":"19","code_region":"75","population":246,"surface_km2":35.27,"lat":45.5703,"lon":2.448,"fibre_pct":100.0},{"code_insee":"19200","nom":"Saint-Étienne-la-Geneste","codes_postaux":["19160"],"code_dep":"19","code_region":"75","population":87,"surface_km2":5.02,"lat":45.4511,"lon":2.3473,"fibre_pct":100.0},{"code_insee":"19201","nom":"Saint-Exupéry-les-Roches","codes_postaux":["19200"],"code_dep":"19","code_region":"75","population":591,"surface_km2":36.19,"lat":45.5086,"lon":2.3754,"fibre_pct":100.0},{"code_insee":"19202","nom":"Sainte-Féréole","codes_postaux":["19270"],"code_dep":"19","code_region":"75","population":2081,"surface_km2":35.58,"lat":45.2288,"lon":1.5934,"fibre_pct":90.7},{"code_insee":"19203","nom":"Sainte-Fortunade","codes_postaux":["19490"],"code_dep":"19","code_region":"75","population":1798,"surface_km2":38.42,"lat":45.2051,"lon":1.7633,"fibre_pct":99.9},{"code_insee":"19204","nom":"Saint-Fréjoux","codes_postaux":["19200"],"code_dep":"19","code_region":"75","population":260,"surface_km2":25.01,"lat":45.5562,"lon":2.3818,"fibre_pct":100.0},{"code_insee":"19205","nom":"Saint-Geniez-ô-Merle","codes_postaux":["19220"],"code_dep":"19","code_region":"75","population":95,"surface_km2":15.88,"lat":45.0842,"lon":2.064,"fibre_pct":100.0},{"code_insee":"19206","nom":"Saint-Germain-Lavolps","codes_postaux":["19290"],"code_dep":"19","code_region":"75","population":102,"surface_km2":21.78,"lat":45.6049,"lon":2.2152,"fibre_pct":100.0},{"code_insee":"19207","nom":"Saint-Germain-les-Vergnes","codes_postaux":["19330"],"code_dep":"19","code_region":"75","population":1153,"surface_km2":19.48,"lat":45.2685,"lon":1.6185,"fibre_pct":100.0},{"code_insee":"19208","nom":"Saint-Hilaire-Foissac","codes_postaux":["19550"],"code_dep":"19","code_region":"75","population":196,"surface_km2":37.22,"lat":45.3149,"lon":2.1111,"fibre_pct":100.0},{"code_insee":"19209","nom":"Saint-Hilaire-les-Courbes","codes_postaux":["19170"],"code_dep":"19","code_region":"75","population":178,"surface_km2":36.94,"lat":45.5983,"lon":1.8211,"fibre_pct":100.0},{"code_insee":"19210","nom":"Saint-Hilaire-Luc","codes_postaux":["19160"],"code_dep":"19","code_region":"75","population":65,"surface_km2":10.76,"lat":45.35,"lon":2.2142,"fibre_pct":100.0},{"code_insee":"19211","nom":"Saint-Hilaire-Peyroux","codes_postaux":["19560"],"code_dep":"19","code_region":"75","population":974,"surface_km2":19.22,"lat":45.2109,"lon":1.6423,"fibre_pct":100.0},{"code_insee":"19212","nom":"Saint-Hilaire-Taurieux","codes_postaux":["19400"],"code_dep":"19","code_region":"75","population":91,"surface_km2":8.56,"lat":45.0789,"lon":1.8306,"fibre_pct":91.3},{"code_insee":"19213","nom":"Saint-Jal","codes_postaux":["19700"],"code_dep":"19","code_region":"75","population":594,"surface_km2":26.86,"lat":45.3946,"lon":1.6529,"fibre_pct":100.0},{"code_insee":"19214","nom":"Saint-Julien-aux-Bois","codes_postaux":["19220"],"code_dep":"19","code_region":"75","population":430,"surface_km2":44.3,"lat":45.1257,"lon":2.1435,"fibre_pct":100.0},{"code_insee":"19215","nom":"Saint-Julien-le-Pèlerin","codes_postaux":["19430"],"code_dep":"19","code_region":"75","population":115,"surface_km2":15.62,"lat":45.0057,"lon":2.0659,"fibre_pct":100.0},{"code_insee":"19216","nom":"Saint-Julien-le-Vendômois","codes_postaux":["19210"],"code_dep":"19","code_region":"75","population":234,"surface_km2":23.19,"lat":45.4553,"lon":1.3171,"fibre_pct":100.0},{"code_insee":"19217","nom":"Saint-Julien-Maumont","codes_postaux":["19500"],"code_dep":"19","code_region":"75","population":184,"surface_km2":6.42,"lat":45.0351,"lon":1.7086,"fibre_pct":100.0},{"code_insee":"19219","nom":"Sainte-Marie-Lapanouze","codes_postaux":["19160"],"code_dep":"19","code_region":"75","population":64,"surface_km2":6.66,"lat":45.4302,"lon":2.3419,"fibre_pct":100.0},{"code_insee":"19220","nom":"Saint-Martial-de-Gimel","codes_postaux":["19150"],"code_dep":"19","code_region":"75","population":489,"surface_km2":24.0,"lat":45.2705,"lon":1.8895,"fibre_pct":100.0},{"code_insee":"19221","nom":"Saint-Martial-Entraygues","codes_postaux":["19400"],"code_dep":"19","code_region":"75","population":106,"surface_km2":7.57,"lat":45.1271,"lon":1.9717,"fibre_pct":100.0},{"code_insee":"19222","nom":"Saint-Martin-la-Méanne","codes_postaux":["19320"],"code_dep":"19","code_region":"75","population":351,"surface_km2":27.5,"lat":45.1691,"lon":1.9955,"fibre_pct":100.0},{"code_insee":"19225","nom":"Saint-Merd-de-Lapleau","codes_postaux":["19320"],"code_dep":"19","code_region":"75","population":205,"surface_km2":24.97,"lat":45.2487,"lon":2.0988,"fibre_pct":100.0},{"code_insee":"19226","nom":"Saint-Merd-les-Oussines","codes_postaux":["19170"],"code_dep":"19","code_region":"75","population":105,"surface_km2":42.99,"lat":45.6198,"lon":2.0282,"fibre_pct":100.0},{"code_insee":"19227","nom":"Saint-Mexant","codes_postaux":["19330"],"code_dep":"19","code_region":"75","population":1330,"surface_km2":18.9,"lat":45.2898,"lon":1.6747,"fibre_pct":98.9},{"code_insee":"19228","nom":"Saint-Pantaléon-de-Lapleau","codes_postaux":["19160"],"code_dep":"19","code_region":"75","population":63,"surface_km2":8.54,"lat":45.3198,"lon":2.2035,"fibre_pct":100.0},{"code_insee":"19229","nom":"Saint-Pantaléon-de-Larche","codes_postaux":["19600"],"code_dep":"19","code_region":"75","population":5091,"surface_km2":23.72,"lat":45.1461,"lon":1.4345,"fibre_pct":99.1},{"code_insee":"19231","nom":"Saint-Pardoux-la-Croisille","codes_postaux":["19320"],"code_dep":"19","code_region":"75","population":176,"surface_km2":17.38,"lat":45.2538,"lon":1.9663,"fibre_pct":100.0},{"code_insee":"19232","nom":"Saint-Pardoux-le-Neuf","codes_postaux":["19200"],"code_dep":"19","code_region":"75","population":83,"surface_km2":10.65,"lat":45.6133,"lon":2.3392,"fibre_pct":100.0},{"code_insee":"19233","nom":"Saint-Pardoux-le-Vieux","codes_postaux":["19200"],"code_dep":"19","code_region":"75","population":293,"surface_km2":15.89,"lat":45.6013,"lon":2.2681,"fibre_pct":100.0},{"code_insee":"19234","nom":"Saint-Pardoux-l'Ortigier","codes_postaux":["19270"],"code_dep":"19","code_region":"75","population":485,"surface_km2":13.01,"lat":45.2984,"lon":1.5811,"fibre_pct":100.0},{"code_insee":"19235","nom":"Saint-Paul","codes_postaux":["19150"],"code_dep":"19","code_region":"75","population":232,"surface_km2":14.26,"lat":45.2038,"lon":1.9018,"fibre_pct":100.0},{"code_insee":"19236","nom":"Saint-Priest-de-Gimel","codes_postaux":["19800"],"code_dep":"19","code_region":"75","population":480,"surface_km2":17.88,"lat":45.3083,"lon":1.8968,"fibre_pct":100.0},{"code_insee":"19237","nom":"Saint-Privat","codes_postaux":["19220"],"code_dep":"19","code_region":"75","population":1034,"surface_km2":32.26,"lat":45.1354,"lon":2.0824,"fibre_pct":100.0},{"code_insee":"19238","nom":"Saint-Rémy","codes_postaux":["19290"],"code_dep":"19","code_region":"75","population":244,"surface_km2":30.99,"lat":45.6579,"lon":2.2804,"fibre_pct":100.0},{"code_insee":"19239","nom":"Saint-Robert","codes_postaux":["19310"],"code_dep":"19","code_region":"75","population":294,"surface_km2":6.13,"lat":45.2543,"lon":1.2945,"fibre_pct":100.0},{"code_insee":"19240","nom":"Saint-Salvadour","codes_postaux":["19700"],"code_dep":"19","code_region":"75","population":332,"surface_km2":19.83,"lat":45.3868,"lon":1.7653,"fibre_pct":100.0},{"code_insee":"19241","nom":"Saint-Setiers","codes_postaux":["19290"],"code_dep":"19","code_region":"75","population":252,"surface_km2":47.02,"lat":45.6955,"lon":2.1185,"fibre_pct":100.0},{"code_insee":"19242","nom":"Saint-Solve","codes_postaux":["19130"],"code_dep":"19","code_region":"75","population":450,"surface_km2":5.93,"lat":45.3074,"lon":1.4014,"fibre_pct":100.0},{"code_insee":"19243","nom":"Saint-Sornin-Lavolps","codes_postaux":["19230"],"code_dep":"19","code_region":"75","population":847,"surface_km2":15.33,"lat":45.3737,"lon":1.3702,"fibre_pct":100.0},{"code_insee":"19244","nom":"Saint-Sulpice-les-Bois","codes_postaux":["19250"],"code_dep":"19","code_region":"75","population":76,"surface_km2":23.25,"lat":45.617,"lon":2.1408,"fibre_pct":100.0},{"code_insee":"19245","nom":"Saint-Sylvain","codes_postaux":["19380"],"code_dep":"19","code_region":"75","population":131,"surface_km2":7.52,"lat":45.1807,"lon":1.8854,"fibre_pct":100.0},{"code_insee":"19246","nom":"Saint-Viance","codes_postaux":["19240"],"code_dep":"19","code_region":"75","population":1892,"surface_km2":16.5,"lat":45.2044,"lon":1.4639,"fibre_pct":96.1},{"code_insee":"19247","nom":"Saint-Victour","codes_postaux":["19200"],"code_dep":"19","code_region":"75","population":199,"surface_km2":14.58,"lat":45.4604,"lon":2.3913,"fibre_pct":100.0},{"code_insee":"19248","nom":"Les Trois-Saints","codes_postaux":["19140","19210"],"code_dep":"19","code_region":"75","population":1388,"surface_km2":63.96,"lat":45.4464,"lon":1.4925,"fibre_pct":100.0},{"code_insee":"19249","nom":"Saint-Yrieix-le-Déjalat","codes_postaux":["19300"],"code_dep":"19","code_region":"75","population":327,"surface_km2":40.24,"lat":45.4572,"lon":1.9683,"fibre_pct":100.0},{"code_insee":"19250","nom":"Salon-la-Tour","codes_postaux":["19510"],"code_dep":"19","code_region":"75","population":681,"surface_km2":43.36,"lat":45.5007,"lon":1.5293,"fibre_pct":100.0},{"code_insee":"19251","nom":"Sarran","codes_postaux":["19800"],"code_dep":"19","code_region":"75","population":262,"surface_km2":25.92,"lat":45.4145,"lon":1.9326,"fibre_pct":100.0},{"code_insee":"19252","nom":"Sarroux - Saint Julien","codes_postaux":["19110"],"code_dep":"19","code_region":"75","population":866,"surface_km2":56.36,"lat":45.4357,"lon":2.4422,"fibre_pct":100.0},{"code_insee":"19253","nom":"Segonzac","codes_postaux":["19310"],"code_dep":"19","code_region":"75","population":192,"surface_km2":20.02,"lat":45.2779,"lon":1.2699,"fibre_pct":100.0},{"code_insee":"19254","nom":"Ségur-le-Château","codes_postaux":["19230"],"code_dep":"19","code_region":"75","population":202,"surface_km2":9.59,"lat":45.428,"lon":1.3015,"fibre_pct":100.0},{"code_insee":"19255","nom":"Seilhac","codes_postaux":["19700"],"code_dep":"19","code_region":"75","population":1805,"surface_km2":25.5,"lat":45.3658,"lon":1.7179,"fibre_pct":99.8},{"code_insee":"19256","nom":"Sérandon","codes_postaux":["19160"],"code_dep":"19","code_region":"75","population":343,"surface_km2":34.52,"lat":45.3488,"lon":2.3265,"fibre_pct":100.0},{"code_insee":"19257","nom":"Sérilhac","codes_postaux":["19190"],"code_dep":"19","code_region":"75","population":275,"surface_km2":12.69,"lat":45.096,"lon":1.7365,"fibre_pct":100.0},{"code_insee":"19258","nom":"Servières-le-Château","codes_postaux":["19220"],"code_dep":"19","code_region":"75","population":563,"surface_km2":25.53,"lat":45.1421,"lon":2.0206,"fibre_pct":100.0},{"code_insee":"19259","nom":"Sexcles","codes_postaux":["19430"],"code_dep":"19","code_region":"75","population":228,"surface_km2":25.59,"lat":45.0458,"lon":2.013,"fibre_pct":100.0},{"code_insee":"19260","nom":"Sioniac","codes_postaux":["19120"],"code_dep":"19","code_region":"75","population":246,"surface_km2":10.66,"lat":44.9755,"lon":1.8,"fibre_pct":100.0},{"code_insee":"19261","nom":"Sornac","codes_postaux":["19290"],"code_dep":"19","code_region":"75","population":776,"surface_km2":59.45,"lat":45.6753,"lon":2.1753,"fibre_pct":100.0},{"code_insee":"19262","nom":"Soudaine-Lavinadière","codes_postaux":["19370"],"code_dep":"19","code_region":"75","population":143,"surface_km2":22.22,"lat":45.5426,"lon":1.7243,"fibre_pct":100.0},{"code_insee":"19263","nom":"Soudeilles","codes_postaux":["19300"],"code_dep":"19","code_region":"75","population":299,"surface_km2":20.42,"lat":45.4446,"lon":2.0691,"fibre_pct":100.0},{"code_insee":"19264","nom":"Soursac","codes_postaux":["19550"],"code_dep":"19","code_region":"75","population":526,"surface_km2":42.82,"lat":45.2657,"lon":2.2008,"fibre_pct":100.0},{"code_insee":"19265","nom":"Tarnac","codes_postaux":["19170"],"code_dep":"19","code_region":"75","population":333,"surface_km2":68.72,"lat":45.6697,"lon":1.9503,"fibre_pct":99.1},{"code_insee":"19266","nom":"Thalamy","codes_postaux":["19200"],"code_dep":"19","code_region":"75","population":107,"surface_km2":11.57,"lat":45.507,"lon":2.4604,"fibre_pct":100.0},{"code_insee":"19268","nom":"Toy-Viam","codes_postaux":["19170"],"code_dep":"19","code_region":"75","population":35,"surface_km2":10.16,"lat":45.6464,"lon":1.9272,"fibre_pct":100.0},{"code_insee":"19269","nom":"Treignac","codes_postaux":["19260"],"code_dep":"19","code_region":"75","population":1256,"surface_km2":38.15,"lat":45.5534,"lon":1.803,"fibre_pct":100.0},{"code_insee":"19270","nom":"Troche","codes_postaux":["19230"],"code_dep":"19","code_region":"75","population":534,"surface_km2":19.99,"lat":45.3954,"lon":1.4471,"fibre_pct":100.0},{"code_insee":"19271","nom":"Tudeils","codes_postaux":["19120"],"code_dep":"19","code_region":"75","population":268,"surface_km2":9.49,"lat":45.0502,"lon":1.7812,"fibre_pct":100.0},{"code_insee":"19272","nom":"Tulle","codes_postaux":["19000"],"code_dep":"19","code_region":"75","population":13401,"surface_km2":24.73,"lat":45.2685,"lon":1.7663,"fibre_pct":97.4},{"code_insee":"19273","nom":"Turenne","codes_postaux":["19500"],"code_dep":"19","code_region":"75","population":801,"surface_km2":27.14,"lat":45.0695,"lon":1.567,"fibre_pct":91.5},{"code_insee":"19274","nom":"Ussac","codes_postaux":["19270"],"code_dep":"19","code_region":"75","population":4322,"surface_km2":24.99,"lat":45.1875,"lon":1.5119,"fibre_pct":93.5},{"code_insee":"19275","nom":"Ussel","codes_postaux":["19200"],"code_dep":"19","code_region":"75","population":9187,"surface_km2":51.12,"lat":45.5537,"lon":2.294,"fibre_pct":99.9},{"code_insee":"19276","nom":"Uzerche","codes_postaux":["19140"],"code_dep":"19","code_region":"75","population":2814,"surface_km2":24.13,"lat":45.428,"lon":1.5663,"fibre_pct":99.8},{"code_insee":"19277","nom":"Valiergues","codes_postaux":["19200"],"code_dep":"19","code_region":"75","population":157,"surface_km2":13.19,"lat":45.4769,"lon":2.2794,"fibre_pct":100.0},{"code_insee":"19278","nom":"Varetz","codes_postaux":["19240"],"code_dep":"19","code_region":"75","population":2409,"surface_km2":20.52,"lat":45.1914,"lon":1.4365,"fibre_pct":97.8},{"code_insee":"19279","nom":"Vars-sur-Roseix","codes_postaux":["19130"],"code_dep":"19","code_region":"75","population":415,"surface_km2":4.42,"lat":45.2625,"lon":1.3741,"fibre_pct":100.0},{"code_insee":"19280","nom":"Végennes","codes_postaux":["19120"],"code_dep":"19","code_region":"75","population":171,"surface_km2":10.04,"lat":44.9787,"lon":1.7489,"fibre_pct":100.0},{"code_insee":"19281","nom":"Veix","codes_postaux":["19260"],"code_dep":"19","code_region":"75","population":80,"surface_km2":21.96,"lat":45.5041,"lon":1.8431,"fibre_pct":100.0},{"code_insee":"19283","nom":"Veyrières","codes_postaux":["19200"],"code_dep":"19","code_region":"75","population":83,"surface_km2":4.0,"lat":45.4895,"lon":2.3958,"fibre_pct":100.0},{"code_insee":"19284","nom":"Viam","codes_postaux":["19170"],"code_dep":"19","code_region":"75","population":85,"surface_km2":31.78,"lat":45.6111,"lon":1.8868,"fibre_pct":100.0},{"code_insee":"19285","nom":"Vigeois","codes_postaux":["19410"],"code_dep":"19","code_region":"75","population":1300,"surface_km2":43.77,"lat":45.3835,"lon":1.5172,"fibre_pct":100.0},{"code_insee":"19286","nom":"Vignols","codes_postaux":["19130"],"code_dep":"19","code_region":"75","population":536,"surface_km2":15.2,"lat":45.3252,"lon":1.4047,"fibre_pct":100.0},{"code_insee":"19287","nom":"Vitrac-sur-Montane","codes_postaux":["19800"],"code_dep":"19","code_region":"75","population":222,"surface_km2":27.62,"lat":45.3706,"lon":1.938,"fibre_pct":100.0},{"code_insee":"19288","nom":"Voutezac","codes_postaux":["19130"],"code_dep":"19","code_region":"75","population":1249,"surface_km2":22.0,"lat":45.291,"lon":1.4428,"fibre_pct":100.0},{"code_insee":"19289","nom":"Yssandon","codes_postaux":["19310"],"code_dep":"19","code_region":"75","population":696,"surface_km2":19.64,"lat":45.2024,"lon":1.3849,"fibre_pct":100.0}]