[{"code_insee":"24001","nom":"Abjat-sur-Bandiat","codes_postaux":["24300"],"code_dep":"24","code_region":"75","population":639,"surface_km2":28.77,"lat":45.5825,"lon":0.7655,"fibre_pct":26.8},{"code_insee":"24002","nom":"Agonac","codes_postaux":["24460"],"code_dep":"24","code_region":"75","population":1765,"surface_km2":38.14,"lat":45.2785,"lon":0.7415,"fibre_pct":99.9},{"code_insee":"24004","nom":"Ajat","codes_postaux":["24210"],"code_dep":"24","code_region":"75","population":307,"surface_km2":22.47,"lat":45.1603,"lon":1.0289,"fibre_pct":99.3},{"code_insee":"24005","nom":"Alles-sur-Dordogne","codes_postaux":["24480"],"code_dep":"24","code_region":"75","population":380,"surface_km2":9.47,"lat":44.8618,"lon":0.8724,"fibre_pct":98.6},{"code_insee":"24006","nom":"Allas-les-Mines","codes_postaux":["24220"],"code_dep":"24","code_region":"75","population":203,"surface_km2":7.2,"lat":44.8276,"lon":1.0748,"fibre_pct":100.0},{"code_insee":"24007","nom":"Allemans","codes_postaux":["24600"],"code_dep":"24","code_region":"75","population":544,"surface_km2":18.85,"lat":45.2886,"lon":0.2951,"fibre_pct":95.2},{"code_insee":"24008","nom":"Angoisse","codes_postaux":["24270"],"code_dep":"24","code_region":"75","population":598,"surface_km2":23.8,"lat":45.4323,"lon":1.1528,"fibre_pct":100.0},{"code_insee":"24009","nom":"Anlhiac","codes_postaux":["24160"],"code_dep":"24","code_region":"75","population":264,"surface_km2":12.4,"lat":45.3241,"lon":1.1194,"fibre_pct":100.0},{"code_insee":"24010","nom":"Annesse-et-Beaulieu","codes_postaux":["24430"],"code_dep":"24","code_region":"75","population":1511,"surface_km2":12.9,"lat":45.1813,"lon":0.5927,"fibre_pct":99.6},{"code_insee":"24011","nom":"Antonne-et-Trigonant","codes_postaux":["24420"],"code_dep":"24","code_region":"75","population":1185,"surface_km2":21.03,"lat":45.2275,"lon":0.8289,"fibre_pct":94.4},{"code_insee":"24012","nom":"Archignac","codes_postaux":["24590"],"code_dep":"24","code_region":"75","population":409,"surface_km2":23.37,"lat":45.0162,"lon":1.2922,"fibre_pct":100.0},{"code_insee":"24014","nom":"Aubas","codes_postaux":["24290"],"code_dep":"24","code_region":"75","population":614,"surface_km2":17.18,"lat":45.0804,"lon":1.1992,"fibre_pct":99.4},{"code_insee":"24015","nom":"Audrix","codes_postaux":["24260"],"code_dep":"24","code_region":"75","population":287,"surface_km2":6.41,"lat":44.8841,"lon":0.9497,"fibre_pct":100.0},{"code_insee":"24016","nom":"Augignac","codes_postaux":["24300"],"code_dep":"24","code_region":"75","population":820,"surface_km2":23.35,"lat":45.5832,"lon":0.7031,"fibre_pct":100.0},{"code_insee":"24018","nom":"Auriac-du-Périgord","codes_postaux":["24290"],"code_dep":"24","code_region":"75","population":397,"surface_km2":18.37,"lat":45.1116,"lon":1.1286,"fibre_pct":100.0},{"code_insee":"24019","nom":"Azerat","codes_postaux":["24210"],"code_dep":"24","code_region":"75","population":463,"surface_km2":20.68,"lat":45.1585,"lon":1.1008,"fibre_pct":100.0},{"code_insee":"24020","nom":"La Bachellerie","codes_postaux":["24210"],"code_dep":"24","code_region":"75","population":891,"surface_km2":17.76,"lat":45.1313,"lon":1.1612,"fibre_pct":100.0},{"code_insee":"24021","nom":"Badefols-d'Ans","codes_postaux":["24390"],"code_dep":"24","code_region":"75","population":421,"surface_km2":18.78,"lat":45.2306,"lon":1.2047,"fibre_pct":99.5},{"code_insee":"24022","nom":"Badefols-sur-Dordogne","codes_postaux":["24150"],"code_dep":"24","code_region":"75","population":202,"surface_km2":6.1,"lat":44.8393,"lon":0.7991,"fibre_pct":95.5},{"code_insee":"24023","nom":"Baneuil","codes_postaux":["24150"],"code_dep":"24","code_region":"75","population":321,"surface_km2":9.03,"lat":44.854,"lon":0.6924,"fibre_pct":98.3},{"code_insee":"24024","nom":"Bardou","codes_postaux":["24560"],"code_dep":"24","code_region":"75","population":44,"surface_km2":4.83,"lat":44.7418,"lon":0.6849,"fibre_pct":100.0},{"code_insee":"24025","nom":"Bars","codes_postaux":["24210"],"code_dep":"24","code_region":"75","population":246,"surface_km2":23.44,"lat":45.0949,"lon":1.0492,"fibre_pct":100.0},{"code_insee":"24026","nom":"Bassillac et Auberoche","codes_postaux":["24330","24640"],"code_dep":"24","code_region":"75","population":4361,"surface_km2":105.32,"lat":45.1577,"lon":0.88,"fibre_pct":99.6},{"code_insee":"24027","nom":"Bayac","codes_postaux":["24150"],"code_dep":"24","code_region":"75","population":355,"surface_km2":10.26,"lat":44.8016,"lon":0.7232,"fibre_pct":91.6},{"code_insee":"24028","nom":"Beaumontois en Périgord","codes_postaux":["24440"],"code_dep":"24","code_region":"75","population":1733,"surface_km2":73.04,"lat":44.7387,"lon":0.7552,"fibre_pct":97.4},{"code_insee":"24029","nom":"Beaupouyet","codes_postaux":["24400"],"code_dep":"24","code_region":"75","population":553,"surface_km2":23.04,"lat":44.9963,"lon":0.2837,"fibre_pct":100.0},{"code_insee":"24030","nom":"Beauregard-de-Terrasson","codes_postaux":["24120"],"code_dep":"24","code_region":"75","population":731,"surface_km2":8.34,"lat":45.1557,"lon":1.2293,"fibre_pct":100.0},{"code_insee":"24031","nom":"Beauregard-et-Bassac","codes_postaux":["24140"],"code_dep":"24","code_region":"75","population":309,"surface_km2":12.18,"lat":44.9952,"lon":0.6331,"fibre_pct":97.2},{"code_insee":"24032","nom":"Beauronne","codes_postaux":["24400"],"code_dep":"24","code_region":"75","population":372,"surface_km2":19.39,"lat":45.101,"lon":0.3583,"fibre_pct":100.0},{"code_insee":"24034","nom":"Beleymas","codes_postaux":["24140"],"code_dep":"24","code_region":"75","population":288,"surface_km2":16.14,"lat":44.9863,"lon":0.4959,"fibre_pct":100.0},{"code_insee":"24035","nom":"Pays de Belvès","codes_postaux":["24170"],"code_dep":"24","code_region":"75","population":1298,"surface_km2":31.66,"lat":44.7492,"lon":1.005,"fibre_pct":98.1},{"code_insee":"24036","nom":"Berbiguières","codes_postaux":["24220"],"code_dep":"24","code_region":"75","population":177,"surface_km2":5.45,"lat":44.8352,"lon":1.0411,"fibre_pct":100.0},{"code_insee":"24037","nom":"Bergerac","codes_postaux":["24100"],"code_dep":"24","code_region":"75","population":27110,"surface_km2":56.65,"lat":44.8519,"lon":0.4883,"fibre_pct":95.7},{"code_insee":"24038","nom":"Bertric-Burée","codes_postaux":["24320"],"code_dep":"24","code_region":"75","population":445,"surface_km2":16.71,"lat":45.3086,"lon":0.354,"fibre_pct":95.1},{"code_insee":"24039","nom":"Besse","codes_postaux":["24550"],"code_dep":"24","code_region":"75","population":148,"surface_km2":16.66,"lat":44.6652,"lon":1.112,"fibre_pct":100.0},{"code_insee":"24040","nom":"Beynac-et-Cazenac","codes_postaux":["24220"],"code_dep":"24","code_region":"75","population":397,"surface_km2":13.11,"lat":44.8556,"lon":1.1289,"fibre_pct":98.2},{"code_insee":"24042","nom":"Biras","codes_postaux":["24310"],"code_dep":"24","code_region":"75","population":731,"surface_km2":19.88,"lat":45.2825,"lon":0.6393,"fibre_pct":100.0},{"code_insee":"24043","nom":"Biron","codes_postaux":["24540"],"code_dep":"24","code_region":"75","population":151,"surface_km2":13.1,"lat":44.6232,"lon":0.8755,"fibre_pct":98.5},{"code_insee":"24045","nom":"Boisse","codes_postaux":["24560"],"code_dep":"24","code_region":"75","population":251,"surface_km2":16.8,"lat":44.713,"lon":0.6558,"fibre_pct":100.0},{"code_insee":"24046","nom":"Boisseuilh","codes_postaux":["24390"],"code_dep":"24","code_region":"75","population":110,"surface_km2":12.2,"lat":45.2821,"lon":1.176,"fibre_pct":96.7},{"code_insee":"24048","nom":"Bonneville-et-Saint-Avit-de-Fumadières","codes_postaux":["24230"],"code_dep":"24","code_region":"75","population":299,"surface_km2":7.1,"lat":44.885,"lon":0.0805,"fibre_pct":100.0},{"code_insee":"24050","nom":"Borrèze","codes_postaux":["24590"],"code_dep":"24","code_region":"75","population":354,"surface_km2":28.04,"lat":44.972,"lon":1.3906,"fibre_pct":100.0},{"code_insee":"24051","nom":"Bosset","codes_postaux":["24130"],"code_dep":"24","code_region":"75","population":234,"surface_km2":14.68,"lat":44.9535,"lon":0.362,"fibre_pct":99.3},{"code_insee":"24052","nom":"Bouillac","codes_postaux":["24480"],"code_dep":"24","code_region":"75","population":121,"surface_km2":12.39,"lat":44.7664,"lon":0.921,"fibre_pct":99.0},{"code_insee":"24053","nom":"Boulazac Isle Manoire","codes_postaux":["24330","24750"],"code_dep":"24","code_region":"75","population":10759,"surface_km2":57.55,"lat":45.1385,"lon":0.7878,"fibre_pct":97.6},{"code_insee":"24054","nom":"Bouniagues","codes_postaux":["24560"],"code_dep":"24","code_region":"75","population":578,"surface_km2":8.7,"lat":44.756,"lon":0.528,"fibre_pct":100.0},{"code_insee":"24055","nom":"Bourdeilles","codes_postaux":["24310"],"code_dep":"24","code_region":"75","population":785,"surface_km2":22.81,"lat":45.3239,"lon":0.5742,"fibre_pct":100.0},{"code_insee":"24056","nom":"Le Bourdeix","codes_postaux":["24300"],"code_dep":"24","code_region":"75","population":246,"surface_km2":11.61,"lat":45.5813,"lon":0.6362,"fibre_pct":100.0},{"code_insee":"24057","nom":"Bourg-des-Maisons","codes_postaux":["24320"],"code_dep":"24","code_region":"75","population":73,"surface_km2":9.1,"lat":45.3369,"lon":0.4356,"fibre_pct":98.3},{"code_insee":"24058","nom":"Bourg-du-Bost","codes_postaux":["24600"],"code_dep":"24","code_region":"75","population":247,"surface_km2":7.3,"lat":45.2667,"lon":0.2615,"fibre_pct":100.0},{"code_insee":"24059","nom":"Bourgnac","codes_postaux":["24400"],"code_dep":"24","code_region":"75","population":354,"surface_km2":9.11,"lat":45.0148,"lon":0.397,"fibre_pct":100.0},{"code_insee":"24060","nom":"Bourniquel","codes_postaux":["24150"],"code_dep":"24","code_region":"75","population":62,"surface_km2":8.96,"lat":44.8102,"lon":0.7704,"fibre_pct":88.6},{"code_insee":"24061","nom":"Bourrou","codes_postaux":["24110"],"code_dep":"24","code_region":"75","population":139,"surface_km2":9.52,"lat":45.0475,"lon":0.6028,"fibre_pct":96.5},{"code_insee":"24062","nom":"Bouteilles-Saint-Sébastien","codes_postaux":["24320"],"code_dep":"24","code_region":"75","population":172,"surface_km2":14.06,"lat":45.3505,"lon":0.2908,"fibre_pct":98.7},{"code_insee":"24063","nom":"Bouzic","codes_postaux":["24250"],"code_dep":"24","code_region":"75","population":160,"surface_km2":12.26,"lat":44.7221,"lon":1.2255,"fibre_pct":100.0},{"code_insee":"24064","nom":"Brantôme en Périgord","codes_postaux":["24310","24460","24530"],"code_dep":"24","code_region":"75","population":3763,"surface_km2":137.92,"lat":45.3756,"lon":0.6596,"fibre_pct":98.4},{"code_insee":"24066","nom":"Brouchaud","codes_postaux":["24210"],"code_dep":"24","code_region":"75","population":224,"surface_km2":12.34,"lat":45.2048,"lon":0.9919,"fibre_pct":100.0},{"code_insee":"24067","nom":"Le Bugue","codes_postaux":["24260"],"code_dep":"24","code_region":"75","population":2663,"surface_km2":30.31,"lat":44.9249,"lon":0.9198,"fibre_pct":99.8},{"code_insee":"24068","nom":"Le Buisson-de-Cadouin","codes_postaux":["24480"],"code_dep":"24","code_region":"75","population":1965,"surface_km2":50.27,"lat":44.8144,"lon":0.8885,"fibre_pct":99.7},{"code_insee":"24069","nom":"Bussac","codes_postaux":["24350"],"code_dep":"24","code_region":"75","population":379,"surface_km2":17.44,"lat":45.2699,"lon":0.606,"fibre_pct":100.0},{"code_insee":"24070","nom":"Busserolles","codes_postaux":["24360"],"code_dep":"24","code_region":"75","population":516,"surface_km2":33.59,"lat":45.6751,"lon":0.645,"fibre_pct":100.0},{"code_insee":"24071","nom":"Bussière-Badil","codes_postaux":["24360"],"code_dep":"24","code_region":"75","population":386,"surface_km2":20.59,"lat":45.6415,"lon":0.5984,"fibre_pct":99.5},{"code_insee":"24073","nom":"Calès","codes_postaux":["24150"],"code_dep":"24","code_region":"75","population":369,"surface_km2":8.06,"lat":44.86,"lon":0.8156,"fibre_pct":99.1},{"code_insee":"24074","nom":"Calviac-en-Périgord","codes_postaux":["24370"],"code_dep":"24","code_region":"75","population":546,"surface_km2":14.43,"lat":44.8612,"lon":1.3232,"fibre_pct":100.0},{"code_insee":"24075","nom":"Campagnac-lès-Quercy","codes_postaux":["24550"],"code_dep":"24","code_region":"75","population":323,"surface_km2":20.14,"lat":44.6979,"lon":1.1809,"fibre_pct":100.0},{"code_insee":"24076","nom":"Campagne","codes_postaux":["24260"],"code_dep":"24","code_region":"75","population":416,"surface_km2":15.17,"lat":44.8999,"lon":0.9706,"fibre_pct":94.5},{"code_insee":"24077","nom":"Campsegret","codes_postaux":["24140"],"code_dep":"24","code_region":"75","population":407,"surface_km2":13.9,"lat":44.9432,"lon":0.5631,"fibre_pct":100.0},{"code_insee":"24080","nom":"Capdrot","codes_postaux":["24540"],"code_dep":"24","code_region":"75","population":458,"surface_km2":44.03,"lat":44.6802,"lon":0.9427,"fibre_pct":100.0},{"code_insee":"24081","nom":"Carlux","codes_postaux":["24370"],"code_dep":"24","code_region":"75","population":671,"surface_km2":13.25,"lat":44.8867,"lon":1.3614,"fibre_pct":100.0},{"code_insee":"24082","nom":"Carsac-Aillac","codes_postaux":["24200"],"code_dep":"24","code_region":"75","population":1586,"surface_km2":17.29,"lat":44.8544,"lon":1.2798,"fibre_pct":98.0},{"code_insee":"24083","nom":"Carsac-de-Gurson","codes_postaux":["24610"],"code_dep":"24","code_region":"75","population":231,"surface_km2":7.12,"lat":44.9451,"lon":0.0982,"fibre_pct":92.5},{"code_insee":"24084","nom":"Carves","codes_postaux":["24170"],"code_dep":"24","code_region":"75","population":98,"surface_km2":10.45,"lat":44.783,"lon":1.0609,"fibre_pct":97.6},{"code_insee":"24085","nom":"La Cassagne","codes_postaux":["24120"],"code_dep":"24","code_region":"75","population":149,"surface_km2":15.19,"lat":45.0562,"lon":1.3065,"fibre_pct":85.2},{"code_insee":"24086","nom":"Castelnaud-la-Chapelle","codes_postaux":["24250"],"code_dep":"24","code_region":"75","population":451,"surface_km2":21.02,"lat":44.802,"lon":1.1292,"fibre_pct":100.0},{"code_insee":"24087","nom":"Castels et Bézenac","codes_postaux":["24220"],"code_dep":"24","code_region":"75","population":813,"surface_km2":24.62,"lat":44.8647,"lon":1.0841,"fibre_pct":100.0},{"code_insee":"24088","nom":"Cause-de-Clérans","codes_postaux":["24150"],"code_dep":"24","code_region":"75","population":331,"surface_km2":14.5,"lat":44.8766,"lon":0.6699,"fibre_pct":96.5},{"code_insee":"24090","nom":"Celles","codes_postaux":["24600"],"code_dep":"24","code_region":"75","population":619,"surface_km2":27.98,"lat":45.2896,"lon":0.4129,"fibre_pct":100.0},{"code_insee":"24091","nom":"Cénac-et-Saint-Julien","codes_postaux":["24250"],"code_dep":"24","code_region":"75","population":1183,"surface_km2":20.61,"lat":44.7904,"lon":1.2121,"fibre_pct":99.9},{"code_insee":"24094","nom":"Chalagnac","codes_postaux":["24380"],"code_dep":"24","code_region":"75","population":442,"surface_km2":14.59,"lat":45.092,"lon":0.682,"fibre_pct":98.6},{"code_insee":"24095","nom":"Chalais","codes_postaux":["24800"],"code_dep":"24","code_region":"75","population":405,"surface_km2":19.14,"lat":45.5044,"lon":0.9379,"fibre_pct":100.0},{"code_insee":"24096","nom":"Champagnac-de-Belair","codes_postaux":["24530"],"code_dep":"24","code_region":"75","population":767,"surface_km2":19.23,"lat":45.3982,"lon":0.6987,"fibre_pct":100.0},{"code_insee":"24097","nom":"Champagne-et-Fontaine","codes_postaux":["24320"],"code_dep":"24","code_region":"75","population":346,"surface_km2":24.94,"lat":45.4279,"lon":0.3376,"fibre_pct":100.0},{"code_insee":"24098","nom":"Champcevinel","codes_postaux":["24750"],"code_dep":"24","code_region":"75","population":3126,"surface_km2":18.35,"lat":45.2198,"lon":0.7227,"fibre_pct":92.6},{"code_insee":"24100","nom":"Champniers-et-Reilhac","codes_postaux":["24360"],"code_dep":"24","code_region":"75","population":541,"surface_km2":21.18,"lat":45.6703,"lon":0.7275,"fibre_pct":99.5},{"code_insee":"24101","nom":"Champs-Romain","codes_postaux":["24470"],"code_dep":"24","code_region":"75","population":291,"surface_km2":20.9,"lat":45.5434,"lon":0.7633,"fibre_pct":81.9},{"code_insee":"24102","nom":"Chancelade","codes_postaux":["24650"],"code_dep":"24","code_region":"75","population":4468,"surface_km2":16.97,"lat":45.2107,"lon":0.6539,"fibre_pct":96.4},{"code_insee":"24104","nom":"Chantérac","codes_postaux":["24190"],"code_dep":"24","code_region":"75","population":652,"surface_km2":19.04,"lat":45.1711,"lon":0.4349,"fibre_pct":100.0},{"code_insee":"24105","nom":"Chapdeuil","codes_postaux":["24320"],"code_dep":"24","code_region":"75","population":142,"surface_km2":7.58,"lat":45.3406,"lon":0.4638,"fibre_pct":97.5},{"code_insee":"24106","nom":"La Chapelle-Aubareil","codes_postaux":["24290"],"code_dep":"24","code_region":"75","population":542,"surface_km2":20.34,"lat":45.0042,"lon":1.1897,"fibre_pct":99.0},{"code_insee":"24107","nom":"La Chapelle-Faucher","codes_postaux":["24530"],"code_dep":"24","code_region":"75","population":395,"surface_km2":19.26,"lat":45.3759,"lon":0.7622,"fibre_pct":100.0},{"code_insee":"24108","nom":"La Chapelle-Gonaguet","codes_postaux":["24350"],"code_dep":"24","code_region":"75","population":1049,"surface_km2":19.71,"lat":45.2297,"lon":0.6187,"fibre_pct":93.1},{"code_insee":"24109","nom":"La Chapelle-Grésignac","codes_postaux":["24320"],"code_dep":"24","code_region":"75","population":103,"surface_km2":7.03,"lat":45.392,"lon":0.3387,"fibre_pct":100.0},{"code_insee":"24110","nom":"La Chapelle-Montabourlet","codes_postaux":["24320"],"code_dep":"24","code_region":"75","population":56,"surface_km2":5.8,"lat":45.3931,"lon":0.4587,"fibre_pct":100.0},{"code_insee":"24111","nom":"La Chapelle-Montmoreau","codes_postaux":["24300"],"code_dep":"24","code_region":"75","population":75,"surface_km2":8.33,"lat":45.4487,"lon":0.6411,"fibre_pct":100.0},{"code_insee":"24113","nom":"La Chapelle-Saint-Jean","codes_postaux":["24390"],"code_dep":"24","code_region":"75","population":82,"surface_km2":3.87,"lat":45.1943,"lon":1.1661,"fibre_pct":100.0},{"code_insee":"24114","nom":"Chassaignes","codes_postaux":["24600"],"code_dep":"24","code_region":"75","population":78,"surface_km2":5.88,"lat":45.2569,"lon":0.253,"fibre_pct":100.0},{"code_insee":"24115","nom":"Château-l'Évêque","codes_postaux":["24460"],"code_dep":"24","code_region":"75","population":2158,"surface_km2":37.23,"lat":45.2555,"lon":0.6868,"fibre_pct":98.0},{"code_insee":"24116","nom":"Châtres","codes_postaux":["24120"],"code_dep":"24","code_region":"75","population":180,"surface_km2":12.57,"lat":45.1859,"lon":1.1959,"fibre_pct":99.3},{"code_insee":"24117","nom":"Les Coteaux Périgourdins","codes_postaux":["24120"],"code_dep":"24","code_region":"75","population":554,"surface_km2":20.07,"lat":45.092,"lon":1.3646,"fibre_pct":99.2},{"code_insee":"24119","nom":"Cherval","codes_postaux":["24320"],"code_dep":"24","code_region":"75","population":222,"surface_km2":18.9,"lat":45.3903,"lon":0.3896,"fibre_pct":100.0},{"code_insee":"24120","nom":"Cherveix-Cubas","codes_postaux":["24390"],"code_dep":"24","code_region":"75","population":557,"surface_km2":14.86,"lat":45.2891,"lon":1.1163,"fibre_pct":99.8},{"code_insee":"24121","nom":"Chourgnac","codes_postaux":["24640"],"code_dep":"24","code_region":"75","population":69,"surface_km2":7.14,"lat":45.2336,"lon":1.0542,"fibre_pct":100.0},{"code_insee":"24122","nom":"Cladech","codes_postaux":["24170"],"code_dep":"24","code_region":"75","population":86,"surface_km2":5.63,"lat":44.8094,"lon":1.0755,"fibre_pct":100.0},{"code_insee":"24123","nom":"Clermont-de-Beauregard","codes_postaux":["24140"],"code_dep":"24","code_region":"75","population":120,"surface_km2":6.27,"lat":44.9484,"lon":0.6461,"fibre_pct":91.0},{"code_insee":"24124","nom":"Clermont-d'Excideuil","codes_postaux":["24160"],"code_dep":"24","code_region":"75","population":255,"surface_km2":10.44,"lat":45.3631,"lon":1.0475,"fibre_pct":99.8},{"code_insee":"24126","nom":"Colombier","codes_postaux":["24560"],"code_dep":"24","code_region":"75","population":285,"surface_km2":7.1,"lat":44.7866,"lon":0.5174,"fibre_pct":98.9},{"code_insee":"24128","nom":"Comberanche-et-Épeluche","codes_postaux":["24600"],"code_dep":"24","code_region":"75","population":165,"surface_km2":3.93,"lat":45.278,"lon":0.281,"fibre_pct":100.0},{"code_insee":"24129","nom":"Condat-sur-Trincou","codes_postaux":["24530"],"code_dep":"24","code_region":"75","population":504,"surface_km2":17.26,"lat":45.3653,"lon":0.7144,"fibre_pct":100.0},{"code_insee":"24130","nom":"Condat-sur-Vézère","codes_postaux":["24570"],"code_dep":"24","code_region":"75","population":859,"surface_km2":16.5,"lat":45.1067,"lon":1.2278,"fibre_pct":97.8},{"code_insee":"24131","nom":"Connezac","codes_postaux":["24300"],"code_dep":"24","code_region":"75","population":79,"surface_km2":6.04,"lat":45.5135,"lon":0.5312,"fibre_pct":100.0},{"code_insee":"24132","nom":"Conne-de-Labarde","codes_postaux":["24560"],"code_dep":"24","code_region":"75","population":249,"surface_km2":10.23,"lat":44.7812,"lon":0.5585,"fibre_pct":97.3},{"code_insee":"24133","nom":"La Coquille","codes_postaux":["24450"],"code_dep":"24","code_region":"75","population":1278,"surface_km2":22.98,"lat":45.5452,"lon":0.963,"fibre_pct":95.5},{"code_insee":"24134","nom":"Corgnac-sur-l'Isle","codes_postaux":["24800"],"code_dep":"24","code_region":"75","population":854,"surface_km2":21.59,"lat":45.3737,"lon":0.9468,"fibre_pct":100.0},{"code_insee":"24135","nom":"Cornille","codes_postaux":["24750"],"code_dep":"24","code_region":"75","population":687,"surface_km2":13.41,"lat":45.2443,"lon":0.7818,"fibre_pct":99.4},{"code_insee":"24136","nom":"Coubjours","codes_postaux":["24390"],"code_dep":"24","code_region":"75","population":109,"surface_km2":9.85,"lat":45.2414,"lon":1.2548,"fibre_pct":100.0},{"code_insee":"24137","nom":"Coulaures","codes_postaux":["24420"],"code_dep":"24","code_region":"75","population":768,"surface_km2":30.14,"lat":45.2989,"lon":0.9743,"fibre_pct":95.8},{"code_insee":"24138","nom":"Coulounieix-Chamiers","codes_postaux":["24660"],"code_dep":"24","code_region":"75","population":7832,"surface_km2":21.62,"lat":45.1712,"lon":0.6861,"fibre_pct":95.6},{"code_insee":"24139","nom":"Coursac","codes_postaux":["24430"],"code_dep":"24","code_region":"75","population":2380,"surface_km2":25.3,"lat":45.131,"lon":0.645,"fibre_pct":99.7},{"code_insee":"24140","nom":"Cours-de-Pile","codes_postaux":["24520"],"code_dep":"24","code_region":"75","population":1585,"surface_km2":10.93,"lat":44.835,"lon":0.5512,"fibre_pct":100.0},{"code_insee":"24141","nom":"Coutures","codes_postaux":["24320"],"code_dep":"24","code_region":"75","population":199,"surface_km2":8.58,"lat":45.3269,"lon":0.3979,"fibre_pct":98.7},{"code_insee":"24142","nom":"Coux et Bigaroque-Mouzens","codes_postaux":["24220"],"code_dep":"24","code_region":"75","population":1244,"surface_km2":27.69,"lat":44.8501,"lon":0.9695,"fibre_pct":100.0},{"code_insee":"24143","nom":"Couze-et-Saint-Front","codes_postaux":["24150"],"code_dep":"24","code_region":"75","population":709,"surface_km2":8.26,"lat":44.8234,"lon":0.725,"fibre_pct":99.5},{"code_insee":"24144","nom":"Creyssac","codes_postaux":["24350"],"code_dep":"24","code_region":"75","population":104,"surface_km2":4.63,"lat":45.3127,"lon":0.5515,"fibre_pct":100.0},{"code_insee":"24145","nom":"Creysse","codes_postaux":["24100"],"code_dep":"24","code_region":"75","population":1743,"surface_km2":11.09,"lat":44.8651,"lon":0.5555,"fibre_pct":97.9},{"code_insee":"24146","nom":"Creyssensac-et-Pissot","codes_postaux":["24380"],"code_dep":"24","code_region":"75","population":273,"surface_km2":8.87,"lat":45.0718,"lon":0.6688,"fibre_pct":100.0},{"code_insee":"24147","nom":"Cubjac-Auvézère-Val d'Ans","codes_postaux":["24640"],"code_dep":"24","code_region":"75","population":1127,"surface_km2":40.84,"lat":45.2325,"lon":0.9623,"fibre_pct":98.2},{"code_insee":"24148","nom":"Cunèges","codes_postaux":["24240"],"code_dep":"24","code_region":"75","population":314,"surface_km2":6.06,"lat":44.7818,"lon":0.3773,"fibre_pct":100.0},{"code_insee":"24150","nom":"Daglan","codes_postaux":["24250"],"code_dep":"24","code_region":"75","population":570,"surface_km2":20.71,"lat":44.7453,"lon":1.1896,"fibre_pct":100.0},{"code_insee":"24151","nom":"Doissat","codes_postaux":["24170"],"code_dep":"24","code_region":"75","population":99,"surface_km2":15.72,"lat":44.7196,"lon":1.0794,"fibre_pct":89.2},{"code_insee":"24152","nom":"Domme","codes_postaux":["24250"],"code_dep":"24","code_region":"75","population":906,"surface_km2":24.85,"lat":44.8091,"lon":1.2424,"fibre_pct":100.0},{"code_insee":"24153","nom":"La Dornac","codes_postaux":["24120"],"code_dep":"24","code_region":"75","population":407,"surface_km2":16.23,"lat":45.0717,"lon":1.3421,"fibre_pct":100.0},{"code_insee":"24154","nom":"Douchapt","codes_postaux":["24350"],"code_dep":"24","code_region":"75","population":353,"surface_km2":8.49,"lat":45.2296,"lon":0.4451,"fibre_pct":100.0},{"code_insee":"24155","nom":"Douville","codes_postaux":["24140"],"code_dep":"24","code_region":"75","population":453,"surface_km2":19.88,"lat":44.9982,"lon":0.594,"fibre_pct":100.0},{"code_insee":"24156","nom":"La Douze","codes_postaux":["24330"],"code_dep":"24","code_region":"75","population":1151,"surface_km2":23.92,"lat":45.0707,"lon":0.8554,"fibre_pct":99.7},{"code_insee":"24157","nom":"Douzillac","codes_postaux":["24190"],"code_dep":"24","code_region":"75","population":845,"surface_km2":17.14,"lat":45.0936,"lon":0.4104,"fibre_pct":100.0},{"code_insee":"24158","nom":"Dussac","codes_postaux":["24270"],"code_dep":"24","code_region":"75","population":427,"surface_km2":20.64,"lat":45.3905,"lon":1.0727,"fibre_pct":100.0},{"code_insee":"24159","nom":"Échourgnac","codes_postaux":["24410"],"code_dep":"24","code_region":"75","population":395,"surface_km2":34.8,"lat":45.1336,"lon":0.2271,"fibre_pct":100.0},{"code_insee":"24160","nom":"Église-Neuve-de-Vergt","codes_postaux":["24380"],"code_dep":"24","code_region":"75","population":579,"surface_km2":7.7,"lat":45.0945,"lon":0.732,"fibre_pct":97.7},{"code_insee":"24161","nom":"Église-Neuve-d'Issac","codes_postaux":["24400"],"code_dep":"24","code_region":"75","population":121,"surface_km2":16.76,"lat":44.9794,"lon":0.432,"fibre_pct":100.0},{"code_insee":"24162","nom":"Escoire","codes_postaux":["24420"],"code_dep":"24","code_region":"75","population":401,"surface_km2":3.93,"lat":45.2067,"lon":0.8542,"fibre_pct":100.0},{"code_insee":"24163","nom":"Étouars","codes_postaux":["24360"],"code_dep":"24","code_region":"75","population":166,"surface_km2":8.12,"lat":45.6087,"lon":0.6148,"fibre_pct":95.0},{"code_insee":"24164","nom":"Excideuil","codes_postaux":["24160"],"code_dep":"24","code_region":"75","population":1201,"surface_km2":5.23,"lat":45.3296,"lon":1.0602,"fibre_pct":99.4},{"code_insee":"24165","nom":"Eygurande-et-Gardedeuil","codes_postaux":["24700"],"code_dep":"24","code_region":"75","population":402,"surface_km2":36.15,"lat":45.0788,"lon":0.1167,"fibre_pct":99.0},{"code_insee":"24167","nom":"Eymet","codes_postaux":["24500"],"code_dep":"24","code_region":"75","population":2569,"surface_km2":31.35,"lat":44.6762,"lon":0.4001,"fibre_pct":100.0},{"code_insee":"24168","nom":"Plaisance","codes_postaux":["24560"],"code_dep":"24","code_region":"75","population":412,"surface_km2":25.21,"lat":44.6962,"lon":0.5596,"fibre_pct":98.9},{"code_insee":"24171","nom":"Eyzerac","codes_postaux":["24800"],"code_dep":"24","code_region":"75","population":541,"surface_km2":11.56,"lat":45.3885,"lon":0.9026,"fibre_pct":100.0},{"code_insee":"24172","nom":"Les Eyzies","codes_postaux":["24260","24620"],"code_dep":"24","code_region":"75","population":1134,"surface_km2":55.67,"lat":44.9396,"lon":1.0352,"fibre_pct":92.7},{"code_insee":"24174","nom":"Fanlac","codes_postaux":["24290"],"code_dep":"24","code_region":"75","population":134,"surface_km2":14.65,"lat":45.0731,"lon":1.0944,"fibre_pct":100.0},{"code_insee":"24175","nom":"Les Farges","codes_postaux":["24290"],"code_dep":"24","code_region":"75","population":311,"surface_km2":7.97,"lat":45.1144,"lon":1.1954,"fibre_pct":98.5},{"code_insee":"24176","nom":"Faurilles","codes_postaux":["24560"],"code_dep":"24","code_region":"75","population":36,"surface_km2":4.37,"lat":44.7024,"lon":0.6866,"fibre_pct":79.6},{"code_insee":"24177","nom":"Faux-en-Périgord","codes_postaux":["24560"],"code_dep":"24","code_region":"75","population":672,"surface_km2":16.12,"lat":44.7853,"lon":0.6463,"fibre_pct":98.6},{"code_insee":"24179","nom":"La Feuillade","codes_postaux":["24120"],"code_dep":"24","code_region":"75","population":820,"surface_km2":4.02,"lat":45.1168,"lon":1.3956,"fibre_pct":100.0},{"code_insee":"24180","nom":"Firbeix","codes_postaux":["24450"],"code_dep":"24","code_region":"75","population":294,"surface_km2":23.16,"lat":45.5915,"lon":0.9438,"fibre_pct":100.0},{"code_insee":"24182","nom":"Le Fleix","codes_postaux":["24130"],"code_dep":"24","code_region":"75","population":1488,"surface_km2":17.97,"lat":44.8789,"lon":0.2643,"fibre_pct":99.9},{"code_insee":"24183","nom":"Fleurac","codes_postaux":["24580"],"code_dep":"24","code_region":"75","population":328,"surface_km2":22.8,"lat":44.9981,"lon":1.0086,"fibre_pct":99.4},{"code_insee":"24184","nom":"Florimont-Gaumier","codes_postaux":["24250"],"code_dep":"24","code_region":"75","population":170,"surface_km2":9.38,"lat":44.7084,"lon":1.241,"fibre_pct":100.0},{"code_insee":"24186","nom":"Fonroque","codes_postaux":["24500"],"code_dep":"24","code_region":"75","population":341,"surface_km2":9.05,"lat":44.7019,"lon":0.4077,"fibre_pct":100.0},{"code_insee":"24188","nom":"Fossemagne","codes_postaux":["24210"],"code_dep":"24","code_region":"75","population":556,"surface_km2":22.54,"lat":45.1172,"lon":0.9868,"fibre_pct":100.0},{"code_insee":"24189","nom":"Fougueyrolles","codes_postaux":["33220"],"code_dep":"24","code_region":"75","population":462,"surface_km2":11.61,"lat":44.8691,"lon":0.1892,"fibre_pct":100.0},{"code_insee":"24190","nom":"Fouleix","codes_postaux":["24380"],"code_dep":"24","code_region":"75","population":277,"surface_km2":11.28,"lat":44.9762,"lon":0.6738,"fibre_pct":97.2},{"code_insee":"24191","nom":"Fraisse","codes_postaux":["24130"],"code_dep":"24","code_region":"75","population":171,"surface_km2":21.5,"lat":44.9337,"lon":0.3028,"fibre_pct":100.0},{"code_insee":"24192","nom":"Gabillou","codes_postaux":["24210"],"code_dep":"24","code_region":"75","population":95,"surface_km2":8.13,"lat":45.2048,"lon":1.0315,"fibre_pct":100.0},{"code_insee":"24193","nom":"Gageac-et-Rouillac","codes_postaux":["24240"],"code_dep":"24","code_region":"75","population":422,"surface_km2":14.12,"lat":44.8015,"lon":0.3624,"fibre_pct":94.9},{"code_insee":"24194","nom":"Gardonne","codes_postaux":["24680"],"code_dep":"24","code_region":"75","population":1608,"surface_km2":8.33,"lat":44.8293,"lon":0.3296,"fibre_pct":99.9},{"code_insee":"24195","nom":"Gaugeac","codes_postaux":["24540"],"code_dep":"24","code_region":"75","population":106,"surface_km2":10.25,"lat":44.6651,"lon":0.8755,"fibre_pct":87.6},{"code_insee":"24196","nom":"Génis","codes_postaux":["24160"],"code_dep":"24","code_region":"75","population":516,"surface_km2":27.01,"lat":45.331,"lon":1.165,"fibre_pct":99.8},{"code_insee":"24197","nom":"Ginestet","codes_postaux":["24130"],"code_dep":"24","code_region":"75","population":762,"surface_km2":12.99,"lat":44.9064,"lon":0.4467,"fibre_pct":94.5},{"code_insee":"24199","nom":"Gout-Rossignol","codes_postaux":["24320"],"code_dep":"24","code_region":"75","population":360,"surface_km2":24.96,"lat":45.4154,"lon":0.4114,"fibre_pct":100.0},{"code_insee":"24200","nom":"Grand-Brassac","codes_postaux":["24350"],"code_dep":"24","code_region":"75","population":555,"surface_km2":31.8,"lat":45.298,"lon":0.4841,"fibre_pct":100.0},{"code_insee":"24202","nom":"Granges-d'Ans","codes_postaux":["24390"],"code_dep":"24","code_region":"75","population":150,"surface_km2":12.16,"lat":45.2134,"lon":1.1164,"fibre_pct":100.0},{"code_insee":"24205","nom":"Grignols","codes_postaux":["24110"],"code_dep":"24","code_region":"75","population":667,"surface_km2":21.08,"lat":45.0827,"lon":0.5359,"fibre_pct":100.0},{"code_insee":"24206","nom":"Grives","codes_postaux":["24170"],"code_dep":"24","code_region":"75","population":106,"surface_km2":8.3,"lat":44.7632,"lon":1.0745,"fibre_pct":100.0},{"code_insee":"24207","nom":"Groléjac","codes_postaux":["24250"],"code_dep":"24","code_region":"75","population":686,"surface_km2":12.35,"lat":44.8111,"lon":1.2947,"fibre_pct":100.0},{"code_insee":"24208","nom":"Grun-Bordas","codes_postaux":["24380"],"code_dep":"24","code_region":"75","population":244,"surface_km2":12.78,"lat":45.0461,"lon":0.6468,"fibre_pct":100.0},{"code_insee":"24209","nom":"Hautefaye","codes_postaux":["24300"],"code_dep":"24","code_region":"75","population":123,"surface_km2":12.45,"lat":45.5381,"lon":0.5063,"fibre_pct":100.0},{"code_insee":"24210","nom":"Hautefort","codes_postaux":["24390"],"code_dep":"24","code_region":"75","population":806,"surface_km2":26.64,"lat":45.2598,"lon":1.1368,"fibre_pct":100.0},{"code_insee":"24211","nom":"Issac","codes_postaux":["24400"],"code_dep":"24","code_region":"75","population":437,"surface_km2":23.32,"lat":45.0143,"lon":0.4506,"fibre_pct":100.0},{"code_insee":"24212","nom":"Issigeac","codes_postaux":["24560"],"code_dep":"24","code_region":"75","population":744,"surface_km2":9.24,"lat":44.7297,"lon":0.6062,"fibre_pct":99.2},{"code_insee":"24213","nom":"Jaure","codes_postaux":["24140"],"code_dep":"24","code_region":"75","population":178,"surface_km2":7.75,"lat":45.0548,"lon":0.5555,"fibre_pct":99.2},{"code_insee":"24214","nom":"Javerlhac-et-la-Chapelle-Saint-Robert","codes_postaux":["24300"],"code_dep":"24","code_region":"75","population":830,"surface_km2":29.15,"lat":45.5587,"lon":0.5533,"fibre_pct":99.9},{"code_insee":"24215","nom":"Jayac","codes_postaux":["24590"],"code_dep":"24","code_region":"75","population":191,"surface_km2":18.22,"lat":45.0293,"lon":1.3518,"fibre_pct":100.0},{"code_insee":"24216","nom":"La Jemaye-Ponteyraud","codes_postaux":["24410"],"code_dep":"24","code_region":"75","population":146,"surface_km2":33.5,"lat":45.1666,"lon":0.2602,"fibre_pct":100.0},{"code_insee":"24217","nom":"Journiac","codes_postaux":["24260"],"code_dep":"24","code_region":"75","population":496,"surface_km2":19.52,"lat":44.9676,"lon":0.8877,"fibre_pct":100.0},{"code_insee":"24218","nom":"Jumilhac-le-Grand","codes_postaux":["24630"],"code_dep":"24","code_region":"75","population":1130,"surface_km2":68.17,"lat":45.5032,"lon":1.0874,"fibre_pct":99.4},{"code_insee":"24220","nom":"Lacropte","codes_postaux":["24380"],"code_dep":"24","code_region":"75","population":699,"surface_km2":27.06,"lat":45.0515,"lon":0.8383,"fibre_pct":98.8},{"code_insee":"24221","nom":"Rudeau-Ladosse","codes_postaux":["24340"],"code_dep":"24","code_region":"75","population":154,"surface_km2":14.23,"lat":45.4936,"lon":0.5277,"fibre_pct":100.0},{"code_insee":"24222","nom":"La Force","codes_postaux":["24130"],"code_dep":"24","code_region":"75","population":2702,"surface_km2":15.58,"lat":44.8799,"lon":0.358,"fibre_pct":100.0},{"code_insee":"24223","nom":"Lalinde","codes_postaux":["24150"],"code_dep":"24","code_region":"75","population":2931,"surface_km2":27.71,"lat":44.858,"lon":0.7442,"fibre_pct":97.9},{"code_insee":"24224","nom":"Lamonzie-Montastruc","codes_postaux":["24520"],"code_dep":"24","code_region":"75","population":708,"surface_km2":20.72,"lat":44.9004,"lon":0.5884,"fibre_pct":97.3},{"code_insee":"24225","nom":"Lamonzie-Saint-Martin","codes_postaux":["24680"],"code_dep":"24","code_region":"75","population":2742,"surface_km2":20.66,"lat":44.8336,"lon":0.3856,"fibre_pct":72.3},{"code_insee":"24226","nom":"Lamothe-Montravel","codes_postaux":["24230"],"code_dep":"24","code_region":"75","population":1443,"surface_km2":12.72,"lat":44.8466,"lon":0.0094,"fibre_pct":99.9},{"code_insee":"24227","nom":"Lanouaille","codes_postaux":["24270"],"code_dep":"24","code_region":"75","population":926,"surface_km2":24.47,"lat":45.3789,"lon":1.1318,"fibre_pct":100.0},{"code_insee":"24228","nom":"Lanquais","codes_postaux":["24150"],"code_dep":"24","code_region":"75","population":506,"surface_km2":14.7,"lat":44.816,"lon":0.6709,"fibre_pct":88.6},{"code_insee":"24229","nom":"Le Lardin-Saint-Lazare","codes_postaux":["24570"],"code_dep":"24","code_region":"75","population":1672,"surface_km2":10.89,"lat":45.1365,"lon":1.2282,"fibre_pct":98.9},{"code_insee":"24230","nom":"Larzac","codes_postaux":["24170"],"code_dep":"24","code_region":"75","population":145,"surface_km2":6.97,"lat":44.7392,"lon":0.9993,"fibre_pct":89.1},{"code_insee":"24231","nom":"Lavalade","codes_postaux":["24540"],"code_dep":"24","code_region":"75","population":107,"surface_km2":3.99,"lat":44.6952,"lon":0.8578,"fibre_pct":100.0},{"code_insee":"24232","nom":"Lavaur","codes_postaux":["24550"],"code_dep":"24","code_region":"75","population":85,"surface_km2":9.29,"lat":44.6263,"lon":1.0223,"fibre_pct":100.0},{"code_insee":"24234","nom":"Les Lèches","codes_postaux":["24400"],"code_dep":"24","code_region":"75","population":389,"surface_km2":21.42,"lat":44.9798,"lon":0.388,"fibre_pct":98.5},{"code_insee":"24236","nom":"Léguillac-de-l'Auche","codes_postaux":["24110"],"code_dep":"24","code_region":"75","population":968,"surface_km2":14.69,"lat":45.1887,"lon":0.5546,"fibre_pct":95.6},{"code_insee":"24237","nom":"Lembras","codes_postaux":["24100"],"code_dep":"24","code_region":"75","population":1259,"surface_km2":10.75,"lat":44.8923,"lon":0.5295,"fibre_pct":99.2},{"code_insee":"24238","nom":"Lempzours","codes_postaux":["24800"],"code_dep":"24","code_region":"75","population":134,"surface_km2":11.29,"lat":45.3556,"lon":0.8279,"fibre_pct":100.0},{"code_insee":"24240","nom":"Limeuil","codes_postaux":["24510"],"code_dep":"24","code_region":"75","population":342,"surface_km2":10.45,"lat":44.8924,"lon":0.8967,"fibre_pct":100.0},{"code_insee":"24241","nom":"Limeyrat","codes_postaux":["24210"],"code_dep":"24","code_region":"75","population":424,"surface_km2":20.13,"lat":45.1659,"lon":0.9753,"fibre_pct":100.0},{"code_insee":"24242","nom":"Liorac-sur-Louyre","codes_postaux":["24520"],"code_dep":"24","code_region":"75","population":259,"surface_km2":20.71,"lat":44.8959,"lon":0.641,"fibre_pct":99.0},{"code_insee":"24243","nom":"Lisle","codes_postaux":["24350"],"code_dep":"24","code_region":"75","population":924,"surface_km2":18.67,"lat":45.2708,"lon":0.5571,"fibre_pct":99.9},{"code_insee":"24244","nom":"Lolme","codes_postaux":["24540"],"code_dep":"24","code_region":"75","population":191,"surface_km2":7.02,"lat":44.7106,"lon":0.8444,"fibre_pct":95.0},{"code_insee":"24245","nom":"Loubejac","codes_postaux":["24550"],"code_dep":"24","code_region":"75","population":266,"surface_km2":19.07,"lat":44.6042,"lon":1.0705,"fibre_pct":100.0},{"code_insee":"24246","nom":"Lunas","codes_postaux":["24130"],"code_dep":"24","code_region":"75","population":459,"surface_km2":16.93,"lat":44.9271,"lon":0.3997,"fibre_pct":100.0},{"code_insee":"24247","nom":"Lusignac","codes_postaux":["24320"],"code_dep":"24","code_region":"75","population":162,"surface_km2":7.88,"lat":45.3245,"lon":0.3147,"fibre_pct":95.9},{"code_insee":"24248","nom":"Lussas-et-Nontronneau","codes_postaux":["24300"],"code_dep":"24","code_region":"75","population":283,"surface_km2":22.99,"lat":45.522,"lon":0.5792,"fibre_pct":100.0},{"code_insee":"24251","nom":"Manzac-sur-Vern","codes_postaux":["24110"],"code_dep":"24","code_region":"75","population":535,"surface_km2":20.5,"lat":45.084,"lon":0.5914,"fibre_pct":100.0},{"code_insee":"24252","nom":"Marcillac-Saint-Quentin","codes_postaux":["24200"],"code_dep":"24","code_region":"75","population":826,"surface_km2":17.09,"lat":44.9532,"lon":1.2024,"fibre_pct":100.0},{"code_insee":"24253","nom":"Mareuil en Périgord","codes_postaux":["24340"],"code_dep":"24","code_region":"75","population":2326,"surface_km2":155.71,"lat":45.4476,"lon":0.5107,"fibre_pct":99.3},{"code_insee":"24254","nom":"Marnac","codes_postaux":["24220"],"code_dep":"24","code_region":"75","population":187,"surface_km2":8.0,"lat":44.8328,"lon":1.029,"fibre_pct":100.0},{"code_insee":"24255","nom":"Marquay","codes_postaux":["24620"],"code_dep":"24","code_region":"75","population":588,"surface_km2":25.02,"lat":44.9417,"lon":1.1284,"fibre_pct":92.5},{"code_insee":"24256","nom":"Marsac-sur-l'Isle","codes_postaux":["24430"],"code_dep":"24","code_region":"75","population":3187,"surface_km2":10.13,"lat":45.1816,"lon":0.6475,"fibre_pct":96.4},{"code_insee":"24257","nom":"Marsalès","codes_postaux":["24540"],"code_dep":"24","code_region":"75","population":223,"surface_km2":9.49,"lat":44.6997,"lon":0.8933,"fibre_pct":100.0},{"code_insee":"24259","nom":"Eyraud-Crempse-Maurens","codes_postaux":["24130","24140"],"code_dep":"24","code_region":"75","population":1703,"surface_km2":50.61,"lat":44.9355,"lon":0.4836,"fibre_pct":99.6},{"code_insee":"24260","nom":"Mauzac-et-Grand-Castang","codes_postaux":["24150"],"code_dep":"24","code_region":"75","population":879,"surface_km2":15.88,"lat":44.8782,"lon":0.7755,"fibre_pct":99.3},{"code_insee":"24261","nom":"Mauzens-et-Miremont","codes_postaux":["24260"],"code_dep":"24","code_region":"75","population":288,"surface_km2":20.4,"lat":44.9901,"lon":0.9287,"fibre_pct":100.0},{"code_insee":"24262","nom":"Mayac","codes_postaux":["24420"],"code_dep":"24","code_region":"75","population":325,"surface_km2":11.71,"lat":45.2788,"lon":0.9503,"fibre_pct":100.0},{"code_insee":"24263","nom":"Mazeyrolles","codes_postaux":["24550"],"code_dep":"24","code_region":"75","population":307,"surface_km2":30.5,"lat":44.6721,"lon":0.996,"fibre_pct":100.0},{"code_insee":"24264","nom":"Ménesplet","codes_postaux":["24700"],"code_dep":"24","code_region":"75","population":1928,"surface_km2":19.16,"lat":45.0029,"lon":0.1047,"fibre_pct":100.0},{"code_insee":"24266","nom":"Mensignac","codes_postaux":["24350"],"code_dep":"24","code_region":"75","population":1521,"surface_km2":25.57,"lat":45.2197,"lon":0.5569,"fibre_pct":100.0},{"code_insee":"24267","nom":"Mescoules","codes_postaux":["24240"],"code_dep":"24","code_region":"75","population":177,"surface_km2":4.86,"lat":44.7424,"lon":0.4246,"fibre_pct":95.7},{"code_insee":"24268","nom":"Meyrals","codes_postaux":["24220"],"code_dep":"24","code_region":"75","population":715,"surface_km2":18.73,"lat":44.9057,"lon":1.0665,"fibre_pct":99.3},{"code_insee":"24269","nom":"Mialet","codes_postaux":["24450"],"code_dep":"24","code_region":"75","population":628,"surface_km2":38.47,"lat":45.5725,"lon":0.9007,"fibre_pct":100.0},{"code_insee":"24271","nom":"Milhac-de-Nontron","codes_postaux":["24470"],"code_dep":"24","code_region":"75","population":520,"surface_km2":35.89,"lat":45.476,"lon":0.7902,"fibre_pct":100.0},{"code_insee":"24272","nom":"Minzac","codes_postaux":["24610"],"code_dep":"24","code_region":"75","population":495,"surface_km2":16.11,"lat":44.9609,"lon":0.033,"fibre_pct":100.0},{"code_insee":"24273","nom":"Molières","codes_postaux":["24480"],"code_dep":"24","code_region":"75","population":370,"surface_km2":21.08,"lat":44.816,"lon":0.824,"fibre_pct":100.0},{"code_insee":"24274","nom":"Monbazillac","codes_postaux":["24240"],"code_dep":"24","code_region":"75","population":829,"surface_km2":19.62,"lat":44.7946,"lon":0.4791,"fibre_pct":100.0},{"code_insee":"24276","nom":"Monestier","codes_postaux":["24240"],"code_dep":"24","code_region":"75","population":385,"surface_km2":17.71,"lat":44.7774,"lon":0.3194,"fibre_pct":100.0},{"code_insee":"24277","nom":"Monfaucon","codes_postaux":["24130"],"code_dep":"24","code_region":"75","population":285,"surface_km2":24.82,"lat":44.9193,"lon":0.2588,"fibre_pct":100.0},{"code_insee":"24278","nom":"Monmadalès","codes_postaux":["24560"],"code_dep":"24","code_region":"75","population":83,"surface_km2":5.08,"lat":44.7681,"lon":0.6164,"fibre_pct":98.6},{"code_insee":"24279","nom":"Monmarvès","codes_postaux":["24560"],"code_dep":"24","code_region":"75","population":61,"surface_km2":5.7,"lat":44.7049,"lon":0.6108,"fibre_pct":100.0},{"code_insee":"24280","nom":"Monpazier","codes_postaux":["24540"],"code_dep":"24","code_region":"75","population":441,"surface_km2":0.54,"lat":44.6811,"lon":0.8938,"fibre_pct":98.0},{"code_insee":"24281","nom":"Monsac","codes_postaux":["24440"],"code_dep":"24","code_region":"75","population":178,"surface_km2":10.87,"lat":44.778,"lon":0.6963,"fibre_pct":100.0},{"code_insee":"24282","nom":"Monsaguel","codes_postaux":["24560"],"code_dep":"24","code_region":"75","population":131,"surface_km2":11.57,"lat":44.7397,"lon":0.573,"fibre_pct":93.1},{"code_insee":"24284","nom":"Montagnac-d'Auberoche","codes_postaux":["24210"],"code_dep":"24","code_region":"75","population":137,"surface_km2":10.26,"lat":45.1875,"lon":0.9566,"fibre_pct":100.0},{"code_insee":"24285","nom":"Montagnac-la-Crempse","codes_postaux":["24140"],"code_dep":"24","code_region":"75","population":378,"surface_km2":25.55,"lat":44.9797,"lon":0.5382,"fibre_pct":100.0},{"code_insee":"24286","nom":"Montagrier","codes_postaux":["24350"],"code_dep":"24","code_region":"75","population":511,"surface_km2":14.35,"lat":45.2731,"lon":0.4857,"fibre_pct":100.0},{"code_insee":"24287","nom":"Montaut","codes_postaux":["24560"],"code_dep":"24","code_region":"75","population":127,"surface_km2":16.39,"lat":44.7505,"lon":0.647,"fibre_pct":100.0},{"code_insee":"24288","nom":"Montazeau","codes_postaux":["24230"],"code_dep":"24","code_region":"75","population":292,"surface_km2":14.0,"lat":44.9015,"lon":0.1299,"fibre_pct":100.0},{"code_insee":"24289","nom":"Montcaret","codes_postaux":["24230"],"code_dep":"24","code_region":"75","population":1390,"surface_km2":17.73,"lat":44.8656,"lon":0.0686,"fibre_pct":100.0},{"code_insee":"24290","nom":"Montferrand-du-Périgord","codes_postaux":["24440"],"code_dep":"24","code_region":"75","population":156,"surface_km2":13.19,"lat":44.7563,"lon":0.8738,"fibre_pct":97.2},{"code_insee":"24291","nom":"Montignac-Lascaux","codes_postaux":["24290"],"code_dep":"24","code_region":"75","population":2762,"surface_km2":36.28,"lat":45.0644,"lon":1.1589,"fibre_pct":99.1},{"code_insee":"24292","nom":"Montpeyroux","codes_postaux":["24610"],"code_dep":"24","code_region":"75","population":496,"surface_km2":23.81,"lat":44.9155,"lon":0.0651,"fibre_pct":100.0},{"code_insee":"24293","nom":"Monplaisant","codes_postaux":["24170"],"code_dep":"24","code_region":"75","population":265,"surface_km2":5.57,"lat":44.7896,"lon":0.9932,"fibre_pct":100.0},{"code_insee":"24294","nom":"Montpon-Ménestérol","codes_postaux":["24700"],"code_dep":"24","code_region":"75","population":5866,"surface_km2":46.64,"lat":45.0163,"lon":0.147,"fibre_pct":97.3},{"code_insee":"24295","nom":"Montrem","codes_postaux":["24110"],"code_dep":"24","code_region":"75","population":1208,"surface_km2":20.79,"lat":45.1348,"lon":0.5818,"fibre_pct":100.0},{"code_insee":"24296","nom":"Mouleydier","codes_postaux":["24520"],"code_dep":"24","code_region":"75","population":1152,"surface_km2":8.57,"lat":44.8612,"lon":0.6129,"fibre_pct":99.2},{"code_insee":"24297","nom":"Moulin-Neuf","codes_postaux":["24700"],"code_dep":"24","code_region":"75","population":986,"surface_km2":8.79,"lat":45.0011,"lon":0.06,"fibre_pct":94.8},{"code_insee":"24299","nom":"Mussidan","codes_postaux":["24400"],"code_dep":"24","code_region":"75","population":2771,"surface_km2":3.84,"lat":45.0298,"lon":0.3641,"fibre_pct":96.6},{"code_insee":"24300","nom":"Nabirat","codes_postaux":["24250"],"code_dep":"24","code_region":"75","population":341,"surface_km2":16.87,"lat":44.7667,"lon":1.291,"fibre_pct":100.0},{"code_insee":"24301","nom":"Nadaillac","codes_postaux":["24590"],"code_dep":"24","code_region":"75","population":372,"surface_km2":27.66,"lat":45.032,"lon":1.4029,"fibre_pct":100.0},{"code_insee":"24302","nom":"Nailhac","codes_postaux":["24390"],"code_dep":"24","code_region":"75","population":289,"surface_km2":19.97,"lat":45.225,"lon":1.1564,"fibre_pct":99.6},{"code_insee":"24303","nom":"Nanteuil-Auriac-de-Bourzac","codes_postaux":["24320"],"code_dep":"24","code_region":"75","population":234,"surface_km2":20.8,"lat":45.3795,"lon":0.2862,"fibre_pct":100.0},{"code_insee":"24304","nom":"Nantheuil","codes_postaux":["24800"],"code_dep":"24","code_region":"75","population":989,"surface_km2":17.62,"lat":45.4237,"lon":0.9614,"fibre_pct":100.0},{"code_insee":"24305","nom":"Nanthiat","codes_postaux":["24800"],"code_dep":"24","code_region":"75","population":244,"surface_km2":11.2,"lat":45.4101,"lon":0.9822,"fibre_pct":100.0},{"code_insee":"24306","nom":"Nastringues","codes_postaux":["24230"],"code_dep":"24","code_region":"75","population":138,"surface_km2":6.21,"lat":44.8719,"lon":0.1512,"fibre_pct":92.6},{"code_insee":"24307","nom":"Naussannes","codes_postaux":["24440"],"code_dep":"24","code_region":"75","population":232,"surface_km2":14.99,"lat":44.7474,"lon":0.7175,"fibre_pct":100.0},{"code_insee":"24308","nom":"Négrondes","codes_postaux":["24460"],"code_dep":"24","code_region":"75","population":778,"surface_km2":20.87,"lat":45.3396,"lon":0.8769,"fibre_pct":100.0},{"code_insee":"24309","nom":"Neuvic","codes_postaux":["24190"],"code_dep":"24","code_region":"75","population":3687,"surface_km2":25.88,"lat":45.0889,"lon":0.4728,"fibre_pct":100.0},{"code_insee":"24311","nom":"Nontron","codes_postaux":["24300"],"code_dep":"24","code_region":"75","population":3057,"surface_km2":25.63,"lat":45.5337,"lon":0.6823,"fibre_pct":92.7},{"code_insee":"24312","nom":"Sanilhac","codes_postaux":["24380","24660","24750"],"code_dep":"24","code_region":"75","population":4757,"surface_km2":61.96,"lat":45.1079,"lon":0.7435,"fibre_pct":94.5},{"code_insee":"24313","nom":"Orliac","codes_postaux":["24170"],"code_dep":"24","code_region":"75","population":43,"surface_km2":10.78,"lat":44.7121,"lon":1.0613,"fibre_pct":95.0},{"code_insee":"24316","nom":"Parcoul-Chenaud","codes_postaux":["24410"],"code_dep":"24","code_region":"75","population":800,"surface_km2":26.81,"lat":45.1981,"lon":0.0579,"fibre_pct":99.8},{"code_insee":"24317","nom":"Paulin","codes_postaux":["24590"],"code_dep":"24","code_region":"75","population":246,"surface_km2":11.75,"lat":44.9969,"lon":1.3314,"fibre_pct":100.0},{"code_insee":"24318","nom":"Paunat","codes_postaux":["24510"],"code_dep":"24","code_region":"75","population":320,"surface_km2":17.79,"lat":44.9029,"lon":0.8532,"fibre_pct":100.0},{"code_insee":"24319","nom":"Paussac-et-Saint-Vivien","codes_postaux":["24310"],"code_dep":"24","code_region":"75","population":444,"surface_km2":22.32,"lat":45.3394,"lon":0.5427,"fibre_pct":99.7},{"code_insee":"24320","nom":"Payzac","codes_postaux":["24270"],"code_dep":"24","code_region":"75","population":984,"surface_km2":49.01,"lat":45.42,"lon":1.229,"fibre_pct":99.9},{"code_insee":"24321","nom":"Pazayac","codes_postaux":["24120"],"code_dep":"24","code_region":"75","population":811,"surface_km2":6.86,"lat":45.1243,"lon":1.375,"fibre_pct":100.0},{"code_insee":"24322","nom":"Périgueux","codes_postaux":["24000"],"code_dep":"24","code_region":"75","population":29055,"surface_km2":10.12,"lat":45.1939,"lon":0.7105,"fibre_pct":96.1},{"code_insee":"24323","nom":"Petit-Bersac","codes_postaux":["24600"],"code_dep":"24","code_region":"75","population":184,"surface_km2":10.8,"lat":45.2664,"lon":0.2263,"fibre_pct":100.0},{"code_insee":"24324","nom":"Peyrignac","codes_postaux":["24210"],"code_dep":"24","code_region":"75","population":577,"surface_km2":6.56,"lat":45.1611,"lon":1.1934,"fibre_pct":98.5},{"code_insee":"24325","nom":"Pechs-de-l'Espérance","codes_postaux":["24370"],"code_dep":"24","code_region":"75","population":796,"surface_km2":19.96,"lat":44.9,"lon":1.4006,"fibre_pct":100.0},{"code_insee":"24326","nom":"Peyzac-le-Moustier","codes_postaux":["24620"],"code_dep":"24","code_region":"75","population":201,"surface_km2":10.08,"lat":44.983,"lon":1.0795,"fibre_pct":89.2},{"code_insee":"24327","nom":"Pezuls","codes_postaux":["24510"],"code_dep":"24","code_region":"75","population":113,"surface_km2":10.24,"lat":44.9118,"lon":0.8052,"fibre_pct":100.0},{"code_insee":"24328","nom":"Piégut-Pluviers","codes_postaux":["24360"],"code_dep":"24","code_region":"75","population":1180,"surface_km2":18.69,"lat":45.6333,"lon":0.7026,"fibre_pct":100.0},{"code_insee":"24329","nom":"Le Pizou","codes_postaux":["24700"],"code_dep":"24","code_region":"75","population":1428,"surface_km2":17.14,"lat":45.041,"lon":0.073,"fibre_pct":99.5},{"code_insee":"24330","nom":"Plazac","codes_postaux":["24580"],"code_dep":"24","code_region":"75","population":717,"surface_km2":34.55,"lat":45.0483,"lon":1.0383,"fibre_pct":99.8},{"code_insee":"24331","nom":"Pomport","codes_postaux":["24240"],"code_dep":"24","code_region":"75","population":735,"surface_km2":19.56,"lat":44.7948,"lon":0.4115,"fibre_pct":88.7},{"code_insee":"24334","nom":"Pontours","codes_postaux":["24150"],"code_dep":"24","code_region":"75","population":209,"surface_km2":6.64,"lat":44.8264,"lon":0.7724,"fibre_pct":100.0},{"code_insee":"24335","nom":"Port-Sainte-Foy-et-Ponchapt","codes_postaux":["33220"],"code_dep":"24","code_region":"75","population":2520,"surface_km2":18.67,"lat":44.8675,"lon":0.212,"fibre_pct":98.9},{"code_insee":"24336","nom":"Prats-de-Carlux","codes_postaux":["24370"],"code_dep":"24","code_region":"75","population":491,"surface_km2":12.95,"lat":44.8923,"lon":1.3093,"fibre_pct":100.0},{"code_insee":"24337","nom":"Prats-du-Périgord","codes_postaux":["24550"],"code_dep":"24","code_region":"75","population":143,"surface_km2":11.32,"lat":44.6836,"lon":1.0696,"fibre_pct":100.0},{"code_insee":"24338","nom":"Pressignac-Vicq","codes_postaux":["24150"],"code_dep":"24","code_region":"75","population":456,"surface_km2":17.08,"lat":44.8954,"lon":0.7264,"fibre_pct":100.0},{"code_insee":"24339","nom":"Preyssac-d'Excideuil","codes_postaux":["24160"],"code_dep":"24","code_region":"75","population":152,"surface_km2":3.49,"lat":45.3422,"lon":1.106,"fibre_pct":100.0},{"code_insee":"24340","nom":"Prigonrieux","codes_postaux":["24130"],"code_dep":"24","code_region":"75","population":4374,"surface_km2":26.18,"lat":44.8689,"lon":0.407,"fibre_pct":97.9},{"code_insee":"24341","nom":"Proissans","codes_postaux":["24200"],"code_dep":"24","code_region":"75","population":1102,"surface_km2":18.12,"lat":44.9293,"lon":1.2465,"fibre_pct":100.0},{"code_insee":"24345","nom":"Queyssac","codes_postaux":["24140"],"code_dep":"24","code_region":"75","population":533,"surface_km2":12.47,"lat":44.9131,"lon":0.5305,"fibre_pct":96.1},{"code_insee":"24346","nom":"Quinsac","codes_postaux":["24530"],"code_dep":"24","code_region":"75","population":381,"surface_km2":18.0,"lat":45.437,"lon":0.7029,"fibre_pct":100.0},{"code_insee":"24347","nom":"Rampieux","codes_postaux":["24440"],"code_dep":"24","code_region":"75","population":139,"surface_km2":11.83,"lat":44.7039,"lon":0.8021,"fibre_pct":93.4},{"code_insee":"24348","nom":"Razac-d'Eymet","codes_postaux":["24500"],"code_dep":"24","code_region":"75","population":328,"surface_km2":12.34,"lat":44.6965,"lon":0.4567,"fibre_pct":88.0},{"code_insee":"24349","nom":"Razac-de-Saussignac","codes_postaux":["24240"],"code_dep":"24","code_region":"75","population":335,"surface_km2":11.56,"lat":44.8133,"lon":0.2922,"fibre_pct":99.6},{"code_insee":"24350","nom":"Razac-sur-l'Isle","codes_postaux":["24430"],"code_dep":"24","code_region":"75","population":2376,"surface_km2":14.89,"lat":45.1597,"lon":0.6191,"fibre_pct":98.3},{"code_insee":"24351","nom":"Ribagnac","codes_postaux":["24240"],"code_dep":"24","code_region":"75","population":344,"surface_km2":11.87,"lat":44.7564,"lon":0.4841,"fibre_pct":96.5},{"code_insee":"24352","nom":"Ribérac","codes_postaux":["24600"],"code_dep":"24","code_region":"75","population":3734,"surface_km2":22.71,"lat":45.2428,"lon":0.3402,"fibre_pct":98.6},{"code_insee":"24353","nom":"La Rochebeaucourt-et-Argentine","codes_postaux":["24340"],"code_dep":"24","code_region":"75","population":331,"surface_km2":17.34,"lat":45.4667,"lon":0.3787,"fibre_pct":94.1},{"code_insee":"24354","nom":"La Roche-Chalais","codes_postaux":["24490"],"code_dep":"24","code_region":"75","population":3060,"surface_km2":89.78,"lat":45.1292,"lon":0.0494,"fibre_pct":99.0},{"code_insee":"24355","nom":"La Roque-Gageac","codes_postaux":["24250"],"code_dep":"24","code_region":"75","population":448,"surface_km2":7.19,"lat":44.82,"lon":1.1999,"fibre_pct":100.0},{"code_insee":"24356","nom":"Rouffignac-Saint-Cernin-de-Reilhac","codes_postaux":["24580"],"code_dep":"24","code_region":"75","population":1678,"surface_km2":61.39,"lat":45.0486,"lon":0.9696,"fibre_pct":100.0},{"code_insee":"24357","nom":"Rouffignac-de-Sigoulès","codes_postaux":["24240"],"code_dep":"24","code_region":"75","population":332,"surface_km2":6.52,"lat":44.7818,"lon":0.4426,"fibre_pct":100.0},{"code_insee":"24359","nom":"Sadillac","codes_postaux":["24500"],"code_dep":"24","code_region":"75","population":100,"surface_km2":5.66,"lat":44.7287,"lon":0.4907,"fibre_pct":100.0},{"code_insee":"24360","nom":"Sagelat","codes_postaux":["24170"],"code_dep":"24","code_region":"75","population":318,"surface_km2":7.83,"lat":44.7882,"lon":1.0233,"fibre_pct":100.0},{"code_insee":"24361","nom":"Saint-Agne","codes_postaux":["24520"],"code_dep":"24","code_region":"75","population":438,"surface_km2":5.9,"lat":44.8345,"lon":0.6255,"fibre_pct":100.0},{"code_insee":"24362","nom":"Val de Louyre et Caudeau","codes_postaux":["24380","24510"],"code_dep":"24","code_region":"75","population":1585,"surface_km2":82.83,"lat":44.9731,"lon":0.7733,"fibre_pct":99.8},{"code_insee":"24364","nom":"Coly-Saint-Amand","codes_postaux":["24120","24290"],"code_dep":"24","code_region":"75","population":640,"surface_km2":35.44,"lat":45.0634,"lon":1.2456,"fibre_pct":100.0},{"code_insee":"24365","nom":"Saint-Amand-de-Vergt","codes_postaux":["24380"],"code_dep":"24","code_region":"75","population":242,"surface_km2":13.03,"lat":44.989,"lon":0.6921,"fibre_pct":100.0},{"code_insee":"24366","nom":"Saint-André-d'Allas","codes_postaux":["24200"],"code_dep":"24","code_region":"75","population":888,"surface_km2":29.52,"lat":44.8905,"lon":1.1496,"fibre_pct":100.0},{"code_insee":"24367","nom":"Saint-André-de-Double","codes_postaux":["24190"],"code_dep":"24","code_region":"75","population":162,"surface_km2":27.82,"lat":45.1425,"lon":0.3228,"fibre_pct":100.0},{"code_insee":"24370","nom":"Saint-Antoine-de-Breuilh","codes_postaux":["24230"],"code_dep":"24","code_region":"75","population":1784,"surface_km2":18.07,"lat":44.8423,"lon":0.1394,"fibre_pct":100.0},{"code_insee":"24371","nom":"Saint-Aquilin","codes_postaux":["24110"],"code_dep":"24","code_region":"75","population":458,"surface_km2":22.42,"lat":45.1877,"lon":0.488,"fibre_pct":100.0},{"code_insee":"24372","nom":"Saint-Astier","codes_postaux":["24110"],"code_dep":"24","code_region":"75","population":5376,"surface_km2":35.7,"lat":45.1426,"lon":0.5146,"fibre_pct":99.8},{"code_insee":"24373","nom":"Saint-Aubin-de-Cadelech","codes_postaux":["24500"],"code_dep":"24","code_region":"75","population":346,"surface_km2":13.61,"lat":44.6878,"lon":0.4933,"fibre_pct":100.0},{"code_insee":"24374","nom":"Saint-Aubin-de-Lanquais","codes_postaux":["24560"],"code_dep":"24","code_region":"75","population":357,"surface_km2":9.38,"lat":44.7982,"lon":0.5982,"fibre_pct":99.6},{"code_insee":"24375","nom":"Saint-Aubin-de-Nabirat","codes_postaux":["24250"],"code_dep":"24","code_region":"75","population":160,"surface_km2":6.4,"lat":44.7312,"lon":1.2825,"fibre_pct":100.0},{"code_insee":"24376","nom":"Saint Aulaye-Puymangou","codes_postaux":["24410"],"code_dep":"24","code_region":"75","population":1450,"surface_km2":46.16,"lat":45.1817,"lon":0.1144,"fibre_pct":99.9},{"code_insee":"24377","nom":"Saint-Avit-de-Vialard","codes_postaux":["24260"],"code_dep":"24","code_region":"75","population":152,"surface_km2":8.83,"lat":44.9458,"lon":0.8579,"fibre_pct":100.0},{"code_insee":"24378","nom":"Saint-Avit-Rivière","codes_postaux":["24540"],"code_dep":"24","code_region":"75","population":91,"surface_km2":14.14,"lat":44.7413,"lon":0.9093,"fibre_pct":100.0},{"code_insee":"24379","nom":"Saint-Avit-Sénieur","codes_postaux":["24440"],"code_dep":"24","code_region":"75","population":422,"surface_km2":23.42,"lat":44.7728,"lon":0.8184,"fibre_pct":100.0},{"code_insee":"24380","nom":"Saint-Barthélemy-de-Bellegarde","codes_postaux":["24700"],"code_dep":"24","code_region":"75","population":507,"surface_km2":33.32,"lat":45.0831,"lon":0.1979,"fibre_pct":100.0},{"code_insee":"24381","nom":"Saint-Barthélemy-de-Bussière","codes_postaux":["24360"],"code_dep":"24","code_region":"75","population":219,"surface_km2":15.46,"lat":45.6417,"lon":0.7479,"fibre_pct":90.6},{"code_insee":"24382","nom":"Saint-Capraise-de-Lalinde","codes_postaux":["24150"],"code_dep":"24","code_region":"75","population":536,"surface_km2":3.9,"lat":44.8463,"lon":0.6532,"fibre_pct":96.6},{"code_insee":"24383","nom":"Saint-Capraise-d'Eymet","codes_postaux":["24500"],"code_dep":"24","code_region":"75","population":177,"surface_km2":11.21,"lat":44.7081,"lon":0.5073,"fibre_pct":92.4},{"code_insee":"24384","nom":"Saint-Cassien","codes_postaux":["24540"],"code_dep":"24","code_region":"75","population":31,"surface_km2":4.73,"lat":44.68,"lon":0.8469,"fibre_pct":100.0},{"code_insee":"24385","nom":"Saint-Cernin-de-Labarde","codes_postaux":["24560"],"code_dep":"24","code_region":"75","population":221,"surface_km2":11.52,"lat":44.7654,"lon":0.5828,"fibre_pct":98.3},{"code_insee":"24386","nom":"Saint-Cernin-de-l'Herm","codes_postaux":["24550"],"code_dep":"24","code_region":"75","population":193,"surface_km2":16.77,"lat":44.6545,"lon":1.0491,"fibre_pct":100.0},{"code_insee":"24388","nom":"Saint-Chamassy","codes_postaux":["24260"],"code_dep":"24","code_region":"75","population":512,"surface_km2":15.41,"lat":44.8784,"lon":0.932,"fibre_pct":100.0},{"code_insee":"24390","nom":"Saint-Crépin-d'Auberoche","codes_postaux":["24330"],"code_dep":"24","code_region":"75","population":335,"surface_km2":9.84,"lat":45.1188,"lon":0.8968,"fibre_pct":100.0},{"code_insee":"24392","nom":"Saint-Crépin-et-Carlucet","codes_postaux":["24590"],"code_dep":"24","code_region":"75","population":536,"surface_km2":18.95,"lat":44.9539,"lon":1.2709,"fibre_pct":98.3},{"code_insee":"24393","nom":"Sainte-Croix","codes_postaux":["24440"],"code_dep":"24","code_region":"75","population":89,"surface_km2":12.94,"lat":44.7303,"lon":0.8326,"fibre_pct":97.0},{"code_insee":"24394","nom":"Sainte-Croix-de-Mareuil","codes_postaux":["24340"],"code_dep":"24","code_region":"75","population":144,"surface_km2":12.39,"lat":45.464,"lon":0.4231,"fibre_pct":100.0},{"code_insee":"24395","nom":"Saint-Cybranet","codes_postaux":["24250"],"code_dep":"24","code_region":"75","population":384,"surface_km2":10.73,"lat":44.7835,"lon":1.1595,"fibre_pct":100.0},{"code_insee":"24396","nom":"Saint-Cyprien","codes_postaux":["24220"],"code_dep":"24","code_region":"75","population":1580,"surface_km2":22.23,"lat":44.8853,"lon":1.027,"fibre_pct":97.9},{"code_insee":"24397","nom":"Saint-Cyr-les-Champagnes","codes_postaux":["24270"],"code_dep":"24","code_region":"75","population":304,"surface_km2":16.22,"lat":45.3699,"lon":1.2926,"fibre_pct":94.8},{"code_insee":"24398","nom":"Saint-Estèphe","codes_postaux":["24360"],"code_dep":"24","code_region":"75","population":583,"surface_km2":22.16,"lat":45.6063,"lon":0.6578,"fibre_pct":99.6},{"code_insee":"24399","nom":"Saint-Étienne-de-Puycorbier","codes_postaux":["24400"],"code_dep":"24","code_region":"75","population":111,"surface_km2":13.53,"lat":45.0943,"lon":0.325,"fibre_pct":100.0},{"code_insee":"24401","nom":"Sainte-Eulalie-d'Ans","codes_postaux":["24640"],"code_dep":"24","code_region":"75","population":298,"surface_km2":11.82,"lat":45.2487,"lon":1.0214,"fibre_pct":100.0},{"code_insee":"24403","nom":"Saint-Félix-de-Bourdeilles","codes_postaux":["24340"],"code_dep":"24","code_region":"75","population":72,"surface_km2":6.28,"lat":45.41,"lon":0.5665,"fibre_pct":100.0},{"code_insee":"24404","nom":"Saint-Félix-de-Reillac-et-Mortemart","codes_postaux":["24260"],"code_dep":"24","code_region":"75","population":180,"surface_km2":20.78,"lat":45.0146,"lon":0.8963,"fibre_pct":100.0},{"code_insee":"24405","nom":"Saint-Félix-de-Villadeix","codes_postaux":["24510"],"code_dep":"24","code_region":"75","population":314,"surface_km2":16.83,"lat":44.9316,"lon":0.6753,"fibre_pct":96.4},{"code_insee":"24406","nom":"Sainte-Foy-de-Belvès","codes_postaux":["24170"],"code_dep":"24","code_region":"75","population":142,"surface_km2":7.63,"lat":44.7271,"lon":1.0374,"fibre_pct":97.7},{"code_insee":"24407","nom":"Sainte-Foy-de-Longas","codes_postaux":["24510"],"code_dep":"24","code_region":"75","population":242,"surface_km2":16.23,"lat":44.9324,"lon":0.7606,"fibre_pct":95.5},{"code_insee":"24408","nom":"Saint-Front-d'Alemps","codes_postaux":["24460"],"code_dep":"24","code_region":"75","population":252,"surface_km2":19.35,"lat":45.3203,"lon":0.7986,"fibre_pct":100.0},{"code_insee":"24409","nom":"Saint-Front-de-Pradoux","codes_postaux":["24400"],"code_dep":"24","code_region":"75","population":1148,"surface_km2":9.03,"lat":45.0598,"lon":0.3611,"fibre_pct":98.5},{"code_insee":"24410","nom":"Saint-Front-la-Rivière","codes_postaux":["24300"],"code_dep":"24","code_region":"75","population":511,"surface_km2":18.45,"lat":45.4636,"lon":0.7185,"fibre_pct":100.0},{"code_insee":"24411","nom":"Saint-Front-sur-Nizonne","codes_postaux":["24300"],"code_dep":"24","code_region":"75","population":168,"surface_km2":13.41,"lat":45.4732,"lon":0.6257,"fibre_pct":100.0},{"code_insee":"24412","nom":"Saint-Geniès","codes_postaux":["24590"],"code_dep":"24","code_region":"75","population":926,"surface_km2":34.73,"lat":45.0027,"lon":1.2539,"fibre_pct":98.1},{"code_insee":"24413","nom":"Saint-Georges-Blancaneix","codes_postaux":["24130"],"code_dep":"24","code_region":"75","population":275,"surface_km2":14.04,"lat":44.9183,"lon":0.3538,"fibre_pct":100.0},{"code_insee":"24414","nom":"Saint-Georges-de-Montclard","codes_postaux":["24140"],"code_dep":"24","code_region":"75","population":270,"surface_km2":13.65,"lat":44.9312,"lon":0.6127,"fibre_pct":100.0},{"code_insee":"24415","nom":"Saint-Géraud-de-Corps","codes_postaux":["24700"],"code_dep":"24","code_region":"75","population":202,"surface_km2":15.1,"lat":44.9465,"lon":0.2417,"fibre_pct":100.0},{"code_insee":"24416","nom":"Saint-Germain-de-Belvès","codes_postaux":["24170"],"code_dep":"24","code_region":"75","population":180,"surface_km2":7.44,"lat":44.8064,"lon":1.0344,"fibre_pct":100.0},{"code_insee":"24417","nom":"Saint-Germain-des-Prés","codes_postaux":["24160"],"code_dep":"24","code_region":"75","population":503,"surface_km2":19.08,"lat":45.3454,"lon":1.0004,"fibre_pct":100.0},{"code_insee":"24418","nom":"Saint-Germain-du-Salembre","codes_postaux":["24190"],"code_dep":"24","code_region":"75","population":901,"surface_km2":19.59,"lat":45.128,"lon":0.4344,"fibre_pct":100.0},{"code_insee":"24419","nom":"Saint-Germain-et-Mons","codes_postaux":["24520"],"code_dep":"24","code_region":"75","population":908,"surface_km2":14.26,"lat":44.825,"lon":0.5906,"fibre_pct":99.8},{"code_insee":"24420","nom":"Saint-Géry","codes_postaux":["24400"],"code_dep":"24","code_region":"75","population":239,"surface_km2":18.83,"lat":44.9771,"lon":0.3285,"fibre_pct":98.6},{"code_insee":"24421","nom":"Saint-Geyrac","codes_postaux":["24330"],"code_dep":"24","code_region":"75","population":197,"surface_km2":17.86,"lat":45.0688,"lon":0.9078,"fibre_pct":100.0},{"code_insee":"24422","nom":"Saint-Hilaire-d'Estissac","codes_postaux":["24140"],"code_dep":"24","code_region":"75","population":130,"surface_km2":6.27,"lat":45.0141,"lon":0.5029,"fibre_pct":100.0},{"code_insee":"24423","nom":"Saint-Julien-Innocence-Eulalie","codes_postaux":["24500"],"code_dep":"24","code_region":"75","population":311,"surface_km2":19.74,"lat":44.7161,"lon":0.3973,"fibre_pct":100.0},{"code_insee":"24424","nom":"Saint-Jean-d'Ataux","codes_postaux":["24190"],"code_dep":"24","code_region":"75","population":129,"surface_km2":12.09,"lat":45.1337,"lon":0.3941,"fibre_pct":100.0},{"code_insee":"24425","nom":"Saint-Jean-de-Côle","codes_postaux":["24800"],"code_dep":"24","code_region":"75","population":354,"surface_km2":12.92,"lat":45.412,"lon":0.8356,"fibre_pct":99.1},{"code_insee":"24426","nom":"Saint-Jean-d'Estissac","codes_postaux":["24140"],"code_dep":"24","code_region":"75","population":158,"surface_km2":12.95,"lat":45.0374,"lon":0.5037,"fibre_pct":100.0},{"code_insee":"24428","nom":"Saint-Jory-de-Chalais","codes_postaux":["24800"],"code_dep":"24","code_region":"75","population":544,"surface_km2":32.62,"lat":45.4903,"lon":0.901,"fibre_pct":96.9},{"code_insee":"24429","nom":"Saint-Jory-las-Bloux","codes_postaux":["24160"],"code_dep":"24","code_region":"75","population":245,"surface_km2":17.34,"lat":45.3395,"lon":0.947,"fibre_pct":100.0},{"code_insee":"24432","nom":"Saint-Julien-de-Lampon","codes_postaux":["24370"],"code_dep":"24","code_region":"75","population":660,"surface_km2":13.39,"lat":44.8624,"lon":1.3806,"fibre_pct":99.7},{"code_insee":"24434","nom":"Saint-Just","codes_postaux":["24320"],"code_dep":"24","code_region":"75","population":142,"surface_km2":10.82,"lat":45.3365,"lon":0.4972,"fibre_pct":100.0},{"code_insee":"24436","nom":"Saint-Laurent-des-Hommes","codes_postaux":["24400"],"code_dep":"24","code_region":"75","population":1012,"surface_km2":32.26,"lat":45.0421,"lon":0.2509,"fibre_pct":99.9},{"code_insee":"24437","nom":"Saint-Laurent-des-Vignes","codes_postaux":["24100"],"code_dep":"24","code_region":"75","population":1038,"surface_km2":8.14,"lat":44.8257,"lon":0.4458,"fibre_pct":99.5},{"code_insee":"24438","nom":"Saint-Laurent-la-Vallée","codes_postaux":["24170"],"code_dep":"24","code_region":"75","population":237,"surface_km2":15.52,"lat":44.7505,"lon":1.1227,"fibre_pct":100.0},{"code_insee":"24441","nom":"Saint-Léon-d'Issigeac","codes_postaux":["24560"],"code_dep":"24","code_region":"75","population":147,"surface_km2":5.65,"lat":44.7198,"lon":0.6987,"fibre_pct":100.0},{"code_insee":"24442","nom":"Saint-Léon-sur-l'Isle","codes_postaux":["24110"],"code_dep":"24","code_region":"75","population":2080,"surface_km2":14.53,"lat":45.1175,"lon":0.498,"fibre_pct":99.2},{"code_insee":"24443","nom":"Saint-Léon-sur-Vézère","codes_postaux":["24290"],"code_dep":"24","code_region":"75","population":431,"surface_km2":13.82,"lat":45.0224,"lon":1.0821,"fibre_pct":94.2},{"code_insee":"24444","nom":"Saint-Louis-en-l'Isle","codes_postaux":["24400"],"code_dep":"24","code_region":"75","population":311,"surface_km2":2.83,"lat":45.0645,"lon":0.3927,"fibre_pct":96.3},{"code_insee":"24445","nom":"Saint-Marcel-du-Périgord","codes_postaux":["24510"],"code_dep":"24","code_region":"75","population":137,"surface_km2":11.37,"lat":44.9203,"lon":0.6979,"fibre_pct":100.0},{"code_insee":"24446","nom":"Saint-Marcory","codes_postaux":["24540"],"code_dep":"24","code_region":"75","population":57,"surface_km2":4.77,"lat":44.7225,"lon":0.9289,"fibre_pct":97.9},{"code_insee":"24448","nom":"Saint-Martial-d'Albarède","codes_postaux":["24160"],"code_dep":"24","code_region":"75","population":484,"surface_km2":10.68,"lat":45.3203,"lon":1.0387,"fibre_pct":99.7},{"code_insee":"24449","nom":"Saint-Martial-d'Artenset","codes_postaux":["24700"],"code_dep":"24","code_region":"75","population":943,"surface_km2":32.43,"lat":44.9989,"lon":0.2188,"fibre_pct":100.0},{"code_insee":"24450","nom":"Saint-Martial-de-Nabirat","codes_postaux":["24250"],"code_dep":"24","code_region":"75","population":586,"surface_km2":15.69,"lat":44.7494,"lon":1.2466,"fibre_pct":100.0},{"code_insee":"24451","nom":"Saint-Martial-de-Valette","codes_postaux":["24300"],"code_dep":"24","code_region":"75","population":803,"surface_km2":16.37,"lat":45.514,"lon":0.6333,"fibre_pct":99.5},{"code_insee":"24452","nom":"Saint-Martial-Viveyrol","codes_postaux":["24320"],"code_dep":"24","code_region":"75","population":184,"surface_km2":12.7,"lat":45.3557,"lon":0.3384,"fibre_pct":100.0},{"code_insee":"24453","nom":"Saint-Martin-de-Fressengeas","codes_postaux":["24800"],"code_dep":"24","code_region":"75","population":361,"surface_km2":21.61,"lat":45.4566,"lon":0.8349,"fibre_pct":99.7},{"code_insee":"24454","nom":"Saint-Martin-de-Gurson","codes_postaux":["24610"],"code_dep":"24","code_region":"75","population":653,"surface_km2":24.84,"lat":44.9616,"lon":0.1187,"fibre_pct":100.0},{"code_insee":"24455","nom":"Saint-Martin-de-Ribérac","codes_postaux":["24600"],"code_dep":"24","code_region":"75","population":723,"surface_km2":16.39,"lat":45.2195,"lon":0.3578,"fibre_pct":100.0},{"code_insee":"24456","nom":"Saint-Martin-des-Combes","codes_postaux":["24140"],"code_dep":"24","code_region":"75","population":205,"surface_km2":14.05,"lat":44.9626,"lon":0.6215,"fibre_pct":100.0},{"code_insee":"24457","nom":"Saint-Martin-l'Astier","codes_postaux":["24400"],"code_dep":"24","code_region":"75","population":142,"surface_km2":9.42,"lat":45.0574,"lon":0.324,"fibre_pct":100.0},{"code_insee":"24458","nom":"Saint-Martin-le-Pin","codes_postaux":["24300"],"code_dep":"24","code_region":"75","population":279,"surface_km2":16.01,"lat":45.5521,"lon":0.6307,"fibre_pct":100.0},{"code_insee":"24459","nom":"Saint-Mayme-de-Péreyrol","codes_postaux":["24380"],"code_dep":"24","code_region":"75","population":286,"surface_km2":11.16,"lat":45.0191,"lon":0.6481,"fibre_pct":100.0},{"code_insee":"24460","nom":"Saint-Méard-de-Drône","codes_postaux":["24600"],"code_dep":"24","code_region":"75","population":485,"surface_km2":8.98,"lat":45.2532,"lon":0.4039,"fibre_pct":100.0},{"code_insee":"24461","nom":"Saint-Méard-de-Gurçon","codes_postaux":["24610"],"code_dep":"24","code_region":"75","population":809,"surface_km2":28.72,"lat":44.909,"lon":0.175,"fibre_pct":100.0},{"code_insee":"24462","nom":"Saint-Médard-de-Mussidan","codes_postaux":["24400"],"code_dep":"24","code_region":"75","population":1618,"surface_km2":23.82,"lat":45.019,"lon":0.323,"fibre_pct":99.0},{"code_insee":"24463","nom":"Saint-Médard-d'Excideuil","codes_postaux":["24160"],"code_dep":"24","code_region":"75","population":546,"surface_km2":19.02,"lat":45.3441,"lon":1.0858,"fibre_pct":98.1},{"code_insee":"24464","nom":"Saint-Mesmin","codes_postaux":["24270"],"code_dep":"24","code_region":"75","population":343,"surface_km2":30.4,"lat":45.3501,"lon":1.2331,"fibre_pct":86.0},{"code_insee":"24465","nom":"Saint-Michel-de-Double","codes_postaux":["24400"],"code_dep":"24","code_region":"75","population":232,"surface_km2":29.66,"lat":45.0977,"lon":0.2714,"fibre_pct":100.0},{"code_insee":"24466","nom":"Saint-Michel-de-Montaigne","codes_postaux":["24230"],"code_dep":"24","code_region":"75","population":336,"surface_km2":9.28,"lat":44.8802,"lon":0.0233,"fibre_pct":100.0},{"code_insee":"24468","nom":"Saint-Michel-de-Villadeix","codes_postaux":["24380"],"code_dep":"24","code_region":"75","population":298,"surface_km2":14.56,"lat":44.9943,"lon":0.7335,"fibre_pct":100.0},{"code_insee":"24470","nom":"Sainte-Mondane","codes_postaux":["24370"],"code_dep":"24","code_region":"75","population":305,"surface_km2":9.48,"lat":44.8345,"lon":1.3406,"fibre_pct":100.0},{"code_insee":"24471","nom":"Sainte-Nathalène","codes_postaux":["24200"],"code_dep":"24","code_region":"75","population":648,"surface_km2":13.96,"lat":44.9145,"lon":1.2782,"fibre_pct":100.0},{"code_insee":"24472","nom":"Saint-Nexans","codes_postaux":["24520"],"code_dep":"24","code_region":"75","population":1030,"surface_km2":12.45,"lat":44.8057,"lon":0.5514,"fibre_pct":99.1},{"code_insee":"24473","nom":"Sainte-Orse","codes_postaux":["24210"],"code_dep":"24","code_region":"75","population":346,"surface_km2":24.07,"lat":45.2079,"lon":1.0707,"fibre_pct":100.0},{"code_insee":"24474","nom":"Saint-Pancrace","codes_postaux":["24530"],"code_dep":"24","code_region":"75","population":144,"surface_km2":7.04,"lat":45.4219,"lon":0.6682,"fibre_pct":100.0},{"code_insee":"24476","nom":"Saint-Pantaly-d'Excideuil","codes_postaux":["24160"],"code_dep":"24","code_region":"75","population":157,"surface_km2":8.83,"lat":45.3111,"lon":1.0125,"fibre_pct":100.0},{"code_insee":"24477","nom":"Saint-Pardoux-de-Drône","codes_postaux":["24600"],"code_dep":"24","code_region":"75","population":191,"surface_km2":8.68,"lat":45.2195,"lon":0.418,"fibre_pct":100.0},{"code_insee":"24478","nom":"Saint-Pardoux-et-Vielvic","codes_postaux":["24170"],"code_dep":"24","code_region":"75","population":188,"surface_km2":14.44,"lat":44.7686,"lon":0.9637,"fibre_pct":98.9},{"code_insee":"24479","nom":"Saint-Pardoux-la-Rivière","codes_postaux":["24470"],"code_dep":"24","code_region":"75","population":1166,"surface_km2":23.27,"lat":45.5036,"lon":0.7552,"fibre_pct":100.0},{"code_insee":"24480","nom":"Saint-Paul-de-Serre","codes_postaux":["24380"],"code_dep":"24","code_region":"75","population":337,"surface_km2":10.78,"lat":45.0794,"lon":0.6332,"fibre_pct":100.0},{"code_insee":"24481","nom":"Saint-Paul-la-Roche","codes_postaux":["24800"],"code_dep":"24","code_region":"75","population":542,"surface_km2":40.11,"lat":45.487,"lon":0.9908,"fibre_pct":99.3},{"code_insee":"24482","nom":"Saint-Paul-Lizonne","codes_postaux":["24320"],"code_dep":"24","code_region":"75","population":274,"surface_km2":9.36,"lat":45.3169,"lon":0.2846,"fibre_pct":96.9},{"code_insee":"24483","nom":"Saint-Perdoux","codes_postaux":["24560"],"code_dep":"24","code_region":"75","population":143,"surface_km2":7.44,"lat":44.7355,"lon":0.5291,"fibre_pct":98.9},{"code_insee":"24484","nom":"Saint-Pierre-de-Chignac","codes_postaux":["24330"],"code_dep":"24","code_region":"75","population":971,"surface_km2":15.72,"lat":45.1127,"lon":0.86,"fibre_pct":99.8},{"code_insee":"24485","nom":"Saint-Pierre-de-Côle","codes_postaux":["24800"],"code_dep":"24","code_region":"75","population":432,"surface_km2":20.71,"lat":45.3778,"lon":0.8158,"fibre_pct":100.0},{"code_insee":"24486","nom":"Saint-Pierre-de-Frugie","codes_postaux":["24450"],"code_dep":"24","code_region":"75","population":520,"surface_km2":22.28,"lat":45.5875,"lon":1.007,"fibre_pct":100.0},{"code_insee":"24487","nom":"Saint-Pierre-d'Eyraud","codes_postaux":["24130"],"code_dep":"24","code_region":"75","population":1795,"surface_km2":26.24,"lat":44.8776,"lon":0.3209,"fibre_pct":99.7},{"code_insee":"24488","nom":"Saint-Pompon","codes_postaux":["24170"],"code_dep":"24","code_region":"75","population":373,"surface_km2":28.11,"lat":44.7126,"lon":1.1388,"fibre_pct":100.0},{"code_insee":"24489","nom":"Saint-Priest-les-Fougères","codes_postaux":["24450"],"code_dep":"24","code_region":"75","population":380,"surface_km2":21.47,"lat":45.5402,"lon":1.0275,"fibre_pct":100.0},{"code_insee":"24490","nom":"Saint Privat en Périgord","codes_postaux":["24410"],"code_dep":"24","code_region":"75","population":1139,"surface_km2":44.39,"lat":45.2266,"lon":0.2058,"fibre_pct":99.9},{"code_insee":"24491","nom":"Saint-Rabier","codes_postaux":["24210"],"code_dep":"24","code_region":"75","population":538,"surface_km2":16.63,"lat":45.1744,"lon":1.1384,"fibre_pct":100.0},{"code_insee":"24492","nom":"Sainte-Radegonde","codes_postaux":["24560"],"code_dep":"24","code_region":"75","population":78,"surface_km2":4.92,"lat":44.6857,"lon":0.6766,"fibre_pct":100.0},{"code_insee":"24493","nom":"Saint-Raphaël","codes_postaux":["24160"],"code_dep":"24","code_region":"75","population":94,"surface_km2":7.3,"lat":45.3036,"lon":1.0712,"fibre_pct":100.0},{"code_insee":"24494","nom":"Saint-Rémy","codes_postaux":["24700"],"code_dep":"24","code_region":"75","population":503,"surface_km2":22.41,"lat":44.9532,"lon":0.1875,"fibre_pct":100.0},{"code_insee":"24495","nom":"Saint-Romain-de-Monpazier","codes_postaux":["24540"],"code_dep":"24","code_region":"75","population":104,"surface_km2":7.5,"lat":44.7209,"lon":0.8839,"fibre_pct":100.0},{"code_insee":"24496","nom":"Saint-Romain-et-Saint-Clément","codes_postaux":["24800"],"code_dep":"24","code_region":"75","population":333,"surface_km2":14.39,"lat":45.4274,"lon":0.873,"fibre_pct":100.0},{"code_insee":"24498","nom":"Saint-Saud-Lacoussière","codes_postaux":["24470"],"code_dep":"24","code_region":"75","population":820,"surface_km2":60.04,"lat":45.5348,"lon":0.8338,"fibre_pct":96.9},{"code_insee":"24499","nom":"Saint-Sauveur","codes_postaux":["24520"],"code_dep":"24","code_region":"75","population":849,"surface_km2":9.36,"lat":44.8721,"lon":0.5881,"fibre_pct":100.0},{"code_insee":"24500","nom":"Saint-Sauveur-Lalande","codes_postaux":["24700"],"code_dep":"24","code_region":"75","population":149,"surface_km2":9.31,"lat":44.9807,"lon":0.2514,"fibre_pct":100.0},{"code_insee":"24501","nom":"Saint-Seurin-de-Prats","codes_postaux":["24230"],"code_dep":"24","code_region":"75","population":461,"surface_km2":5.49,"lat":44.8311,"lon":0.0709,"fibre_pct":97.8},{"code_insee":"24502","nom":"Saint-Séverin-d'Estissac","codes_postaux":["24190"],"code_dep":"24","code_region":"75","population":95,"surface_km2":5.27,"lat":45.0493,"lon":0.4729,"fibre_pct":100.0},{"code_insee":"24504","nom":"Saint-Sulpice-de-Roumagnac","codes_postaux":["24600"],"code_dep":"24","code_region":"75","population":279,"surface_km2":10.84,"lat":45.2002,"lon":0.3979,"fibre_pct":100.0},{"code_insee":"24505","nom":"Saint-Sulpice-d'Excideuil","codes_postaux":["24800"],"code_dep":"24","code_region":"75","population":377,"surface_km2":19.34,"lat":45.3945,"lon":1.0208,"fibre_pct":84.9},{"code_insee":"24507","nom":"Sainte-Trie","codes_postaux":["24160"],"code_dep":"24","code_region":"75","population":115,"surface_km2":11.27,"lat":45.2908,"lon":1.2066,"fibre_pct":98.0},{"code_insee":"24508","nom":"Saint-Victor","codes_postaux":["24350"],"code_dep":"24","code_region":"75","population":213,"surface_km2":5.09,"lat":45.2652,"lon":0.4404,"fibre_pct":98.8},{"code_insee":"24509","nom":"Saint-Vincent-de-Connezac","codes_postaux":["24190"],"code_dep":"24","code_region":"75","population":664,"surface_km2":14.89,"lat":45.1638,"lon":0.3951,"fibre_pct":100.0},{"code_insee":"24510","nom":"Saint-Vincent-de-Cosse","codes_postaux":["24220"],"code_dep":"24","code_region":"75","population":388,"surface_km2":7.33,"lat":44.841,"lon":1.1129,"fibre_pct":100.0},{"code_insee":"24511","nom":"Saint-Vincent-Jalmoutiers","codes_postaux":["24410"],"code_dep":"24","code_region":"75","population":202,"surface_km2":16.46,"lat":45.1862,"lon":0.1972,"fibre_pct":98.4},{"code_insee":"24512","nom":"Saint-Vincent-le-Paluel","codes_postaux":["24200"],"code_dep":"24","code_region":"75","population":293,"surface_km2":7.05,"lat":44.8836,"lon":1.2706,"fibre_pct":100.0},{"code_insee":"24513","nom":"Saint-Vincent-sur-l'Isle","codes_postaux":["24420"],"code_dep":"24","code_region":"75","population":307,"surface_km2":10.28,"lat":45.2407,"lon":0.9002,"fibre_pct":100.0},{"code_insee":"24514","nom":"Saint-Vivien","codes_postaux":["24230"],"code_dep":"24","code_region":"75","population":240,"surface_km2":8.56,"lat":44.8936,"lon":0.1026,"fibre_pct":100.0},{"code_insee":"24515","nom":"Salagnac","codes_postaux":["24160"],"code_dep":"24","code_region":"75","population":686,"surface_km2":9.35,"lat":45.3156,"lon":1.2114,"fibre_pct":12.0},{"code_insee":"24516","nom":"Salignac-Eyvigues","codes_postaux":["24590"],"code_dep":"24","code_region":"75","population":1184,"surface_km2":44.58,"lat":44.947,"lon":1.3719,"fibre_pct":100.0},{"code_insee":"24517","nom":"Salles-de-Belvès","codes_postaux":["24170"],"code_dep":"24","code_region":"75","population":78,"surface_km2":9.06,"lat":44.7159,"lon":1.0014,"fibre_pct":100.0},{"code_insee":"24518","nom":"Salon","codes_postaux":["24380"],"code_dep":"24","code_region":"75","population":261,"surface_km2":17.55,"lat":45.0321,"lon":0.7716,"fibre_pct":100.0},{"code_insee":"24519","nom":"Sarlande","codes_postaux":["24270"],"code_dep":"24","code_region":"75","population":428,"surface_km2":35.42,"lat":45.4441,"lon":1.1234,"fibre_pct":100.0},{"code_insee":"24520","nom":"Sarlat-la-Canéda","codes_postaux":["24200"],"code_dep":"24","code_region":"75","population":8763,"surface_km2":48.59,"lat":44.906,"lon":1.1994,"fibre_pct":96.9},{"code_insee":"24521","nom":"Sarliac-sur-l'Isle","codes_postaux":["24420"],"code_dep":"24","code_region":"75","population":1054,"surface_km2":10.01,"lat":45.2374,"lon":0.8582,"fibre_pct":97.1},{"code_insee":"24522","nom":"Sarrazac","codes_postaux":["24800"],"code_dep":"24","code_region":"75","population":363,"surface_km2":30.56,"lat":45.4387,"lon":1.0284,"fibre_pct":100.0},{"code_insee":"24523","nom":"Saussignac","codes_postaux":["24240"],"code_dep":"24","code_region":"75","population":407,"surface_km2":9.02,"lat":44.8045,"lon":0.3157,"fibre_pct":100.0},{"code_insee":"24524","nom":"Savignac-de-Miremont","codes_postaux":["24260"],"code_dep":"24","code_region":"75","population":173,"surface_km2":7.94,"lat":44.9659,"lon":0.9482,"fibre_pct":95.3},{"code_insee":"24525","nom":"Savignac-de-Nontron","codes_postaux":["24300"],"code_dep":"24","code_region":"75","population":211,"surface_km2":10.08,"lat":45.5475,"lon":0.7204,"fibre_pct":100.0},{"code_insee":"24526","nom":"Savignac-Lédrier","codes_postaux":["24270"],"code_dep":"24","code_region":"75","population":729,"surface_km2":26.46,"lat":45.3795,"lon":1.1954,"fibre_pct":100.0},{"code_insee":"24527","nom":"Savignac-les-Églises","codes_postaux":["24420"],"code_dep":"24","code_region":"75","population":1005,"surface_km2":22.86,"lat":45.2818,"lon":0.9131,"fibre_pct":99.1},{"code_insee":"24528","nom":"Sceau-Saint-Angel","codes_postaux":["24300"],"code_dep":"24","code_region":"75","population":125,"surface_km2":18.03,"lat":45.4819,"lon":0.6755,"fibre_pct":100.0},{"code_insee":"24529","nom":"Segonzac","codes_postaux":["24600"],"code_dep":"24","code_region":"75","population":204,"surface_km2":3.94,"lat":45.2022,"lon":0.4389,"fibre_pct":93.2},{"code_insee":"24531","nom":"Sergeac","codes_postaux":["24290"],"code_dep":"24","code_region":"75","population":215,"surface_km2":10.52,"lat":45.0003,"lon":1.1125,"fibre_pct":100.0},{"code_insee":"24532","nom":"Serres-et-Montguyard","codes_postaux":["24500"],"code_dep":"24","code_region":"75","population":231,"surface_km2":6.92,"lat":44.6781,"lon":0.4466,"fibre_pct":100.0},{"code_insee":"24533","nom":"Servanches","codes_postaux":["24410"],"code_dep":"24","code_region":"75","population":76,"surface_km2":20.58,"lat":45.1355,"lon":0.1629,"fibre_pct":100.0},{"code_insee":"24534","nom":"Sigoulès-et-Flaugeac","codes_postaux":["24240"],"code_dep":"24","code_region":"75","population":1280,"surface_km2":18.26,"lat":44.7544,"lon":0.4133,"fibre_pct":95.5},{"code_insee":"24535","nom":"Simeyrols","codes_postaux":["24370"],"code_dep":"24","code_region":"75","population":256,"surface_km2":9.43,"lat":44.9137,"lon":1.3367,"fibre_pct":100.0},{"code_insee":"24536","nom":"Singleyrac","codes_postaux":["24500"],"code_dep":"24","code_region":"75","population":314,"surface_km2":7.17,"lat":44.7413,"lon":0.4627,"fibre_pct":76.0},{"code_insee":"24537","nom":"Siorac-de-Ribérac","codes_postaux":["24600"],"code_dep":"24","code_region":"75","population":258,"surface_km2":21.03,"lat":45.1831,"lon":0.348,"fibre_pct":100.0},{"code_insee":"24538","nom":"Siorac-en-Périgord","codes_postaux":["24170"],"code_dep":"24","code_region":"75","population":1082,"surface_km2":11.71,"lat":44.8214,"lon":0.9726,"fibre_pct":100.0},{"code_insee":"24540","nom":"Sorges et Ligueux en Périgord","codes_postaux":["24420","24460"],"code_dep":"24","code_region":"75","population":1650,"surface_km2":55.54,"lat":45.2929,"lon":0.8505,"fibre_pct":94.1},{"code_insee":"24541","nom":"Soudat","codes_postaux":["24360"],"code_dep":"24","code_region":"75","population":102,"surface_km2":9.02,"lat":45.6232,"lon":0.568,"fibre_pct":100.0},{"code_insee":"24542","nom":"Soulaures","codes_postaux":["24540"],"code_dep":"24","code_region":"75","population":67,"surface_km2":10.38,"lat":44.6406,"lon":0.9188,"fibre_pct":100.0},{"code_insee":"24543","nom":"Sourzac","codes_postaux":["24400"],"code_dep":"24","code_region":"75","population":1135,"surface_km2":23.19,"lat":45.05,"lon":0.4149,"fibre_pct":93.8},{"code_insee":"24544","nom":"Tamniès","codes_postaux":["24620"],"code_dep":"24","code_region":"75","population":414,"surface_km2":19.56,"lat":44.9732,"lon":1.1467,"fibre_pct":100.0},{"code_insee":"24545","nom":"Teillots","codes_postaux":["24390"],"code_dep":"24","code_region":"75","population":100,"surface_km2":10.27,"lat":45.2611,"lon":1.215,"fibre_pct":99.5},{"code_insee":"24546","nom":"Temple-Laguyon","codes_postaux":["24390"],"code_dep":"24","code_region":"75","population":34,"surface_km2":3.05,"lat":45.2319,"lon":1.0978,"fibre_pct":98.8},{"code_insee":"24547","nom":"Terrasson-Lavilledieu","codes_postaux":["24120"],"code_dep":"24","code_region":"75","population":6218,"surface_km2":39.23,"lat":45.118,"lon":1.3022,"fibre_pct":98.3},{"code_insee":"24548","nom":"Teyjat","codes_postaux":["24300"],"code_dep":"24","code_region":"75","population":271,"surface_km2":17.42,"lat":45.5924,"lon":0.5797,"fibre_pct":100.0},{"code_insee":"24549","nom":"Thénac","codes_postaux":["24240"],"code_dep":"24","code_region":"75","population":443,"surface_km2":20.46,"lat":44.7454,"lon":0.3538,"fibre_pct":100.0},{"code_insee":"24550","nom":"Thenon","codes_postaux":["24210"],"code_dep":"24","code_region":"75","population":1282,"surface_km2":26.9,"lat":45.1354,"lon":1.0631,"fibre_pct":100.0},{"code_insee":"24551","nom":"Thiviers","codes_postaux":["24800"],"code_dep":"24","code_region":"75","population":2876,"surface_km2":28.63,"lat":45.4262,"lon":0.9064,"fibre_pct":97.0},{"code_insee":"24552","nom":"Thonac","codes_postaux":["24290"],"code_dep":"24","code_region":"75","population":275,"surface_km2":11.41,"lat":45.0358,"lon":1.1013,"fibre_pct":88.1},{"code_insee":"24553","nom":"Tocane-Saint-Apre","codes_postaux":["24350"],"code_dep":"24","code_region":"75","population":1742,"surface_km2":33.04,"lat":45.2359,"lon":0.5005,"fibre_pct":98.1},{"code_insee":"24554","nom":"La Tour-Blanche-Cercles","codes_postaux":["24320"],"code_dep":"24","code_region":"75","population":549,"surface_km2":23.36,"lat":45.369,"lon":0.4508,"fibre_pct":99.5},{"code_insee":"24555","nom":"Tourtoirac","codes_postaux":["24390"],"code_dep":"24","code_region":"75","population":636,"surface_km2":26.33,"lat":45.2723,"lon":1.0481,"fibre_pct":99.9},{"code_insee":"24557","nom":"Trélissac","codes_postaux":["24750"],"code_dep":"24","code_region":"75","population":7372,"surface_km2":24.05,"lat":45.2114,"lon":0.7738,"fibre_pct":95.8},{"code_insee":"24558","nom":"Trémolat","codes_postaux":["24510"],"code_dep":"24","code_region":"75","population":624,"surface_km2":14.11,"lat":44.8751,"lon":0.8295,"fibre_pct":100.0},{"code_insee":"24559","nom":"Tursac","codes_postaux":["24620"],"code_dep":"24","code_region":"75","population":346,"surface_km2":18.22,"lat":44.9741,"lon":1.0435,"fibre_pct":99.0},{"code_insee":"24560","nom":"Urval","codes_postaux":["24480"],"code_dep":"24","code_region":"75","population":116,"surface_km2":13.38,"lat":44.8011,"lon":0.9365,"fibre_pct":96.3},{"code_insee":"24562","nom":"Vallereuil","codes_postaux":["24190"],"code_dep":"24","code_region":"75","population":260,"surface_km2":9.2,"lat":45.0707,"lon":0.5011,"fibre_pct":100.0},{"code_insee":"24563","nom":"Valojoulx","codes_postaux":["24290"],"code_dep":"24","code_region":"75","population":285,"surface_km2":12.21,"lat":45.0144,"lon":1.1498,"fibre_pct":100.0},{"code_insee":"24564","nom":"Vanxains","codes_postaux":["24600"],"code_dep":"24","code_region":"75","population":689,"surface_km2":35.76,"lat":45.2208,"lon":0.2889,"fibre_pct":99.3},{"code_insee":"24565","nom":"Varaignes","codes_postaux":["24360"],"code_dep":"24","code_region":"75","population":358,"surface_km2":17.28,"lat":45.611,"lon":0.5274,"fibre_pct":99.4},{"code_insee":"24566","nom":"Varennes","codes_postaux":["24150"],"code_dep":"24","code_region":"75","population":458,"surface_km2":4.13,"lat":44.8331,"lon":0.6657,"fibre_pct":99.6},{"code_insee":"24567","nom":"Vaunac","codes_postaux":["24800"],"code_dep":"24","code_region":"75","population":247,"surface_km2":14.27,"lat":45.3731,"lon":0.8671,"fibre_pct":96.5},{"code_insee":"24568","nom":"Vélines","codes_postaux":["24230"],"code_dep":"24","code_region":"75","population":1104,"surface_km2":10.75,"lat":44.8569,"lon":0.1122,"fibre_pct":100.0},{"code_insee":"24569","nom":"Vendoire","codes_postaux":["24320"],"code_dep":"24","code_region":"75","population":135,"surface_km2":11.72,"lat":45.4119,"lon":0.2913,"fibre_pct":100.0},{"code_insee":"24570","nom":"Verdon","codes_postaux":["24520"],"code_dep":"24","code_region":"75","population":35,"surface_km2":5.02,"lat":44.8154,"lon":0.6283,"fibre_pct":100.0},{"code_insee":"24571","nom":"Vergt","codes_postaux":["24380"],"code_dep":"24","code_region":"75","population":1773,"surface_km2":33.7,"lat":45.0448,"lon":0.7142,"fibre_pct":99.6},{"code_insee":"24572","nom":"Vergt-de-Biron","codes_postaux":["24540"],"code_dep":"24","code_region":"75","population":191,"surface_km2":16.34,"lat":44.6336,"lon":0.8513,"fibre_pct":100.0},{"code_insee":"24573","nom":"Verteillac","codes_postaux":["24320"],"code_dep":"24","code_region":"75","population":547,"surface_km2":18.52,"lat":45.3492,"lon":0.3776,"fibre_pct":100.0},{"code_insee":"24574","nom":"Veyrignac","codes_postaux":["24370"],"code_dep":"24","code_region":"75","population":326,"surface_km2":9.67,"lat":44.8238,"lon":1.3261,"fibre_pct":100.0},{"code_insee":"24575","nom":"Veyrines-de-Domme","codes_postaux":["24250"],"code_dep":"24","code_region":"75","population":236,"surface_km2":11.39,"lat":44.8007,"lon":1.1035,"fibre_pct":100.0},{"code_insee":"24576","nom":"Veyrines-de-Vergt","codes_postaux":["24380"],"code_dep":"24","code_region":"75","population":244,"surface_km2":12.31,"lat":44.9897,"lon":0.7734,"fibre_pct":100.0},{"code_insee":"24577","nom":"Vézac","codes_postaux":["24220"],"code_dep":"24","code_region":"75","population":533,"surface_km2":13.64,"lat":44.8397,"lon":1.1764,"fibre_pct":100.0},{"code_insee":"24580","nom":"Villac","codes_postaux":["24120"],"code_dep":"24","code_region":"75","population":295,"surface_km2":21.25,"lat":45.1873,"lon":1.2511,"fibre_pct":97.5},{"code_insee":"24581","nom":"Villamblard","codes_postaux":["24140"],"code_dep":"24","code_region":"75","population":851,"surface_km2":20.55,"lat":45.0304,"lon":0.5612,"fibre_pct":98.8},{"code_insee":"24582","nom":"Villars","codes_postaux":["24530"],"code_dep":"24","code_region":"75","population":470,"surface_km2":28.82,"lat":45.4234,"lon":0.7685,"fibre_pct":100.0},{"code_insee":"24584","nom":"Villefranche-de-Lonchat","codes_postaux":["24610"],"code_dep":"24","code_region":"75","population":998,"surface_km2":15.17,"lat":44.9568,"lon":0.056,"fibre_pct":99.9},{"code_insee":"24585","nom":"Villefranche-du-Périgord","codes_postaux":["24550"],"code_dep":"24","code_region":"75","population":674,"surface_km2":25.26,"lat":44.6292,"lon":1.1064,"fibre_pct":100.0},{"code_insee":"24586","nom":"Villetoureix","codes_postaux":["24600"],"code_dep":"24","code_region":"75","population":891,"surface_km2":16.2,"lat":45.2736,"lon":0.3592,"fibre_pct":100.0},{"code_insee":"24587","nom":"Vitrac","codes_postaux":["24200"],"code_dep":"24","code_region":"75","population":863,"surface_km2":14.38,"lat":44.8453,"lon":1.2256,"fibre_pct":99.6}]