[{"code_insee":"26001","nom":"Solaure en Diois","codes_postaux":["26150"],"code_dep":"26","code_region":"84","population":456,"surface_km2":19.37,"lat":44.7112,"lon":5.3777},{"code_insee":"26002","nom":"Albon","codes_postaux":["26140"],"code_dep":"26","code_region":"84","population":1942,"surface_km2":26.07,"lat":45.2394,"lon":4.8654},{"code_insee":"26003","nom":"Aleyrac","codes_postaux":["26770"],"code_dep":"26","code_region":"84","population":50,"surface_km2":6.61,"lat":44.4991,"lon":4.9459},{"code_insee":"26004","nom":"Alixan","codes_postaux":["26300"],"code_dep":"26","code_region":"84","population":2729,"surface_km2":28.28,"lat":44.9843,"lon":5.0167},{"code_insee":"26005","nom":"Allan","codes_postaux":["26780"],"code_dep":"26","code_region":"84","population":1980,"surface_km2":29.17,"lat":44.4968,"lon":4.8036},{"code_insee":"26006","nom":"Allex","codes_postaux":["26400"],"code_dep":"26","code_region":"84","population":2698,"surface_km2":20.35,"lat":44.7718,"lon":4.9157},{"code_insee":"26007","nom":"Ambonil","codes_postaux":["26800"],"code_dep":"26","code_region":"84","population":106,"surface_km2":1.17,"lat":44.7916,"lon":4.9097},{"code_insee":"26008","nom":"Ancône","codes_postaux":["26200"],"code_dep":"26","code_region":"84","population":1338,"surface_km2":1.71,"lat":44.5803,"lon":4.7197},{"code_insee":"26009","nom":"Andancette","codes_postaux":["26140"],"code_dep":"26","code_region":"84","population":1330,"surface_km2":6.07,"lat":45.2475,"lon":4.8127},{"code_insee":"26010","nom":"Anneyron","codes_postaux":["26140"],"code_dep":"26","code_region":"84","population":4169,"surface_km2":36.59,"lat":45.2718,"lon":4.8892},{"code_insee":"26011","nom":"Aouste-sur-Sye","codes_postaux":["26400"],"code_dep":"26","code_region":"84","population":2733,"surface_km2":17.94,"lat":44.7027,"lon":5.0604},{"code_insee":"26012","nom":"Arnayon","codes_postaux":["26470"],"code_dep":"26","code_region":"84","population":27,"surface_km2":19.68,"lat":44.4963,"lon":5.3165},{"code_insee":"26013","nom":"Arpavon","codes_postaux":["26110"],"code_dep":"26","code_region":"84","population":73,"surface_km2":13.51,"lat":44.3706,"lon":5.2739},{"code_insee":"26014","nom":"Arthémonay","codes_postaux":["26260"],"code_dep":"26","code_region":"84","population":613,"surface_km2":5.76,"lat":45.1411,"lon":5.0632},{"code_insee":"26015","nom":"Aubenasson","codes_postaux":["26340"],"code_dep":"26","code_region":"84","population":74,"surface_km2":6.81,"lat":44.6782,"lon":5.1448},{"code_insee":"26016","nom":"Aubres","codes_postaux":["26110"],"code_dep":"26","code_region":"84","population":420,"surface_km2":20.2,"lat":44.3925,"lon":5.1551},{"code_insee":"26017","nom":"Aucelon","codes_postaux":["26340"],"code_dep":"26","code_region":"84","population":17,"surface_km2":26.83,"lat":44.6158,"lon":5.3422},{"code_insee":"26018","nom":"Aulan","codes_postaux":["26570"],"code_dep":"26","code_region":"84","population":8,"surface_km2":10.76,"lat":44.2289,"lon":5.4197},{"code_insee":"26019","nom":"Aurel","codes_postaux":["26340"],"code_dep":"26","code_region":"84","population":271,"surface_km2":26.08,"lat":44.6936,"lon":5.3081},{"code_insee":"26020","nom":"La Répara-Auriples","codes_postaux":["26400"],"code_dep":"26","code_region":"84","population":244,"surface_km2":15.2,"lat":44.6536,"lon":4.9933},{"code_insee":"26021","nom":"Autichamp","codes_postaux":["26400"],"code_dep":"26","code_region":"84","population":151,"surface_km2":6.31,"lat":44.6785,"lon":4.9722},{"code_insee":"26022","nom":"Ballons","codes_postaux":["26560"],"code_dep":"26","code_region":"84","population":88,"surface_km2":17.1,"lat":44.2476,"lon":5.6478},{"code_insee":"26023","nom":"Barbières","codes_postaux":["26300"],"code_dep":"26","code_region":"84","population":1143,"surface_km2":14.42,"lat":44.9408,"lon":5.1597},{"code_insee":"26024","nom":"Barcelonne","codes_postaux":["26120"],"code_dep":"26","code_region":"84","population":335,"surface_km2":8.24,"lat":44.8649,"lon":5.0535},{"code_insee":"26025","nom":"Barnave","codes_postaux":["26310"],"code_dep":"26","code_region":"84","population":217,"surface_km2":12.48,"lat":44.6592,"lon":5.3745},{"code_insee":"26026","nom":"Barret-de-Lioure","codes_postaux":["26570"],"code_dep":"26","code_region":"84","population":72,"surface_km2":34.88,"lat":44.1768,"lon":5.5195},{"code_insee":"26027","nom":"Barsac","codes_postaux":["26150"],"code_dep":"26","code_region":"84","population":154,"surface_km2":15.8,"lat":44.7275,"lon":5.3056},{"code_insee":"26028","nom":"Bathernay","codes_postaux":["26260"],"code_dep":"26","code_region":"84","population":221,"surface_km2":5.75,"lat":45.1836,"lon":4.9974},{"code_insee":"26030","nom":"La Bâtie-des-Fonds","codes_postaux":["26310"],"code_dep":"26","code_region":"84","population":6,"surface_km2":11.58,"lat":44.5169,"lon":5.6331},{"code_insee":"26031","nom":"La Bâtie-Rolland","codes_postaux":["26160"],"code_dep":"26","code_region":"84","population":1087,"surface_km2":8.36,"lat":44.5582,"lon":4.8691},{"code_insee":"26032","nom":"La Baume-Cornillane","codes_postaux":["26120"],"code_dep":"26","code_region":"84","population":456,"surface_km2":14.48,"lat":44.8316,"lon":5.0462},{"code_insee":"26033","nom":"La Baume-de-Transit","codes_postaux":["26790"],"code_dep":"26","code_region":"84","population":942,"surface_km2":12.19,"lat":44.3244,"lon":4.8667},{"code_insee":"26034","nom":"La Baume-d'Hostun","codes_postaux":["26730"],"code_dep":"26","code_region":"84","population":592,"surface_km2":8.53,"lat":45.0598,"lon":5.219},{"code_insee":"26035","nom":"Beaufort-sur-Gervanne","codes_postaux":["26400"],"code_dep":"26","code_region":"84","population":494,"surface_km2":9.56,"lat":44.7772,"lon":5.1551},{"code_insee":"26036","nom":"Beaumont-en-Diois","codes_postaux":["26310"],"code_dep":"26","code_region":"84","population":103,"surface_km2":17.61,"lat":44.5634,"lon":5.4697},{"code_insee":"26037","nom":"Beaumont-lès-Valence","codes_postaux":["26760"],"code_dep":"26","code_region":"84","population":4337,"surface_km2":17.74,"lat":44.8743,"lon":4.9477},{"code_insee":"26038","nom":"Beaumont-Monteux","codes_postaux":["26600"],"code_dep":"26","code_region":"84","population":1394,"surface_km2":13.41,"lat":45.0305,"lon":4.9194},{"code_insee":"26039","nom":"Beauregard-Baret","codes_postaux":["26300"],"code_dep":"26","code_region":"84","population":905,"surface_km2":23.93,"lat":45.0083,"lon":5.1748},{"code_insee":"26040","nom":"Beaurières","codes_postaux":["26310"],"code_dep":"26","code_region":"84","population":82,"surface_km2":24.43,"lat":44.5544,"lon":5.552},{"code_insee":"26041","nom":"Beausemblant","codes_postaux":["26240"],"code_dep":"26","code_region":"84","population":1475,"surface_km2":11.78,"lat":45.2138,"lon":4.8438},{"code_insee":"26042","nom":"Beauvallon","codes_postaux":["26800"],"code_dep":"26","code_region":"84","population":1659,"surface_km2":3.17,"lat":44.8571,"lon":4.9027},{"code_insee":"26043","nom":"Beauvoisin","codes_postaux":["26170"],"code_dep":"26","code_region":"84","population":141,"surface_km2":9.52,"lat":44.3046,"lon":5.2151},{"code_insee":"26045","nom":"La Bégude-de-Mazenc","codes_postaux":["26160"],"code_dep":"26","code_region":"84","population":1779,"surface_km2":23.88,"lat":44.5513,"lon":4.9245},{"code_insee":"26046","nom":"Bellecombe-Tarendol","codes_postaux":["26110"],"code_dep":"26","code_region":"84","population":77,"surface_km2":13.63,"lat":44.3569,"lon":5.3581},{"code_insee":"26047","nom":"Bellegarde-en-Diois","codes_postaux":["26470"],"code_dep":"26","code_region":"84","population":96,"surface_km2":25.68,"lat":44.5394,"lon":5.4383},{"code_insee":"26048","nom":"Bénivay-Ollon","codes_postaux":["26170"],"code_dep":"26","code_region":"84","population":69,"surface_km2":8.83,"lat":44.3107,"lon":5.1908},{"code_insee":"26049","nom":"Bésayes","codes_postaux":["26300"],"code_dep":"26","code_region":"84","population":1370,"surface_km2":9.68,"lat":44.9687,"lon":5.0902},{"code_insee":"26050","nom":"Bésignan","codes_postaux":["26110"],"code_dep":"26","code_region":"84","population":76,"surface_km2":9.05,"lat":44.3214,"lon":5.3265},{"code_insee":"26051","nom":"Bézaudun-sur-Bîne","codes_postaux":["26460"],"code_dep":"26","code_region":"84","population":73,"surface_km2":17.87,"lat":44.6111,"lon":5.1778},{"code_insee":"26052","nom":"Bonlieu-sur-Roubion","codes_postaux":["26160"],"code_dep":"26","code_region":"84","population":458,"surface_km2":6.11,"lat":44.5871,"lon":4.8681},{"code_insee":"26054","nom":"Bouchet","codes_postaux":["26790"],"code_dep":"26","code_region":"84","population":1409,"surface_km2":11.9,"lat":44.2967,"lon":4.8835},{"code_insee":"26055","nom":"Boulc","codes_postaux":["26410"],"code_dep":"26","code_region":"84","population":154,"surface_km2":57.29,"lat":44.636,"lon":5.5849},{"code_insee":"26056","nom":"Bourdeaux","codes_postaux":["26460"],"code_dep":"26","code_region":"84","population":670,"surface_km2":23.19,"lat":44.5793,"lon":5.1664},{"code_insee":"26057","nom":"Bourg-de-Péage","codes_postaux":["26300"],"code_dep":"26","code_region":"84","population":9921,"surface_km2":13.88,"lat":45.0189,"lon":5.0492},{"code_insee":"26058","nom":"Bourg-lès-Valence","codes_postaux":["26500"],"code_dep":"26","code_region":"84","population":19992,"surface_km2":20.18,"lat":44.9637,"lon":4.89},{"code_insee":"26059","nom":"Bouvante","codes_postaux":["26190"],"code_dep":"26","code_region":"84","population":210,"surface_km2":84.54,"lat":44.9327,"lon":5.2994},{"code_insee":"26060","nom":"Bouvières","codes_postaux":["26460"],"code_dep":"26","code_region":"84","population":151,"surface_km2":24.96,"lat":44.52,"lon":5.2217},{"code_insee":"26061","nom":"Bren","codes_postaux":["26260"],"code_dep":"26","code_region":"84","population":709,"surface_km2":11.11,"lat":45.1424,"lon":4.9407},{"code_insee":"26062","nom":"Brette","codes_postaux":["26340"],"code_dep":"26","code_region":"84","population":29,"surface_km2":15.55,"lat":44.5874,"lon":5.3254},{"code_insee":"26063","nom":"Buis-les-Baronnies","codes_postaux":["26170"],"code_dep":"26","code_region":"84","population":2218,"surface_km2":34.11,"lat":44.2714,"lon":5.2811},{"code_insee":"26064","nom":"Chabeuil","codes_postaux":["26120"],"code_dep":"26","code_region":"84","population":6833,"surface_km2":39.93,"lat":44.9088,"lon":5.0038},{"code_insee":"26065","nom":"Chabrillan","codes_postaux":["26400"],"code_dep":"26","code_region":"84","population":752,"surface_km2":17.43,"lat":44.7152,"lon":4.9622},{"code_insee":"26066","nom":"Le Chaffal","codes_postaux":["26190"],"code_dep":"26","code_region":"84","population":35,"surface_km2":11.74,"lat":44.8728,"lon":5.1812},{"code_insee":"26067","nom":"Chalancon","codes_postaux":["26470"],"code_dep":"26","code_region":"84","population":59,"surface_km2":36.03,"lat":44.5263,"lon":5.3329},{"code_insee":"26068","nom":"Le Chalon","codes_postaux":["26350"],"code_dep":"26","code_region":"84","population":200,"surface_km2":8.49,"lat":45.1541,"lon":5.0852},{"code_insee":"26069","nom":"Chamaloc","codes_postaux":["26150"],"code_dep":"26","code_region":"84","population":119,"surface_km2":22.17,"lat":44.8135,"lon":5.387},{"code_insee":"26070","nom":"Chamaret","codes_postaux":["26230"],"code_dep":"26","code_region":"84","population":542,"surface_km2":8.03,"lat":44.3896,"lon":4.8733},{"code_insee":"26071","nom":"Chanos-Curson","codes_postaux":["26600"],"code_dep":"26","code_region":"84","population":1196,"surface_km2":8.16,"lat":45.0579,"lon":4.9166},{"code_insee":"26072","nom":"Chantemerle-les-Blés","codes_postaux":["26600"],"code_dep":"26","code_region":"84","population":1343,"surface_km2":15.62,"lat":45.1222,"lon":4.8897},{"code_insee":"26073","nom":"Chantemerle-lès-Grignan","codes_postaux":["26230"],"code_dep":"26","code_region":"84","population":246,"surface_km2":10.04,"lat":44.4048,"lon":4.8341},{"code_insee":"26074","nom":"La Chapelle-en-Vercors","codes_postaux":["26420"],"code_dep":"26","code_region":"84","population":797,"surface_km2":45.41,"lat":44.9669,"lon":5.4254},{"code_insee":"26075","nom":"La Charce","codes_postaux":["26470"],"code_dep":"26","code_region":"84","population":23,"surface_km2":9.42,"lat":44.4698,"lon":5.442},{"code_insee":"26076","nom":"Charens","codes_postaux":["26310"],"code_dep":"26","code_region":"84","population":32,"surface_km2":13.02,"lat":44.5432,"lon":5.5096},{"code_insee":"26077","nom":"Charmes-sur-l'Herbasse","codes_postaux":["26260"],"code_dep":"26","code_region":"84","population":806,"surface_km2":13.07,"lat":45.1591,"lon":5.0157},{"code_insee":"26078","nom":"Charols","codes_postaux":["26450"],"code_dep":"26","code_region":"84","population":965,"surface_km2":7.3,"lat":44.5887,"lon":4.9544},{"code_insee":"26079","nom":"Charpey","codes_postaux":["26300"],"code_dep":"26","code_region":"84","population":1547,"surface_km2":15.74,"lat":44.944,"lon":5.0758},{"code_insee":"26080","nom":"Chastel-Arnaud","codes_postaux":["26340"],"code_dep":"26","code_region":"84","population":48,"surface_km2":13.12,"lat":44.6598,"lon":5.2123},{"code_insee":"26081","nom":"Châteaudouble","codes_postaux":["26120"],"code_dep":"26","code_region":"84","population":633,"surface_km2":17.38,"lat":44.9043,"lon":5.1074},{"code_insee":"26082","nom":"Châteauneuf-de-Bordette","codes_postaux":["26110"],"code_dep":"26","code_region":"84","population":101,"surface_km2":15.39,"lat":44.3368,"lon":5.1653},{"code_insee":"26083","nom":"Châteauneuf-de-Galaure","codes_postaux":["26330"],"code_dep":"26","code_region":"84","population":1804,"surface_km2":18.32,"lat":45.2337,"lon":4.9637},{"code_insee":"26084","nom":"Châteauneuf-sur-Isère","codes_postaux":["26300"],"code_dep":"26","code_region":"84","population":4281,"surface_km2":45.7,"lat":45.0093,"lon":4.9525},{"code_insee":"26085","nom":"Châteauneuf-du-Rhône","codes_postaux":["26780"],"code_dep":"26","code_region":"84","population":2917,"surface_km2":27.56,"lat":44.5028,"lon":4.7323},{"code_insee":"26086","nom":"Châtillon-en-Diois","codes_postaux":["26410"],"code_dep":"26","code_region":"84","population":669,"surface_km2":110.27,"lat":44.7299,"lon":5.5366},{"code_insee":"26087","nom":"Châtillon-Saint-Jean","codes_postaux":["26750"],"code_dep":"26","code_region":"84","population":1305,"surface_km2":8.95,"lat":45.0984,"lon":5.1371},{"code_insee":"26088","nom":"Chatuzange-le-Goubet","codes_postaux":["26300"],"code_dep":"26","code_region":"84","population":6523,"surface_km2":28.24,"lat":45.0068,"lon":5.0973},{"code_insee":"26089","nom":"Chaudebonne","codes_postaux":["26110"],"code_dep":"26","code_region":"84","population":58,"surface_km2":20.79,"lat":44.4748,"lon":5.2362},{"code_insee":"26090","nom":"La Chaudière","codes_postaux":["26340"],"code_dep":"26","code_region":"84","population":25,"surface_km2":12.38,"lat":44.6299,"lon":5.2283},{"code_insee":"26091","nom":"Chauvac-Laux-Montaux","codes_postaux":["26510"],"code_dep":"26","code_region":"84","population":43,"surface_km2":24.59,"lat":44.3234,"lon":5.5388},{"code_insee":"26092","nom":"Chavannes","codes_postaux":["26260"],"code_dep":"26","code_region":"84","population":768,"surface_km2":4.72,"lat":45.105,"lon":4.923},{"code_insee":"26093","nom":"Clansayes","codes_postaux":["26130"],"code_dep":"26","code_region":"84","population":517,"surface_km2":14.73,"lat":44.3763,"lon":4.8082},{"code_insee":"26094","nom":"Claveyson","codes_postaux":["26240"],"code_dep":"26","code_region":"84","population":934,"surface_km2":16.28,"lat":45.1736,"lon":4.9362},{"code_insee":"26095","nom":"Cléon-d'Andran","codes_postaux":["26450"],"code_dep":"26","code_region":"84","population":1004,"surface_km2":10.3,"lat":44.6108,"lon":4.9303},{"code_insee":"26096","nom":"Clérieux","codes_postaux":["26260"],"code_dep":"26","code_region":"84","population":1910,"surface_km2":13.65,"lat":45.0808,"lon":4.9561},{"code_insee":"26097","nom":"Cliousclat","codes_postaux":["26270"],"code_dep":"26","code_region":"84","population":611,"surface_km2":9.58,"lat":44.7223,"lon":4.8326},{"code_insee":"26098","nom":"Cobonne","codes_postaux":["26400"],"code_dep":"26","code_region":"84","population":170,"surface_km2":11.23,"lat":44.754,"lon":5.0747},{"code_insee":"26099","nom":"Colonzelle","codes_postaux":["26230"],"code_dep":"26","code_region":"84","population":524,"surface_km2":6.32,"lat":44.3881,"lon":4.9001},{"code_insee":"26100","nom":"Combovin","codes_postaux":["26120"],"code_dep":"26","code_region":"84","population":476,"surface_km2":35.69,"lat":44.8566,"lon":5.111},{"code_insee":"26101","nom":"Comps","codes_postaux":["26220"],"code_dep":"26","code_region":"84","population":137,"surface_km2":11.98,"lat":44.5516,"lon":5.1016},{"code_insee":"26102","nom":"Condillac","codes_postaux":["26740"],"code_dep":"26","code_region":"84","population":132,"surface_km2":10.01,"lat":44.6381,"lon":4.8282},{"code_insee":"26103","nom":"Condorcet","codes_postaux":["26110"],"code_dep":"26","code_region":"84","population":496,"surface_km2":22.52,"lat":44.4122,"lon":5.1813},{"code_insee":"26104","nom":"Cornillac","codes_postaux":["26510"],"code_dep":"26","code_region":"84","population":91,"surface_km2":19.18,"lat":44.4392,"lon":5.4018},{"code_insee":"26105","nom":"Cornillon-sur-l'Oule","codes_postaux":["26510"],"code_dep":"26","code_region":"84","population":75,"surface_km2":14.48,"lat":44.4557,"lon":5.3636},{"code_insee":"26106","nom":"La Coucourde","codes_postaux":["26740"],"code_dep":"26","code_region":"84","population":1240,"surface_km2":10.05,"lat":44.6395,"lon":4.7843},{"code_insee":"26107","nom":"Crépol","codes_postaux":["26350"],"code_dep":"26","code_region":"84","population":523,"surface_km2":11.54,"lat":45.1778,"lon":5.0675},{"code_insee":"26108","nom":"Crest","codes_postaux":["26400"],"code_dep":"26","code_region":"84","population":8658,"surface_km2":23.7,"lat":44.7311,"lon":5.0211},{"code_insee":"26110","nom":"Crozes-Hermitage","codes_postaux":["26600"],"code_dep":"26","code_region":"84","population":660,"surface_km2":5.67,"lat":45.1023,"lon":4.8446},{"code_insee":"26111","nom":"Crupies","codes_postaux":["26460"],"code_dep":"26","code_region":"84","population":96,"surface_km2":13.35,"lat":44.5524,"lon":5.1805},{"code_insee":"26112","nom":"Curnier","codes_postaux":["26110"],"code_dep":"26","code_region":"84","population":206,"surface_km2":8.14,"lat":44.3836,"lon":5.2329},{"code_insee":"26113","nom":"Die","codes_postaux":["26150"],"code_dep":"26","code_region":"84","population":4844,"surface_km2":57.51,"lat":44.7515,"lon":5.3878},{"code_insee":"26114","nom":"Dieulefit","codes_postaux":["26220"],"code_dep":"26","code_region":"84","population":3289,"surface_km2":27.6,"lat":44.5354,"lon":5.0685},{"code_insee":"26115","nom":"Divajeu","codes_postaux":["26400"],"code_dep":"26","code_region":"84","population":688,"surface_km2":13.19,"lat":44.7045,"lon":5.0097},{"code_insee":"26116","nom":"Donzère","codes_postaux":["26290"],"code_dep":"26","code_region":"84","population":6008,"surface_km2":32.54,"lat":44.4347,"lon":4.71},{"code_insee":"26117","nom":"Échevis","codes_postaux":["26190"],"code_dep":"26","code_region":"84","population":58,"surface_km2":11.22,"lat":45.0261,"lon":5.3845},{"code_insee":"26118","nom":"Épinouze","codes_postaux":["26210"],"code_dep":"26","code_region":"84","population":1531,"surface_km2":11.46,"lat":45.3123,"lon":4.938},{"code_insee":"26119","nom":"Érôme","codes_postaux":["26600"],"code_dep":"26","code_region":"84","population":848,"surface_km2":7.56,"lat":45.1264,"lon":4.8352},{"code_insee":"26121","nom":"Espeluche","codes_postaux":["26780"],"code_dep":"26","code_region":"84","population":1134,"surface_km2":11.42,"lat":44.5181,"lon":4.818},{"code_insee":"26122","nom":"Espenel","codes_postaux":["26340"],"code_dep":"26","code_region":"84","population":193,"surface_km2":15.12,"lat":44.6894,"lon":5.2367},{"code_insee":"26123","nom":"Establet","codes_postaux":["26470"],"code_dep":"26","code_region":"84","population":27,"surface_km2":12.73,"lat":44.4988,"lon":5.4415},{"code_insee":"26124","nom":"Étoile-sur-Rhône","codes_postaux":["26800"],"code_dep":"26","code_region":"84","population":5468,"surface_km2":40.21,"lat":44.8353,"lon":4.8747},{"code_insee":"26125","nom":"Eurre","codes_postaux":["26400"],"code_dep":"26","code_region":"84","population":1431,"surface_km2":18.9,"lat":44.758,"lon":4.9756},{"code_insee":"26126","nom":"Eygalayes","codes_postaux":["26560"],"code_dep":"26","code_region":"84","population":89,"surface_km2":18.25,"lat":44.2223,"lon":5.5908},{"code_insee":"26127","nom":"Eygaliers","codes_postaux":["26170"],"code_dep":"26","code_region":"84","population":139,"surface_km2":8.21,"lat":44.2383,"lon":5.2877},{"code_insee":"26128","nom":"Eygluy-Escoulin","codes_postaux":["26400"],"code_dep":"26","code_region":"84","population":61,"surface_km2":26.57,"lat":44.8022,"lon":5.2012},{"code_insee":"26129","nom":"Eymeux","codes_postaux":["26730"],"code_dep":"26","code_region":"84","population":1097,"surface_km2":10.14,"lat":45.0667,"lon":5.1773},{"code_insee":"26130","nom":"Eyroles","codes_postaux":["26110"],"code_dep":"26","code_region":"84","population":22,"surface_km2":8.75,"lat":44.4148,"lon":5.2466},{"code_insee":"26131","nom":"Eyzahut","codes_postaux":["26160"],"code_dep":"26","code_region":"84","population":151,"surface_km2":6.75,"lat":44.5594,"lon":5.0064},{"code_insee":"26133","nom":"Fay-le-Clos","codes_postaux":["26240"],"code_dep":"26","code_region":"84","population":183,"surface_km2":4.55,"lat":45.2225,"lon":4.9063},{"code_insee":"26134","nom":"Félines-sur-Rimandoule","codes_postaux":["26160"],"code_dep":"26","code_region":"84","population":83,"surface_km2":8.51,"lat":44.5803,"lon":5.0557},{"code_insee":"26135","nom":"Ferrassières","codes_postaux":["26570"],"code_dep":"26","code_region":"84","population":122,"surface_km2":29.54,"lat":44.1425,"lon":5.4993},{"code_insee":"26136","nom":"Val-Maravel","codes_postaux":["26310"],"code_dep":"26","code_region":"84","population":55,"surface_km2":21.02,"lat":44.59,"lon":5.5877},{"code_insee":"26137","nom":"Francillon-sur-Roubion","codes_postaux":["26400"],"code_dep":"26","code_region":"84","population":181,"surface_km2":10.93,"lat":44.6173,"lon":5.0723},{"code_insee":"26138","nom":"La Garde-Adhémar","codes_postaux":["26700"],"code_dep":"26","code_region":"84","population":1144,"surface_km2":27.84,"lat":44.3882,"lon":4.7514},{"code_insee":"26139","nom":"Génissieux","codes_postaux":["26750"],"code_dep":"26","code_region":"84","population":2428,"surface_km2":9.08,"lat":45.0826,"lon":5.0935},{"code_insee":"26140","nom":"Geyssans","codes_postaux":["26750"],"code_dep":"26","code_region":"84","population":755,"surface_km2":10.96,"lat":45.1208,"lon":5.0903},{"code_insee":"26141","nom":"Gigors-et-Lozeron","codes_postaux":["26400"],"code_dep":"26","code_region":"84","population":225,"surface_km2":35.44,"lat":44.8252,"lon":5.1162},{"code_insee":"26142","nom":"Glandage","codes_postaux":["26410"],"code_dep":"26","code_region":"84","population":114,"surface_km2":52.33,"lat":44.6975,"lon":5.6121},{"code_insee":"26143","nom":"Le Grand-Serre","codes_postaux":["26530"],"code_dep":"26","code_region":"84","population":973,"surface_km2":24.91,"lat":45.2585,"lon":5.1029},{"code_insee":"26144","nom":"Grane","codes_postaux":["26400"],"code_dep":"26","code_region":"84","population":2204,"surface_km2":45.74,"lat":44.7167,"lon":4.8963},{"code_insee":"26145","nom":"Les Granges-Gontardes","codes_postaux":["26290"],"code_dep":"26","code_region":"84","population":698,"surface_km2":7.39,"lat":44.4335,"lon":4.7494},{"code_insee":"26146","nom":"Grignan","codes_postaux":["26230"],"code_dep":"26","code_region":"84","population":1596,"surface_km2":44.28,"lat":44.4395,"lon":4.9032},{"code_insee":"26147","nom":"Gumiane","codes_postaux":["26470"],"code_dep":"26","code_region":"84","population":20,"surface_km2":8.92,"lat":44.5107,"lon":5.2639},{"code_insee":"26148","nom":"Hauterives","codes_postaux":["26390"],"code_dep":"26","code_region":"84","population":1904,"surface_km2":30.76,"lat":45.251,"lon":5.0341},{"code_insee":"26149","nom":"Hostun","codes_postaux":["26730"],"code_dep":"26","code_region":"84","population":1037,"surface_km2":18.41,"lat":45.0315,"lon":5.1948},{"code_insee":"26150","nom":"Izon-la-Bruisse","codes_postaux":["26560"],"code_dep":"26","code_region":"84","population":12,"surface_km2":14.59,"lat":44.2676,"lon":5.6003},{"code_insee":"26152","nom":"Jonchères","codes_postaux":["26310"],"code_dep":"26","code_region":"84","population":27,"surface_km2":16.35,"lat":44.5625,"lon":5.409},{"code_insee":"26153","nom":"Laborel","codes_postaux":["26560"],"code_dep":"26","code_region":"84","population":116,"surface_km2":23.59,"lat":44.2871,"lon":5.5944},{"code_insee":"26154","nom":"Lachau","codes_postaux":["26560"],"code_dep":"26","code_region":"84","population":218,"surface_km2":25.67,"lat":44.2182,"lon":5.6487},{"code_insee":"26155","nom":"Lapeyrouse-Mornay","codes_postaux":["26210"],"code_dep":"26","code_region":"84","population":1178,"surface_km2":11.5,"lat":45.3279,"lon":4.9846},{"code_insee":"26156","nom":"Larnage","codes_postaux":["26600"],"code_dep":"26","code_region":"84","population":1009,"surface_km2":9.17,"lat":45.1009,"lon":4.8635},{"code_insee":"26157","nom":"La Laupie","codes_postaux":["26740"],"code_dep":"26","code_region":"84","population":789,"surface_km2":9.54,"lat":44.6161,"lon":4.8494},{"code_insee":"26159","nom":"Laval-d'Aix","codes_postaux":["26150"],"code_dep":"26","code_region":"84","population":112,"surface_km2":19.86,"lat":44.7425,"lon":5.4505},{"code_insee":"26160","nom":"Laveyron","codes_postaux":["26240"],"code_dep":"26","code_region":"84","population":1253,"surface_km2":5.36,"lat":45.1998,"lon":4.8229},{"code_insee":"26161","nom":"Lemps","codes_postaux":["26510"],"code_dep":"26","code_region":"84","population":40,"surface_km2":16.97,"lat":44.3489,"lon":5.4083},{"code_insee":"26162","nom":"Lens-Lestang","codes_postaux":["26210"],"code_dep":"26","code_region":"84","population":884,"surface_km2":16.44,"lat":45.296,"lon":5.0414},{"code_insee":"26163","nom":"Léoncel","codes_postaux":["26190"],"code_dep":"26","code_region":"84","population":46,"surface_km2":42.94,"lat":44.9323,"lon":5.1912},{"code_insee":"26164","nom":"Lesches-en-Diois","codes_postaux":["26310"],"code_dep":"26","code_region":"84","population":57,"surface_km2":19.92,"lat":44.5924,"lon":5.5178},{"code_insee":"26165","nom":"Livron-sur-Drôme","codes_postaux":["26250"],"code_dep":"26","code_region":"84","population":9329,"surface_km2":41.34,"lat":44.7912,"lon":4.8257},{"code_insee":"26166","nom":"Loriol-sur-Drôme","codes_postaux":["26270"],"code_dep":"26","code_region":"84","population":6614,"surface_km2":28.78,"lat":44.7495,"lon":4.8141},{"code_insee":"26167","nom":"Luc-en-Diois","codes_postaux":["26310"],"code_dep":"26","code_region":"84","population":614,"surface_km2":23.14,"lat":44.6132,"lon":5.4562},{"code_insee":"26168","nom":"Lus-la-Croix-Haute","codes_postaux":["26620"],"code_dep":"26","code_region":"84","population":523,"surface_km2":87.95,"lat":44.6843,"lon":5.7354},{"code_insee":"26169","nom":"Malataverne","codes_postaux":["26780"],"code_dep":"26","code_region":"84","population":2258,"surface_km2":16.6,"lat":44.4744,"lon":4.7452},{"code_insee":"26170","nom":"Malissard","codes_postaux":["26120"],"code_dep":"26","code_region":"84","population":3294,"surface_km2":10.2,"lat":44.9001,"lon":4.9584},{"code_insee":"26171","nom":"Manas","codes_postaux":["26160"],"code_dep":"26","code_region":"84","population":180,"surface_km2":1.92,"lat":44.6018,"lon":4.9802},{"code_insee":"26172","nom":"Manthes","codes_postaux":["26210"],"code_dep":"26","code_region":"84","population":685,"surface_km2":6.83,"lat":45.3012,"lon":5.0024},{"code_insee":"26173","nom":"Marches","codes_postaux":["26300"],"code_dep":"26","code_region":"84","population":866,"surface_km2":11.27,"lat":44.981,"lon":5.1129},{"code_insee":"26174","nom":"Margès","codes_postaux":["26260"],"code_dep":"26","code_region":"84","population":1067,"surface_km2":9.91,"lat":45.1351,"lon":5.0273},{"code_insee":"26175","nom":"Marignac-en-Diois","codes_postaux":["26150"],"code_dep":"26","code_region":"84","population":231,"surface_km2":18.54,"lat":44.8087,"lon":5.3293},{"code_insee":"26176","nom":"Marsanne","codes_postaux":["26740"],"code_dep":"26","code_region":"84","population":1246,"surface_km2":34.7,"lat":44.6437,"lon":4.8831},{"code_insee":"26177","nom":"Marsaz","codes_postaux":["26260"],"code_dep":"26","code_region":"84","population":714,"surface_km2":9.08,"lat":45.1203,"lon":4.931},{"code_insee":"26178","nom":"Menglon","codes_postaux":["26410"],"code_dep":"26","code_region":"84","population":539,"surface_km2":36.57,"lat":44.6565,"lon":5.4701},{"code_insee":"26179","nom":"Mercurol-Veaunes","codes_postaux":["26600"],"code_dep":"26","code_region":"84","population":2816,"surface_km2":24.99,"lat":45.0738,"lon":4.8958},{"code_insee":"26180","nom":"Mérindol-les-Oliviers","codes_postaux":["26170"],"code_dep":"26","code_region":"84","population":208,"surface_km2":9.58,"lat":44.2723,"lon":5.166},{"code_insee":"26181","nom":"Mévouillon","codes_postaux":["26560"],"code_dep":"26","code_region":"84","population":246,"surface_km2":29.33,"lat":44.2334,"lon":5.484},{"code_insee":"26182","nom":"Mirabel-aux-Baronnies","codes_postaux":["26110"],"code_dep":"26","code_region":"84","population":1502,"surface_km2":22.64,"lat":44.3134,"lon":5.1096},{"code_insee":"26183","nom":"Mirabel-et-Blacons","codes_postaux":["26400"],"code_dep":"26","code_region":"84","population":1198,"surface_km2":17.78,"lat":44.7154,"lon":5.1249},{"code_insee":"26185","nom":"Mirmande","codes_postaux":["26270"],"code_dep":"26","code_region":"84","population":611,"surface_km2":26.49,"lat":44.6878,"lon":4.8429},{"code_insee":"26186","nom":"Miscon","codes_postaux":["26310"],"code_dep":"26","code_region":"84","population":73,"surface_km2":12.18,"lat":44.6256,"lon":5.5143},{"code_insee":"26188","nom":"Mollans-sur-Ouvèze","codes_postaux":["26170"],"code_dep":"26","code_region":"84","population":1043,"surface_km2":20.43,"lat":44.2371,"lon":5.1949},{"code_insee":"26189","nom":"Montauban-sur-l'Ouvèze","codes_postaux":["26170"],"code_dep":"26","code_region":"84","population":116,"surface_km2":32.62,"lat":44.2827,"lon":5.5204},{"code_insee":"26190","nom":"Montaulieu","codes_postaux":["26110"],"code_dep":"26","code_region":"84","population":89,"surface_km2":13.11,"lat":44.3579,"lon":5.2208},{"code_insee":"26191","nom":"Montboucher-sur-Jabron","codes_postaux":["26740"],"code_dep":"26","code_region":"84","population":2592,"surface_km2":9.97,"lat":44.5535,"lon":4.816},{"code_insee":"26192","nom":"Montbrison-sur-Lez","codes_postaux":["26770"],"code_dep":"26","code_region":"84","population":267,"surface_km2":13.26,"lat":44.4328,"lon":5.022},{"code_insee":"26193","nom":"Montbrun-les-Bains","codes_postaux":["26570"],"code_dep":"26","code_region":"84","population":442,"surface_km2":33.54,"lat":44.1823,"lon":5.4313},{"code_insee":"26194","nom":"Montchenu","codes_postaux":["26350"],"code_dep":"26","code_region":"84","population":605,"surface_km2":16.52,"lat":45.1908,"lon":5.0419},{"code_insee":"26195","nom":"Montclar-sur-Gervanne","codes_postaux":["26400"],"code_dep":"26","code_region":"84","population":194,"surface_km2":29.99,"lat":44.7504,"lon":5.1571},{"code_insee":"26196","nom":"Montéléger","codes_postaux":["26760"],"code_dep":"26","code_region":"84","population":1673,"surface_km2":9.53,"lat":44.8605,"lon":4.9317},{"code_insee":"26197","nom":"Montélier","codes_postaux":["26120"],"code_dep":"26","code_region":"84","population":4323,"surface_km2":24.68,"lat":44.9418,"lon":5.0201},{"code_insee":"26198","nom":"Montélimar","codes_postaux":["26200"],"code_dep":"26","code_region":"84","population":40595,"surface_km2":46.41,"lat":44.5545,"lon":4.7454},{"code_insee":"26199","nom":"Montferrand-la-Fare","codes_postaux":["26510"],"code_dep":"26","code_region":"84","population":27,"surface_km2":11.37,"lat":44.3433,"lon":5.4482},{"code_insee":"26200","nom":"Montfroc","codes_postaux":["26560"],"code_dep":"26","code_region":"84","population":100,"surface_km2":14.8,"lat":44.1722,"lon":5.644},{"code_insee":"26201","nom":"Montguers","codes_postaux":["26170"],"code_dep":"26","code_region":"84","population":39,"surface_km2":11.05,"lat":44.2998,"lon":5.4763},{"code_insee":"26202","nom":"Montjoux","codes_postaux":["26220"],"code_dep":"26","code_region":"84","population":316,"surface_km2":18.42,"lat":44.4879,"lon":5.1042},{"code_insee":"26203","nom":"Montjoyer","codes_postaux":["26230"],"code_dep":"26","code_region":"84","population":275,"surface_km2":18.28,"lat":44.4825,"lon":4.8816},{"code_insee":"26204","nom":"Montlaur-en-Diois","codes_postaux":["26310"],"code_dep":"26","code_region":"84","population":134,"surface_km2":9.45,"lat":44.6284,"lon":5.4166},{"code_insee":"26205","nom":"Montmaur-en-Diois","codes_postaux":["26150"],"code_dep":"26","code_region":"84","population":102,"surface_km2":12.88,"lat":44.68,"lon":5.3646},{"code_insee":"26206","nom":"Montmeyran","codes_postaux":["26120"],"code_dep":"26","code_region":"84","population":2960,"surface_km2":23.58,"lat":44.8362,"lon":4.9821},{"code_insee":"26207","nom":"Montmiral","codes_postaux":["26750"],"code_dep":"26","code_region":"84","population":649,"surface_km2":26.62,"lat":45.157,"lon":5.1604},{"code_insee":"26208","nom":"Montoison","codes_postaux":["26800"],"code_dep":"26","code_region":"84","population":1926,"surface_km2":16.17,"lat":44.7973,"lon":4.9257},{"code_insee":"26209","nom":"Montréal-les-Sources","codes_postaux":["26510"],"code_dep":"26","code_region":"84","population":26,"surface_km2":10.44,"lat":44.4012,"lon":5.305},{"code_insee":"26210","nom":"Valherbasse","codes_postaux":["26350"],"code_dep":"26","code_region":"84","population":1005,"surface_km2":43.96,"lat":45.2176,"lon":5.1423},{"code_insee":"26211","nom":"Montségur-sur-Lauzon","codes_postaux":["26130"],"code_dep":"26","code_region":"84","population":1359,"surface_km2":18.44,"lat":44.3683,"lon":4.86},{"code_insee":"26212","nom":"Montvendre","codes_postaux":["26120"],"code_dep":"26","code_region":"84","population":1292,"surface_km2":17.22,"lat":44.8639,"lon":5.0194},{"code_insee":"26213","nom":"Moras-en-Valloire","codes_postaux":["26210"],"code_dep":"26","code_region":"84","population":682,"surface_km2":8.53,"lat":45.2851,"lon":5.0014},{"code_insee":"26214","nom":"Mornans","codes_postaux":["26460"],"code_dep":"26","code_region":"84","population":76,"surface_km2":11.77,"lat":44.6209,"lon":5.133},{"code_insee":"26215","nom":"La Motte-Chalancon","codes_postaux":["26470"],"code_dep":"26","code_region":"84","population":395,"surface_km2":22.72,"lat":44.499,"lon":5.3848},{"code_insee":"26216","nom":"Saint-Jean-de-Galaure","codes_postaux":["26240"],"code_dep":"26","code_region":"84","population":1250,"surface_km2":13.3,"lat":45.2079,"lon":4.9114},{"code_insee":"26217","nom":"La Motte-Fanjas","codes_postaux":["26190"],"code_dep":"26","code_region":"84","population":198,"surface_km2":4.86,"lat":45.045,"lon":5.2707},{"code_insee":"26218","nom":"Mours-Saint-Eusèbe","codes_postaux":["26540"],"code_dep":"26","code_region":"84","population":3424,"surface_km2":5.3,"lat":45.0719,"lon":5.058},{"code_insee":"26220","nom":"Nyons","codes_postaux":["26110"],"code_dep":"26","code_region":"84","population":6816,"surface_km2":23.5,"lat":44.3585,"lon":5.1243},{"code_insee":"26221","nom":"Omblèze","codes_postaux":["26400"],"code_dep":"26","code_region":"84","population":55,"surface_km2":45.03,"lat":44.8537,"lon":5.2333},{"code_insee":"26222","nom":"Orcinas","codes_postaux":["26220"],"code_dep":"26","code_region":"84","population":40,"surface_km2":5.37,"lat":44.5509,"lon":5.1396},{"code_insee":"26223","nom":"Oriol-en-Royans","codes_postaux":["26190"],"code_dep":"26","code_region":"84","population":518,"surface_km2":16.03,"lat":44.9891,"lon":5.2514},{"code_insee":"26224","nom":"Ourches","codes_postaux":["26120"],"code_dep":"26","code_region":"84","population":291,"surface_km2":9.24,"lat":44.8065,"lon":5.0438},{"code_insee":"26225","nom":"Parnans","codes_postaux":["26750"],"code_dep":"26","code_region":"84","population":701,"surface_km2":11.28,"lat":45.1125,"lon":5.1603},{"code_insee":"26226","nom":"Le Pègue","codes_postaux":["26770"],"code_dep":"26","code_region":"84","population":358,"surface_km2":11.31,"lat":44.4444,"lon":5.068},{"code_insee":"26227","nom":"Pelonne","codes_postaux":["26510"],"code_dep":"26","code_region":"84","population":23,"surface_km2":2.82,"lat":44.3815,"lon":5.3825},{"code_insee":"26228","nom":"Pennes-le-Sec","codes_postaux":["26340"],"code_dep":"26","code_region":"84","population":21,"surface_km2":9.09,"lat":44.6379,"lon":5.3177},{"code_insee":"26229","nom":"La Penne-sur-l'Ouvèze","codes_postaux":["26170"],"code_dep":"26","code_region":"84","population":82,"surface_km2":7.48,"lat":44.2529,"lon":5.2334},{"code_insee":"26231","nom":"Peyrins","codes_postaux":["26380"],"code_dep":"26","code_region":"84","population":2613,"surface_km2":25.42,"lat":45.0994,"lon":5.0441},{"code_insee":"26232","nom":"Peyrus","codes_postaux":["26120"],"code_dep":"26","code_region":"84","population":576,"surface_km2":10.55,"lat":44.9067,"lon":5.1197},{"code_insee":"26233","nom":"Piégon","codes_postaux":["26110"],"code_dep":"26","code_region":"84","population":240,"surface_km2":10.29,"lat":44.2978,"lon":5.1264},{"code_insee":"26234","nom":"Piégros-la-Clastre","codes_postaux":["26400"],"code_dep":"26","code_region":"84","population":882,"surface_km2":24.84,"lat":44.6879,"lon":5.0944},{"code_insee":"26235","nom":"Pierrelatte","codes_postaux":["26700"],"code_dep":"26","code_region":"84","population":13756,"surface_km2":49.46,"lat":44.3634,"lon":4.6887},{"code_insee":"26236","nom":"Pierrelongue","codes_postaux":["26170"],"code_dep":"26","code_region":"84","population":231,"surface_km2":5.34,"lat":44.2493,"lon":5.2145},{"code_insee":"26238","nom":"Les Pilles","codes_postaux":["26110"],"code_dep":"26","code_region":"84","population":217,"surface_km2":6.35,"lat":44.3786,"lon":5.1992},{"code_insee":"26239","nom":"Plaisians","codes_postaux":["26170"],"code_dep":"26","code_region":"84","population":209,"surface_km2":30.36,"lat":44.2288,"lon":5.3398},{"code_insee":"26240","nom":"Plan-de-Baix","codes_postaux":["26400"],"code_dep":"26","code_region":"84","population":162,"surface_km2":19.59,"lat":44.8267,"lon":5.1649},{"code_insee":"26241","nom":"Le Poët-Célard","codes_postaux":["26460"],"code_dep":"26","code_region":"84","population":148,"surface_km2":8.36,"lat":44.5991,"lon":5.0982},{"code_insee":"26242","nom":"Le Poët-en-Percip","codes_postaux":["26170"],"code_dep":"26","code_region":"84","population":25,"surface_km2":6.12,"lat":44.2498,"lon":5.3961},{"code_insee":"26243","nom":"Le Poët-Laval","codes_postaux":["26160"],"code_dep":"26","code_region":"84","population":954,"surface_km2":31.47,"lat":44.5271,"lon":4.9978},{"code_insee":"26244","nom":"Le Poët-Sigillat","codes_postaux":["26110"],"code_dep":"26","code_region":"84","population":114,"surface_km2":15.78,"lat":44.3662,"lon":5.3204},{"code_insee":"26245","nom":"Pommerol","codes_postaux":["26470"],"code_dep":"26","code_region":"84","population":10,"surface_km2":10.05,"lat":44.437,"lon":5.468},{"code_insee":"26246","nom":"Ponet-et-Saint-Auban","codes_postaux":["26150"],"code_dep":"26","code_region":"84","population":141,"surface_km2":13.39,"lat":44.776,"lon":5.3127},{"code_insee":"26247","nom":"Ponsas","codes_postaux":["26240"],"code_dep":"26","code_region":"84","population":523,"surface_km2":2.87,"lat":45.1547,"lon":4.8421},{"code_insee":"26248","nom":"Pontaix","codes_postaux":["26150"],"code_dep":"26","code_region":"84","population":181,"surface_km2":19.75,"lat":44.7541,"lon":5.2604},{"code_insee":"26249","nom":"Pont-de-Barret","codes_postaux":["26160"],"code_dep":"26","code_region":"84","population":657,"surface_km2":16.73,"lat":44.5928,"lon":5.0037},{"code_insee":"26250","nom":"Pont-de-l'Isère","codes_postaux":["26600"],"code_dep":"26","code_region":"84","population":3681,"surface_km2":10.52,"lat":45.0171,"lon":4.8815},{"code_insee":"26251","nom":"Portes-en-Valdaine","codes_postaux":["26160"],"code_dep":"26","code_region":"84","population":459,"surface_km2":15.3,"lat":44.5208,"lon":4.9124},{"code_insee":"26252","nom":"Portes-lès-Valence","codes_postaux":["26800"],"code_dep":"26","code_region":"84","population":10477,"surface_km2":14.32,"lat":44.8749,"lon":4.8843},{"code_insee":"26253","nom":"Poyols","codes_postaux":["26310"],"code_dep":"26","code_region":"84","population":98,"surface_km2":12.92,"lat":44.597,"lon":5.4151},{"code_insee":"26254","nom":"Pradelle","codes_postaux":["26340"],"code_dep":"26","code_region":"84","population":26,"surface_km2":12.99,"lat":44.6194,"lon":5.2825},{"code_insee":"26255","nom":"Les Prés","codes_postaux":["26310"],"code_dep":"26","code_region":"84","population":31,"surface_km2":16.25,"lat":44.5363,"lon":5.5784},{"code_insee":"26256","nom":"Propiac","codes_postaux":["26170"],"code_dep":"26","code_region":"84","population":131,"surface_km2":11.26,"lat":44.2749,"lon":5.2113},{"code_insee":"26257","nom":"Puygiron","codes_postaux":["26160"],"code_dep":"26","code_region":"84","population":431,"surface_km2":6.72,"lat":44.5409,"lon":4.8519},{"code_insee":"26258","nom":"Puy-Saint-Martin","codes_postaux":["26450"],"code_dep":"26","code_region":"84","population":827,"surface_km2":11.81,"lat":44.6271,"lon":4.973},{"code_insee":"26259","nom":"Ratières","codes_postaux":["26330"],"code_dep":"26","code_region":"84","population":275,"surface_km2":9.11,"lat":45.1725,"lon":4.9644},{"code_insee":"26261","nom":"Réauville","codes_postaux":["26230"],"code_dep":"26","code_region":"84","population":389,"surface_km2":18.64,"lat":44.4464,"lon":4.8378},{"code_insee":"26262","nom":"Recoubeau-Jansac","codes_postaux":["26310"],"code_dep":"26","code_region":"84","population":330,"surface_km2":12.59,"lat":44.6508,"lon":5.4027},{"code_insee":"26263","nom":"Reilhanette","codes_postaux":["26570"],"code_dep":"26","code_region":"84","population":107,"surface_km2":15.03,"lat":44.1751,"lon":5.4085},{"code_insee":"26264","nom":"Rémuzat","codes_postaux":["26510"],"code_dep":"26","code_region":"84","population":318,"surface_km2":16.79,"lat":44.4048,"lon":5.3564},{"code_insee":"26266","nom":"Rimon-et-Savel","codes_postaux":["26340"],"code_dep":"26","code_region":"84","population":22,"surface_km2":12.2,"lat":44.6679,"lon":5.3157},{"code_insee":"26267","nom":"Rioms","codes_postaux":["26170"],"code_dep":"26","code_region":"84","population":26,"surface_km2":9.52,"lat":44.2692,"lon":5.4642},{"code_insee":"26268","nom":"Rochebaudin","codes_postaux":["26160"],"code_dep":"26","code_region":"84","population":118,"surface_km2":7.58,"lat":44.5742,"lon":5.0285},{"code_insee":"26269","nom":"Rochebrune","codes_postaux":["26110"],"code_dep":"26","code_region":"84","population":49,"surface_km2":16.64,"lat":44.3272,"lon":5.2379},{"code_insee":"26270","nom":"Rochechinard","codes_postaux":["26190"],"code_dep":"26","code_region":"84","population":131,"surface_km2":9.7,"lat":45.0253,"lon":5.2458},{"code_insee":"26271","nom":"La Roche-de-Glun","codes_postaux":["26600"],"code_dep":"26","code_region":"84","population":3569,"surface_km2":12.51,"lat":45.0114,"lon":4.8593},{"code_insee":"26272","nom":"Rochefort-en-Valdaine","codes_postaux":["26160"],"code_dep":"26","code_region":"84","population":353,"surface_km2":12.98,"lat":44.5114,"lon":4.8575},{"code_insee":"26273","nom":"Rochefort-Samson","codes_postaux":["26300"],"code_dep":"26","code_region":"84","population":1084,"surface_km2":24.9,"lat":44.9747,"lon":5.1678},{"code_insee":"26274","nom":"Rochefourchat","codes_postaux":["26340"],"code_dep":"26","code_region":"84","population":2,"surface_km2":12.74,"lat":44.5982,"lon":5.2423},{"code_insee":"26275","nom":"Rochegude","codes_postaux":["26790"],"code_dep":"26","code_region":"84","population":1678,"surface_km2":18.48,"lat":44.2533,"lon":4.8418},{"code_insee":"26276","nom":"Roche-Saint-Secret-Béconne","codes_postaux":["26770"],"code_dep":"26","code_region":"84","population":482,"surface_km2":33.4,"lat":44.4771,"lon":5.0429},{"code_insee":"26277","nom":"La Roche-sur-Grane","codes_postaux":["26400"],"code_dep":"26","code_region":"84","population":189,"surface_km2":12.04,"lat":44.6755,"lon":4.9365},{"code_insee":"26278","nom":"La Roche-sur-le-Buis","codes_postaux":["26170"],"code_dep":"26","code_region":"84","population":281,"surface_km2":28.13,"lat":44.2586,"lon":5.3396},{"code_insee":"26279","nom":"La Rochette-du-Buis","codes_postaux":["26170"],"code_dep":"26","code_region":"84","population":56,"surface_km2":10.58,"lat":44.2604,"lon":5.4206},{"code_insee":"26281","nom":"Romans-sur-Isère","codes_postaux":["26100"],"code_dep":"26","code_region":"84","population":33464,"surface_km2":33.54,"lat":45.0611,"lon":5.0477},{"code_insee":"26282","nom":"Romeyer","codes_postaux":["26150"],"code_dep":"26","code_region":"84","population":233,"surface_km2":40.07,"lat":44.7906,"lon":5.4391},{"code_insee":"26283","nom":"Rottier","codes_postaux":["26470"],"code_dep":"26","code_region":"84","population":25,"surface_km2":8.4,"lat":44.4804,"lon":5.4161},{"code_insee":"26284","nom":"Roussas","codes_postaux":["26230"],"code_dep":"26","code_region":"84","population":409,"surface_km2":16.01,"lat":44.441,"lon":4.786},{"code_insee":"26285","nom":"Rousset-les-Vignes","codes_postaux":["26770"],"code_dep":"26","code_region":"84","population":271,"surface_km2":15.62,"lat":44.4273,"lon":5.0625},{"code_insee":"26286","nom":"Roussieux","codes_postaux":["26510"],"code_dep":"26","code_region":"84","population":24,"surface_km2":9.54,"lat":44.3312,"lon":5.4793},{"code_insee":"26287","nom":"Roynac","codes_postaux":["26450"],"code_dep":"26","code_region":"84","population":477,"surface_km2":17.41,"lat":44.6493,"lon":4.938},{"code_insee":"26288","nom":"Sahune","codes_postaux":["26510"],"code_dep":"26","code_region":"84","population":301,"surface_km2":16.77,"lat":44.4057,"lon":5.2731},{"code_insee":"26289","nom":"Saillans","codes_postaux":["26340"],"code_dep":"26","code_region":"84","population":1460,"surface_km2":37.42,"lat":44.7208,"lon":5.1883},{"code_insee":"26290","nom":"Saint-Agnan-en-Vercors","codes_postaux":["26420"],"code_dep":"26","code_region":"84","population":384,"surface_km2":84.01,"lat":44.899,"lon":5.439},{"code_insee":"26291","nom":"Saint-Andéol","codes_postaux":["26150"],"code_dep":"26","code_region":"84","population":82,"surface_km2":13.45,"lat":44.8109,"lon":5.2638},{"code_insee":"26292","nom":"Saint-Auban-sur-l'Ouvèze","codes_postaux":["26170"],"code_dep":"26","code_region":"84","population":195,"surface_km2":16.52,"lat":44.2961,"lon":5.4306},{"code_insee":"26293","nom":"Saint-Avit","codes_postaux":["26330"],"code_dep":"26","code_region":"84","population":317,"surface_km2":8.98,"lat":45.1987,"lon":4.9683},{"code_insee":"26294","nom":"Saint-Bardoux","codes_postaux":["26260"],"code_dep":"26","code_region":"84","population":599,"surface_km2":10.68,"lat":45.0829,"lon":4.9843},{"code_insee":"26295","nom":"Saint-Barthélemy-de-Vals","codes_postaux":["26240"],"code_dep":"26","code_region":"84","population":1895,"surface_km2":20.32,"lat":45.1607,"lon":4.8706},{"code_insee":"26296","nom":"Saint-Benoit-en-Diois","codes_postaux":["26340"],"code_dep":"26","code_region":"84","population":31,"surface_km2":11.25,"lat":44.6553,"lon":5.267},{"code_insee":"26298","nom":"Saint-Christophe-et-le-Laris","codes_postaux":["26350"],"code_dep":"26","code_region":"84","population":424,"surface_km2":11.55,"lat":45.2164,"lon":5.0699},{"code_insee":"26299","nom":"Sainte-Croix","codes_postaux":["26150"],"code_dep":"26","code_region":"84","population":104,"surface_km2":10.96,"lat":44.7696,"lon":5.2815},{"code_insee":"26300","nom":"Saint-Dizier-en-Diois","codes_postaux":["26310"],"code_dep":"26","code_region":"84","population":45,"surface_km2":13.91,"lat":44.5133,"lon":5.4847},{"code_insee":"26301","nom":"Saint-Donat-sur-l'Herbasse","codes_postaux":["26260"],"code_dep":"26","code_region":"84","population":4193,"surface_km2":19.77,"lat":45.1311,"lon":4.9858},{"code_insee":"26302","nom":"Sainte-Eulalie-en-Royans","codes_postaux":["26190"],"code_dep":"26","code_region":"84","population":538,"surface_km2":6.09,"lat":45.0426,"lon":5.3439},{"code_insee":"26303","nom":"Sainte-Euphémie-sur-Ouvèze","codes_postaux":["26170"],"code_dep":"26","code_region":"84","population":71,"surface_km2":11.3,"lat":44.2984,"lon":5.3918},{"code_insee":"26304","nom":"Saint-Ferréol-Trente-Pas","codes_postaux":["26110"],"code_dep":"26","code_region":"84","population":218,"surface_km2":21.54,"lat":44.4425,"lon":5.2256},{"code_insee":"26305","nom":"Saint-Gervais-sur-Roubion","codes_postaux":["26160"],"code_dep":"26","code_region":"84","population":1091,"surface_km2":14.72,"lat":44.5845,"lon":4.8943},{"code_insee":"26306","nom":"Sainte-Jalle","codes_postaux":["26110"],"code_dep":"26","code_region":"84","population":330,"surface_km2":18.39,"lat":44.336,"lon":5.2784},{"code_insee":"26307","nom":"Saint-Jean-en-Royans","codes_postaux":["26190"],"code_dep":"26","code_region":"84","population":2874,"surface_km2":28.15,"lat":45.0068,"lon":5.2853},{"code_insee":"26308","nom":"Saint-Julien-en-Quint","codes_postaux":["26150"],"code_dep":"26","code_region":"84","population":171,"surface_km2":47.72,"lat":44.8599,"lon":5.2914},{"code_insee":"26309","nom":"Saint-Julien-en-Vercors","codes_postaux":["26420"],"code_dep":"26","code_region":"84","population":264,"surface_km2":18.43,"lat":45.0602,"lon":5.4376},{"code_insee":"26310","nom":"Saint-Laurent-d'Onay","codes_postaux":["26350"],"code_dep":"26","code_region":"84","population":158,"surface_km2":6.3,"lat":45.178,"lon":5.1153},{"code_insee":"26311","nom":"Saint-Laurent-en-Royans","codes_postaux":["26190"],"code_dep":"26","code_region":"84","population":1377,"surface_km2":27.8,"lat":45.0104,"lon":5.3428},{"code_insee":"26312","nom":"Saint-Marcel-lès-Sauzet","codes_postaux":["26740"],"code_dep":"26","code_region":"84","population":1228,"surface_km2":3.92,"lat":44.5996,"lon":4.8037},{"code_insee":"26313","nom":"Saint-Marcel-lès-Valence","codes_postaux":["26320"],"code_dep":"26","code_region":"84","population":6176,"surface_km2":14.88,"lat":44.9724,"lon":4.9506},{"code_insee":"26314","nom":"Saint-Martin-d'Août","codes_postaux":["26330"],"code_dep":"26","code_region":"84","population":393,"surface_km2":7.72,"lat":45.2225,"lon":4.9872},{"code_insee":"26315","nom":"Saint-Martin-en-Vercors","codes_postaux":["26420"],"code_dep":"26","code_region":"84","population":437,"surface_km2":26.87,"lat":45.0166,"lon":5.4454},{"code_insee":"26316","nom":"Saint-Martin-le-Colonel","codes_postaux":["26190"],"code_dep":"26","code_region":"84","population":224,"surface_km2":3.22,"lat":44.9867,"lon":5.2792},{"code_insee":"26317","nom":"Saint-Maurice-sur-Eygues","codes_postaux":["26110"],"code_dep":"26","code_region":"84","population":787,"surface_km2":9.04,"lat":44.3057,"lon":5.0082},{"code_insee":"26318","nom":"Saint-May","codes_postaux":["26510"],"code_dep":"26","code_region":"84","population":32,"surface_km2":10.41,"lat":44.4243,"lon":5.3272},{"code_insee":"26319","nom":"Saint-Michel-sur-Savasse","codes_postaux":["26750"],"code_dep":"26","code_region":"84","population":579,"surface_km2":11.45,"lat":45.1468,"lon":5.1196},{"code_insee":"26320","nom":"Saint-Nazaire-en-Royans","codes_postaux":["26190"],"code_dep":"26","code_region":"84","population":826,"surface_km2":3.56,"lat":45.0597,"lon":5.2463},{"code_insee":"26321","nom":"Saint-Nazaire-le-Désert","codes_postaux":["26340"],"code_dep":"26","code_region":"84","population":206,"surface_km2":46.41,"lat":44.5585,"lon":5.2766},{"code_insee":"26322","nom":"Saint-Pantaléon-les-Vignes","codes_postaux":["26770"],"code_dep":"26","code_region":"84","population":393,"surface_km2":8.6,"lat":44.395,"lon":5.0422},{"code_insee":"26323","nom":"Saint-Paul-lès-Romans","codes_postaux":["26750"],"code_dep":"26","code_region":"84","population":1916,"surface_km2":15.41,"lat":45.0566,"lon":5.1277},{"code_insee":"26324","nom":"Saint-Paul-Trois-Châteaux","codes_postaux":["26130"],"code_dep":"26","code_region":"84","population":8981,"surface_km2":22.15,"lat":44.3489,"lon":4.7617},{"code_insee":"26325","nom":"Saint-Rambert-d'Albon","codes_postaux":["26140"],"code_dep":"26","code_region":"84","population":7001,"surface_km2":13.35,"lat":45.2883,"lon":4.8299},{"code_insee":"26326","nom":"Saint-Restitut","codes_postaux":["26130"],"code_dep":"26","code_region":"84","population":1432,"surface_km2":14.48,"lat":44.3298,"lon":4.7935},{"code_insee":"26327","nom":"Saint-Roman","codes_postaux":["26410"],"code_dep":"26","code_region":"84","population":235,"surface_km2":7.18,"lat":44.6919,"lon":5.4237},{"code_insee":"26328","nom":"Saint-Sauveur-en-Diois","codes_postaux":["26340"],"code_dep":"26","code_region":"84","population":55,"surface_km2":7.02,"lat":44.6758,"lon":5.1669},{"code_insee":"26329","nom":"Saint-Sauveur-Gouvernet","codes_postaux":["26110"],"code_dep":"26","code_region":"84","population":188,"surface_km2":19.61,"lat":44.3307,"lon":5.3744},{"code_insee":"26330","nom":"Saint-Sorlin-en-Valloire","codes_postaux":["26210"],"code_dep":"26","code_region":"84","population":2251,"surface_km2":26.44,"lat":45.2806,"lon":4.9629},{"code_insee":"26331","nom":"Saint-Thomas-en-Royans","codes_postaux":["26190"],"code_dep":"26","code_region":"84","population":569,"surface_km2":5.14,"lat":45.0475,"lon":5.291},{"code_insee":"26332","nom":"Saint-Uze","codes_postaux":["26240"],"code_dep":"26","code_region":"84","population":2139,"surface_km2":10.15,"lat":45.1917,"lon":4.8646},{"code_insee":"26333","nom":"Saint-Vallier","codes_postaux":["26240"],"code_dep":"26","code_region":"84","population":4027,"surface_km2":5.37,"lat":45.1794,"lon":4.8201},{"code_insee":"26334","nom":"Salettes","codes_postaux":["26160"],"code_dep":"26","code_region":"84","population":148,"surface_km2":7.05,"lat":44.5664,"lon":4.9652},{"code_insee":"26335","nom":"Salles-sous-Bois","codes_postaux":["26770"],"code_dep":"26","code_region":"84","population":222,"surface_km2":9.7,"lat":44.4678,"lon":4.9386},{"code_insee":"26336","nom":"Saou","codes_postaux":["26400"],"code_dep":"26","code_region":"84","population":590,"surface_km2":41.44,"lat":44.6463,"lon":5.1202},{"code_insee":"26337","nom":"Saulce-sur-Rhône","codes_postaux":["26270"],"code_dep":"26","code_region":"84","population":1892,"surface_km2":19.0,"lat":44.7054,"lon":4.7891},{"code_insee":"26338","nom":"Sauzet","codes_postaux":["26740"],"code_dep":"26","code_region":"84","population":1882,"surface_km2":19.03,"lat":44.5943,"lon":4.8271},{"code_insee":"26339","nom":"Savasse","codes_postaux":["26740"],"code_dep":"26","code_region":"84","population":1631,"surface_km2":22.12,"lat":44.6056,"lon":4.7775},{"code_insee":"26340","nom":"Séderon","codes_postaux":["26560"],"code_dep":"26","code_region":"84","population":237,"surface_km2":20.42,"lat":44.1945,"lon":5.5602},{"code_insee":"26341","nom":"Serves-sur-Rhône","codes_postaux":["26600"],"code_dep":"26","code_region":"84","population":782,"surface_km2":6.99,"lat":45.1433,"lon":4.83},{"code_insee":"26342","nom":"Solérieux","codes_postaux":["26130"],"code_dep":"26","code_region":"84","population":328,"surface_km2":8.62,"lat":44.3477,"lon":4.8256},{"code_insee":"26343","nom":"Souspierre","codes_postaux":["26160"],"code_dep":"26","code_region":"84","population":108,"surface_km2":5.28,"lat":44.5385,"lon":4.9667},{"code_insee":"26344","nom":"Soyans","codes_postaux":["26400"],"code_dep":"26","code_region":"84","population":405,"surface_km2":25.71,"lat":44.6405,"lon":5.0265},{"code_insee":"26345","nom":"Suze-la-Rousse","codes_postaux":["26790"],"code_dep":"26","code_region":"84","population":2077,"surface_km2":30.48,"lat":44.2972,"lon":4.8516},{"code_insee":"26346","nom":"Suze","codes_postaux":["26400"],"code_dep":"26","code_region":"84","population":245,"surface_km2":14.72,"lat":44.7567,"lon":5.1065},{"code_insee":"26347","nom":"Tain-l'Hermitage","codes_postaux":["26600"],"code_dep":"26","code_region":"84","population":5915,"surface_km2":4.68,"lat":45.068,"lon":4.8488},{"code_insee":"26348","nom":"Taulignan","codes_postaux":["26770"],"code_dep":"26","code_region":"84","population":1627,"surface_km2":35.41,"lat":44.4596,"lon":4.978},{"code_insee":"26349","nom":"Tersanne","codes_postaux":["26390"],"code_dep":"26","code_region":"84","population":353,"surface_km2":9.59,"lat":45.2177,"lon":5.0134},{"code_insee":"26350","nom":"Teyssières","codes_postaux":["26220"],"code_dep":"26","code_region":"84","population":66,"surface_km2":28.11,"lat":44.4578,"lon":5.1428},{"code_insee":"26351","nom":"Les Tonils","codes_postaux":["26460"],"code_dep":"26","code_region":"84","population":16,"surface_km2":13.04,"lat":44.5871,"lon":5.2073},{"code_insee":"26352","nom":"La Touche","codes_postaux":["26160"],"code_dep":"26","code_region":"84","population":260,"surface_km2":8.34,"lat":44.5195,"lon":4.8878},{"code_insee":"26353","nom":"Les Tourrettes","codes_postaux":["26740"],"code_dep":"26","code_region":"84","population":1087,"surface_km2":7.27,"lat":44.6668,"lon":4.8052},{"code_insee":"26355","nom":"Triors","codes_postaux":["26750"],"code_dep":"26","code_region":"84","population":633,"surface_km2":5.77,"lat":45.0974,"lon":5.1109},{"code_insee":"26356","nom":"Truinas","codes_postaux":["26460"],"code_dep":"26","code_region":"84","population":145,"surface_km2":8.59,"lat":44.5773,"lon":5.0849},{"code_insee":"26357","nom":"Tulette","codes_postaux":["26790"],"code_dep":"26","code_region":"84","population":1994,"surface_km2":23.09,"lat":44.2827,"lon":4.9424},{"code_insee":"26358","nom":"Upie","codes_postaux":["26120"],"code_dep":"26","code_region":"84","population":1556,"surface_km2":19.55,"lat":44.7967,"lon":4.9798},{"code_insee":"26359","nom":"Vachères-en-Quint","codes_postaux":["26150"],"code_dep":"26","code_region":"84","population":38,"surface_km2":5.22,"lat":44.7859,"lon":5.25},{"code_insee":"26360","nom":"Valaurie","codes_postaux":["26230"],"code_dep":"26","code_region":"84","population":732,"surface_km2":12.44,"lat":44.4221,"lon":4.8052},{"code_insee":"26361","nom":"Valdrôme","codes_postaux":["26310"],"code_dep":"26","code_region":"84","population":133,"surface_km2":41.17,"lat":44.4969,"lon":5.5672},{"code_insee":"26362","nom":"Valence","codes_postaux":["26000"],"code_dep":"26","code_region":"84","population":64458,"surface_km2":36.74,"lat":44.9234,"lon":4.9164},{"code_insee":"26363","nom":"Valouse","codes_postaux":["26110"],"code_dep":"26","code_region":"84","population":41,"surface_km2":6.29,"lat":44.4577,"lon":5.1901},{"code_insee":"26364","nom":"Vassieux-en-Vercors","codes_postaux":["26420"],"code_dep":"26","code_region":"84","population":341,"surface_km2":48.07,"lat":44.8786,"lon":5.3731},{"code_insee":"26365","nom":"Vaunaveys-la-Rochette","codes_postaux":["26400"],"code_dep":"26","code_region":"84","population":625,"surface_km2":22.32,"lat":44.7799,"lon":5.0353},{"code_insee":"26367","nom":"Venterol","codes_postaux":["26110"],"code_dep":"26","code_region":"84","population":625,"surface_km2":31.55,"lat":44.3971,"lon":5.0995},{"code_insee":"26368","nom":"Vercheny","codes_postaux":["26340"],"code_dep":"26","code_region":"84","population":443,"surface_km2":11.27,"lat":44.7135,"lon":5.2503},{"code_insee":"26369","nom":"Verclause","codes_postaux":["26510"],"code_dep":"26","code_region":"84","population":68,"surface_km2":25.99,"lat":44.395,"lon":5.4023},{"code_insee":"26370","nom":"Vercoiran","codes_postaux":["26170"],"code_dep":"26","code_region":"84","population":130,"surface_km2":20.21,"lat":44.2916,"lon":5.353},{"code_insee":"26372","nom":"Vers-sur-Méouge","codes_postaux":["26560"],"code_dep":"26","code_region":"84","population":42,"surface_km2":13.8,"lat":44.2367,"lon":5.5558},{"code_insee":"26373","nom":"Vesc","codes_postaux":["26220"],"code_dep":"26","code_region":"84","population":261,"surface_km2":40.45,"lat":44.5083,"lon":5.1552},{"code_insee":"26374","nom":"Villebois-les-Pins","codes_postaux":["05700"],"code_dep":"26","code_region":"84","population":22,"surface_km2":10.74,"lat":44.3183,"lon":5.5988},{"code_insee":"26375","nom":"Villefranche-le-Château","codes_postaux":["26560"],"code_dep":"26","code_region":"84","population":20,"surface_km2":7.46,"lat":44.2174,"lon":5.5067},{"code_insee":"26376","nom":"Villeperdrix","codes_postaux":["26510"],"code_dep":"26","code_region":"84","population":103,"surface_km2":26.24,"lat":44.4577,"lon":5.2986},{"code_insee":"26377","nom":"Vinsobres","codes_postaux":["26110"],"code_dep":"26","code_region":"84","population":1034,"surface_km2":35.18,"lat":44.3372,"lon":5.0541},{"code_insee":"26378","nom":"Volvent","codes_postaux":["26470"],"code_dep":"26","code_region":"84","population":37,"surface_km2":16.66,"lat":44.5653,"lon":5.3504},{"code_insee":"26379","nom":"Granges-les-Beaumont","codes_postaux":["26600"],"code_dep":"26","code_region":"84","population":949,"surface_km2":7.69,"lat":45.0468,"lon":4.9716},{"code_insee":"26380","nom":"Gervans","codes_postaux":["26600"],"code_dep":"26","code_region":"84","population":545,"surface_km2":3.45,"lat":45.1043,"lon":4.831},{"code_insee":"26381","nom":"Jaillans","codes_postaux":["26300"],"code_dep":"26","code_region":"84","population":1009,"surface_km2":9.03,"lat":45.0288,"lon":5.1655},{"code_insee":"26382","nom":"Saint-Vincent-la-Commanderie","codes_postaux":["26300"],"code_dep":"26","code_region":"84","population":636,"surface_km2":13.32,"lat":44.9319,"lon":5.1306}]