[{"code_insee":"29001","nom":"Argol","codes_postaux":["29560"],"code_dep":"29","code_region":"53","population":1065,"surface_km2":31.51,"lat":48.2443,"lon":-4.3047},{"code_insee":"29002","nom":"Arzano","codes_postaux":["29300"],"code_dep":"29","code_region":"53","population":1441,"surface_km2":33.95,"lat":47.8944,"lon":-3.4508},{"code_insee":"29003","nom":"Audierne","codes_postaux":["29770"],"code_dep":"29","code_region":"53","population":3727,"surface_km2":18.62,"lat":48.028,"lon":-4.5651},{"code_insee":"29004","nom":"Bannalec","codes_postaux":["29380"],"code_dep":"29","code_region":"53","population":5725,"surface_km2":77.98,"lat":47.9362,"lon":-3.6883},{"code_insee":"29005","nom":"Baye","codes_postaux":["29300"],"code_dep":"29","code_region":"53","population":1369,"surface_km2":7.33,"lat":47.8555,"lon":-3.6111},{"code_insee":"29006","nom":"Bénodet","codes_postaux":["29950"],"code_dep":"29","code_region":"53","population":3849,"surface_km2":10.41,"lat":47.8762,"lon":-4.0743},{"code_insee":"29007","nom":"Berrien","codes_postaux":["29690"],"code_dep":"29","code_region":"53","population":943,"surface_km2":56.09,"lat":48.4011,"lon":-3.7649},{"code_insee":"29008","nom":"Beuzec-Cap-Sizun","codes_postaux":["29790"],"code_dep":"29","code_region":"53","population":1008,"surface_km2":34.84,"lat":48.0729,"lon":-4.5116},{"code_insee":"29010","nom":"Bodilis","codes_postaux":["29400"],"code_dep":"29","code_region":"53","population":1723,"surface_km2":20.12,"lat":48.513,"lon":-4.1167},{"code_insee":"29011","nom":"Bohars","codes_postaux":["29820"],"code_dep":"29","code_region":"53","population":3727,"surface_km2":7.35,"lat":48.4293,"lon":-4.5214},{"code_insee":"29012","nom":"Bolazec","codes_postaux":["29640"],"code_dep":"29","code_region":"53","population":168,"surface_km2":17.54,"lat":48.4357,"lon":-3.588},{"code_insee":"29013","nom":"Botmeur","codes_postaux":["29690"],"code_dep":"29","code_region":"53","population":224,"surface_km2":14.32,"lat":48.3796,"lon":-3.9245},{"code_insee":"29014","nom":"Botsorhel","codes_postaux":["29650"],"code_dep":"29","code_region":"53","population":425,"surface_km2":25.54,"lat":48.508,"lon":-3.6282},{"code_insee":"29015","nom":"Bourg-Blanc","codes_postaux":["29860"],"code_dep":"29","code_region":"53","population":3573,"surface_km2":28.58,"lat":48.4933,"lon":-4.4968},{"code_insee":"29016","nom":"Brasparts","codes_postaux":["29190"],"code_dep":"29","code_region":"53","population":1067,"surface_km2":47.17,"lat":48.3185,"lon":-3.9528},{"code_insee":"29017","nom":"Brélès","codes_postaux":["29810"],"code_dep":"29","code_region":"53","population":868,"surface_km2":13.99,"lat":48.473,"lon":-4.6877},{"code_insee":"29018","nom":"Brennilis","codes_postaux":["29690"],"code_dep":"29","code_region":"53","population":454,"surface_km2":20.33,"lat":48.3635,"lon":-3.8438},{"code_insee":"29019","nom":"Brest","codes_postaux":["29200"],"code_dep":"29","code_region":"53","population":142346,"surface_km2":49.19,"lat":48.4085,"lon":-4.4996},{"code_insee":"29020","nom":"Briec","codes_postaux":["29510"],"code_dep":"29","code_region":"53","population":5816,"surface_km2":67.57,"lat":48.0964,"lon":-4.0011},{"code_insee":"29021","nom":"Plounéour-Brignogan-plages","codes_postaux":["29890"],"code_dep":"29","code_region":"53","population":1972,"surface_km2":14.89,"lat":48.6519,"lon":-4.3246},{"code_insee":"29022","nom":"Camaret-sur-Mer","codes_postaux":["29570"],"code_dep":"29","code_region":"53","population":2494,"surface_km2":13.09,"lat":48.2672,"lon":-4.5953},{"code_insee":"29023","nom":"Carantec","codes_postaux":["29660"],"code_dep":"29","code_region":"53","population":3272,"surface_km2":9.18,"lat":48.6693,"lon":-3.9118},{"code_insee":"29024","nom":"Carhaix-Plouguer","codes_postaux":["29270"],"code_dep":"29","code_region":"53","population":7412,"surface_km2":25.91,"lat":48.2708,"lon":-3.5654},{"code_insee":"29025","nom":"Cast","codes_postaux":["29150"],"code_dep":"29","code_region":"53","population":1570,"surface_km2":37.4,"lat":48.1501,"lon":-4.1288},{"code_insee":"29026","nom":"Châteaulin","codes_postaux":["29150"],"code_dep":"29","code_region":"53","population":5085,"surface_km2":20.13,"lat":48.2023,"lon":-4.0765},{"code_insee":"29027","nom":"Châteauneuf-du-Faou","codes_postaux":["29520"],"code_dep":"29","code_region":"53","population":3651,"surface_km2":41.82,"lat":48.1868,"lon":-3.8244},{"code_insee":"29028","nom":"Cléden-Cap-Sizun","codes_postaux":["29770"],"code_dep":"29","code_region":"53","population":916,"surface_km2":19.33,"lat":48.0555,"lon":-4.6623},{"code_insee":"29029","nom":"Cléden-Poher","codes_postaux":["29270"],"code_dep":"29","code_region":"53","population":1130,"surface_km2":30.15,"lat":48.2431,"lon":-3.6639},{"code_insee":"29030","nom":"Cléder","codes_postaux":["29233"],"code_dep":"29","code_region":"53","population":3584,"surface_km2":37.48,"lat":48.6578,"lon":-4.1239},{"code_insee":"29031","nom":"Clohars-Carnoët","codes_postaux":["29360"],"code_dep":"29","code_region":"53","population":4708,"surface_km2":35.38,"lat":47.7981,"lon":-3.5682},{"code_insee":"29032","nom":"Clohars-Fouesnant","codes_postaux":["29950"],"code_dep":"29","code_region":"53","population":2264,"surface_km2":12.9,"lat":47.8999,"lon":-4.0827},{"code_insee":"29033","nom":"Le Cloître-Pleyben","codes_postaux":["29190"],"code_dep":"29","code_region":"53","population":502,"surface_km2":20.45,"lat":48.2581,"lon":-3.9006},{"code_insee":"29034","nom":"Le Cloître-Saint-Thégonnec","codes_postaux":["29410"],"code_dep":"29","code_region":"53","population":641,"surface_km2":28.62,"lat":48.4571,"lon":-3.792},{"code_insee":"29035","nom":"Coat-Méal","codes_postaux":["29870"],"code_dep":"29","code_region":"53","population":1133,"surface_km2":10.74,"lat":48.5077,"lon":-4.5431},{"code_insee":"29036","nom":"Collorec","codes_postaux":["29530"],"code_dep":"29","code_region":"53","population":588,"surface_km2":28.24,"lat":48.2892,"lon":-3.7642},{"code_insee":"29037","nom":"Combrit","codes_postaux":["29120"],"code_dep":"29","code_region":"53","population":4265,"surface_km2":24.13,"lat":47.8922,"lon":-4.1607},{"code_insee":"29038","nom":"Commana","codes_postaux":["29450"],"code_dep":"29","code_region":"53","population":983,"surface_km2":40.33,"lat":48.4126,"lon":-3.9724},{"code_insee":"29039","nom":"Concarneau","codes_postaux":["29900"],"code_dep":"29","code_region":"53","population":20845,"surface_km2":40.8,"lat":47.8977,"lon":-3.8993},{"code_insee":"29040","nom":"Le Conquet","codes_postaux":["29217"],"code_dep":"29","code_region":"53","population":2835,"surface_km2":9.24,"lat":48.3715,"lon":-4.8817},{"code_insee":"29041","nom":"Coray","codes_postaux":["29370"],"code_dep":"29","code_region":"53","population":1856,"surface_km2":31.42,"lat":48.07,"lon":-3.8618},{"code_insee":"29042","nom":"Crozon","codes_postaux":["29160"],"code_dep":"29","code_region":"53","population":7499,"surface_km2":79.97,"lat":48.2396,"lon":-4.4679},{"code_insee":"29043","nom":"Daoulas","codes_postaux":["29460"],"code_dep":"29","code_region":"53","population":1864,"surface_km2":5.65,"lat":48.358,"lon":-4.269},{"code_insee":"29044","nom":"Dinéault","codes_postaux":["29150"],"code_dep":"29","code_region":"53","population":1853,"surface_km2":47.26,"lat":48.2164,"lon":-4.1755},{"code_insee":"29045","nom":"Dirinon","codes_postaux":["29460"],"code_dep":"29","code_region":"53","population":2188,"surface_km2":32.89,"lat":48.3977,"lon":-4.2633},{"code_insee":"29046","nom":"Douarnenez","codes_postaux":["29100"],"code_dep":"29","code_region":"53","population":14068,"surface_km2":25.63,"lat":48.0793,"lon":-4.3243},{"code_insee":"29047","nom":"Le Drennec","codes_postaux":["29860"],"code_dep":"29","code_region":"53","population":1896,"surface_km2":9.58,"lat":48.534,"lon":-4.3825},{"code_insee":"29048","nom":"Edern","codes_postaux":["29510"],"code_dep":"29","code_region":"53","population":2186,"surface_km2":40.34,"lat":48.1133,"lon":-3.9583},{"code_insee":"29049","nom":"Elliant","codes_postaux":["29370"],"code_dep":"29","code_region":"53","population":3427,"surface_km2":70.56,"lat":48.0073,"lon":-3.9053},{"code_insee":"29051","nom":"Ergué-Gabéric","codes_postaux":["29500"],"code_dep":"29","code_region":"53","population":8606,"surface_km2":39.69,"lat":48.0115,"lon":-4.0111},{"code_insee":"29053","nom":"Le Faou","codes_postaux":["29590"],"code_dep":"29","code_region":"53","population":1911,"surface_km2":11.97,"lat":48.3028,"lon":-4.1422},{"code_insee":"29054","nom":"La Feuillée","codes_postaux":["29690"],"code_dep":"29","code_region":"53","population":677,"surface_km2":31.54,"lat":48.3912,"lon":-3.8585},{"code_insee":"29055","nom":"Le Folgoët","codes_postaux":["29260"],"code_dep":"29","code_region":"53","population":3315,"surface_km2":9.84,"lat":48.5678,"lon":-4.3513},{"code_insee":"29056","nom":"La Forest-Landerneau","codes_postaux":["29800"],"code_dep":"29","code_region":"53","population":2018,"surface_km2":9.31,"lat":48.4323,"lon":-4.3099},{"code_insee":"29057","nom":"La Forêt-Fouesnant","codes_postaux":["29940"],"code_dep":"29","code_region":"53","population":3508,"surface_km2":18.99,"lat":47.9203,"lon":-3.9645},{"code_insee":"29058","nom":"Fouesnant","codes_postaux":["29170"],"code_dep":"29","code_region":"53","population":10436,"surface_km2":32.52,"lat":47.8444,"lon":-4.0403},{"code_insee":"29059","nom":"Garlan","codes_postaux":["29610"],"code_dep":"29","code_region":"53","population":1043,"surface_km2":13.39,"lat":48.6055,"lon":-3.7683},{"code_insee":"29060","nom":"Gouesnach","codes_postaux":["29950"],"code_dep":"29","code_region":"53","population":2836,"surface_km2":16.98,"lat":47.9179,"lon":-4.1097},{"code_insee":"29061","nom":"Gouesnou","codes_postaux":["29850"],"code_dep":"29","code_region":"53","population":6501,"surface_km2":12.19,"lat":48.4471,"lon":-4.4614},{"code_insee":"29062","nom":"Gouézec","codes_postaux":["29190"],"code_dep":"29","code_region":"53","population":1111,"surface_km2":31.14,"lat":48.1717,"lon":-3.9696},{"code_insee":"29063","nom":"Goulien","codes_postaux":["29770"],"code_dep":"29","code_region":"53","population":446,"surface_km2":12.84,"lat":48.0598,"lon":-4.5903},{"code_insee":"29064","nom":"Goulven","codes_postaux":["29890"],"code_dep":"29","code_region":"53","population":432,"surface_km2":6.54,"lat":48.6234,"lon":-4.2949},{"code_insee":"29065","nom":"Gourlizon","codes_postaux":["29710"],"code_dep":"29","code_region":"53","population":949,"surface_km2":9.89,"lat":48.0272,"lon":-4.267},{"code_insee":"29066","nom":"Guengat","codes_postaux":["29180"],"code_dep":"29","code_region":"53","population":1846,"surface_km2":22.87,"lat":48.0414,"lon":-4.1882},{"code_insee":"29067","nom":"Guerlesquin","codes_postaux":["29650"],"code_dep":"29","code_region":"53","population":1285,"surface_km2":22.0,"lat":48.5289,"lon":-3.5832},{"code_insee":"29068","nom":"Guiclan","codes_postaux":["29410"],"code_dep":"29","code_region":"53","population":2585,"surface_km2":42.99,"lat":48.5485,"lon":-3.9759},{"code_insee":"29069","nom":"Guilers","codes_postaux":["29820"],"code_dep":"29","code_region":"53","population":8268,"surface_km2":19.02,"lat":48.4188,"lon":-4.5625},{"code_insee":"29070","nom":"Guiler-sur-Goyen","codes_postaux":["29710"],"code_dep":"29","code_region":"53","population":520,"surface_km2":11.36,"lat":48.02,"lon":-4.3592},{"code_insee":"29071","nom":"Guilligomarc'h","codes_postaux":["29300"],"code_dep":"29","code_region":"53","population":803,"surface_km2":23.01,"lat":47.9462,"lon":-3.4284},{"code_insee":"29072","nom":"Guilvinec","codes_postaux":["29730"],"code_dep":"29","code_region":"53","population":2669,"surface_km2":2.37,"lat":47.7995,"lon":-4.2871},{"code_insee":"29073","nom":"Guimaëc","codes_postaux":["29620"],"code_dep":"29","code_region":"53","population":982,"surface_km2":19.04,"lat":48.6814,"lon":-3.7008},{"code_insee":"29074","nom":"Guimiliau","codes_postaux":["29400"],"code_dep":"29","code_region":"53","population":994,"surface_km2":11.3,"lat":48.4826,"lon":-3.9979},{"code_insee":"29075","nom":"Guipavas","codes_postaux":["29490"],"code_dep":"29","code_region":"53","population":15538,"surface_km2":43.82,"lat":48.4305,"lon":-4.3943},{"code_insee":"29076","nom":"Milizac-Guipronvel","codes_postaux":["29290"],"code_dep":"29","code_region":"53","population":4816,"surface_km2":41.88,"lat":48.4707,"lon":-4.5639},{"code_insee":"29077","nom":"Guissény","codes_postaux":["29880"],"code_dep":"29","code_region":"53","population":1979,"surface_km2":25.34,"lat":48.615,"lon":-4.4066},{"code_insee":"29078","nom":"Hanvec","codes_postaux":["29460"],"code_dep":"29","code_region":"53","population":2025,"surface_km2":59.49,"lat":48.327,"lon":-4.1434},{"code_insee":"29079","nom":"Henvic","codes_postaux":["29670"],"code_dep":"29","code_region":"53","population":1181,"surface_km2":10.37,"lat":48.6333,"lon":-3.9247},{"code_insee":"29080","nom":"Hôpital-Camfrout","codes_postaux":["29460"],"code_dep":"29","code_region":"53","population":2215,"surface_km2":13.14,"lat":48.3212,"lon":-4.2434},{"code_insee":"29081","nom":"Huelgoat","codes_postaux":["29690"],"code_dep":"29","code_region":"53","population":1440,"surface_km2":14.83,"lat":48.3621,"lon":-3.762},{"code_insee":"29082","nom":"Île-de-Batz","codes_postaux":["29253"],"code_dep":"29","code_region":"53","population":458,"surface_km2":3.18,"lat":48.7443,"lon":-4.0051},{"code_insee":"29083","nom":"Île-de-Sein","codes_postaux":["29990"],"code_dep":"29","code_region":"53","population":263,"surface_km2":0.55,"lat":48.0372,"lon":-4.8536},{"code_insee":"29084","nom":"Île-Molène","codes_postaux":["29259"],"code_dep":"29","code_region":"53","population":176,"surface_km2":0.88,"lat":48.3983,"lon":-4.9618},{"code_insee":"29085","nom":"Île-Tudy","codes_postaux":["29980"],"code_dep":"29","code_region":"53","population":742,"surface_km2":1.33,"lat":47.8506,"lon":-4.1612},{"code_insee":"29086","nom":"Irvillac","codes_postaux":["29460"],"code_dep":"29","code_region":"53","population":1411,"surface_km2":29.68,"lat":48.3677,"lon":-4.1975},{"code_insee":"29087","nom":"Le Juch","codes_postaux":["29100"],"code_dep":"29","code_region":"53","population":765,"surface_km2":14.26,"lat":48.0562,"lon":-4.2646},{"code_insee":"29089","nom":"Kergloff","codes_postaux":["29270"],"code_dep":"29","code_region":"53","population":897,"surface_km2":24.98,"lat":48.2818,"lon":-3.648},{"code_insee":"29090","nom":"Kerlaz","codes_postaux":["29100"],"code_dep":"29","code_region":"53","population":805,"surface_km2":11.73,"lat":48.0907,"lon":-4.2649},{"code_insee":"29091","nom":"Kerlouan","codes_postaux":["29890"],"code_dep":"29","code_region":"53","population":1999,"surface_km2":18.01,"lat":48.6498,"lon":-4.3925},{"code_insee":"29093","nom":"Kernilis","codes_postaux":["29260"],"code_dep":"29","code_region":"53","population":1407,"surface_km2":10.16,"lat":48.5759,"lon":-4.4119},{"code_insee":"29094","nom":"Kernouës","codes_postaux":["29260"],"code_dep":"29","code_region":"53","population":665,"surface_km2":7.75,"lat":48.5959,"lon":-4.3465},{"code_insee":"29095","nom":"Kersaint-Plabennec","codes_postaux":["29860"],"code_dep":"29","code_region":"53","population":1571,"surface_km2":11.94,"lat":48.4844,"lon":-4.3639},{"code_insee":"29097","nom":"Lampaul-Guimiliau","codes_postaux":["29400"],"code_dep":"29","code_region":"53","population":2032,"surface_km2":17.58,"lat":48.4801,"lon":-4.0431},{"code_insee":"29098","nom":"Lampaul-Plouarzel","codes_postaux":["29810"],"code_dep":"29","code_region":"53","population":2221,"surface_km2":4.03,"lat":48.4529,"lon":-4.7644},{"code_insee":"29099","nom":"Lampaul-Ploudalmézeau","codes_postaux":["29830"],"code_dep":"29","code_region":"53","population":816,"surface_km2":6.26,"lat":48.5589,"lon":-4.6492},{"code_insee":"29100","nom":"Lanarvily","codes_postaux":["29260"],"code_dep":"29","code_region":"53","population":401,"surface_km2":5.86,"lat":48.5612,"lon":-4.3869},{"code_insee":"29101","nom":"Landéda","codes_postaux":["29870"],"code_dep":"29","code_region":"53","population":3702,"surface_km2":11.16,"lat":48.5944,"lon":-4.5826},{"code_insee":"29102","nom":"Landeleau","codes_postaux":["29530"],"code_dep":"29","code_region":"53","population":993,"surface_km2":30.31,"lat":48.2497,"lon":-3.7332},{"code_insee":"29103","nom":"Landerneau","codes_postaux":["29800"],"code_dep":"29","code_region":"53","population":16363,"surface_km2":13.66,"lat":48.4494,"lon":-4.2661},{"code_insee":"29104","nom":"Landévennec","codes_postaux":["29560"],"code_dep":"29","code_region":"53","population":330,"surface_km2":13.79,"lat":48.2802,"lon":-4.3104},{"code_insee":"29105","nom":"Landivisiau","codes_postaux":["29400"],"code_dep":"29","code_region":"53","population":9426,"surface_km2":19.16,"lat":48.5163,"lon":-4.0615},{"code_insee":"29106","nom":"Landrévarzec","codes_postaux":["29510"],"code_dep":"29","code_region":"53","population":1882,"surface_km2":20.49,"lat":48.0878,"lon":-4.0757},{"code_insee":"29107","nom":"Landudal","codes_postaux":["29510"],"code_dep":"29","code_region":"53","population":930,"surface_km2":17.04,"lat":48.0585,"lon":-3.9815},{"code_insee":"29108","nom":"Landudec","codes_postaux":["29710"],"code_dep":"29","code_region":"53","population":1459,"surface_km2":20.85,"lat":47.9986,"lon":-4.3325},{"code_insee":"29109","nom":"Landunvez","codes_postaux":["29840"],"code_dep":"29","code_region":"53","population":1579,"surface_km2":14.57,"lat":48.5379,"lon":-4.7392},{"code_insee":"29110","nom":"Langolen","codes_postaux":["29510"],"code_dep":"29","code_region":"53","population":836,"surface_km2":17.1,"lat":48.0736,"lon":-3.911},{"code_insee":"29111","nom":"Lanhouarneau","codes_postaux":["29430"],"code_dep":"29","code_region":"53","population":1282,"surface_km2":17.95,"lat":48.5753,"lon":-4.2059},{"code_insee":"29112","nom":"Lanildut","codes_postaux":["29840"],"code_dep":"29","code_region":"53","population":1013,"surface_km2":5.83,"lat":48.4823,"lon":-4.7343},{"code_insee":"29113","nom":"Lanmeur","codes_postaux":["29620"],"code_dep":"29","code_region":"53","population":2387,"surface_km2":26.5,"lat":48.644,"lon":-3.7187},{"code_insee":"29114","nom":"Lannéanou","codes_postaux":["29640"],"code_dep":"29","code_region":"53","population":342,"surface_km2":16.29,"lat":48.4971,"lon":-3.6652},{"code_insee":"29115","nom":"Lannédern","codes_postaux":["29190"],"code_dep":"29","code_region":"53","population":321,"surface_km2":12.36,"lat":48.2883,"lon":-3.9033},{"code_insee":"29116","nom":"Lanneuffret","codes_postaux":["29400"],"code_dep":"29","code_region":"53","population":158,"surface_km2":2.22,"lat":48.4959,"lon":-4.2021},{"code_insee":"29117","nom":"Lannilis","codes_postaux":["29870"],"code_dep":"29","code_region":"53","population":5709,"surface_km2":25.36,"lat":48.5719,"lon":-4.5244},{"code_insee":"29119","nom":"Lanrivoaré","codes_postaux":["29290"],"code_dep":"29","code_region":"53","population":1551,"surface_km2":15.51,"lat":48.4683,"lon":-4.6368},{"code_insee":"29120","nom":"Lanvéoc","codes_postaux":["29160"],"code_dep":"29","code_region":"53","population":2044,"surface_km2":19.23,"lat":48.2764,"lon":-4.4434},{"code_insee":"29122","nom":"Laz","codes_postaux":["29520"],"code_dep":"29","code_region":"53","population":685,"surface_km2":33.87,"lat":48.1347,"lon":-3.8363},{"code_insee":"29123","nom":"Lennon","codes_postaux":["29190"],"code_dep":"29","code_region":"53","population":812,"surface_km2":22.81,"lat":48.207,"lon":-3.9026},{"code_insee":"29124","nom":"Lesneven","codes_postaux":["29260"],"code_dep":"29","code_region":"53","population":7566,"surface_km2":10.19,"lat":48.5814,"lon":-4.3104},{"code_insee":"29125","nom":"Leuhan","codes_postaux":["29390"],"code_dep":"29","code_region":"53","population":846,"surface_km2":32.68,"lat":48.0941,"lon":-3.7764},{"code_insee":"29126","nom":"Loc-Brévalaire","codes_postaux":["29260"],"code_dep":"29","code_region":"53","population":210,"surface_km2":1.65,"lat":48.554,"lon":-4.4065},{"code_insee":"29128","nom":"Loc-Eguiner","codes_postaux":["29400"],"code_dep":"29","code_region":"53","population":376,"surface_km2":12.08,"lat":48.4739,"lon":-4.0952},{"code_insee":"29130","nom":"Locmaria-Plouzané","codes_postaux":["29280"],"code_dep":"29","code_region":"53","population":5130,"surface_km2":23.2,"lat":48.3713,"lon":-4.6533},{"code_insee":"29131","nom":"Locmélar","codes_postaux":["29400"],"code_dep":"29","code_region":"53","population":487,"surface_km2":15.94,"lat":48.4533,"lon":-4.0602},{"code_insee":"29132","nom":"Locquénolé","codes_postaux":["29670"],"code_dep":"29","code_region":"53","population":790,"surface_km2":0.91,"lat":48.6236,"lon":-3.8641},{"code_insee":"29133","nom":"Locquirec","codes_postaux":["29241"],"code_dep":"29","code_region":"53","population":1555,"surface_km2":6.21,"lat":48.6818,"lon":-3.6708},{"code_insee":"29134","nom":"Locronan","codes_postaux":["29180"],"code_dep":"29","code_region":"53","population":829,"surface_km2":8.0,"lat":48.0955,"lon":-4.2102},{"code_insee":"29135","nom":"Loctudy","codes_postaux":["29750"],"code_dep":"29","code_region":"53","population":4075,"surface_km2":13.31,"lat":47.8246,"lon":-4.1852},{"code_insee":"29136","nom":"Locunolé","codes_postaux":["29310"],"code_dep":"29","code_region":"53","population":1177,"surface_km2":16.86,"lat":47.9239,"lon":-3.4859},{"code_insee":"29137","nom":"Logonna-Daoulas","codes_postaux":["29460"],"code_dep":"29","code_region":"53","population":2130,"surface_km2":12.28,"lat":48.3292,"lon":-4.293},{"code_insee":"29139","nom":"Lopérec","codes_postaux":["29590"],"code_dep":"29","code_region":"53","population":828,"surface_km2":40.0,"lat":48.3062,"lon":-4.0352},{"code_insee":"29140","nom":"Loperhet","codes_postaux":["29470"],"code_dep":"29","code_region":"53","population":3959,"surface_km2":20.39,"lat":48.3779,"lon":-4.3142},{"code_insee":"29141","nom":"Loqueffret","codes_postaux":["29530"],"code_dep":"29","code_region":"53","population":336,"surface_km2":27.74,"lat":48.3278,"lon":-3.8466},{"code_insee":"29142","nom":"Lothey","codes_postaux":["29190"],"code_dep":"29","code_region":"53","population":424,"surface_km2":13.29,"lat":48.1874,"lon":-4.0277},{"code_insee":"29143","nom":"Mahalon","codes_postaux":["29790"],"code_dep":"29","code_region":"53","population":1021,"surface_km2":21.23,"lat":48.0286,"lon":-4.4208},{"code_insee":"29144","nom":"La Martyre","codes_postaux":["29800"],"code_dep":"29","code_region":"53","population":751,"surface_km2":18.34,"lat":48.4341,"lon":-4.1712},{"code_insee":"29145","nom":"Confort-Meilars","codes_postaux":["29790"],"code_dep":"29","code_region":"53","population":861,"surface_km2":14.82,"lat":48.0596,"lon":-4.435},{"code_insee":"29146","nom":"Melgven","codes_postaux":["29140"],"code_dep":"29","code_region":"53","population":3371,"surface_km2":51.2,"lat":47.9084,"lon":-3.8433},{"code_insee":"29147","nom":"Mellac","codes_postaux":["29300"],"code_dep":"29","code_region":"53","population":3404,"surface_km2":26.51,"lat":47.8984,"lon":-3.5835},{"code_insee":"29148","nom":"Mespaul","codes_postaux":["29420"],"code_dep":"29","code_region":"53","population":946,"surface_km2":11.53,"lat":48.6161,"lon":-4.0357},{"code_insee":"29150","nom":"Moëlan-sur-Mer","codes_postaux":["29350"],"code_dep":"29","code_region":"53","population":6749,"surface_km2":47.41,"lat":47.8075,"lon":-3.6522},{"code_insee":"29151","nom":"Morlaix","codes_postaux":["29600"],"code_dep":"29","code_region":"53","population":15194,"surface_km2":25.26,"lat":48.5971,"lon":-3.8215},{"code_insee":"29152","nom":"Motreff","codes_postaux":["29270"],"code_dep":"29","code_region":"53","population":654,"surface_km2":21.47,"lat":48.2215,"lon":-3.5602},{"code_insee":"29153","nom":"Névez","codes_postaux":["29920"],"code_dep":"29","code_region":"53","population":2795,"surface_km2":25.65,"lat":47.8091,"lon":-3.7745},{"code_insee":"29155","nom":"Ouessant","codes_postaux":["29242"],"code_dep":"29","code_region":"53","population":860,"surface_km2":16.13,"lat":48.46,"lon":-5.0869},{"code_insee":"29156","nom":"Pencran","codes_postaux":["29800"],"code_dep":"29","code_region":"53","population":2234,"surface_km2":8.93,"lat":48.4447,"lon":-4.2194},{"code_insee":"29158","nom":"Penmarch","codes_postaux":["29760"],"code_dep":"29","code_region":"53","population":5508,"surface_km2":16.57,"lat":47.8122,"lon":-4.3406},{"code_insee":"29159","nom":"Peumerit","codes_postaux":["29710"],"code_dep":"29","code_region":"53","population":917,"surface_km2":19.66,"lat":47.9461,"lon":-4.2957},{"code_insee":"29160","nom":"Plabennec","codes_postaux":["29860"],"code_dep":"29","code_region":"53","population":8686,"surface_km2":50.5,"lat":48.5012,"lon":-4.4254},{"code_insee":"29161","nom":"Pleuven","codes_postaux":["29170"],"code_dep":"29","code_region":"53","population":3311,"surface_km2":13.67,"lat":47.9132,"lon":-4.049},{"code_insee":"29162","nom":"Pleyben","codes_postaux":["29190"],"code_dep":"29","code_region":"53","population":3692,"surface_km2":75.94,"lat":48.2418,"lon":-3.9783},{"code_insee":"29163","nom":"Pleyber-Christ","codes_postaux":["29410"],"code_dep":"29","code_region":"53","population":3166,"surface_km2":45.74,"lat":48.5081,"lon":-3.8754},{"code_insee":"29165","nom":"Plobannalec-Lesconil","codes_postaux":["29740"],"code_dep":"29","code_region":"53","population":3718,"surface_km2":18.52,"lat":47.8209,"lon":-4.2282},{"code_insee":"29166","nom":"Ploéven","codes_postaux":["29550"],"code_dep":"29","code_region":"53","population":550,"surface_km2":13.03,"lat":48.158,"lon":-4.2216},{"code_insee":"29167","nom":"Plogastel-Saint-Germain","codes_postaux":["29710"],"code_dep":"29","code_region":"53","population":2024,"surface_km2":31.5,"lat":47.9748,"lon":-4.2689},{"code_insee":"29168","nom":"Plogoff","codes_postaux":["29770"],"code_dep":"29","code_region":"53","population":1131,"surface_km2":11.99,"lat":48.0342,"lon":-4.687},{"code_insee":"29169","nom":"Plogonnec","codes_postaux":["29180"],"code_dep":"29","code_region":"53","population":3236,"surface_km2":53.72,"lat":48.0694,"lon":-4.1759},{"code_insee":"29170","nom":"Plomelin","codes_postaux":["29700"],"code_dep":"29","code_region":"53","population":4239,"surface_km2":26.21,"lat":47.9313,"lon":-4.1499},{"code_insee":"29171","nom":"Plomeur","codes_postaux":["29120"],"code_dep":"29","code_region":"53","population":3904,"surface_km2":29.71,"lat":47.8377,"lon":-4.3007},{"code_insee":"29172","nom":"Plomodiern","codes_postaux":["29550"],"code_dep":"29","code_region":"53","population":2282,"surface_km2":46.65,"lat":48.1808,"lon":-4.2045},{"code_insee":"29173","nom":"Plonéis","codes_postaux":["29710"],"code_dep":"29","code_region":"53","population":2409,"surface_km2":22.12,"lat":48.0099,"lon":-4.2066},{"code_insee":"29174","nom":"Plonéour-Lanvern","codes_postaux":["29720"],"code_dep":"29","code_region":"53","population":6452,"surface_km2":48.81,"lat":47.9066,"lon":-4.2678},{"code_insee":"29175","nom":"Plonévez-du-Faou","codes_postaux":["29530"],"code_dep":"29","code_region":"53","population":2160,"surface_km2":80.84,"lat":48.2649,"lon":-3.8095},{"code_insee":"29176","nom":"Plonévez-Porzay","codes_postaux":["29550"],"code_dep":"29","code_region":"53","population":1781,"surface_km2":29.1,"lat":48.1247,"lon":-4.2387},{"code_insee":"29177","nom":"Plouarzel","codes_postaux":["29810"],"code_dep":"29","code_region":"53","population":4029,"surface_km2":42.8,"lat":48.4397,"lon":-4.7236},{"code_insee":"29178","nom":"Ploudalmézeau","codes_postaux":["29830"],"code_dep":"29","code_region":"53","population":6522,"surface_km2":24.12,"lat":48.5407,"lon":-4.6686},{"code_insee":"29179","nom":"Ploudaniel","codes_postaux":["29260"],"code_dep":"29","code_region":"53","population":3732,"surface_km2":45.8,"lat":48.5205,"lon":-4.3095},{"code_insee":"29180","nom":"Ploudiry","codes_postaux":["29800"],"code_dep":"29","code_region":"53","population":872,"surface_km2":27.83,"lat":48.453,"lon":-4.1323},{"code_insee":"29181","nom":"Plouédern","codes_postaux":["29800"],"code_dep":"29","code_region":"53","population":3103,"surface_km2":19.57,"lat":48.4829,"lon":-4.2552},{"code_insee":"29182","nom":"Plouégat-Guérand","codes_postaux":["29620"],"code_dep":"29","code_region":"53","population":1050,"surface_km2":17.43,"lat":48.624,"lon":-3.6695},{"code_insee":"29183","nom":"Plouégat-Moysan","codes_postaux":["29650"],"code_dep":"29","code_region":"53","population":717,"surface_km2":14.93,"lat":48.5679,"lon":-3.6143},{"code_insee":"29184","nom":"Plouénan","codes_postaux":["29420"],"code_dep":"29","code_region":"53","population":2610,"surface_km2":31.46,"lat":48.6183,"lon":-3.99},{"code_insee":"29185","nom":"Plouescat","codes_postaux":["29430"],"code_dep":"29","code_region":"53","population":3554,"surface_km2":14.92,"lat":48.6676,"lon":-4.1851},{"code_insee":"29186","nom":"Plouezoc'h","codes_postaux":["29252"],"code_dep":"29","code_region":"53","population":1646,"surface_km2":15.97,"lat":48.6442,"lon":-3.8251},{"code_insee":"29187","nom":"Plougar","codes_postaux":["29440"],"code_dep":"29","code_region":"53","population":789,"surface_km2":17.57,"lat":48.5568,"lon":-4.1346},{"code_insee":"29188","nom":"Plougasnou","codes_postaux":["29630"],"code_dep":"29","code_region":"53","population":3192,"surface_km2":34.34,"lat":48.6788,"lon":-3.8142},{"code_insee":"29189","nom":"Plougastel-Daoulas","codes_postaux":["29470"],"code_dep":"29","code_region":"53","population":13434,"surface_km2":46.77,"lat":48.3628,"lon":-4.3912},{"code_insee":"29190","nom":"Plougonvelin","codes_postaux":["29217"],"code_dep":"29","code_region":"53","population":4521,"surface_km2":18.96,"lat":48.3533,"lon":-4.7252},{"code_insee":"29191","nom":"Plougonven","codes_postaux":["29640"],"code_dep":"29","code_region":"53","population":3382,"surface_km2":69.94,"lat":48.5064,"lon":-3.7354},{"code_insee":"29192","nom":"Plougoulm","codes_postaux":["29250"],"code_dep":"29","code_region":"53","population":1755,"surface_km2":18.43,"lat":48.654,"lon":-4.0429},{"code_insee":"29193","nom":"Plougourvest","codes_postaux":["29400"],"code_dep":"29","code_region":"53","population":1522,"surface_km2":14.17,"lat":48.5516,"lon":-4.0744},{"code_insee":"29195","nom":"Plouguerneau","codes_postaux":["29880"],"code_dep":"29","code_region":"53","population":6755,"surface_km2":44.05,"lat":48.6046,"lon":-4.5104},{"code_insee":"29196","nom":"Plouguin","codes_postaux":["29830"],"code_dep":"29","code_region":"53","population":2268,"surface_km2":30.34,"lat":48.5291,"lon":-4.5931},{"code_insee":"29197","nom":"Plouhinec","codes_postaux":["29780"],"code_dep":"29","code_region":"53","population":3919,"surface_km2":28.32,"lat":48.0122,"lon":-4.4839},{"code_insee":"29198","nom":"Plouider","codes_postaux":["29260"],"code_dep":"29","code_region":"53","population":1809,"surface_km2":23.48,"lat":48.6053,"lon":-4.2973},{"code_insee":"29199","nom":"Plouigneau","codes_postaux":["29610","29650"],"code_dep":"29","code_region":"53","population":5014,"surface_km2":65.31,"lat":48.5718,"lon":-3.7226},{"code_insee":"29201","nom":"Ploumoguer","codes_postaux":["29810"],"code_dep":"29","code_region":"53","population":2074,"surface_km2":38.89,"lat":48.3951,"lon":-4.7086},{"code_insee":"29202","nom":"Plounéour-Ménez","codes_postaux":["29410"],"code_dep":"29","code_region":"53","population":1297,"surface_km2":51.84,"lat":48.4431,"lon":-3.8834},{"code_insee":"29204","nom":"Plounéventer","codes_postaux":["29400"],"code_dep":"29","code_region":"53","population":2251,"surface_km2":27.4,"lat":48.524,"lon":-4.207},{"code_insee":"29205","nom":"Plounévézel","codes_postaux":["29270"],"code_dep":"29","code_region":"53","population":1157,"surface_km2":24.39,"lat":48.3143,"lon":-3.5653},{"code_insee":"29206","nom":"Plounévez-Lochrist","codes_postaux":["29430"],"code_dep":"29","code_region":"53","population":2281,"surface_km2":39.53,"lat":48.6213,"lon":-4.1983},{"code_insee":"29207","nom":"Plourin-lès-Morlaix","codes_postaux":["29600"],"code_dep":"29","code_region":"53","population":4548,"surface_km2":42.42,"lat":48.5262,"lon":-3.7977},{"code_insee":"29208","nom":"Plourin","codes_postaux":["29830"],"code_dep":"29","code_region":"53","population":1268,"surface_km2":25.65,"lat":48.5057,"lon":-4.6865},{"code_insee":"29209","nom":"Plouvien","codes_postaux":["29860"],"code_dep":"29","code_region":"53","population":3968,"surface_km2":34.06,"lat":48.5331,"lon":-4.4686},{"code_insee":"29210","nom":"Plouvorn","codes_postaux":["29420"],"code_dep":"29","code_region":"53","population":2916,"surface_km2":35.39,"lat":48.5759,"lon":-4.0139},{"code_insee":"29211","nom":"Plouyé","codes_postaux":["29690"],"code_dep":"29","code_region":"53","population":687,"surface_km2":37.55,"lat":48.3143,"lon":-3.7391},{"code_insee":"29212","nom":"Plouzané","codes_postaux":["29280"],"code_dep":"29","code_region":"53","population":13567,"surface_km2":32.97,"lat":48.3748,"lon":-4.5976},{"code_insee":"29213","nom":"Plouzévédé","codes_postaux":["29440"],"code_dep":"29","code_region":"53","population":1897,"surface_km2":18.27,"lat":48.5958,"lon":-4.0932},{"code_insee":"29214","nom":"Plovan","codes_postaux":["29720"],"code_dep":"29","code_region":"53","population":677,"surface_km2":15.7,"lat":47.9337,"lon":-4.3589},{"code_insee":"29215","nom":"Plozévet","codes_postaux":["29710"],"code_dep":"29","code_region":"53","population":2984,"surface_km2":27.57,"lat":47.9793,"lon":-4.4164},{"code_insee":"29216","nom":"Pluguffan","codes_postaux":["29700"],"code_dep":"29","code_region":"53","population":4223,"surface_km2":32.27,"lat":47.967,"lon":-4.1836},{"code_insee":"29217","nom":"Pont-Aven","codes_postaux":["29930"],"code_dep":"29","code_region":"53","population":2777,"surface_km2":28.61,"lat":47.8742,"lon":-3.7651},{"code_insee":"29218","nom":"Pont-Croix","codes_postaux":["29790"],"code_dep":"29","code_region":"53","population":1669,"surface_km2":8.5,"lat":48.0485,"lon":-4.5026},{"code_insee":"29220","nom":"Pont-l'Abbé","codes_postaux":["29120"],"code_dep":"29","code_region":"53","population":8484,"surface_km2":18.33,"lat":47.8674,"lon":-4.2174},{"code_insee":"29221","nom":"Porspoder","codes_postaux":["29840"],"code_dep":"29","code_region":"53","population":1753,"surface_km2":11.48,"lat":48.4998,"lon":-4.7536},{"code_insee":"29222","nom":"Port-Launay","codes_postaux":["29150"],"code_dep":"29","code_region":"53","population":404,"surface_km2":1.92,"lat":48.2182,"lon":-4.0831},{"code_insee":"29224","nom":"Pouldergat","codes_postaux":["29100"],"code_dep":"29","code_region":"53","population":1213,"surface_km2":24.39,"lat":48.0429,"lon":-4.3271},{"code_insee":"29225","nom":"Pouldreuzic","codes_postaux":["29710"],"code_dep":"29","code_region":"53","population":2119,"surface_km2":16.79,"lat":47.9628,"lon":-4.3653},{"code_insee":"29226","nom":"Poullan-sur-Mer","codes_postaux":["29100"],"code_dep":"29","code_region":"53","population":1453,"surface_km2":30.51,"lat":48.0749,"lon":-4.4044},{"code_insee":"29227","nom":"Poullaouen","codes_postaux":["29246","29690"],"code_dep":"29","code_region":"53","population":1470,"surface_km2":89.03,"lat":48.3413,"lon":-3.6451},{"code_insee":"29228","nom":"Primelin","codes_postaux":["29770"],"code_dep":"29","code_region":"53","population":650,"surface_km2":8.68,"lat":48.0274,"lon":-4.6052},{"code_insee":"29229","nom":"Quéménéven","codes_postaux":["29180"],"code_dep":"29","code_region":"53","population":1119,"surface_km2":28.04,"lat":48.1199,"lon":-4.1438},{"code_insee":"29230","nom":"Querrien","codes_postaux":["29310"],"code_dep":"29","code_region":"53","population":1645,"surface_km2":54.31,"lat":47.954,"lon":-3.5398},{"code_insee":"29232","nom":"Quimper","codes_postaux":["29000"],"code_dep":"29","code_region":"53","population":64385,"surface_km2":84.33,"lat":47.9982,"lon":-4.0972},{"code_insee":"29233","nom":"Quimperlé","codes_postaux":["29300"],"code_dep":"29","code_region":"53","population":12469,"surface_km2":31.57,"lat":47.8558,"lon":-3.5586},{"code_insee":"29234","nom":"Rédené","codes_postaux":["29300"],"code_dep":"29","code_region":"53","population":3043,"surface_km2":24.67,"lat":47.856,"lon":-3.4884},{"code_insee":"29235","nom":"Le Relecq-Kerhuon","codes_postaux":["29480"],"code_dep":"29","code_region":"53","population":11897,"surface_km2":6.52,"lat":48.4032,"lon":-4.4014},{"code_insee":"29236","nom":"Riec-sur-Bélon","codes_postaux":["29340"],"code_dep":"29","code_region":"53","population":4376,"surface_km2":54.59,"lat":47.8511,"lon":-3.68},{"code_insee":"29237","nom":"La Roche-Maurice","codes_postaux":["29800"],"code_dep":"29","code_region":"53","population":1893,"surface_km2":11.95,"lat":48.472,"lon":-4.1871},{"code_insee":"29238","nom":"Roscanvel","codes_postaux":["29570"],"code_dep":"29","code_region":"53","population":855,"surface_km2":9.34,"lat":48.317,"lon":-4.5577},{"code_insee":"29239","nom":"Roscoff","codes_postaux":["29680"],"code_dep":"29","code_region":"53","population":3334,"surface_km2":6.45,"lat":48.7135,"lon":-3.9866},{"code_insee":"29240","nom":"Rosnoën","codes_postaux":["29590"],"code_dep":"29","code_region":"53","population":1012,"surface_km2":34.18,"lat":48.2725,"lon":-4.2113},{"code_insee":"29241","nom":"Rosporden","codes_postaux":["29140"],"code_dep":"29","code_region":"53","population":7550,"surface_km2":57.45,"lat":47.9504,"lon":-3.8226},{"code_insee":"29243","nom":"Saint-Coulitz","codes_postaux":["29150"],"code_dep":"29","code_region":"53","population":475,"surface_km2":11.04,"lat":48.1835,"lon":-4.0709},{"code_insee":"29244","nom":"Saint-Derrien","codes_postaux":["29440"],"code_dep":"29","code_region":"53","population":861,"surface_km2":12.29,"lat":48.5475,"lon":-4.1848},{"code_insee":"29245","nom":"Saint-Divy","codes_postaux":["29800"],"code_dep":"29","code_region":"53","population":1605,"surface_km2":8.51,"lat":48.4524,"lon":-4.3317},{"code_insee":"29246","nom":"Saint-Eloy","codes_postaux":["29460"],"code_dep":"29","code_region":"53","population":220,"surface_km2":12.57,"lat":48.3653,"lon":-4.1138},{"code_insee":"29247","nom":"Saint-Évarzec","codes_postaux":["29170"],"code_dep":"29","code_region":"53","population":3574,"surface_km2":24.7,"lat":47.9556,"lon":-4.0124},{"code_insee":"29248","nom":"Saint-Frégant","codes_postaux":["29260"],"code_dep":"29","code_region":"53","population":874,"surface_km2":8.38,"lat":48.5974,"lon":-4.3712},{"code_insee":"29249","nom":"Saint-Goazec","codes_postaux":["29520"],"code_dep":"29","code_region":"53","population":739,"surface_km2":33.36,"lat":48.1546,"lon":-3.7605},{"code_insee":"29250","nom":"Saint-Hernin","codes_postaux":["29270"],"code_dep":"29","code_region":"53","population":753,"surface_km2":29.28,"lat":48.2097,"lon":-3.6134},{"code_insee":"29251","nom":"Saint-Jean-du-Doigt","codes_postaux":["29630"],"code_dep":"29","code_region":"53","population":692,"surface_km2":19.92,"lat":48.6683,"lon":-3.7619},{"code_insee":"29252","nom":"Saint-Jean-Trolimon","codes_postaux":["29120"],"code_dep":"29","code_region":"53","population":997,"surface_km2":14.48,"lat":47.8718,"lon":-4.3083},{"code_insee":"29254","nom":"Saint-Martin-des-Champs","codes_postaux":["29600"],"code_dep":"29","code_region":"53","population":4773,"surface_km2":15.7,"lat":48.5755,"lon":-3.856},{"code_insee":"29255","nom":"Saint-Méen","codes_postaux":["29260"],"code_dep":"29","code_region":"53","population":942,"surface_km2":12.02,"lat":48.5542,"lon":-4.2586},{"code_insee":"29256","nom":"Saint-Nic","codes_postaux":["29550"],"code_dep":"29","code_region":"53","population":753,"surface_km2":18.01,"lat":48.2078,"lon":-4.2809},{"code_insee":"29257","nom":"Saint-Pabu","codes_postaux":["29830"],"code_dep":"29","code_region":"53","population":2087,"surface_km2":9.84,"lat":48.5671,"lon":-4.6203},{"code_insee":"29259","nom":"Saint-Pol-de-Léon","codes_postaux":["29250"],"code_dep":"29","code_region":"53","population":6941,"surface_km2":23.62,"lat":48.6743,"lon":-3.989},{"code_insee":"29260","nom":"Saint-Renan","codes_postaux":["29290"],"code_dep":"29","code_region":"53","population":8577,"surface_km2":13.31,"lat":48.4288,"lon":-4.6212},{"code_insee":"29261","nom":"Saint-Rivoal","codes_postaux":["29190"],"code_dep":"29","code_region":"53","population":223,"surface_km2":19.08,"lat":48.3458,"lon":-3.9946},{"code_insee":"29262","nom":"Saint-Sauveur","codes_postaux":["29400"],"code_dep":"29","code_region":"53","population":849,"surface_km2":13.35,"lat":48.4485,"lon":-3.9992},{"code_insee":"29263","nom":"Saint-Ségal","codes_postaux":["29590"],"code_dep":"29","code_region":"53","population":1182,"surface_km2":16.39,"lat":48.2349,"lon":-4.0734},{"code_insee":"29264","nom":"Saint-Servais","codes_postaux":["29400"],"code_dep":"29","code_region":"53","population":784,"surface_km2":10.46,"lat":48.5156,"lon":-4.161},{"code_insee":"29265","nom":"Sainte-Sève","codes_postaux":["29600"],"code_dep":"29","code_region":"53","population":1077,"surface_km2":9.97,"lat":48.5614,"lon":-3.8881},{"code_insee":"29266","nom":"Saint-Thégonnec Loc-Eguiner","codes_postaux":["29410"],"code_dep":"29","code_region":"53","population":3148,"surface_km2":49.88,"lat":48.5113,"lon":-3.9387},{"code_insee":"29267","nom":"Saint-Thois","codes_postaux":["29520"],"code_dep":"29","code_region":"53","population":703,"surface_km2":17.93,"lat":48.1533,"lon":-3.9043},{"code_insee":"29268","nom":"Saint-Thonan","codes_postaux":["29800"],"code_dep":"29","code_region":"53","population":1956,"surface_km2":11.41,"lat":48.4766,"lon":-4.3218},{"code_insee":"29269","nom":"Saint-Thurien","codes_postaux":["29380"],"code_dep":"29","code_region":"53","population":1000,"surface_km2":21.41,"lat":47.9562,"lon":-3.6208},{"code_insee":"29270","nom":"Saint-Urbain","codes_postaux":["29800"],"code_dep":"29","code_region":"53","population":1670,"surface_km2":15.25,"lat":48.395,"lon":-4.219},{"code_insee":"29271","nom":"Saint-Vougay","codes_postaux":["29440"],"code_dep":"29","code_region":"53","population":873,"surface_km2":14.9,"lat":48.5917,"lon":-4.1444},{"code_insee":"29272","nom":"Saint-Yvi","codes_postaux":["29140"],"code_dep":"29","code_region":"53","population":3431,"surface_km2":27.34,"lat":47.9606,"lon":-3.9329},{"code_insee":"29273","nom":"Santec","codes_postaux":["29250"],"code_dep":"29","code_region":"53","population":2454,"surface_km2":8.13,"lat":48.7059,"lon":-4.0377},{"code_insee":"29274","nom":"Scaër","codes_postaux":["29390"],"code_dep":"29","code_region":"53","population":5178,"surface_km2":117.79,"lat":48.0268,"lon":-3.7267},{"code_insee":"29275","nom":"Scrignac","codes_postaux":["29640"],"code_dep":"29","code_region":"53","population":816,"surface_km2":70.47,"lat":48.4238,"lon":-3.6875},{"code_insee":"29276","nom":"Sibiril","codes_postaux":["29250"],"code_dep":"29","code_region":"53","population":1143,"surface_km2":11.53,"lat":48.6666,"lon":-4.0707},{"code_insee":"29277","nom":"Sizun","codes_postaux":["29450"],"code_dep":"29","code_region":"53","population":2325,"surface_km2":59.02,"lat":48.3966,"lon":-4.0251},{"code_insee":"29278","nom":"Spézet","codes_postaux":["29540"],"code_dep":"29","code_region":"53","population":1774,"surface_km2":61.48,"lat":48.1875,"lon":-3.6959},{"code_insee":"29279","nom":"Taulé","codes_postaux":["29670"],"code_dep":"29","code_region":"53","population":2914,"surface_km2":29.7,"lat":48.6001,"lon":-3.9011},{"code_insee":"29280","nom":"Telgruc-sur-Mer","codes_postaux":["29560"],"code_dep":"29","code_region":"53","population":2167,"surface_km2":28.21,"lat":48.2367,"lon":-4.3613},{"code_insee":"29281","nom":"Tourch","codes_postaux":["29140"],"code_dep":"29","code_region":"53","population":1002,"surface_km2":19.84,"lat":48.0279,"lon":-3.8229},{"code_insee":"29282","nom":"Trébabu","codes_postaux":["29217"],"code_dep":"29","code_region":"53","population":368,"surface_km2":4.35,"lat":48.3713,"lon":-4.7341},{"code_insee":"29284","nom":"Treffiagat","codes_postaux":["29730"],"code_dep":"29","code_region":"53","population":2429,"surface_km2":8.24,"lat":47.8068,"lon":-4.2562},{"code_insee":"29285","nom":"Tréflaouénan","codes_postaux":["29440"],"code_dep":"29","code_region":"53","population":518,"surface_km2":8.24,"lat":48.6239,"lon":-4.1014},{"code_insee":"29286","nom":"Tréflévénez","codes_postaux":["29800"],"code_dep":"29","code_region":"53","population":260,"surface_km2":9.78,"lat":48.4144,"lon":-4.1785},{"code_insee":"29287","nom":"Tréflez","codes_postaux":["29430"],"code_dep":"29","code_region":"53","population":991,"surface_km2":15.91,"lat":48.6254,"lon":-4.2645},{"code_insee":"29288","nom":"Trégarantec","codes_postaux":["29260"],"code_dep":"29","code_region":"53","population":634,"surface_km2":5.11,"lat":48.5511,"lon":-4.2891},{"code_insee":"29289","nom":"Trégarvan","codes_postaux":["29560"],"code_dep":"29","code_region":"53","population":134,"surface_km2":9.63,"lat":48.2407,"lon":-4.2344},{"code_insee":"29290","nom":"Tréglonou","codes_postaux":["29870"],"code_dep":"29","code_region":"53","population":689,"surface_km2":6.07,"lat":48.5442,"lon":-4.544},{"code_insee":"29291","nom":"Trégourez","codes_postaux":["29970"],"code_dep":"29","code_region":"53","population":947,"surface_km2":17.58,"lat":48.1053,"lon":-3.8697},{"code_insee":"29292","nom":"Tréguennec","codes_postaux":["29720"],"code_dep":"29","code_region":"53","population":311,"surface_km2":9.32,"lat":47.8831,"lon":-4.3368},{"code_insee":"29293","nom":"Trégunc","codes_postaux":["29910"],"code_dep":"29","code_region":"53","population":7148,"surface_km2":50.65,"lat":47.8372,"lon":-3.8463},{"code_insee":"29294","nom":"Le Tréhou","codes_postaux":["29450"],"code_dep":"29","code_region":"53","population":633,"surface_km2":23.16,"lat":48.3967,"lon":-4.1364},{"code_insee":"29295","nom":"Trémaouézan","codes_postaux":["29800"],"code_dep":"29","code_region":"53","population":483,"surface_km2":8.47,"lat":48.5099,"lon":-4.2549},{"code_insee":"29296","nom":"Tréméoc","codes_postaux":["29120"],"code_dep":"29","code_region":"53","population":1503,"surface_km2":11.67,"lat":47.9064,"lon":-4.2165},{"code_insee":"29297","nom":"Tréméven","codes_postaux":["29300"],"code_dep":"29","code_region":"53","population":2402,"surface_km2":15.41,"lat":47.9018,"lon":-3.5254},{"code_insee":"29298","nom":"Tréogat","codes_postaux":["29720"],"code_dep":"29","code_region":"53","population":573,"surface_km2":9.69,"lat":47.9085,"lon":-4.342},{"code_insee":"29299","nom":"Tréouergat","codes_postaux":["29290"],"code_dep":"29","code_region":"53","population":323,"surface_km2":6.13,"lat":48.4958,"lon":-4.6065},{"code_insee":"29300","nom":"Le Trévoux","codes_postaux":["29380"],"code_dep":"29","code_region":"53","population":1652,"surface_km2":20.87,"lat":47.8866,"lon":-3.6545},{"code_insee":"29301","nom":"Trézilidé","codes_postaux":["29440"],"code_dep":"29","code_region":"53","population":405,"surface_km2":4.55,"lat":48.6104,"lon":-4.0832},{"code_insee":"29302","nom":"Pont-de-Buis-lès-Quimerch","codes_postaux":["29590"],"code_dep":"29","code_region":"53","population":3663,"surface_km2":42.02,"lat":48.2738,"lon":-4.1109}]