[{"code_insee":"30001","nom":"Aigaliers","codes_postaux":["30700"],"code_dep":"30","code_region":"76","population":540,"surface_km2":27.91,"lat":44.0703,"lon":4.3092},{"code_insee":"30002","nom":"Aigremont","codes_postaux":["30350"],"code_dep":"30","code_region":"76","population":782,"surface_km2":12.58,"lat":43.9594,"lon":4.1155},{"code_insee":"30003","nom":"Aigues-Mortes","codes_postaux":["30220"],"code_dep":"30","code_region":"76","population":8699,"surface_km2":57.66,"lat":43.5482,"lon":4.1606},{"code_insee":"30004","nom":"Aigues-Vives","codes_postaux":["30670"],"code_dep":"30","code_region":"76","population":3331,"surface_km2":12.06,"lat":43.7343,"lon":4.193},{"code_insee":"30005","nom":"Aiguèze","codes_postaux":["30760"],"code_dep":"30","code_region":"76","population":212,"surface_km2":20.1,"lat":44.3124,"lon":4.5184},{"code_insee":"30006","nom":"Aimargues","codes_postaux":["30470"],"code_dep":"30","code_region":"76","population":5705,"surface_km2":26.61,"lat":43.6667,"lon":4.201},{"code_insee":"30007","nom":"Alès","codes_postaux":["30100"],"code_dep":"30","code_region":"76","population":46125,"surface_km2":23.28,"lat":44.125,"lon":4.0905},{"code_insee":"30008","nom":"Allègre-les-Fumades","codes_postaux":["30500"],"code_dep":"30","code_region":"76","population":1002,"surface_km2":25.12,"lat":44.2016,"lon":4.2536},{"code_insee":"30009","nom":"Alzon","codes_postaux":["30770"],"code_dep":"30","code_region":"76","population":194,"surface_km2":27.65,"lat":43.974,"lon":3.4466},{"code_insee":"30010","nom":"Anduze","codes_postaux":["30140"],"code_dep":"30","code_region":"76","population":3391,"surface_km2":14.61,"lat":44.054,"lon":3.9766},{"code_insee":"30011","nom":"Les Angles","codes_postaux":["30133"],"code_dep":"30","code_region":"76","population":8908,"surface_km2":16.98,"lat":43.9414,"lon":4.7563},{"code_insee":"30012","nom":"Aramon","codes_postaux":["30390"],"code_dep":"30","code_region":"76","population":4081,"surface_km2":31.13,"lat":43.8997,"lon":4.6869},{"code_insee":"30013","nom":"Argilliers","codes_postaux":["30210"],"code_dep":"30","code_region":"76","population":436,"surface_km2":6.74,"lat":43.9819,"lon":4.49},{"code_insee":"30014","nom":"Arpaillargues-et-Aureillac","codes_postaux":["30700"],"code_dep":"30","code_region":"76","population":1039,"surface_km2":13.72,"lat":43.9985,"lon":4.3687},{"code_insee":"30015","nom":"Arphy","codes_postaux":["30120"],"code_dep":"30","code_region":"76","population":139,"surface_km2":20.97,"lat":44.0414,"lon":3.5875},{"code_insee":"30016","nom":"Arre","codes_postaux":["30120"],"code_dep":"30","code_region":"76","population":252,"surface_km2":7.24,"lat":43.9584,"lon":3.5258},{"code_insee":"30017","nom":"Arrigas","codes_postaux":["30770"],"code_dep":"30","code_region":"76","population":219,"surface_km2":20.22,"lat":43.9927,"lon":3.4806},{"code_insee":"30018","nom":"Aspères","codes_postaux":["30250"],"code_dep":"30","code_region":"76","population":563,"surface_km2":10.02,"lat":43.8066,"lon":4.0325},{"code_insee":"30019","nom":"Aubais","codes_postaux":["30250"],"code_dep":"30","code_region":"76","population":2925,"surface_km2":11.88,"lat":43.7498,"lon":4.1422},{"code_insee":"30020","nom":"Aubord","codes_postaux":["30620"],"code_dep":"30","code_region":"76","population":2253,"surface_km2":9.5,"lat":43.7533,"lon":4.3162},{"code_insee":"30021","nom":"Aubussargues","codes_postaux":["30190"],"code_dep":"30","code_region":"76","population":333,"surface_km2":8.25,"lat":44.011,"lon":4.3256},{"code_insee":"30022","nom":"Aujac","codes_postaux":["30450"],"code_dep":"30","code_region":"76","population":147,"surface_km2":16.47,"lat":44.3559,"lon":4.0169},{"code_insee":"30023","nom":"Aujargues","codes_postaux":["30250"],"code_dep":"30","code_region":"76","population":815,"surface_km2":6.9,"lat":43.7918,"lon":4.1253},{"code_insee":"30024","nom":"Aulas","codes_postaux":["30120"],"code_dep":"30","code_region":"76","population":456,"surface_km2":2.93,"lat":43.9955,"lon":3.5896},{"code_insee":"30025","nom":"Aumessas","codes_postaux":["30770"],"code_dep":"30","code_region":"76","population":263,"surface_km2":21.29,"lat":44.0074,"lon":3.5126},{"code_insee":"30026","nom":"Avèze","codes_postaux":["30120"],"code_dep":"30","code_region":"76","population":1053,"surface_km2":4.12,"lat":43.9748,"lon":3.5992},{"code_insee":"30027","nom":"Bagard","codes_postaux":["30140"],"code_dep":"30","code_region":"76","population":2605,"surface_km2":14.48,"lat":44.0684,"lon":4.0422},{"code_insee":"30028","nom":"Bagnols-sur-Cèze","codes_postaux":["30200"],"code_dep":"30","code_region":"76","population":18112,"surface_km2":31.23,"lat":44.1622,"lon":4.6244},{"code_insee":"30029","nom":"Barjac","codes_postaux":["30430"],"code_dep":"30","code_region":"76","population":1608,"surface_km2":42.96,"lat":44.3137,"lon":4.3456},{"code_insee":"30030","nom":"Baron","codes_postaux":["30700"],"code_dep":"30","code_region":"76","population":337,"surface_km2":10.1,"lat":44.0552,"lon":4.2722},{"code_insee":"30031","nom":"La Bastide-d'Engras","codes_postaux":["30330"],"code_dep":"30","code_region":"76","population":205,"surface_km2":9.87,"lat":44.0965,"lon":4.4732},{"code_insee":"30032","nom":"Beaucaire","codes_postaux":["30300"],"code_dep":"30","code_region":"76","population":15692,"surface_km2":86.5,"lat":43.7815,"lon":4.5912},{"code_insee":"30033","nom":"Beauvoisin","codes_postaux":["30640"],"code_dep":"30","code_region":"76","population":6066,"surface_km2":28.03,"lat":43.6896,"lon":4.3222},{"code_insee":"30034","nom":"Bellegarde","codes_postaux":["30127"],"code_dep":"30","code_region":"76","population":8035,"surface_km2":45.15,"lat":43.7483,"lon":4.4967},{"code_insee":"30035","nom":"Belvézet","codes_postaux":["30580"],"code_dep":"30","code_region":"76","population":250,"surface_km2":22.45,"lat":44.0904,"lon":4.3545},{"code_insee":"30036","nom":"Bernis","codes_postaux":["30620"],"code_dep":"30","code_region":"76","population":3286,"surface_km2":12.82,"lat":43.7673,"lon":4.2824},{"code_insee":"30037","nom":"Bessèges","codes_postaux":["30160"],"code_dep":"30","code_region":"76","population":2606,"surface_km2":10.36,"lat":44.2889,"lon":4.107},{"code_insee":"30038","nom":"Bez-et-Esparon","codes_postaux":["30120"],"code_dep":"30","code_region":"76","population":335,"surface_km2":8.38,"lat":43.9792,"lon":3.5356},{"code_insee":"30039","nom":"Bezouce","codes_postaux":["30320"],"code_dep":"30","code_region":"76","population":2348,"surface_km2":12.5,"lat":43.8767,"lon":4.5019},{"code_insee":"30040","nom":"Blandas","codes_postaux":["30770"],"code_dep":"30","code_region":"76","population":143,"surface_km2":37.66,"lat":43.921,"lon":3.5074},{"code_insee":"30041","nom":"Blauzac","codes_postaux":["30700"],"code_dep":"30","code_region":"76","population":1234,"surface_km2":15.88,"lat":43.9667,"lon":4.3727},{"code_insee":"30042","nom":"Boisset-et-Gaujac","codes_postaux":["30140"],"code_dep":"30","code_region":"76","population":2707,"surface_km2":14.37,"lat":44.0508,"lon":4.0282},{"code_insee":"30043","nom":"Boissières","codes_postaux":["30114"],"code_dep":"30","code_region":"76","population":588,"surface_km2":3.36,"lat":43.7695,"lon":4.2277},{"code_insee":"30044","nom":"Bonnevaux","codes_postaux":["30450"],"code_dep":"30","code_region":"76","population":78,"surface_km2":8.9,"lat":44.3724,"lon":4.0374},{"code_insee":"30045","nom":"Bordezac","codes_postaux":["30160"],"code_dep":"30","code_region":"76","population":387,"surface_km2":9.37,"lat":44.3161,"lon":4.0843},{"code_insee":"30046","nom":"Boucoiran-et-Nozières","codes_postaux":["30190"],"code_dep":"30","code_region":"76","population":991,"surface_km2":14.5,"lat":43.9937,"lon":4.1816},{"code_insee":"30047","nom":"Bouillargues","codes_postaux":["30230"],"code_dep":"30","code_region":"76","population":6070,"surface_km2":15.96,"lat":43.7989,"lon":4.4345},{"code_insee":"30048","nom":"Bouquet","codes_postaux":["30580"],"code_dep":"30","code_region":"76","population":198,"surface_km2":30.3,"lat":44.1517,"lon":4.2944},{"code_insee":"30049","nom":"Bourdic","codes_postaux":["30190"],"code_dep":"30","code_region":"76","population":359,"surface_km2":7.3,"lat":43.9777,"lon":4.3357},{"code_insee":"30050","nom":"Bragassargues","codes_postaux":["30260"],"code_dep":"30","code_region":"76","population":169,"surface_km2":7.64,"lat":43.9181,"lon":4.0475},{"code_insee":"30051","nom":"Branoux-les-Taillades","codes_postaux":["30110"],"code_dep":"30","code_region":"76","population":1278,"surface_km2":15.04,"lat":44.2292,"lon":3.9822},{"code_insee":"30052","nom":"Bréau-Mars","codes_postaux":["30120"],"code_dep":"30","code_region":"76","population":689,"surface_km2":28.48,"lat":44.0305,"lon":3.5581},{"code_insee":"30053","nom":"Brignon","codes_postaux":["30190"],"code_dep":"30","code_region":"76","population":701,"surface_km2":6.79,"lat":43.9956,"lon":4.2137},{"code_insee":"30054","nom":"Brouzet-lès-Quissac","codes_postaux":["30260"],"code_dep":"30","code_region":"76","population":301,"surface_km2":15.92,"lat":43.863,"lon":3.9863},{"code_insee":"30055","nom":"Brouzet-lès-Alès","codes_postaux":["30580"],"code_dep":"30","code_region":"76","population":670,"surface_km2":13.08,"lat":44.1338,"lon":4.2533},{"code_insee":"30056","nom":"La Bruguière","codes_postaux":["30580"],"code_dep":"30","code_region":"76","population":332,"surface_km2":16.54,"lat":44.1018,"lon":4.4018},{"code_insee":"30057","nom":"Cabrières","codes_postaux":["30210"],"code_dep":"30","code_region":"76","population":1817,"surface_km2":14.84,"lat":43.9079,"lon":4.4687},{"code_insee":"30058","nom":"La Cadière-et-Cambo","codes_postaux":["30170"],"code_dep":"30","code_region":"76","population":230,"surface_km2":11.97,"lat":43.9677,"lon":3.8097},{"code_insee":"30059","nom":"Le Cailar","codes_postaux":["30740"],"code_dep":"30","code_region":"76","population":2578,"surface_km2":30.18,"lat":43.653,"lon":4.2417},{"code_insee":"30060","nom":"Caissargues","codes_postaux":["30132"],"code_dep":"30","code_region":"76","population":4079,"surface_km2":8.59,"lat":43.7924,"lon":4.3919},{"code_insee":"30061","nom":"La Calmette","codes_postaux":["30190"],"code_dep":"30","code_region":"76","population":2604,"surface_km2":11.31,"lat":43.9272,"lon":4.2649},{"code_insee":"30062","nom":"Calvisson","codes_postaux":["30420"],"code_dep":"30","code_region":"76","population":6486,"surface_km2":29.01,"lat":43.7853,"lon":4.189},{"code_insee":"30064","nom":"Campestre-et-Luc","codes_postaux":["30770"],"code_dep":"30","code_region":"76","population":163,"surface_km2":38.36,"lat":43.9397,"lon":3.4064},{"code_insee":"30065","nom":"Canaules-et-Argentières","codes_postaux":["30350"],"code_dep":"30","code_region":"76","population":475,"surface_km2":10.07,"lat":43.9788,"lon":4.0473},{"code_insee":"30066","nom":"Cannes-et-Clairan","codes_postaux":["30260"],"code_dep":"30","code_region":"76","population":617,"surface_km2":12.13,"lat":43.9101,"lon":4.0879},{"code_insee":"30067","nom":"La Capelle-et-Masmolène","codes_postaux":["30700"],"code_dep":"30","code_region":"76","population":441,"surface_km2":24.93,"lat":44.0437,"lon":4.5309},{"code_insee":"30068","nom":"Cardet","codes_postaux":["30350"],"code_dep":"30","code_region":"76","population":933,"surface_km2":8.26,"lat":44.0143,"lon":4.0897},{"code_insee":"30069","nom":"Carnas","codes_postaux":["30260"],"code_dep":"30","code_region":"76","population":537,"surface_km2":15.81,"lat":43.8334,"lon":3.9886},{"code_insee":"30070","nom":"Carsan","codes_postaux":["30130"],"code_dep":"30","code_region":"76","population":768,"surface_km2":11.79,"lat":44.23,"lon":4.5838},{"code_insee":"30071","nom":"Cassagnoles","codes_postaux":["30350"],"code_dep":"30","code_region":"76","population":457,"surface_km2":5.19,"lat":44.019,"lon":4.1254},{"code_insee":"30072","nom":"Castelnau-Valence","codes_postaux":["30190"],"code_dep":"30","code_region":"76","population":469,"surface_km2":10.28,"lat":44.0076,"lon":4.2407},{"code_insee":"30073","nom":"Castillon-du-Gard","codes_postaux":["30210"],"code_dep":"30","code_region":"76","population":1695,"surface_km2":17.75,"lat":43.98,"lon":4.5599},{"code_insee":"30074","nom":"Causse-Bégon","codes_postaux":["30750"],"code_dep":"30","code_region":"76","population":25,"surface_km2":7.8,"lat":44.064,"lon":3.3562},{"code_insee":"30075","nom":"Caveirac","codes_postaux":["30820"],"code_dep":"30","code_region":"76","population":4408,"surface_km2":15.34,"lat":43.8344,"lon":4.2723},{"code_insee":"30076","nom":"Cavillargues","codes_postaux":["30330"],"code_dep":"30","code_region":"76","population":849,"surface_km2":11.17,"lat":44.1194,"lon":4.5178},{"code_insee":"30077","nom":"Cendras","codes_postaux":["30480"],"code_dep":"30","code_region":"76","population":1599,"surface_km2":13.02,"lat":44.1531,"lon":4.036},{"code_insee":"30079","nom":"Chambon","codes_postaux":["30450"],"code_dep":"30","code_region":"76","population":260,"surface_km2":14.47,"lat":44.3038,"lon":4.0155},{"code_insee":"30080","nom":"Chamborigaud","codes_postaux":["30530"],"code_dep":"30","code_region":"76","population":884,"surface_km2":18.0,"lat":44.303,"lon":3.9661},{"code_insee":"30081","nom":"Chusclan","codes_postaux":["30200"],"code_dep":"30","code_region":"76","population":980,"surface_km2":13.23,"lat":44.1549,"lon":4.6902},{"code_insee":"30082","nom":"Clarensac","codes_postaux":["30870"],"code_dep":"30","code_region":"76","population":4386,"surface_km2":14.68,"lat":43.8357,"lon":4.2251},{"code_insee":"30083","nom":"Codognan","codes_postaux":["30920"],"code_dep":"30","code_region":"76","population":2529,"surface_km2":4.67,"lat":43.7228,"lon":4.2293},{"code_insee":"30084","nom":"Codolet","codes_postaux":["30200"],"code_dep":"30","code_region":"76","population":597,"surface_km2":5.42,"lat":44.1267,"lon":4.7002},{"code_insee":"30085","nom":"Collias","codes_postaux":["30210"],"code_dep":"30","code_region":"76","population":1095,"surface_km2":21.13,"lat":43.9493,"lon":4.4719},{"code_insee":"30086","nom":"Collorgues","codes_postaux":["30190"],"code_dep":"30","code_region":"76","population":671,"surface_km2":9.27,"lat":44.0146,"lon":4.2901},{"code_insee":"30087","nom":"Colognac","codes_postaux":["30460"],"code_dep":"30","code_region":"76","population":190,"surface_km2":12.4,"lat":44.0328,"lon":3.8175},{"code_insee":"30088","nom":"Combas","codes_postaux":["30250"],"code_dep":"30","code_region":"76","population":780,"surface_km2":16.06,"lat":43.8597,"lon":4.1158},{"code_insee":"30089","nom":"Comps","codes_postaux":["30300"],"code_dep":"30","code_region":"76","population":1688,"surface_km2":8.42,"lat":43.8489,"lon":4.5863},{"code_insee":"30090","nom":"Concoules","codes_postaux":["30450"],"code_dep":"30","code_region":"76","population":277,"surface_km2":16.32,"lat":44.3684,"lon":3.9356},{"code_insee":"30091","nom":"Congénies","codes_postaux":["30111"],"code_dep":"30","code_region":"76","population":1617,"surface_km2":8.72,"lat":43.7752,"lon":4.1583},{"code_insee":"30092","nom":"Connaux","codes_postaux":["30330"],"code_dep":"30","code_region":"76","population":1705,"surface_km2":9.46,"lat":44.0744,"lon":4.6019},{"code_insee":"30093","nom":"Conqueyrac","codes_postaux":["30170"],"code_dep":"30","code_region":"76","population":117,"surface_km2":27.62,"lat":43.9369,"lon":3.9032},{"code_insee":"30095","nom":"Corconne","codes_postaux":["30260"],"code_dep":"30","code_region":"76","population":620,"surface_km2":13.1,"lat":43.874,"lon":3.9406},{"code_insee":"30096","nom":"Cornillon","codes_postaux":["30630"],"code_dep":"30","code_region":"76","population":897,"surface_km2":15.56,"lat":44.2189,"lon":4.4931},{"code_insee":"30097","nom":"Courry","codes_postaux":["30500"],"code_dep":"30","code_region":"76","population":281,"surface_km2":8.31,"lat":44.303,"lon":4.1622},{"code_insee":"30098","nom":"Crespian","codes_postaux":["30260"],"code_dep":"30","code_region":"76","population":522,"surface_km2":7.97,"lat":43.8827,"lon":4.1111},{"code_insee":"30099","nom":"Cros","codes_postaux":["30170"],"code_dep":"30","code_region":"76","population":265,"surface_km2":16.78,"lat":44.0021,"lon":3.8204},{"code_insee":"30100","nom":"Cruviers-Lascours","codes_postaux":["30360"],"code_dep":"30","code_region":"76","population":707,"surface_km2":5.58,"lat":44.0128,"lon":4.1924},{"code_insee":"30101","nom":"Deaux","codes_postaux":["30360"],"code_dep":"30","code_region":"76","population":638,"surface_km2":5.92,"lat":44.0698,"lon":4.1575},{"code_insee":"30102","nom":"Dions","codes_postaux":["30190"],"code_dep":"30","code_region":"76","population":527,"surface_km2":11.62,"lat":43.9248,"lon":4.2924},{"code_insee":"30103","nom":"Domazan","codes_postaux":["30390"],"code_dep":"30","code_region":"76","population":960,"surface_km2":11.37,"lat":43.9402,"lon":4.6557},{"code_insee":"30104","nom":"Domessargues","codes_postaux":["30350"],"code_dep":"30","code_region":"76","population":782,"surface_km2":7.53,"lat":43.973,"lon":4.1662},{"code_insee":"30105","nom":"Dourbies","codes_postaux":["30750"],"code_dep":"30","code_region":"76","population":177,"surface_km2":61.16,"lat":44.0664,"lon":3.4956},{"code_insee":"30106","nom":"Durfort-et-Saint-Martin-de-Sossenac","codes_postaux":["30170"],"code_dep":"30","code_region":"76","population":756,"surface_km2":16.31,"lat":43.9874,"lon":3.948},{"code_insee":"30107","nom":"Estézargues","codes_postaux":["30390"],"code_dep":"30","code_region":"76","population":605,"surface_km2":11.64,"lat":43.956,"lon":4.6369},{"code_insee":"30108","nom":"L'Estréchure","codes_postaux":["30124"],"code_dep":"30","code_region":"76","population":151,"surface_km2":19.46,"lat":44.1016,"lon":3.7852},{"code_insee":"30109","nom":"Euzet","codes_postaux":["30360"],"code_dep":"30","code_region":"76","population":510,"surface_km2":6.86,"lat":44.0736,"lon":4.2372},{"code_insee":"30110","nom":"Flaux","codes_postaux":["30700"],"code_dep":"30","code_region":"76","population":336,"surface_km2":11.03,"lat":44.0126,"lon":4.5114},{"code_insee":"30111","nom":"Foissac","codes_postaux":["30700"],"code_dep":"30","code_region":"76","population":445,"surface_km2":3.9,"lat":44.0356,"lon":4.3},{"code_insee":"30112","nom":"Fons","codes_postaux":["30730"],"code_dep":"30","code_region":"76","population":1735,"surface_km2":9.37,"lat":43.9073,"lon":4.1801},{"code_insee":"30113","nom":"Fons-sur-Lussan","codes_postaux":["30580"],"code_dep":"30","code_region":"76","population":241,"surface_km2":10.61,"lat":44.1866,"lon":4.3251},{"code_insee":"30114","nom":"Fontanès","codes_postaux":["30250"],"code_dep":"30","code_region":"76","population":700,"surface_km2":14.42,"lat":43.8297,"lon":4.0969},{"code_insee":"30115","nom":"Fontarèches","codes_postaux":["30580"],"code_dep":"30","code_region":"76","population":256,"surface_km2":13.36,"lat":44.1118,"lon":4.4278},{"code_insee":"30116","nom":"Fournès","codes_postaux":["30210"],"code_dep":"30","code_region":"76","population":1047,"surface_km2":17.72,"lat":43.9378,"lon":4.6035},{"code_insee":"30117","nom":"Fourques","codes_postaux":["30300"],"code_dep":"30","code_region":"76","population":2680,"surface_km2":38.29,"lat":43.7105,"lon":4.5459},{"code_insee":"30119","nom":"Fressac","codes_postaux":["30170"],"code_dep":"30","code_region":"76","population":163,"surface_km2":5.96,"lat":43.9968,"lon":3.923},{"code_insee":"30120","nom":"Gagnières","codes_postaux":["30160"],"code_dep":"30","code_region":"76","population":1102,"surface_km2":11.23,"lat":44.3157,"lon":4.1175},{"code_insee":"30121","nom":"Gailhan","codes_postaux":["30260"],"code_dep":"30","code_region":"76","population":313,"surface_km2":5.49,"lat":43.8467,"lon":4.031},{"code_insee":"30122","nom":"Gajan","codes_postaux":["30730"],"code_dep":"30","code_region":"76","population":789,"surface_km2":11.0,"lat":43.8976,"lon":4.2239},{"code_insee":"30123","nom":"Gallargues-le-Montueux","codes_postaux":["30660"],"code_dep":"30","code_region":"76","population":3659,"surface_km2":10.87,"lat":43.7137,"lon":4.1708},{"code_insee":"30124","nom":"Le Garn","codes_postaux":["30760"],"code_dep":"30","code_region":"76","population":277,"surface_km2":11.1,"lat":44.3161,"lon":4.4685},{"code_insee":"30125","nom":"Garons","codes_postaux":["30128"],"code_dep":"30","code_region":"76","population":5381,"surface_km2":12.47,"lat":43.7706,"lon":4.4397},{"code_insee":"30126","nom":"Garrigues-Sainte-Eulalie","codes_postaux":["30190"],"code_dep":"30","code_region":"76","population":776,"surface_km2":9.93,"lat":43.991,"lon":4.303},{"code_insee":"30127","nom":"Gaujac","codes_postaux":["30330"],"code_dep":"30","code_region":"76","population":1129,"surface_km2":10.27,"lat":44.0755,"lon":4.5744},{"code_insee":"30128","nom":"Générac","codes_postaux":["30510"],"code_dep":"30","code_region":"76","population":4046,"surface_km2":24.46,"lat":43.719,"lon":4.3587},{"code_insee":"30129","nom":"Générargues","codes_postaux":["30140"],"code_dep":"30","code_region":"76","population":727,"surface_km2":10.64,"lat":44.0797,"lon":3.9941},{"code_insee":"30130","nom":"Génolhac","codes_postaux":["30450"],"code_dep":"30","code_region":"76","population":815,"surface_km2":17.3,"lat":44.3391,"lon":3.9481},{"code_insee":"30131","nom":"Goudargues","codes_postaux":["30630"],"code_dep":"30","code_region":"76","population":1125,"surface_km2":30.37,"lat":44.2099,"lon":4.4366},{"code_insee":"30132","nom":"La Grand-Combe","codes_postaux":["30110"],"code_dep":"30","code_region":"76","population":4783,"surface_km2":12.43,"lat":44.2261,"lon":4.0303},{"code_insee":"30133","nom":"Le Grau-du-Roi","codes_postaux":["30240"],"code_dep":"30","code_region":"76","population":8588,"surface_km2":57.24,"lat":43.5149,"lon":4.1704},{"code_insee":"30134","nom":"Issirac","codes_postaux":["30760"],"code_dep":"30","code_region":"76","population":321,"surface_km2":20.34,"lat":44.2704,"lon":4.4747},{"code_insee":"30135","nom":"Jonquières-Saint-Vincent","codes_postaux":["30300"],"code_dep":"30","code_region":"76","population":3875,"surface_km2":21.36,"lat":43.8305,"lon":4.559},{"code_insee":"30136","nom":"Junas","codes_postaux":["30250"],"code_dep":"30","code_region":"76","population":1343,"surface_km2":7.79,"lat":43.7589,"lon":4.1204},{"code_insee":"30137","nom":"Lamelouze","codes_postaux":["30110"],"code_dep":"30","code_region":"76","population":139,"surface_km2":8.88,"lat":44.1942,"lon":3.9606},{"code_insee":"30138","nom":"Langlade","codes_postaux":["30980"],"code_dep":"30","code_region":"76","population":2329,"surface_km2":9.06,"lat":43.8021,"lon":4.2559},{"code_insee":"30139","nom":"Lanuéjols","codes_postaux":["30750"],"code_dep":"30","code_region":"76","population":341,"surface_km2":62.76,"lat":44.124,"lon":3.3764},{"code_insee":"30140","nom":"Lasalle","codes_postaux":["30460"],"code_dep":"30","code_region":"76","population":1202,"surface_km2":10.14,"lat":44.0403,"lon":3.85},{"code_insee":"30141","nom":"Laudun-l'Ardoise","codes_postaux":["30290"],"code_dep":"30","code_region":"76","population":6835,"surface_km2":34.1,"lat":44.1051,"lon":4.6615},{"code_insee":"30142","nom":"Laval-Pradel","codes_postaux":["30110"],"code_dep":"30","code_region":"76","population":1125,"surface_km2":17.71,"lat":44.2145,"lon":4.0648},{"code_insee":"30143","nom":"Laval-Saint-Roman","codes_postaux":["30760"],"code_dep":"30","code_region":"76","population":213,"surface_km2":10.49,"lat":44.3015,"lon":4.507},{"code_insee":"30144","nom":"Lecques","codes_postaux":["30250"],"code_dep":"30","code_region":"76","population":473,"surface_km2":5.24,"lat":43.8423,"lon":4.0561},{"code_insee":"30145","nom":"Lédenon","codes_postaux":["30210"],"code_dep":"30","code_region":"76","population":1685,"surface_km2":19.37,"lat":43.9104,"lon":4.5194},{"code_insee":"30146","nom":"Lédignan","codes_postaux":["30350"],"code_dep":"30","code_region":"76","population":1516,"surface_km2":6.95,"lat":43.9884,"lon":4.1112},{"code_insee":"30147","nom":"Lézan","codes_postaux":["30350"],"code_dep":"30","code_region":"76","population":1561,"surface_km2":9.39,"lat":44.0119,"lon":4.0522},{"code_insee":"30148","nom":"Liouc","codes_postaux":["30260"],"code_dep":"30","code_region":"76","population":330,"surface_km2":9.64,"lat":43.8896,"lon":3.9833},{"code_insee":"30149","nom":"Lirac","codes_postaux":["30126"],"code_dep":"30","code_region":"76","population":955,"surface_km2":9.8,"lat":44.0321,"lon":4.6796},{"code_insee":"30150","nom":"Logrian-Florian","codes_postaux":["30610"],"code_dep":"30","code_region":"76","population":270,"surface_km2":8.75,"lat":43.9483,"lon":4.0221},{"code_insee":"30151","nom":"Lussan","codes_postaux":["30580"],"code_dep":"30","code_region":"76","population":545,"surface_km2":46.81,"lat":44.1663,"lon":4.3712},{"code_insee":"30152","nom":"Les Mages","codes_postaux":["30960"],"code_dep":"30","code_region":"76","population":2106,"surface_km2":12.67,"lat":44.2272,"lon":4.1787},{"code_insee":"30153","nom":"Malons-et-Elze","codes_postaux":["30450"],"code_dep":"30","code_region":"76","population":111,"surface_km2":31.16,"lat":44.4221,"lon":4.0197},{"code_insee":"30154","nom":"Mandagout","codes_postaux":["30120"],"code_dep":"30","code_region":"76","population":368,"surface_km2":15.09,"lat":44.0257,"lon":3.6275},{"code_insee":"30155","nom":"Manduel","codes_postaux":["30129"],"code_dep":"30","code_region":"76","population":7044,"surface_km2":26.49,"lat":43.8084,"lon":4.4962},{"code_insee":"30156","nom":"Marguerittes","codes_postaux":["30320"],"code_dep":"30","code_region":"76","population":8346,"surface_km2":25.35,"lat":43.8661,"lon":4.4594},{"code_insee":"30158","nom":"Martignargues","codes_postaux":["30360"],"code_dep":"30","code_region":"76","population":439,"surface_km2":4.99,"lat":44.041,"lon":4.1807},{"code_insee":"30159","nom":"Le Martinet","codes_postaux":["30960"],"code_dep":"30","code_region":"76","population":719,"surface_km2":10.39,"lat":44.2525,"lon":4.0844},{"code_insee":"30160","nom":"Maruéjols-lès-Gardon","codes_postaux":["30350"],"code_dep":"30","code_region":"76","population":259,"surface_km2":3.77,"lat":44.0064,"lon":4.1346},{"code_insee":"30161","nom":"Massanes","codes_postaux":["30350"],"code_dep":"30","code_region":"76","population":184,"surface_km2":1.69,"lat":44.023,"lon":4.1103},{"code_insee":"30162","nom":"Massillargues-Attuech","codes_postaux":["30140"],"code_dep":"30","code_region":"76","population":672,"surface_km2":6.3,"lat":44.0161,"lon":4.0221},{"code_insee":"30163","nom":"Mauressargues","codes_postaux":["30350"],"code_dep":"30","code_region":"76","population":188,"surface_km2":5.71,"lat":43.9547,"lon":4.1625},{"code_insee":"30164","nom":"Méjannes-le-Clap","codes_postaux":["30430"],"code_dep":"30","code_region":"76","population":733,"surface_km2":38.49,"lat":44.233,"lon":4.3602},{"code_insee":"30165","nom":"Méjannes-lès-Alès","codes_postaux":["30340"],"code_dep":"30","code_region":"76","population":1243,"surface_km2":6.68,"lat":44.1015,"lon":4.1519},{"code_insee":"30166","nom":"Meynes","codes_postaux":["30840"],"code_dep":"30","code_region":"76","population":2597,"surface_km2":16.62,"lat":43.8765,"lon":4.5524},{"code_insee":"30167","nom":"Meyrannes","codes_postaux":["30410"],"code_dep":"30","code_region":"76","population":792,"surface_km2":6.65,"lat":44.2766,"lon":4.1611},{"code_insee":"30168","nom":"Mialet","codes_postaux":["30140"],"code_dep":"30","code_region":"76","population":628,"surface_km2":30.94,"lat":44.1225,"lon":3.9345},{"code_insee":"30169","nom":"Milhaud","codes_postaux":["30540"],"code_dep":"30","code_region":"76","population":6297,"surface_km2":18.41,"lat":43.7831,"lon":4.3081},{"code_insee":"30170","nom":"Molières-Cavaillac","codes_postaux":["30120"],"code_dep":"30","code_region":"76","population":905,"surface_km2":7.66,"lat":43.972,"lon":3.5708},{"code_insee":"30171","nom":"Molières-sur-Cèze","codes_postaux":["30410"],"code_dep":"30","code_region":"76","population":1176,"surface_km2":8.68,"lat":44.2617,"lon":4.1534},{"code_insee":"30172","nom":"Monoblet","codes_postaux":["30170"],"code_dep":"30","code_region":"76","population":787,"surface_km2":21.37,"lat":43.9971,"lon":3.8814},{"code_insee":"30173","nom":"Mons","codes_postaux":["30340"],"code_dep":"30","code_region":"76","population":1813,"surface_km2":16.02,"lat":44.122,"lon":4.178},{"code_insee":"30174","nom":"Montaren-et-Saint-Médiers","codes_postaux":["30700"],"code_dep":"30","code_region":"76","population":1397,"surface_km2":19.37,"lat":44.0449,"lon":4.383},{"code_insee":"30175","nom":"Montclus","codes_postaux":["30630"],"code_dep":"30","code_region":"76","population":179,"surface_km2":21.99,"lat":44.2664,"lon":4.4189},{"code_insee":"30176","nom":"Montdardier","codes_postaux":["30120"],"code_dep":"30","code_region":"76","population":209,"surface_km2":35.44,"lat":43.9292,"lon":3.5791},{"code_insee":"30177","nom":"Monteils","codes_postaux":["30360"],"code_dep":"30","code_region":"76","population":692,"surface_km2":7.08,"lat":44.0877,"lon":4.1823},{"code_insee":"30178","nom":"Montfaucon","codes_postaux":["30150"],"code_dep":"30","code_region":"76","population":1540,"surface_km2":4.06,"lat":44.0765,"lon":4.7348},{"code_insee":"30179","nom":"Montfrin","codes_postaux":["30490"],"code_dep":"30","code_region":"76","population":3122,"surface_km2":15.44,"lat":43.8769,"lon":4.5869},{"code_insee":"30180","nom":"Montignargues","codes_postaux":["30190"],"code_dep":"30","code_region":"76","population":556,"surface_km2":4.52,"lat":43.9322,"lon":4.205},{"code_insee":"30181","nom":"Montmirat","codes_postaux":["30260"],"code_dep":"30","code_region":"76","population":469,"surface_km2":9.59,"lat":43.9062,"lon":4.121},{"code_insee":"30182","nom":"Montpezat","codes_postaux":["30730"],"code_dep":"30","code_region":"76","population":1402,"surface_km2":12.05,"lat":43.8575,"lon":4.162},{"code_insee":"30183","nom":"Moulézan","codes_postaux":["30350"],"code_dep":"30","code_region":"76","population":637,"surface_km2":11.32,"lat":43.9261,"lon":4.1307},{"code_insee":"30184","nom":"Moussac","codes_postaux":["30190"],"code_dep":"30","code_region":"76","population":1564,"surface_km2":7.56,"lat":43.9789,"lon":4.2342},{"code_insee":"30185","nom":"Mus","codes_postaux":["30121"],"code_dep":"30","code_region":"76","population":1646,"surface_km2":2.64,"lat":43.737,"lon":4.203},{"code_insee":"30186","nom":"Nages-et-Solorgues","codes_postaux":["30114"],"code_dep":"30","code_region":"76","population":2212,"surface_km2":6.19,"lat":43.7857,"lon":4.2347},{"code_insee":"30187","nom":"Navacelles","codes_postaux":["30580"],"code_dep":"30","code_region":"76","population":317,"surface_km2":11.11,"lat":44.1645,"lon":4.2338},{"code_insee":"30188","nom":"Ners","codes_postaux":["30360"],"code_dep":"30","code_region":"76","population":830,"surface_km2":4.96,"lat":44.0245,"lon":4.1591},{"code_insee":"30189","nom":"Nîmes","codes_postaux":["30000","30900"],"code_dep":"30","code_region":"76","population":151839,"surface_km2":161.18,"lat":43.8322,"lon":4.3429},{"code_insee":"30191","nom":"Orsan","codes_postaux":["30200"],"code_dep":"30","code_region":"76","population":1190,"surface_km2":6.98,"lat":44.1371,"lon":4.6626},{"code_insee":"30192","nom":"Orthoux-Sérignac-Quilhan","codes_postaux":["30260"],"code_dep":"30","code_region":"76","population":440,"surface_km2":14.07,"lat":43.8838,"lon":4.0392},{"code_insee":"30193","nom":"Parignargues","codes_postaux":["30730"],"code_dep":"30","code_region":"76","population":629,"surface_km2":11.0,"lat":43.8679,"lon":4.2129},{"code_insee":"30194","nom":"Peyremale","codes_postaux":["30160"],"code_dep":"30","code_region":"76","population":272,"surface_km2":8.7,"lat":44.2989,"lon":4.0581},{"code_insee":"30195","nom":"Peyrolles","codes_postaux":["30124"],"code_dep":"30","code_region":"76","population":30,"surface_km2":8.3,"lat":44.1065,"lon":3.8279},{"code_insee":"30196","nom":"Le Pin","codes_postaux":["30330"],"code_dep":"30","code_region":"76","population":474,"surface_km2":6.01,"lat":44.0901,"lon":4.5353},{"code_insee":"30197","nom":"Les Plans","codes_postaux":["30340"],"code_dep":"30","code_region":"76","population":292,"surface_km2":6.21,"lat":44.1416,"lon":4.2103},{"code_insee":"30198","nom":"Les Plantiers","codes_postaux":["30122"],"code_dep":"30","code_region":"76","population":228,"surface_km2":31.0,"lat":44.1055,"lon":3.7063},{"code_insee":"30199","nom":"Pommiers","codes_postaux":["30120"],"code_dep":"30","code_region":"76","population":58,"surface_km2":6.46,"lat":43.9492,"lon":3.622},{"code_insee":"30200","nom":"Pompignan","codes_postaux":["30170"],"code_dep":"30","code_region":"76","population":908,"surface_km2":41.32,"lat":43.8966,"lon":3.8659},{"code_insee":"30201","nom":"Ponteils-et-Brésis","codes_postaux":["30450"],"code_dep":"30","code_region":"76","population":365,"surface_km2":27.67,"lat":44.4026,"lon":3.96},{"code_insee":"30202","nom":"Pont-Saint-Esprit","codes_postaux":["30130"],"code_dep":"30","code_region":"76","population":10958,"surface_km2":18.74,"lat":44.2518,"lon":4.6422},{"code_insee":"30203","nom":"Portes","codes_postaux":["30530"],"code_dep":"30","code_region":"76","population":320,"surface_km2":14.57,"lat":44.2629,"lon":4.0328},{"code_insee":"30204","nom":"Potelières","codes_postaux":["30500"],"code_dep":"30","code_region":"76","population":363,"surface_km2":6.54,"lat":44.2226,"lon":4.2256},{"code_insee":"30205","nom":"Pougnadoresse","codes_postaux":["30330"],"code_dep":"30","code_region":"76","population":271,"surface_km2":7.72,"lat":44.0912,"lon":4.5098},{"code_insee":"30206","nom":"Poulx","codes_postaux":["30320"],"code_dep":"30","code_region":"76","population":4348,"surface_km2":11.99,"lat":43.9142,"lon":4.422},{"code_insee":"30207","nom":"Pouzilhac","codes_postaux":["30210"],"code_dep":"30","code_region":"76","population":756,"surface_km2":16.07,"lat":44.042,"lon":4.5831},{"code_insee":"30208","nom":"Puechredon","codes_postaux":["30610"],"code_dep":"30","code_region":"76","population":49,"surface_km2":7.92,"lat":43.9434,"lon":4.055},{"code_insee":"30209","nom":"Pujaut","codes_postaux":["30131"],"code_dep":"30","code_region":"76","population":3982,"surface_km2":23.67,"lat":44.0002,"lon":4.7645},{"code_insee":"30210","nom":"Quissac","codes_postaux":["30260"],"code_dep":"30","code_region":"76","population":3528,"surface_km2":23.22,"lat":43.9213,"lon":3.9985},{"code_insee":"30211","nom":"Redessan","codes_postaux":["30129"],"code_dep":"30","code_region":"76","population":4211,"surface_km2":15.66,"lat":43.8298,"lon":4.5113},{"code_insee":"30212","nom":"Remoulins","codes_postaux":["30210"],"code_dep":"30","code_region":"76","population":2278,"surface_km2":8.27,"lat":43.9384,"lon":4.5629},{"code_insee":"30213","nom":"Revens","codes_postaux":["30750"],"code_dep":"30","code_region":"76","population":37,"surface_km2":14.0,"lat":44.0914,"lon":3.3068},{"code_insee":"30214","nom":"Ribaute-les-Tavernes","codes_postaux":["30720"],"code_dep":"30","code_region":"76","population":2040,"surface_km2":14.21,"lat":44.0434,"lon":4.09},{"code_insee":"30215","nom":"Rivières","codes_postaux":["30430"],"code_dep":"30","code_region":"76","population":417,"surface_km2":9.68,"lat":44.2167,"lon":4.2859},{"code_insee":"30216","nom":"Robiac-Rochessadoule","codes_postaux":["30160"],"code_dep":"30","code_region":"76","population":832,"surface_km2":10.56,"lat":44.2672,"lon":4.0931},{"code_insee":"30217","nom":"Rochefort-du-Gard","codes_postaux":["30650"],"code_dep":"30","code_region":"76","population":8117,"surface_km2":34.14,"lat":43.9841,"lon":4.682},{"code_insee":"30218","nom":"Rochegude","codes_postaux":["30430"],"code_dep":"30","code_region":"76","population":243,"surface_km2":12.13,"lat":44.2388,"lon":4.2837},{"code_insee":"30219","nom":"Rogues","codes_postaux":["30120"],"code_dep":"30","code_region":"76","population":83,"surface_km2":30.61,"lat":43.8781,"lon":3.5603},{"code_insee":"30220","nom":"Roquedur","codes_postaux":["30440"],"code_dep":"30","code_region":"76","population":266,"surface_km2":11.02,"lat":43.976,"lon":3.662},{"code_insee":"30221","nom":"Roquemaure","codes_postaux":["30150"],"code_dep":"30","code_region":"76","population":5529,"surface_km2":26.19,"lat":44.0443,"lon":4.7598},{"code_insee":"30222","nom":"La Roque-sur-Cèze","codes_postaux":["30200"],"code_dep":"30","code_region":"76","population":172,"surface_km2":8.38,"lat":44.1932,"lon":4.5201},{"code_insee":"30223","nom":"Rousson","codes_postaux":["30340"],"code_dep":"30","code_region":"76","population":4456,"surface_km2":33.04,"lat":44.1956,"lon":4.1526},{"code_insee":"30224","nom":"La Rouvière","codes_postaux":["30190"],"code_dep":"30","code_region":"76","population":693,"surface_km2":7.94,"lat":43.9182,"lon":4.2349},{"code_insee":"30225","nom":"Sabran","codes_postaux":["30200"],"code_dep":"30","code_region":"76","population":1591,"surface_km2":35.71,"lat":44.1531,"lon":4.5467},{"code_insee":"30226","nom":"Saint-Alexandre","codes_postaux":["30130"],"code_dep":"30","code_region":"76","population":1245,"surface_km2":12.95,"lat":44.224,"lon":4.6373},{"code_insee":"30227","nom":"Saint-Ambroix","codes_postaux":["30500"],"code_dep":"30","code_region":"76","population":3445,"surface_km2":11.93,"lat":44.2489,"lon":4.1913},{"code_insee":"30228","nom":"Sainte-Anastasie","codes_postaux":["30190"],"code_dep":"30","code_region":"76","population":1738,"surface_km2":43.68,"lat":43.9312,"lon":4.3477},{"code_insee":"30229","nom":"Saint-André-de-Majencoules","codes_postaux":["30570"],"code_dep":"30","code_region":"76","population":599,"surface_km2":22.03,"lat":44.0245,"lon":3.6846},{"code_insee":"30230","nom":"Saint-André-de-Roquepertuis","codes_postaux":["30630"],"code_dep":"30","code_region":"76","population":562,"surface_km2":12.21,"lat":44.2382,"lon":4.4448},{"code_insee":"30231","nom":"Saint-André-de-Valborgne","codes_postaux":["30940"],"code_dep":"30","code_region":"76","population":366,"surface_km2":48.94,"lat":44.15,"lon":3.6998},{"code_insee":"30232","nom":"Saint-André-d'Olérargues","codes_postaux":["30330"],"code_dep":"30","code_region":"76","population":443,"surface_km2":9.8,"lat":44.1644,"lon":4.4988},{"code_insee":"30233","nom":"Saint-Bauzély","codes_postaux":["30730"],"code_dep":"30","code_region":"76","population":678,"surface_km2":5.04,"lat":43.9215,"lon":4.1933},{"code_insee":"30234","nom":"Saint-Bénézet","codes_postaux":["30350"],"code_dep":"30","code_region":"76","population":290,"surface_km2":6.4,"lat":43.9903,"lon":4.1348},{"code_insee":"30235","nom":"Saint-Bonnet-du-Gard","codes_postaux":["30210"],"code_dep":"30","code_region":"76","population":798,"surface_km2":6.76,"lat":43.9267,"lon":4.5403},{"code_insee":"30236","nom":"Saint-Bonnet-de-Salendrinque","codes_postaux":["30460"],"code_dep":"30","code_region":"76","population":129,"surface_km2":3.6,"lat":44.0364,"lon":3.8735},{"code_insee":"30237","nom":"Saint-Brès","codes_postaux":["30500"],"code_dep":"30","code_region":"76","population":702,"surface_km2":11.35,"lat":44.2829,"lon":4.2},{"code_insee":"30238","nom":"Saint-Bresson","codes_postaux":["30440"],"code_dep":"30","code_region":"76","population":73,"surface_km2":8.55,"lat":43.956,"lon":3.6447},{"code_insee":"30239","nom":"Sainte-Cécile-d'Andorge","codes_postaux":["30110"],"code_dep":"30","code_region":"76","population":525,"surface_km2":19.03,"lat":44.2574,"lon":3.9763},{"code_insee":"30240","nom":"Saint-Césaire-de-Gauzignan","codes_postaux":["30360"],"code_dep":"30","code_region":"76","population":391,"surface_km2":6.88,"lat":44.036,"lon":4.2019},{"code_insee":"30241","nom":"Saint-Chaptes","codes_postaux":["30190"],"code_dep":"30","code_region":"76","population":2055,"surface_km2":13.0,"lat":43.9677,"lon":4.2773},{"code_insee":"30242","nom":"Saint-Christol-de-Rodières","codes_postaux":["30760"],"code_dep":"30","code_region":"76","population":160,"surface_km2":7.97,"lat":44.2605,"lon":4.5172},{"code_insee":"30243","nom":"Saint-Christol-lez-Alès","codes_postaux":["30380"],"code_dep":"30","code_region":"76","population":7310,"surface_km2":20.24,"lat":44.083,"lon":4.0682},{"code_insee":"30244","nom":"Saint-Clément","codes_postaux":["30260"],"code_dep":"30","code_region":"76","population":364,"surface_km2":4.92,"lat":43.828,"lon":4.0267},{"code_insee":"30245","nom":"Saint-Côme-et-Maruéjols","codes_postaux":["30870"],"code_dep":"30","code_region":"76","population":798,"surface_km2":13.09,"lat":43.833,"lon":4.1866},{"code_insee":"30246","nom":"Sainte-Croix-de-Caderle","codes_postaux":["30460"],"code_dep":"30","code_region":"76","population":97,"surface_km2":7.71,"lat":44.0666,"lon":3.8675},{"code_insee":"30247","nom":"Saint-Denis","codes_postaux":["30500"],"code_dep":"30","code_region":"76","population":296,"surface_km2":3.67,"lat":44.2359,"lon":4.2475},{"code_insee":"30248","nom":"Saint-Dézéry","codes_postaux":["30190"],"code_dep":"30","code_region":"76","population":457,"surface_km2":6.0,"lat":43.9978,"lon":4.2653},{"code_insee":"30249","nom":"Saint-Dionisy","codes_postaux":["30980"],"code_dep":"30","code_region":"76","population":1058,"surface_km2":3.43,"lat":43.8056,"lon":4.2232},{"code_insee":"30250","nom":"Saint-Étienne-de-l'Olm","codes_postaux":["30360"],"code_dep":"30","code_region":"76","population":379,"surface_km2":4.19,"lat":44.0619,"lon":4.1829},{"code_insee":"30251","nom":"Saint-Étienne-des-Sorts","codes_postaux":["30200"],"code_dep":"30","code_region":"76","population":545,"surface_km2":9.72,"lat":44.18,"lon":4.6999},{"code_insee":"30252","nom":"Saint-Félix-de-Pallières","codes_postaux":["30140"],"code_dep":"30","code_region":"76","population":194,"surface_km2":18.9,"lat":44.0253,"lon":3.9238},{"code_insee":"30253","nom":"Saint-Florent-sur-Auzonnet","codes_postaux":["30960"],"code_dep":"30","code_region":"76","population":1218,"surface_km2":9.3,"lat":44.24,"lon":4.1067},{"code_insee":"30254","nom":"Saint-Geniès-de-Comolas","codes_postaux":["30150"],"code_dep":"30","code_region":"76","population":2014,"surface_km2":8.34,"lat":44.0679,"lon":4.7299},{"code_insee":"30255","nom":"Saint-Geniès-de-Malgoirès","codes_postaux":["30190"],"code_dep":"30","code_region":"76","population":3225,"surface_km2":12.03,"lat":43.9477,"lon":4.214},{"code_insee":"30256","nom":"Saint-Gervais","codes_postaux":["30200"],"code_dep":"30","code_region":"76","population":801,"surface_km2":11.83,"lat":44.1949,"lon":4.5786},{"code_insee":"30257","nom":"Saint-Gervasy","codes_postaux":["30320"],"code_dep":"30","code_region":"76","population":1984,"surface_km2":7.1,"lat":43.8715,"lon":4.4679},{"code_insee":"30258","nom":"Saint-Gilles","codes_postaux":["30800"],"code_dep":"30","code_region":"76","population":14734,"surface_km2":152.23,"lat":43.6606,"lon":4.4128},{"code_insee":"30259","nom":"Saint-Hilaire-de-Brethmas","codes_postaux":["30560"],"code_dep":"30","code_region":"76","population":4670,"surface_km2":13.98,"lat":44.0941,"lon":4.1229},{"code_insee":"30260","nom":"Saint-Hilaire-d'Ozilhan","codes_postaux":["30210"],"code_dep":"30","code_region":"76","population":1106,"surface_km2":16.81,"lat":43.9704,"lon":4.603},{"code_insee":"30261","nom":"Saint-Hippolyte-de-Caton","codes_postaux":["30360"],"code_dep":"30","code_region":"76","population":284,"surface_km2":6.21,"lat":44.0727,"lon":4.1995},{"code_insee":"30262","nom":"Saint-Hippolyte-de-Montaigu","codes_postaux":["30700"],"code_dep":"30","code_region":"76","population":246,"surface_km2":4.12,"lat":44.0334,"lon":4.494},{"code_insee":"30263","nom":"Saint-Hippolyte-du-Fort","codes_postaux":["30170"],"code_dep":"30","code_region":"76","population":3737,"surface_km2":29.4,"lat":43.9514,"lon":3.8544},{"code_insee":"30264","nom":"Saint-Jean-de-Ceyrargues","codes_postaux":["30360"],"code_dep":"30","code_region":"76","population":168,"surface_km2":6.75,"lat":44.0547,"lon":4.2272},{"code_insee":"30265","nom":"Saint-Jean-de-Crieulon","codes_postaux":["30610"],"code_dep":"30","code_region":"76","population":264,"surface_km2":5.73,"lat":43.9672,"lon":4.0013},{"code_insee":"30266","nom":"Saint-Jean-de-Maruéjols-et-Avéjan","codes_postaux":["30430"],"code_dep":"30","code_region":"76","population":889,"surface_km2":17.62,"lat":44.2665,"lon":4.2968},{"code_insee":"30267","nom":"Saint-Jean-de-Serres","codes_postaux":["30350"],"code_dep":"30","code_region":"76","population":542,"surface_km2":8.28,"lat":43.9897,"lon":4.0747},{"code_insee":"30268","nom":"Saint-Jean-de-Valériscle","codes_postaux":["30960"],"code_dep":"30","code_region":"76","population":589,"surface_km2":8.26,"lat":44.2328,"lon":4.1384},{"code_insee":"30269","nom":"Saint-Jean-du-Gard","codes_postaux":["30270"],"code_dep":"30","code_region":"76","population":2586,"surface_km2":41.6,"lat":44.1098,"lon":3.8796},{"code_insee":"30270","nom":"Saint-Jean-du-Pin","codes_postaux":["30140"],"code_dep":"30","code_region":"76","population":1508,"surface_km2":13.98,"lat":44.1127,"lon":4.0353},{"code_insee":"30271","nom":"Saint-Julien-de-Cassagnas","codes_postaux":["30500"],"code_dep":"30","code_region":"76","population":734,"surface_km2":4.51,"lat":44.2115,"lon":4.2029},{"code_insee":"30272","nom":"Saint-Julien-de-la-Nef","codes_postaux":["30440"],"code_dep":"30","code_region":"76","population":143,"surface_km2":8.97,"lat":43.9631,"lon":3.6837},{"code_insee":"30273","nom":"Saint-Julien-de-Peyrolas","codes_postaux":["30760"],"code_dep":"30","code_region":"76","population":1531,"surface_km2":12.57,"lat":44.2826,"lon":4.5703},{"code_insee":"30274","nom":"Saint-Julien-les-Rosiers","codes_postaux":["30340"],"code_dep":"30","code_region":"76","population":3533,"surface_km2":14.11,"lat":44.1934,"lon":4.0986},{"code_insee":"30275","nom":"Saint-Just-et-Vacquières","codes_postaux":["30580"],"code_dep":"30","code_region":"76","population":325,"surface_km2":23.51,"lat":44.1009,"lon":4.2363},{"code_insee":"30276","nom":"Saint-Laurent-d'Aigouze","codes_postaux":["30220"],"code_dep":"30","code_region":"76","population":3690,"surface_km2":89.71,"lat":43.5766,"lon":4.237},{"code_insee":"30277","nom":"Saint-Laurent-de-Carnols","codes_postaux":["30200"],"code_dep":"30","code_region":"76","population":553,"surface_km2":10.13,"lat":44.2238,"lon":4.5338},{"code_insee":"30278","nom":"Saint-Laurent-des-Arbres","codes_postaux":["30126"],"code_dep":"30","code_region":"76","population":2996,"surface_km2":16.37,"lat":44.0522,"lon":4.6885},{"code_insee":"30279","nom":"Saint-Laurent-la-Vernède","codes_postaux":["30330"],"code_dep":"30","code_region":"76","population":709,"surface_km2":11.84,"lat":44.106,"lon":4.4643},{"code_insee":"30280","nom":"Saint-Laurent-le-Minier","codes_postaux":["30440"],"code_dep":"30","code_region":"76","population":372,"surface_km2":13.27,"lat":43.9214,"lon":3.6531},{"code_insee":"30281","nom":"Saint-Mamert-du-Gard","codes_postaux":["30730"],"code_dep":"30","code_region":"76","population":1604,"surface_km2":14.37,"lat":43.8835,"lon":4.1763},{"code_insee":"30282","nom":"Saint-Marcel-de-Careiret","codes_postaux":["30330"],"code_dep":"30","code_region":"76","population":870,"surface_km2":10.23,"lat":44.1434,"lon":4.4871},{"code_insee":"30283","nom":"Saint-Martial","codes_postaux":["30440"],"code_dep":"30","code_region":"76","population":177,"surface_km2":17.27,"lat":44.0388,"lon":3.7474},{"code_insee":"30284","nom":"Saint-Martin-de-Valgalgues","codes_postaux":["30520"],"code_dep":"30","code_region":"76","population":4840,"surface_km2":13.4,"lat":44.1648,"lon":4.0797},{"code_insee":"30285","nom":"Saint-Maurice-de-Cazevieille","codes_postaux":["30360"],"code_dep":"30","code_region":"76","population":753,"surface_km2":13.21,"lat":44.0388,"lon":4.2425},{"code_insee":"30286","nom":"Saint-Maximin","codes_postaux":["30700"],"code_dep":"30","code_region":"76","population":798,"surface_km2":10.04,"lat":43.9874,"lon":4.4565},{"code_insee":"30287","nom":"Saint-Michel-d'Euzet","codes_postaux":["30200"],"code_dep":"30","code_region":"76","population":746,"surface_km2":10.36,"lat":44.2103,"lon":4.5567},{"code_insee":"30288","nom":"Saint-Nazaire","codes_postaux":["30200"],"code_dep":"30","code_region":"76","population":1312,"surface_km2":6.77,"lat":44.1997,"lon":4.6196},{"code_insee":"30289","nom":"Saint-Nazaire-des-Gardies","codes_postaux":["30610"],"code_dep":"30","code_region":"76","population":80,"surface_km2":11.33,"lat":43.9806,"lon":4.0142},{"code_insee":"30290","nom":"Saint-Paulet-de-Caisson","codes_postaux":["30130"],"code_dep":"30","code_region":"76","population":1887,"surface_km2":16.8,"lat":44.265,"lon":4.5827},{"code_insee":"30291","nom":"Saint-Paul-la-Coste","codes_postaux":["30480"],"code_dep":"30","code_region":"76","population":324,"surface_km2":19.17,"lat":44.1536,"lon":3.9683},{"code_insee":"30292","nom":"Saint-Pons-la-Calm","codes_postaux":["30330"],"code_dep":"30","code_region":"76","population":501,"surface_km2":6.33,"lat":44.0952,"lon":4.5564},{"code_insee":"30293","nom":"Saint-Privat-de-Champclos","codes_postaux":["30430"],"code_dep":"30","code_region":"76","population":324,"surface_km2":11.76,"lat":44.2741,"lon":4.3563},{"code_insee":"30294","nom":"Saint-Privat-des-Vieux","codes_postaux":["30340"],"code_dep":"30","code_region":"76","population":5703,"surface_km2":15.76,"lat":44.1411,"lon":4.1297},{"code_insee":"30295","nom":"Saint-Quentin-la-Poterie","codes_postaux":["30700"],"code_dep":"30","code_region":"76","population":3173,"surface_km2":24.07,"lat":44.0582,"lon":4.441},{"code_insee":"30296","nom":"Saint-Roman-de-Codières","codes_postaux":["30440"],"code_dep":"30","code_region":"76","population":166,"surface_km2":18.66,"lat":44.0145,"lon":3.7766},{"code_insee":"30297","nom":"Saint-Sauveur-Camprieu","codes_postaux":["30750"],"code_dep":"30","code_region":"76","population":207,"surface_km2":31.92,"lat":44.1053,"lon":3.485},{"code_insee":"30298","nom":"Saint-Sébastien-d'Aigrefeuille","codes_postaux":["30140"],"code_dep":"30","code_region":"76","population":513,"surface_km2":16.2,"lat":44.1166,"lon":3.9915},{"code_insee":"30299","nom":"Saint-Siffret","codes_postaux":["30700"],"code_dep":"30","code_region":"76","population":1126,"surface_km2":11.34,"lat":44.0148,"lon":4.4677},{"code_insee":"30300","nom":"Saint-Théodorit","codes_postaux":["30260"],"code_dep":"30","code_region":"76","population":553,"surface_km2":8.57,"lat":43.9432,"lon":4.0846},{"code_insee":"30301","nom":"Saint-Victor-des-Oules","codes_postaux":["30700"],"code_dep":"30","code_region":"76","population":301,"surface_km2":4.78,"lat":44.0433,"lon":4.4832},{"code_insee":"30302","nom":"Saint-Victor-la-Coste","codes_postaux":["30290"],"code_dep":"30","code_region":"76","population":2233,"surface_km2":26.71,"lat":44.052,"lon":4.6436},{"code_insee":"30303","nom":"Saint-Victor-de-Malcap","codes_postaux":["30500"],"code_dep":"30","code_region":"76","population":819,"surface_km2":10.98,"lat":44.2544,"lon":4.2307},{"code_insee":"30304","nom":"Salazac","codes_postaux":["30760"],"code_dep":"30","code_region":"76","population":229,"surface_km2":10.03,"lat":44.2587,"lon":4.5373},{"code_insee":"30305","nom":"Salindres","codes_postaux":["30340"],"code_dep":"30","code_region":"76","population":3648,"surface_km2":11.55,"lat":44.1617,"lon":4.1617},{"code_insee":"30306","nom":"Salinelles","codes_postaux":["30250"],"code_dep":"30","code_region":"76","population":585,"surface_km2":8.87,"lat":43.8095,"lon":4.0634},{"code_insee":"30307","nom":"Les Salles-du-Gardon","codes_postaux":["30110"],"code_dep":"30","code_region":"76","population":2395,"surface_km2":21.14,"lat":44.1903,"lon":4.0155},{"code_insee":"30308","nom":"Sanilhac-Sagriès","codes_postaux":["30700"],"code_dep":"30","code_region":"76","population":842,"surface_km2":22.22,"lat":43.9583,"lon":4.419},{"code_insee":"30309","nom":"Sardan","codes_postaux":["30260"],"code_dep":"30","code_region":"76","population":347,"surface_km2":6.33,"lat":43.8657,"lon":4.0335},{"code_insee":"30310","nom":"Saumane","codes_postaux":["30125"],"code_dep":"30","code_region":"76","population":303,"surface_km2":12.27,"lat":44.1178,"lon":3.7693},{"code_insee":"30311","nom":"Sauve","codes_postaux":["30610"],"code_dep":"30","code_region":"76","population":1988,"surface_km2":31.68,"lat":43.9354,"lon":3.9626},{"code_insee":"30312","nom":"Sauveterre","codes_postaux":["30150"],"code_dep":"30","code_region":"76","population":2025,"surface_km2":13.22,"lat":44.0178,"lon":4.8036},{"code_insee":"30313","nom":"Sauzet","codes_postaux":["30190"],"code_dep":"30","code_region":"76","population":853,"surface_km2":6.88,"lat":43.9632,"lon":4.2195},{"code_insee":"30314","nom":"Savignargues","codes_postaux":["30350"],"code_dep":"30","code_region":"76","population":238,"surface_km2":2.76,"lat":43.967,"lon":4.0807},{"code_insee":"30315","nom":"Saze","codes_postaux":["30650"],"code_dep":"30","code_region":"76","population":2096,"surface_km2":12.63,"lat":43.9464,"lon":4.6962},{"code_insee":"30316","nom":"Sénéchas","codes_postaux":["30450"],"code_dep":"30","code_region":"76","population":247,"surface_km2":14.71,"lat":44.3393,"lon":4.0126},{"code_insee":"30317","nom":"Sernhac","codes_postaux":["30210"],"code_dep":"30","code_region":"76","population":1819,"surface_km2":9.02,"lat":43.9167,"lon":4.5575},{"code_insee":"30318","nom":"Servas","codes_postaux":["30340"],"code_dep":"30","code_region":"76","population":219,"surface_km2":10.88,"lat":44.1564,"lon":4.1893},{"code_insee":"30319","nom":"Serviers-et-Labaume","codes_postaux":["30700"],"code_dep":"30","code_region":"76","population":590,"surface_km2":12.59,"lat":44.0409,"lon":4.3377},{"code_insee":"30320","nom":"Seynes","codes_postaux":["30580"],"code_dep":"30","code_region":"76","population":180,"surface_km2":14.29,"lat":44.1134,"lon":4.2894},{"code_insee":"30321","nom":"Sommières","codes_postaux":["30250"],"code_dep":"30","code_region":"76","population":5073,"surface_km2":10.38,"lat":43.7706,"lon":4.0812},{"code_insee":"30322","nom":"Soudorgues","codes_postaux":["30460"],"code_dep":"30","code_region":"76","population":269,"surface_km2":25.87,"lat":44.0698,"lon":3.8043},{"code_insee":"30323","nom":"Soustelle","codes_postaux":["30110"],"code_dep":"30","code_region":"76","population":119,"surface_km2":11.15,"lat":44.1689,"lon":3.9961},{"code_insee":"30324","nom":"Souvignargues","codes_postaux":["30250"],"code_dep":"30","code_region":"76","population":957,"surface_km2":11.19,"lat":43.8208,"lon":4.131},{"code_insee":"30325","nom":"Sumène","codes_postaux":["30440"],"code_dep":"30","code_region":"76","population":1222,"surface_km2":36.76,"lat":43.9903,"lon":3.7407},{"code_insee":"30326","nom":"Tavel","codes_postaux":["30126"],"code_dep":"30","code_region":"76","population":2083,"surface_km2":20.1,"lat":44.0086,"lon":4.6872},{"code_insee":"30327","nom":"Tharaux","codes_postaux":["30430"],"code_dep":"30","code_region":"76","population":43,"surface_km2":9.61,"lat":44.2406,"lon":4.3221},{"code_insee":"30328","nom":"Théziers","codes_postaux":["30390"],"code_dep":"30","code_region":"76","population":1087,"surface_km2":11.33,"lat":43.9048,"lon":4.6283},{"code_insee":"30329","nom":"Thoiras-Corbès","codes_postaux":["30140"],"code_dep":"30","code_region":"76","population":607,"surface_km2":26.4,"lat":44.0646,"lon":3.9248},{"code_insee":"30330","nom":"Tornac","codes_postaux":["30140"],"code_dep":"30","code_region":"76","population":945,"surface_km2":19.57,"lat":44.016,"lon":3.9808},{"code_insee":"30331","nom":"Tresques","codes_postaux":["30330"],"code_dep":"30","code_region":"76","population":1829,"surface_km2":17.78,"lat":44.1166,"lon":4.5958},{"code_insee":"30332","nom":"Trèves","codes_postaux":["30750"],"code_dep":"30","code_region":"76","population":116,"surface_km2":27.06,"lat":44.0622,"lon":3.3869},{"code_insee":"30333","nom":"Uchaud","codes_postaux":["30620"],"code_dep":"30","code_region":"76","population":4879,"surface_km2":8.72,"lat":43.7596,"lon":4.2675},{"code_insee":"30334","nom":"Uzès","codes_postaux":["30700"],"code_dep":"30","code_region":"76","population":8519,"surface_km2":25.42,"lat":44.0289,"lon":4.416},{"code_insee":"30335","nom":"Vabres","codes_postaux":["30460"],"code_dep":"30","code_region":"76","population":139,"surface_km2":4.82,"lat":44.0271,"lon":3.8849},{"code_insee":"30336","nom":"Vallabrègues","codes_postaux":["30300"],"code_dep":"30","code_region":"76","population":1375,"surface_km2":14.3,"lat":43.8616,"lon":4.6367},{"code_insee":"30337","nom":"Vallabrix","codes_postaux":["30700"],"code_dep":"30","code_region":"76","population":414,"surface_km2":7.95,"lat":44.0647,"lon":4.4851},{"code_insee":"30338","nom":"Vallérargues","codes_postaux":["30580"],"code_dep":"30","code_region":"76","population":132,"surface_km2":12.83,"lat":44.1257,"lon":4.3608},{"code_insee":"30339","nom":"Val-d'Aigoual","codes_postaux":["30570"],"code_dep":"30","code_region":"76","population":1412,"surface_km2":95.62,"lat":44.081,"lon":3.6272},{"code_insee":"30340","nom":"Valliguières","codes_postaux":["30210"],"code_dep":"30","code_region":"76","population":653,"surface_km2":19.37,"lat":44.0088,"lon":4.5884},{"code_insee":"30341","nom":"Vauvert","codes_postaux":["30600"],"code_dep":"30","code_region":"76","population":11671,"surface_km2":110.56,"lat":43.626,"lon":4.3103},{"code_insee":"30342","nom":"Vénéjan","codes_postaux":["30200"],"code_dep":"30","code_region":"76","population":1260,"surface_km2":18.57,"lat":44.1961,"lon":4.6726},{"code_insee":"30343","nom":"Verfeuil","codes_postaux":["30630"],"code_dep":"30","code_region":"76","population":591,"surface_km2":26.12,"lat":44.1635,"lon":4.4568},{"code_insee":"30344","nom":"Vergèze","codes_postaux":["30310"],"code_dep":"30","code_region":"76","population":5788,"surface_km2":10.09,"lat":43.7341,"lon":4.2332},{"code_insee":"30345","nom":"La Vernarède","codes_postaux":["30530"],"code_dep":"30","code_region":"76","population":364,"surface_km2":5.68,"lat":44.284,"lon":4.0077},{"code_insee":"30346","nom":"Vers-Pont-du-Gard","codes_postaux":["30210"],"code_dep":"30","code_region":"76","population":1786,"surface_km2":19.16,"lat":43.9697,"lon":4.5175},{"code_insee":"30347","nom":"Vestric-et-Candiac","codes_postaux":["30600"],"code_dep":"30","code_region":"76","population":1354,"surface_km2":10.91,"lat":43.7419,"lon":4.2641},{"code_insee":"30348","nom":"Vézénobres","codes_postaux":["30360"],"code_dep":"30","code_region":"76","population":1865,"surface_km2":17.09,"lat":44.052,"lon":4.1368},{"code_insee":"30349","nom":"Vic-le-Fesq","codes_postaux":["30260"],"code_dep":"30","code_region":"76","population":592,"surface_km2":9.59,"lat":43.8704,"lon":4.0813},{"code_insee":"30350","nom":"Le Vigan","codes_postaux":["30120"],"code_dep":"30","code_region":"76","population":3863,"surface_km2":17.26,"lat":43.9822,"lon":3.6336},{"code_insee":"30351","nom":"Villeneuve-lès-Avignon","codes_postaux":["30400"],"code_dep":"30","code_region":"76","population":13148,"surface_km2":18.19,"lat":43.9776,"lon":4.792},{"code_insee":"30352","nom":"Villevieille","codes_postaux":["30250"],"code_dep":"30","code_region":"76","population":1889,"surface_km2":8.35,"lat":43.7947,"lon":4.1064},{"code_insee":"30353","nom":"Vissec","codes_postaux":["30770"],"code_dep":"30","code_region":"76","population":68,"surface_km2":21.82,"lat":43.898,"lon":3.4582},{"code_insee":"30354","nom":"Montagnac","codes_postaux":["30350"],"code_dep":"30","code_region":"76","population":249,"surface_km2":8.75,"lat":43.9366,"lon":4.1503},{"code_insee":"30355","nom":"Saint-Paul-les-Fonts","codes_postaux":["30330"],"code_dep":"30","code_region":"76","population":1056,"surface_km2":5.43,"lat":44.0706,"lon":4.6188},{"code_insee":"30356","nom":"Rodilhan","codes_postaux":["30230"],"code_dep":"30","code_region":"76","population":2799,"surface_km2":4.71,"lat":43.8253,"lon":4.4333}]