[{"code_insee":"31001","nom":"Agassac","codes_postaux":["31230"],"code_dep":"31","code_region":"76","population":115,"surface_km2":9.59,"lat":43.374,"lon":0.8866},{"code_insee":"31002","nom":"Aignes","codes_postaux":["31550"],"code_dep":"31","code_region":"76","population":242,"surface_km2":22.05,"lat":43.3334,"lon":1.5866},{"code_insee":"31003","nom":"Aigrefeuille","codes_postaux":["31280"],"code_dep":"31","code_region":"76","population":1369,"surface_km2":4.61,"lat":43.5684,"lon":1.5845},{"code_insee":"31004","nom":"Ayguesvives","codes_postaux":["31450"],"code_dep":"31","code_region":"76","population":2812,"surface_km2":13.31,"lat":43.4236,"lon":1.5965},{"code_insee":"31005","nom":"Alan","codes_postaux":["31420"],"code_dep":"31","code_region":"76","population":292,"surface_km2":11.43,"lat":43.2175,"lon":0.9301},{"code_insee":"31006","nom":"Albiac","codes_postaux":["31460"],"code_dep":"31","code_region":"76","population":231,"surface_km2":4.75,"lat":43.5547,"lon":1.7864},{"code_insee":"31007","nom":"Ambax","codes_postaux":["31230"],"code_dep":"31","code_region":"76","population":57,"surface_km2":5.95,"lat":43.3692,"lon":0.9387},{"code_insee":"31008","nom":"Anan","codes_postaux":["31230"],"code_dep":"31","code_region":"76","population":267,"surface_km2":13.68,"lat":43.3541,"lon":0.8139},{"code_insee":"31009","nom":"Antichan-de-Frontignes","codes_postaux":["31510"],"code_dep":"31","code_region":"76","population":158,"surface_km2":4.34,"lat":42.9679,"lon":0.6744},{"code_insee":"31010","nom":"Antignac","codes_postaux":["31110"],"code_dep":"31","code_region":"76","population":83,"surface_km2":5.76,"lat":42.8305,"lon":0.5876},{"code_insee":"31011","nom":"Arbas","codes_postaux":["31160"],"code_dep":"31","code_region":"76","population":285,"surface_km2":7.31,"lat":42.9925,"lon":0.9036},{"code_insee":"31012","nom":"Arbon","codes_postaux":["31160"],"code_dep":"31","code_region":"76","population":93,"surface_km2":4.49,"lat":43.0017,"lon":0.7311},{"code_insee":"31013","nom":"Ardiège","codes_postaux":["31210"],"code_dep":"31","code_region":"76","population":381,"surface_km2":3.95,"lat":43.0647,"lon":0.6424},{"code_insee":"31014","nom":"Arguenos","codes_postaux":["31160"],"code_dep":"31","code_region":"76","population":90,"surface_km2":10.86,"lat":42.9589,"lon":0.7284},{"code_insee":"31015","nom":"Argut-Dessous","codes_postaux":["31440"],"code_dep":"31","code_region":"76","population":21,"surface_km2":2.77,"lat":42.8924,"lon":0.7151},{"code_insee":"31017","nom":"Arlos","codes_postaux":["31440"],"code_dep":"31","code_region":"76","population":106,"surface_km2":9.52,"lat":42.8782,"lon":0.6933},{"code_insee":"31018","nom":"Arnaud-Guilhem","codes_postaux":["31360"],"code_dep":"31","code_region":"76","population":230,"surface_km2":7.71,"lat":43.1466,"lon":0.901},{"code_insee":"31019","nom":"Artigue","codes_postaux":["31110"],"code_dep":"31","code_region":"76","population":36,"surface_km2":9.79,"lat":42.8268,"lon":0.6409},{"code_insee":"31020","nom":"Aspet","codes_postaux":["31160"],"code_dep":"31","code_region":"76","population":907,"surface_km2":26.46,"lat":43.0127,"lon":0.8076},{"code_insee":"31021","nom":"Aspret-Sarrat","codes_postaux":["31800"],"code_dep":"31","code_region":"76","population":130,"surface_km2":3.88,"lat":43.0694,"lon":0.7181},{"code_insee":"31022","nom":"Aucamville","codes_postaux":["31140"],"code_dep":"31","code_region":"76","population":9623,"surface_km2":3.99,"lat":43.6714,"lon":1.4243},{"code_insee":"31023","nom":"Aulon","codes_postaux":["31420"],"code_dep":"31","code_region":"76","population":313,"surface_km2":15.05,"lat":43.1888,"lon":0.8108},{"code_insee":"31024","nom":"Auragne","codes_postaux":["31190"],"code_dep":"31","code_region":"76","population":480,"surface_km2":13.73,"lat":43.3922,"lon":1.51},{"code_insee":"31025","nom":"Aureville","codes_postaux":["31320"],"code_dep":"31","code_region":"76","population":1048,"surface_km2":6.79,"lat":43.4794,"lon":1.4574},{"code_insee":"31026","nom":"Auriac-sur-Vendinelle","codes_postaux":["31460"],"code_dep":"31","code_region":"76","population":1087,"surface_km2":31.05,"lat":43.5172,"lon":1.8258},{"code_insee":"31027","nom":"Auribail","codes_postaux":["31190"],"code_dep":"31","code_region":"76","population":193,"surface_km2":9.13,"lat":43.3485,"lon":1.3724},{"code_insee":"31028","nom":"Aurignac","codes_postaux":["31420"],"code_dep":"31","code_region":"76","population":1229,"surface_km2":18.16,"lat":43.2133,"lon":0.8701},{"code_insee":"31029","nom":"Aurin","codes_postaux":["31570"],"code_dep":"31","code_region":"76","population":338,"surface_km2":7.51,"lat":43.5355,"lon":1.6804},{"code_insee":"31030","nom":"Ausseing","codes_postaux":["31260"],"code_dep":"31","code_region":"76","population":91,"surface_km2":5.94,"lat":43.1561,"lon":1.0284},{"code_insee":"31031","nom":"Ausson","codes_postaux":["31210"],"code_dep":"31","code_region":"76","population":596,"surface_km2":4.4,"lat":43.0916,"lon":0.5894},{"code_insee":"31032","nom":"Aussonne","codes_postaux":["31840"],"code_dep":"31","code_region":"76","population":7997,"surface_km2":13.96,"lat":43.6841,"lon":1.3278},{"code_insee":"31033","nom":"Auterive","codes_postaux":["31190"],"code_dep":"31","code_region":"76","population":10456,"surface_km2":37.33,"lat":43.3579,"lon":1.4822},{"code_insee":"31034","nom":"Auzas","codes_postaux":["31360"],"code_dep":"31","code_region":"76","population":222,"surface_km2":7.88,"lat":43.1737,"lon":0.8948},{"code_insee":"31035","nom":"Auzeville-Tolosane","codes_postaux":["31320"],"code_dep":"31","code_region":"76","population":4665,"surface_km2":6.71,"lat":43.5285,"lon":1.4896},{"code_insee":"31036","nom":"Auzielle","codes_postaux":["31650"],"code_dep":"31","code_region":"76","population":1635,"surface_km2":4.64,"lat":43.5411,"lon":1.5691},{"code_insee":"31037","nom":"Avignonet-Lauragais","codes_postaux":["31290"],"code_dep":"31","code_region":"76","population":1573,"surface_km2":40.58,"lat":43.3773,"lon":1.7777},{"code_insee":"31038","nom":"Azas","codes_postaux":["31380"],"code_dep":"31","code_region":"76","population":675,"surface_km2":12.9,"lat":43.7216,"lon":1.6763},{"code_insee":"31039","nom":"Bachas","codes_postaux":["31420"],"code_dep":"31","code_region":"76","population":90,"surface_km2":2.63,"lat":43.2495,"lon":0.9408},{"code_insee":"31040","nom":"Bachos","codes_postaux":["31440"],"code_dep":"31","code_region":"76","population":31,"surface_km2":2.61,"lat":42.9008,"lon":0.607},{"code_insee":"31041","nom":"Bagiry","codes_postaux":["31510"],"code_dep":"31","code_region":"76","population":105,"surface_km2":2.73,"lat":42.9803,"lon":0.6235},{"code_insee":"31042","nom":"Bagnères-de-Luchon","codes_postaux":["31110"],"code_dep":"31","code_region":"76","population":2076,"surface_km2":52.19,"lat":42.7492,"lon":0.6264},{"code_insee":"31043","nom":"Balesta","codes_postaux":["31580"],"code_dep":"31","code_region":"76","population":169,"surface_km2":7.16,"lat":43.2028,"lon":0.5644},{"code_insee":"31044","nom":"Balma","codes_postaux":["31130"],"code_dep":"31","code_region":"76","population":17772,"surface_km2":16.71,"lat":43.6108,"lon":1.5037},{"code_insee":"31045","nom":"Barbazan","codes_postaux":["31510"],"code_dep":"31","code_region":"76","population":512,"surface_km2":6.13,"lat":43.0344,"lon":0.6223},{"code_insee":"31046","nom":"Baren","codes_postaux":["31440"],"code_dep":"31","code_region":"76","population":9,"surface_km2":3.07,"lat":42.8677,"lon":0.6356},{"code_insee":"31047","nom":"Bax","codes_postaux":["31310"],"code_dep":"31","code_region":"76","population":101,"surface_km2":6.05,"lat":43.2269,"lon":1.2892},{"code_insee":"31048","nom":"Baziège","codes_postaux":["31450"],"code_dep":"31","code_region":"76","population":3583,"surface_km2":19.96,"lat":43.4614,"lon":1.6294},{"code_insee":"31049","nom":"Bazus","codes_postaux":["31380"],"code_dep":"31","code_region":"76","population":603,"surface_km2":9.2,"lat":43.7347,"lon":1.5232},{"code_insee":"31050","nom":"Beauchalot","codes_postaux":["31360"],"code_dep":"31","code_region":"76","population":662,"surface_km2":6.36,"lat":43.114,"lon":0.868},{"code_insee":"31051","nom":"Beaufort","codes_postaux":["31370"],"code_dep":"31","code_region":"76","population":475,"surface_km2":8.48,"lat":43.4545,"lon":1.1069},{"code_insee":"31052","nom":"Beaumont-sur-Lèze","codes_postaux":["31870"],"code_dep":"31","code_region":"76","population":1647,"surface_km2":26.46,"lat":43.3792,"lon":1.357},{"code_insee":"31053","nom":"Beaupuy","codes_postaux":["31850"],"code_dep":"31","code_region":"76","population":1283,"surface_km2":5.88,"lat":43.6517,"lon":1.556},{"code_insee":"31054","nom":"Beauteville","codes_postaux":["31290"],"code_dep":"31","code_region":"76","population":193,"surface_km2":4.56,"lat":43.349,"lon":1.7336},{"code_insee":"31055","nom":"Beauville","codes_postaux":["31460"],"code_dep":"31","code_region":"76","population":168,"surface_km2":6.12,"lat":43.4686,"lon":1.7713},{"code_insee":"31056","nom":"Beauzelle","codes_postaux":["31700"],"code_dep":"31","code_region":"76","population":8713,"surface_km2":4.65,"lat":43.668,"lon":1.3753},{"code_insee":"31057","nom":"Belberaud","codes_postaux":["31450"],"code_dep":"31","code_region":"76","population":1597,"surface_km2":7.51,"lat":43.5045,"lon":1.5709},{"code_insee":"31058","nom":"Belbèze-de-Lauragais","codes_postaux":["31450"],"code_dep":"31","code_region":"76","population":125,"surface_km2":3.68,"lat":43.4375,"lon":1.5556},{"code_insee":"31059","nom":"Belbèze-en-Comminges","codes_postaux":["31260"],"code_dep":"31","code_region":"76","population":108,"surface_km2":9.63,"lat":43.1326,"lon":1.0273},{"code_insee":"31060","nom":"Bélesta-en-Lauragais","codes_postaux":["31540"],"code_dep":"31","code_region":"76","population":114,"surface_km2":5.65,"lat":43.4384,"lon":1.8315},{"code_insee":"31061","nom":"Bellegarde-Sainte-Marie","codes_postaux":["31530"],"code_dep":"31","code_region":"76","population":204,"surface_km2":11.77,"lat":43.6779,"lon":1.0911},{"code_insee":"31062","nom":"Bellesserre","codes_postaux":["31480"],"code_dep":"31","code_region":"76","population":109,"surface_km2":3.43,"lat":43.787,"lon":1.1014},{"code_insee":"31063","nom":"Benque","codes_postaux":["31420"],"code_dep":"31","code_region":"76","population":177,"surface_km2":11.42,"lat":43.2599,"lon":0.9183},{"code_insee":"31064","nom":"Benque-Dessous-et-Dessus","codes_postaux":["31110"],"code_dep":"31","code_region":"76","population":30,"surface_km2":3.72,"lat":42.8214,"lon":0.5414},{"code_insee":"31065","nom":"Bérat","codes_postaux":["31370"],"code_dep":"31","code_region":"76","population":3087,"surface_km2":24.45,"lat":43.3771,"lon":1.1742},{"code_insee":"31066","nom":"Bessières","codes_postaux":["31660"],"code_dep":"31","code_region":"76","population":4310,"surface_km2":16.72,"lat":43.794,"lon":1.5846},{"code_insee":"31067","nom":"Bezins-Garraux","codes_postaux":["31440"],"code_dep":"31","code_region":"76","population":46,"surface_km2":7.9,"lat":42.9372,"lon":0.7083},{"code_insee":"31068","nom":"Billière","codes_postaux":["31110"],"code_dep":"31","code_region":"76","population":32,"surface_km2":2.21,"lat":42.8196,"lon":0.5309},{"code_insee":"31069","nom":"Blagnac","codes_postaux":["31700"],"code_dep":"31","code_region":"76","population":27604,"surface_km2":17.22,"lat":43.641,"lon":1.377},{"code_insee":"31070","nom":"Blajan","codes_postaux":["31350"],"code_dep":"31","code_region":"76","population":426,"surface_km2":12.77,"lat":43.2519,"lon":0.6488},{"code_insee":"31071","nom":"Bois-de-la-Pierre","codes_postaux":["31390"],"code_dep":"31","code_region":"76","population":470,"surface_km2":7.45,"lat":43.3404,"lon":1.1611},{"code_insee":"31072","nom":"Boissède","codes_postaux":["31230"],"code_dep":"31","code_region":"76","population":65,"surface_km2":3.91,"lat":43.4074,"lon":0.8279},{"code_insee":"31073","nom":"Bondigoux","codes_postaux":["31340"],"code_dep":"31","code_region":"76","population":766,"surface_km2":7.51,"lat":43.8455,"lon":1.5455},{"code_insee":"31074","nom":"Bonrepos-Riquet","codes_postaux":["31590"],"code_dep":"31","code_region":"76","population":324,"surface_km2":5.78,"lat":43.6757,"lon":1.6229},{"code_insee":"31075","nom":"Bonrepos-sur-Aussonnelle","codes_postaux":["31470"],"code_dep":"31","code_region":"76","population":1241,"surface_km2":10.21,"lat":43.5429,"lon":1.1395},{"code_insee":"31076","nom":"Bordes-de-Rivière","codes_postaux":["31210"],"code_dep":"31","code_region":"76","population":461,"surface_km2":8.46,"lat":43.1241,"lon":0.6347},{"code_insee":"31077","nom":"Le Born","codes_postaux":["31340"],"code_dep":"31","code_region":"76","population":652,"surface_km2":10.92,"lat":43.8952,"lon":1.5394},{"code_insee":"31078","nom":"Boudrac","codes_postaux":["31580"],"code_dep":"31","code_region":"76","population":148,"surface_km2":11.56,"lat":43.179,"lon":0.5043},{"code_insee":"31079","nom":"Bouloc","codes_postaux":["31620"],"code_dep":"31","code_region":"76","population":4618,"surface_km2":18.81,"lat":43.7958,"lon":1.4192},{"code_insee":"31080","nom":"Boulogne-sur-Gesse","codes_postaux":["31350"],"code_dep":"31","code_region":"76","population":1673,"surface_km2":24.61,"lat":43.2903,"lon":0.649},{"code_insee":"31081","nom":"Bourg-d'Oueil","codes_postaux":["31110"],"code_dep":"31","code_region":"76","population":14,"surface_km2":9.65,"lat":42.8616,"lon":0.4859},{"code_insee":"31082","nom":"Bourg-Saint-Bernard","codes_postaux":["31570"],"code_dep":"31","code_region":"76","population":1125,"surface_km2":16.6,"lat":43.6069,"lon":1.7028},{"code_insee":"31083","nom":"Boussan","codes_postaux":["31420"],"code_dep":"31","code_region":"76","population":227,"surface_km2":12.7,"lat":43.2417,"lon":0.8702},{"code_insee":"31084","nom":"Boussens","codes_postaux":["31360"],"code_dep":"31","code_region":"76","population":1135,"surface_km2":4.4,"lat":43.1747,"lon":0.9594},{"code_insee":"31085","nom":"Boutx","codes_postaux":["31160","31440"],"code_dep":"31","code_region":"76","population":249,"surface_km2":47.3,"lat":42.9169,"lon":0.7722},{"code_insee":"31086","nom":"Bouzin","codes_postaux":["31420"],"code_dep":"31","code_region":"76","population":82,"surface_km2":4.28,"lat":43.1884,"lon":0.8865},{"code_insee":"31087","nom":"Bragayrac","codes_postaux":["31470"],"code_dep":"31","code_region":"76","population":311,"surface_km2":8.35,"lat":43.4894,"lon":1.068},{"code_insee":"31088","nom":"Brax","codes_postaux":["31490"],"code_dep":"31","code_region":"76","population":3037,"surface_km2":4.48,"lat":43.6154,"lon":1.2309},{"code_insee":"31089","nom":"Bretx","codes_postaux":["31530"],"code_dep":"31","code_region":"76","population":673,"surface_km2":8.51,"lat":43.7066,"lon":1.1979},{"code_insee":"31090","nom":"Brignemont","codes_postaux":["31480"],"code_dep":"31","code_region":"76","population":366,"surface_km2":22.14,"lat":43.7664,"lon":0.9993},{"code_insee":"31091","nom":"Bruguières","codes_postaux":["31150"],"code_dep":"31","code_region":"76","population":6202,"surface_km2":9.06,"lat":43.7258,"lon":1.4105},{"code_insee":"31092","nom":"Burgalays","codes_postaux":["31440"],"code_dep":"31","code_region":"76","population":124,"surface_km2":4.87,"lat":42.8856,"lon":0.6364},{"code_insee":"31093","nom":"Le Burgaud","codes_postaux":["31330"],"code_dep":"31","code_region":"76","population":944,"surface_km2":24.35,"lat":43.7919,"lon":1.1484},{"code_insee":"31094","nom":"Buzet-sur-Tarn","codes_postaux":["31660"],"code_dep":"31","code_region":"76","population":2963,"surface_km2":30.39,"lat":43.7721,"lon":1.6099},{"code_insee":"31095","nom":"Cabanac-Cazaux","codes_postaux":["31160"],"code_dep":"31","code_region":"76","population":128,"surface_km2":3.87,"lat":43.0354,"lon":0.7416},{"code_insee":"31096","nom":"Cabanac-Séguenville","codes_postaux":["31480"],"code_dep":"31","code_region":"76","population":194,"surface_km2":10.22,"lat":43.7898,"lon":1.0209},{"code_insee":"31097","nom":"Le Cabanial","codes_postaux":["31460"],"code_dep":"31","code_region":"76","population":472,"surface_km2":8.56,"lat":43.5237,"lon":1.8706},{"code_insee":"31098","nom":"Cadours","codes_postaux":["31480"],"code_dep":"31","code_region":"76","population":1142,"surface_km2":10.85,"lat":43.725,"lon":1.0489},{"code_insee":"31099","nom":"Caignac","codes_postaux":["31560"],"code_dep":"31","code_region":"76","population":405,"surface_km2":9.4,"lat":43.3182,"lon":1.707},{"code_insee":"31100","nom":"Calmont","codes_postaux":["31560"],"code_dep":"31","code_region":"76","population":2494,"surface_km2":40.45,"lat":43.2832,"lon":1.6251},{"code_insee":"31101","nom":"Cambernard","codes_postaux":["31470"],"code_dep":"31","code_region":"76","population":499,"surface_km2":8.46,"lat":43.4643,"lon":1.1785},{"code_insee":"31102","nom":"Cambiac","codes_postaux":["31460"],"code_dep":"31","code_region":"76","population":236,"surface_km2":7.77,"lat":43.4911,"lon":1.7928},{"code_insee":"31103","nom":"Canens","codes_postaux":["31310"],"code_dep":"31","code_region":"76","population":63,"surface_km2":4.88,"lat":43.2178,"lon":1.3367},{"code_insee":"31104","nom":"Capens","codes_postaux":["31410"],"code_dep":"31","code_region":"76","population":637,"surface_km2":6.87,"lat":43.3354,"lon":1.2607},{"code_insee":"31105","nom":"Caragoudes","codes_postaux":["31460"],"code_dep":"31","code_region":"76","population":239,"surface_km2":8.36,"lat":43.4982,"lon":1.709},{"code_insee":"31106","nom":"Caraman","codes_postaux":["31460"],"code_dep":"31","code_region":"76","population":2513,"surface_km2":30.69,"lat":43.5324,"lon":1.7487},{"code_insee":"31107","nom":"Carbonne","codes_postaux":["31390"],"code_dep":"31","code_region":"76","population":5563,"surface_km2":26.74,"lat":43.3063,"lon":1.2321},{"code_insee":"31108","nom":"Cardeilhac","codes_postaux":["31350"],"code_dep":"31","code_region":"76","population":259,"surface_km2":18.45,"lat":43.1964,"lon":0.6788},{"code_insee":"31109","nom":"Cassagnabère-Tournas","codes_postaux":["31420"],"code_dep":"31","code_region":"76","population":468,"surface_km2":25.45,"lat":43.2296,"lon":0.8008},{"code_insee":"31110","nom":"Cassagne","codes_postaux":["31260"],"code_dep":"31","code_region":"76","population":641,"surface_km2":11.04,"lat":43.1242,"lon":0.992},{"code_insee":"31111","nom":"Castagnac","codes_postaux":["31310"],"code_dep":"31","code_region":"76","population":325,"surface_km2":10.75,"lat":43.2352,"lon":1.3454},{"code_insee":"31112","nom":"Castagnède","codes_postaux":["31260"],"code_dep":"31","code_region":"76","population":172,"surface_km2":3.3,"lat":43.051,"lon":0.9765},{"code_insee":"31113","nom":"Castanet-Tolosan","codes_postaux":["31320"],"code_dep":"31","code_region":"76","population":15317,"surface_km2":8.25,"lat":43.5083,"lon":1.5069},{"code_insee":"31114","nom":"Castelbiague","codes_postaux":["31160"],"code_dep":"31","code_region":"76","population":234,"surface_km2":5.83,"lat":43.0331,"lon":0.9284},{"code_insee":"31115","nom":"Castelgaillard","codes_postaux":["31230"],"code_dep":"31","code_region":"76","population":60,"surface_km2":6.81,"lat":43.3499,"lon":0.9019},{"code_insee":"31116","nom":"Castelginest","codes_postaux":["31780"],"code_dep":"31","code_region":"76","population":11271,"surface_km2":8.19,"lat":43.698,"lon":1.4349},{"code_insee":"31117","nom":"Castelmaurou","codes_postaux":["31180"],"code_dep":"31","code_region":"76","population":4524,"surface_km2":16.86,"lat":43.6863,"lon":1.5289},{"code_insee":"31118","nom":"Castelnau-d'Estrétefonds","codes_postaux":["31620"],"code_dep":"31","code_region":"76","population":7003,"surface_km2":28.65,"lat":43.7956,"lon":1.3516},{"code_insee":"31119","nom":"Castelnau-Picampeau","codes_postaux":["31430"],"code_dep":"31","code_region":"76","population":234,"surface_km2":11.48,"lat":43.308,"lon":1.0138},{"code_insee":"31120","nom":"Le Castéra","codes_postaux":["31530"],"code_dep":"31","code_region":"76","population":802,"surface_km2":16.8,"lat":43.6717,"lon":1.1503},{"code_insee":"31121","nom":"Castéra-Vignoles","codes_postaux":["31350"],"code_dep":"31","code_region":"76","population":64,"surface_km2":4.21,"lat":43.2782,"lon":0.7828},{"code_insee":"31122","nom":"Casties-Labrande","codes_postaux":["31430"],"code_dep":"31","code_region":"76","population":94,"surface_km2":8.88,"lat":43.3269,"lon":0.9931},{"code_insee":"31123","nom":"Castillon-de-Larboust","codes_postaux":["31110"],"code_dep":"31","code_region":"76","population":84,"surface_km2":27.92,"lat":42.7534,"lon":0.5618},{"code_insee":"31124","nom":"Castillon-de-Saint-Martory","codes_postaux":["31360"],"code_dep":"31","code_region":"76","population":398,"surface_km2":10.9,"lat":43.1397,"lon":0.8575},{"code_insee":"31125","nom":"Cathervielle","codes_postaux":["31110"],"code_dep":"31","code_region":"76","population":28,"surface_km2":3.62,"lat":42.823,"lon":0.5078},{"code_insee":"31126","nom":"Caubiac","codes_postaux":["31480"],"code_dep":"31","code_region":"76","population":441,"surface_km2":8.03,"lat":43.7155,"lon":1.0756},{"code_insee":"31127","nom":"Caubous","codes_postaux":["31110"],"code_dep":"31","code_region":"76","population":3,"surface_km2":3.99,"lat":42.8499,"lon":0.5199},{"code_insee":"31128","nom":"Caujac","codes_postaux":["31190"],"code_dep":"31","code_region":"76","population":869,"surface_km2":10.89,"lat":43.297,"lon":1.4554},{"code_insee":"31129","nom":"Cazarilh-Laspènes","codes_postaux":["31110"],"code_dep":"31","code_region":"76","population":13,"surface_km2":2.45,"lat":42.8033,"lon":0.581},{"code_insee":"31130","nom":"Cazaril-Tambourès","codes_postaux":["31580"],"code_dep":"31","code_region":"76","population":89,"surface_km2":6.91,"lat":43.1783,"lon":0.5418},{"code_insee":"31131","nom":"Cazaunous","codes_postaux":["31160"],"code_dep":"31","code_region":"76","population":64,"surface_km2":4.73,"lat":42.9854,"lon":0.722},{"code_insee":"31132","nom":"Cazaux-Layrisse","codes_postaux":["31440"],"code_dep":"31","code_region":"76","population":59,"surface_km2":2.73,"lat":42.87,"lon":0.595},{"code_insee":"31133","nom":"Cazeaux-de-Larboust","codes_postaux":["31110"],"code_dep":"31","code_region":"76","population":88,"surface_km2":21.63,"lat":42.7567,"lon":0.5377},{"code_insee":"31134","nom":"Cazeneuve-Montaut","codes_postaux":["31420"],"code_dep":"31","code_region":"76","population":82,"surface_km2":4.65,"lat":43.1846,"lon":0.8605},{"code_insee":"31135","nom":"Cazères","codes_postaux":["31220"],"code_dep":"31","code_region":"76","population":4854,"surface_km2":19.77,"lat":43.2155,"lon":1.1005},{"code_insee":"31136","nom":"Cépet","codes_postaux":["31620"],"code_dep":"31","code_region":"76","population":2389,"surface_km2":7.18,"lat":43.7487,"lon":1.4368},{"code_insee":"31137","nom":"Cessales","codes_postaux":["31290"],"code_dep":"31","code_region":"76","population":168,"surface_km2":3.36,"lat":43.4571,"lon":1.7444},{"code_insee":"31138","nom":"Charlas","codes_postaux":["31350"],"code_dep":"31","code_region":"76","population":243,"surface_km2":11.41,"lat":43.2366,"lon":0.6951},{"code_insee":"31139","nom":"Chaum","codes_postaux":["31440"],"code_dep":"31","code_region":"76","population":205,"surface_km2":5.76,"lat":42.9389,"lon":0.6712},{"code_insee":"31140","nom":"Chein-Dessus","codes_postaux":["31160"],"code_dep":"31","code_region":"76","population":209,"surface_km2":12.72,"lat":43.0034,"lon":0.8781},{"code_insee":"31141","nom":"Ciadoux","codes_postaux":["31350"],"code_dep":"31","code_region":"76","population":234,"surface_km2":9.71,"lat":43.2553,"lon":0.7354},{"code_insee":"31142","nom":"Cier-de-Luchon","codes_postaux":["31110"],"code_dep":"31","code_region":"76","population":235,"surface_km2":10.51,"lat":42.8559,"lon":0.587},{"code_insee":"31143","nom":"Cier-de-Rivière","codes_postaux":["31510"],"code_dep":"31","code_region":"76","population":266,"surface_km2":9.38,"lat":43.0605,"lon":0.6295},{"code_insee":"31144","nom":"Cierp-Gaud","codes_postaux":["31440"],"code_dep":"31","code_region":"76","population":689,"surface_km2":14.52,"lat":42.9005,"lon":0.6327},{"code_insee":"31145","nom":"Cintegabelle","codes_postaux":["31550"],"code_dep":"31","code_region":"76","population":3006,"surface_km2":53.42,"lat":43.3,"lon":1.5375},{"code_insee":"31146","nom":"Cirès","codes_postaux":["31110"],"code_dep":"31","code_region":"76","population":9,"surface_km2":4.89,"lat":42.8527,"lon":0.5063},{"code_insee":"31147","nom":"Clarac","codes_postaux":["31210"],"code_dep":"31","code_region":"76","population":672,"surface_km2":4.72,"lat":43.1113,"lon":0.615},{"code_insee":"31148","nom":"Clermont-le-Fort","codes_postaux":["31810"],"code_dep":"31","code_region":"76","population":531,"surface_km2":10.18,"lat":43.4584,"lon":1.4453},{"code_insee":"31149","nom":"Colomiers","codes_postaux":["31770"],"code_dep":"31","code_region":"76","population":40882,"surface_km2":21.04,"lat":43.6116,"lon":1.3245},{"code_insee":"31150","nom":"Cornebarrieu","codes_postaux":["31700"],"code_dep":"31","code_region":"76","population":8978,"surface_km2":18.81,"lat":43.649,"lon":1.3197},{"code_insee":"31151","nom":"Corronsac","codes_postaux":["31450"],"code_dep":"31","code_region":"76","population":901,"surface_km2":6.34,"lat":43.4707,"lon":1.4907},{"code_insee":"31152","nom":"Coueilles","codes_postaux":["31230"],"code_dep":"31","code_region":"76","population":85,"surface_km2":6.49,"lat":43.3461,"lon":0.8774},{"code_insee":"31153","nom":"Couladère","codes_postaux":["31220"],"code_dep":"31","code_region":"76","population":415,"surface_km2":2.29,"lat":43.1962,"lon":1.0935},{"code_insee":"31155","nom":"Couret","codes_postaux":["31160"],"code_dep":"31","code_region":"76","population":233,"surface_km2":4.33,"lat":43.0483,"lon":0.8188},{"code_insee":"31156","nom":"Cox","codes_postaux":["31480"],"code_dep":"31","code_region":"76","population":364,"surface_km2":4.11,"lat":43.7606,"lon":1.0419},{"code_insee":"31157","nom":"Cugnaux","codes_postaux":["31270"],"code_dep":"31","code_region":"76","population":20662,"surface_km2":13.05,"lat":43.5446,"lon":1.3432},{"code_insee":"31158","nom":"Cuguron","codes_postaux":["31210"],"code_dep":"31","code_region":"76","population":161,"surface_km2":7.07,"lat":43.1063,"lon":0.5222},{"code_insee":"31159","nom":"Le Cuing","codes_postaux":["31210"],"code_dep":"31","code_region":"76","population":482,"surface_km2":13.04,"lat":43.1479,"lon":0.6205},{"code_insee":"31160","nom":"Daux","codes_postaux":["31700"],"code_dep":"31","code_region":"76","population":2643,"surface_km2":16.9,"lat":43.6849,"lon":1.2685},{"code_insee":"31161","nom":"Deyme","codes_postaux":["31450"],"code_dep":"31","code_region":"76","population":1468,"surface_km2":7.06,"lat":43.4841,"lon":1.5311},{"code_insee":"31162","nom":"Donneville","codes_postaux":["31450"],"code_dep":"31","code_region":"76","population":1139,"surface_km2":2.72,"lat":43.4728,"lon":1.5506},{"code_insee":"31163","nom":"Drémil-Lafage","codes_postaux":["31280"],"code_dep":"31","code_region":"76","population":2608,"surface_km2":12.55,"lat":43.592,"lon":1.5996},{"code_insee":"31164","nom":"Drudas","codes_postaux":["31480"],"code_dep":"31","code_region":"76","population":206,"surface_km2":11.28,"lat":43.7638,"lon":1.1006},{"code_insee":"31165","nom":"Eaunes","codes_postaux":["31600"],"code_dep":"31","code_region":"76","population":6539,"surface_km2":14.91,"lat":43.4324,"lon":1.3543},{"code_insee":"31166","nom":"Empeaux","codes_postaux":["31470"],"code_dep":"31","code_region":"76","population":314,"surface_km2":4.56,"lat":43.536,"lon":1.074},{"code_insee":"31167","nom":"Encausse-les-Thermes","codes_postaux":["31160"],"code_dep":"31","code_region":"76","population":641,"surface_km2":8.13,"lat":43.0511,"lon":0.7464},{"code_insee":"31168","nom":"Eoux","codes_postaux":["31420"],"code_dep":"31","code_region":"76","population":131,"surface_km2":9.26,"lat":43.2773,"lon":0.8835},{"code_insee":"31169","nom":"Escalquens","codes_postaux":["31750"],"code_dep":"31","code_region":"76","population":6924,"surface_km2":8.48,"lat":43.5201,"lon":1.5528},{"code_insee":"31170","nom":"Escanecrabe","codes_postaux":["31350"],"code_dep":"31","code_region":"76","population":210,"surface_km2":16.13,"lat":43.2734,"lon":0.7577},{"code_insee":"31171","nom":"Espanès","codes_postaux":["31450"],"code_dep":"31","code_region":"76","population":273,"surface_km2":3.58,"lat":43.4513,"lon":1.4885},{"code_insee":"31172","nom":"Esparron","codes_postaux":["31420"],"code_dep":"31","code_region":"76","population":42,"surface_km2":5.55,"lat":43.2632,"lon":0.81},{"code_insee":"31173","nom":"Esperce","codes_postaux":["31190"],"code_dep":"31","code_region":"76","population":296,"surface_km2":16.52,"lat":43.2984,"lon":1.3974},{"code_insee":"31174","nom":"Estadens","codes_postaux":["31160"],"code_dep":"31","code_region":"76","population":526,"surface_km2":17.56,"lat":43.0334,"lon":0.8398},{"code_insee":"31175","nom":"Estancarbon","codes_postaux":["31800"],"code_dep":"31","code_region":"76","population":612,"surface_km2":6.35,"lat":43.1094,"lon":0.7833},{"code_insee":"31176","nom":"Esténos","codes_postaux":["31440"],"code_dep":"31","code_region":"76","population":191,"surface_km2":3.35,"lat":42.9431,"lon":0.6323},{"code_insee":"31177","nom":"Eup","codes_postaux":["31440"],"code_dep":"31","code_region":"76","population":139,"surface_km2":2.22,"lat":42.9259,"lon":0.684},{"code_insee":"31178","nom":"Fabas","codes_postaux":["31230"],"code_dep":"31","code_region":"76","population":196,"surface_km2":18.67,"lat":43.3128,"lon":0.8919},{"code_insee":"31179","nom":"Le Faget","codes_postaux":["31460"],"code_dep":"31","code_region":"76","population":297,"surface_km2":11.44,"lat":43.5647,"lon":1.8256},{"code_insee":"31180","nom":"Falga","codes_postaux":["31540"],"code_dep":"31","code_region":"76","population":141,"surface_km2":5.4,"lat":43.4796,"lon":1.8425},{"code_insee":"31181","nom":"Le Fauga","codes_postaux":["31410"],"code_dep":"31","code_region":"76","population":2603,"surface_km2":9.13,"lat":43.3996,"lon":1.3003},{"code_insee":"31182","nom":"Fenouillet","codes_postaux":["31150"],"code_dep":"31","code_region":"76","population":5784,"surface_km2":9.7,"lat":43.6864,"lon":1.3897},{"code_insee":"31183","nom":"Figarol","codes_postaux":["31260"],"code_dep":"31","code_region":"76","population":311,"surface_km2":11.81,"lat":43.0857,"lon":0.9073},{"code_insee":"31184","nom":"Flourens","codes_postaux":["31130"],"code_dep":"31","code_region":"76","population":2084,"surface_km2":9.7,"lat":43.5975,"lon":1.5514},{"code_insee":"31185","nom":"Folcarde","codes_postaux":["31290"],"code_dep":"31","code_region":"76","population":118,"surface_km2":2.33,"lat":43.4061,"lon":1.7954},{"code_insee":"31186","nom":"Fonbeauzard","codes_postaux":["31140"],"code_dep":"31","code_region":"76","population":3204,"surface_km2":1.33,"lat":43.6792,"lon":1.4368},{"code_insee":"31187","nom":"Fonsorbes","codes_postaux":["31470"],"code_dep":"31","code_region":"76","population":12954,"surface_km2":19.45,"lat":43.5332,"lon":1.2429},{"code_insee":"31188","nom":"Fontenilles","codes_postaux":["31470"],"code_dep":"31","code_region":"76","population":5906,"surface_km2":20.26,"lat":43.5524,"lon":1.2048},{"code_insee":"31189","nom":"Forgues","codes_postaux":["31370"],"code_dep":"31","code_region":"76","population":214,"surface_km2":5.28,"lat":43.4322,"lon":1.0429},{"code_insee":"31190","nom":"Fos","codes_postaux":["31440"],"code_dep":"31","code_region":"76","population":248,"surface_km2":18.3,"lat":42.8606,"lon":0.7545},{"code_insee":"31191","nom":"Fougaron","codes_postaux":["31160"],"code_dep":"31","code_region":"76","population":109,"surface_km2":9.19,"lat":42.9877,"lon":0.9382},{"code_insee":"31192","nom":"Fourquevaux","codes_postaux":["31450"],"code_dep":"31","code_region":"76","population":851,"surface_km2":10.23,"lat":43.5004,"lon":1.6231},{"code_insee":"31193","nom":"Le Fousseret","codes_postaux":["31430"],"code_dep":"31","code_region":"76","population":1863,"surface_km2":38.5,"lat":43.2867,"lon":1.0673},{"code_insee":"31194","nom":"Francarville","codes_postaux":["31460"],"code_dep":"31","code_region":"76","population":191,"surface_km2":7.09,"lat":43.5872,"lon":1.7479},{"code_insee":"31195","nom":"Francazal","codes_postaux":["31260"],"code_dep":"31","code_region":"76","population":28,"surface_km2":5.54,"lat":43.0074,"lon":1.0018},{"code_insee":"31196","nom":"Francon","codes_postaux":["31420"],"code_dep":"31","code_region":"76","population":236,"surface_km2":9.6,"lat":43.2605,"lon":0.9884},{"code_insee":"31197","nom":"Franquevielle","codes_postaux":["31210"],"code_dep":"31","code_region":"76","population":339,"surface_km2":10.9,"lat":43.1333,"lon":0.5304},{"code_insee":"31198","nom":"Le Fréchet","codes_postaux":["31360"],"code_dep":"31","code_region":"76","population":129,"surface_km2":4.28,"lat":43.1903,"lon":0.9303},{"code_insee":"31199","nom":"Fronsac","codes_postaux":["31440"],"code_dep":"31","code_region":"76","population":185,"surface_km2":4.2,"lat":42.9548,"lon":0.6688},{"code_insee":"31200","nom":"Frontignan-de-Comminges","codes_postaux":["31510"],"code_dep":"31","code_region":"76","population":80,"surface_km2":2.61,"lat":42.9647,"lon":0.67},{"code_insee":"31201","nom":"Frontignan-Savès","codes_postaux":["31230"],"code_dep":"31","code_region":"76","population":66,"surface_km2":2.83,"lat":43.399,"lon":0.9129},{"code_insee":"31202","nom":"Fronton","codes_postaux":["31620"],"code_dep":"31","code_region":"76","population":6671,"surface_km2":46.01,"lat":43.8529,"lon":1.3714},{"code_insee":"31203","nom":"Frouzins","codes_postaux":["31270"],"code_dep":"31","code_region":"76","population":9805,"surface_km2":7.91,"lat":43.5218,"lon":1.3125},{"code_insee":"31204","nom":"Fustignac","codes_postaux":["31430"],"code_dep":"31","code_region":"76","population":70,"surface_km2":4.01,"lat":43.3028,"lon":0.9844},{"code_insee":"31205","nom":"Gagnac-sur-Garonne","codes_postaux":["31150"],"code_dep":"31","code_region":"76","population":3198,"surface_km2":4.64,"lat":43.7077,"lon":1.3636},{"code_insee":"31206","nom":"Gaillac-Toulza","codes_postaux":["31550"],"code_dep":"31","code_region":"76","population":1342,"surface_km2":40.63,"lat":43.2573,"lon":1.453},{"code_insee":"31207","nom":"Galié","codes_postaux":["31510"],"code_dep":"31","code_region":"76","population":87,"surface_km2":2.99,"lat":42.9918,"lon":0.6337},{"code_insee":"31208","nom":"Ganties","codes_postaux":["31160"],"code_dep":"31","code_region":"76","population":302,"surface_km2":12.14,"lat":43.0611,"lon":0.8379},{"code_insee":"31209","nom":"Garac","codes_postaux":["31480"],"code_dep":"31","code_region":"76","population":168,"surface_km2":6.08,"lat":43.6869,"lon":1.097},{"code_insee":"31210","nom":"Gardouch","codes_postaux":["31290"],"code_dep":"31","code_region":"76","population":1370,"surface_km2":16.24,"lat":43.3834,"lon":1.6781},{"code_insee":"31211","nom":"Gargas","codes_postaux":["31620"],"code_dep":"31","code_region":"76","population":785,"surface_km2":7.38,"lat":43.7589,"lon":1.4595},{"code_insee":"31212","nom":"Garidech","codes_postaux":["31380"],"code_dep":"31","code_region":"76","population":1893,"surface_km2":7.16,"lat":43.7123,"lon":1.549},{"code_insee":"31213","nom":"Garin","codes_postaux":["31110"],"code_dep":"31","code_region":"76","population":146,"surface_km2":5.59,"lat":42.8093,"lon":0.491},{"code_insee":"31215","nom":"Gauré","codes_postaux":["31590"],"code_dep":"31","code_region":"76","population":464,"surface_km2":13.55,"lat":43.6183,"lon":1.6397},{"code_insee":"31216","nom":"Gémil","codes_postaux":["31380"],"code_dep":"31","code_region":"76","population":483,"surface_km2":2.82,"lat":43.7388,"lon":1.5967},{"code_insee":"31217","nom":"Génos","codes_postaux":["31510"],"code_dep":"31","code_region":"76","population":71,"surface_km2":3.5,"lat":43.0004,"lon":0.6681},{"code_insee":"31218","nom":"Gensac-de-Boulogne","codes_postaux":["31350"],"code_dep":"31","code_region":"76","population":109,"surface_km2":10.98,"lat":43.2593,"lon":0.6037},{"code_insee":"31219","nom":"Gensac-sur-Garonne","codes_postaux":["31310"],"code_dep":"31","code_region":"76","population":451,"surface_km2":10.48,"lat":43.2161,"lon":1.1422},{"code_insee":"31220","nom":"Gibel","codes_postaux":["31560"],"code_dep":"31","code_region":"76","population":393,"surface_km2":19.42,"lat":43.3017,"lon":1.6728},{"code_insee":"31221","nom":"Gouaux-de-Larboust","codes_postaux":["31110"],"code_dep":"31","code_region":"76","population":40,"surface_km2":10.79,"lat":42.7804,"lon":0.4783},{"code_insee":"31222","nom":"Gouaux-de-Luchon","codes_postaux":["31110"],"code_dep":"31","code_region":"76","population":43,"surface_km2":14.43,"lat":42.8501,"lon":0.644},{"code_insee":"31223","nom":"Goudex","codes_postaux":["31230"],"code_dep":"31","code_region":"76","population":40,"surface_km2":2.64,"lat":43.38,"lon":0.9559},{"code_insee":"31224","nom":"Gourdan-Polignan","codes_postaux":["31210"],"code_dep":"31","code_region":"76","population":1177,"surface_km2":5.26,"lat":43.0708,"lon":0.5745},{"code_insee":"31225","nom":"Goutevernisse","codes_postaux":["31310"],"code_dep":"31","code_region":"76","population":185,"surface_km2":4.81,"lat":43.2138,"lon":1.1738},{"code_insee":"31226","nom":"Gouzens","codes_postaux":["31310"],"code_dep":"31","code_region":"76","population":81,"surface_km2":5.67,"lat":43.1802,"lon":1.1843},{"code_insee":"31227","nom":"Goyrans","codes_postaux":["31120"],"code_dep":"31","code_region":"76","population":867,"surface_km2":5.73,"lat":43.4817,"lon":1.4252},{"code_insee":"31228","nom":"Gragnague","codes_postaux":["31380"],"code_dep":"31","code_region":"76","population":2553,"surface_km2":13.02,"lat":43.6852,"lon":1.5828},{"code_insee":"31229","nom":"Gratens","codes_postaux":["31430"],"code_dep":"31","code_region":"76","population":805,"surface_km2":15.46,"lat":43.3245,"lon":1.1208},{"code_insee":"31230","nom":"Gratentour","codes_postaux":["31150"],"code_dep":"31","code_region":"76","population":4906,"surface_km2":4.1,"lat":43.7206,"lon":1.4333},{"code_insee":"31231","nom":"Grazac","codes_postaux":["31190"],"code_dep":"31","code_region":"76","population":816,"surface_km2":7.21,"lat":43.3117,"lon":1.4491},{"code_insee":"31232","nom":"Grenade","codes_postaux":["31330"],"code_dep":"31","code_region":"76","population":9062,"surface_km2":37.97,"lat":43.7702,"lon":1.2791},{"code_insee":"31233","nom":"Grépiac","codes_postaux":["31190"],"code_dep":"31","code_region":"76","population":1017,"surface_km2":8.19,"lat":43.4053,"lon":1.4539},{"code_insee":"31234","nom":"Le Grès","codes_postaux":["31480"],"code_dep":"31","code_region":"76","population":463,"surface_km2":8.2,"lat":43.719,"lon":1.0981},{"code_insee":"31235","nom":"Guran","codes_postaux":["31440"],"code_dep":"31","code_region":"76","population":59,"surface_km2":5.22,"lat":42.884,"lon":0.6046},{"code_insee":"31236","nom":"Herran","codes_postaux":["31160"],"code_dep":"31","code_region":"76","population":74,"surface_km2":15.63,"lat":42.9752,"lon":0.8892},{"code_insee":"31237","nom":"His","codes_postaux":["31260"],"code_dep":"31","code_region":"76","population":235,"surface_km2":5.13,"lat":43.0637,"lon":0.9679},{"code_insee":"31238","nom":"Huos","codes_postaux":["31210"],"code_dep":"31","code_region":"76","population":491,"surface_km2":4.06,"lat":43.0673,"lon":0.6},{"code_insee":"31239","nom":"L'Isle-en-Dodon","codes_postaux":["31230"],"code_dep":"31","code_region":"76","population":1614,"surface_km2":22.54,"lat":43.3792,"lon":0.831},{"code_insee":"31240","nom":"Issus","codes_postaux":["31450"],"code_dep":"31","code_region":"76","population":655,"surface_km2":7.21,"lat":43.4232,"lon":1.5001},{"code_insee":"31241","nom":"Izaut-de-l'Hôtel","codes_postaux":["31160"],"code_dep":"31","code_region":"76","population":298,"surface_km2":9.63,"lat":43.0124,"lon":0.748},{"code_insee":"31242","nom":"Jurvielle","codes_postaux":["31110"],"code_dep":"31","code_region":"76","population":23,"surface_km2":5.93,"lat":42.8304,"lon":0.4763},{"code_insee":"31243","nom":"Juzes","codes_postaux":["31540"],"code_dep":"31","code_region":"76","population":73,"surface_km2":3.81,"lat":43.4461,"lon":1.7936},{"code_insee":"31244","nom":"Juzet-de-Luchon","codes_postaux":["31110"],"code_dep":"31","code_region":"76","population":366,"surface_km2":7.08,"lat":42.8036,"lon":0.631},{"code_insee":"31245","nom":"Juzet-d'Izaut","codes_postaux":["31160"],"code_dep":"31","code_region":"76","population":177,"surface_km2":14.84,"lat":42.9708,"lon":0.7575},{"code_insee":"31246","nom":"Labarthe-Inard","codes_postaux":["31800"],"code_dep":"31","code_region":"76","population":871,"surface_km2":10.3,"lat":43.1079,"lon":0.8337},{"code_insee":"31247","nom":"Labarthe-Rivière","codes_postaux":["31800"],"code_dep":"31","code_region":"76","population":1298,"surface_km2":13.98,"lat":43.0837,"lon":0.6786},{"code_insee":"31248","nom":"Labarthe-sur-Lèze","codes_postaux":["31860"],"code_dep":"31","code_region":"76","population":6585,"surface_km2":10.35,"lat":43.4589,"lon":1.3995},{"code_insee":"31249","nom":"Labastide-Beauvoir","codes_postaux":["31450"],"code_dep":"31","code_region":"76","population":1254,"surface_km2":10.23,"lat":43.4822,"lon":1.6635},{"code_insee":"31250","nom":"Labastide-Clermont","codes_postaux":["31370"],"code_dep":"31","code_region":"76","population":690,"surface_km2":14.59,"lat":43.3499,"lon":1.1071},{"code_insee":"31251","nom":"Labastide-Paumès","codes_postaux":["31230"],"code_dep":"31","code_region":"76","population":150,"surface_km2":8.07,"lat":43.3321,"lon":0.9405},{"code_insee":"31252","nom":"Labastide-Saint-Sernin","codes_postaux":["31620"],"code_dep":"31","code_region":"76","population":1925,"surface_km2":5.07,"lat":43.7369,"lon":1.4667},{"code_insee":"31253","nom":"Labastidette","codes_postaux":["31600"],"code_dep":"31","code_region":"76","population":2930,"surface_km2":6.34,"lat":43.4554,"lon":1.2411},{"code_insee":"31254","nom":"Labège","codes_postaux":["31670"],"code_dep":"31","code_region":"76","population":4392,"surface_km2":7.73,"lat":43.5396,"lon":1.5207},{"code_insee":"31255","nom":"Labroquère","codes_postaux":["31510"],"code_dep":"31","code_region":"76","population":324,"surface_km2":4.42,"lat":43.0433,"lon":0.5874},{"code_insee":"31256","nom":"Labruyère-Dorsa","codes_postaux":["31190"],"code_dep":"31","code_region":"76","population":317,"surface_km2":2.22,"lat":43.4056,"lon":1.4712},{"code_insee":"31258","nom":"Lacaugne","codes_postaux":["31390"],"code_dep":"31","code_region":"76","population":252,"surface_km2":6.14,"lat":43.28,"lon":1.2808},{"code_insee":"31259","nom":"Lacroix-Falgarde","codes_postaux":["31120"],"code_dep":"31","code_region":"76","population":2030,"surface_km2":6.1,"lat":43.5022,"lon":1.4256},{"code_insee":"31260","nom":"Laffite-Toupière","codes_postaux":["31360"],"code_dep":"31","code_region":"76","population":98,"surface_km2":4.85,"lat":43.1651,"lon":0.907},{"code_insee":"31261","nom":"Lafitte-Vigordane","codes_postaux":["31390"],"code_dep":"31","code_region":"76","population":1142,"surface_km2":11.37,"lat":43.3027,"lon":1.1597},{"code_insee":"31262","nom":"Lagarde","codes_postaux":["31290"],"code_dep":"31","code_region":"76","population":432,"surface_km2":11.72,"lat":43.3464,"lon":1.6973},{"code_insee":"31263","nom":"Lagardelle-sur-Lèze","codes_postaux":["31870"],"code_dep":"31","code_region":"76","population":3303,"surface_km2":13.71,"lat":43.4162,"lon":1.3929},{"code_insee":"31264","nom":"Lagrâce-Dieu","codes_postaux":["31190"],"code_dep":"31","code_region":"76","population":551,"surface_km2":8.67,"lat":43.3361,"lon":1.4077},{"code_insee":"31265","nom":"Lagraulet-Saint-Nicolas","codes_postaux":["31480"],"code_dep":"31","code_region":"76","population":284,"surface_km2":16.13,"lat":43.7901,"lon":1.0756},{"code_insee":"31266","nom":"Lahage","codes_postaux":["31370"],"code_dep":"31","code_region":"76","population":212,"surface_km2":7.6,"lat":43.4414,"lon":1.0699},{"code_insee":"31267","nom":"Lahitère","codes_postaux":["31310"],"code_dep":"31","code_region":"76","population":52,"surface_km2":3.88,"lat":43.1412,"lon":1.1878},{"code_insee":"31268","nom":"Lalouret-Laffiteau","codes_postaux":["31800"],"code_dep":"31","code_region":"76","population":134,"surface_km2":5.45,"lat":43.1864,"lon":0.6987},{"code_insee":"31269","nom":"Lamasquère","codes_postaux":["31600"],"code_dep":"31","code_region":"76","population":1682,"surface_km2":6.19,"lat":43.4857,"lon":1.25},{"code_insee":"31270","nom":"Landorthe","codes_postaux":["31800"],"code_dep":"31","code_region":"76","population":1030,"surface_km2":9.77,"lat":43.1288,"lon":0.7806},{"code_insee":"31271","nom":"Lanta","codes_postaux":["31570"],"code_dep":"31","code_region":"76","population":2283,"surface_km2":30.32,"lat":43.5573,"lon":1.6687},{"code_insee":"31272","nom":"Lapeyrère","codes_postaux":["31310"],"code_dep":"31","code_region":"76","population":58,"surface_km2":6.3,"lat":43.2054,"lon":1.3105},{"code_insee":"31273","nom":"Lapeyrouse-Fossat","codes_postaux":["31180"],"code_dep":"31","code_region":"76","population":3043,"surface_km2":9.54,"lat":43.7033,"lon":1.5103},{"code_insee":"31274","nom":"Larcan","codes_postaux":["31800"],"code_dep":"31","code_region":"76","population":178,"surface_km2":7.1,"lat":43.171,"lon":0.7197},{"code_insee":"31275","nom":"Laréole","codes_postaux":["31480"],"code_dep":"31","code_region":"76","population":157,"surface_km2":8.95,"lat":43.741,"lon":1.0206},{"code_insee":"31276","nom":"Larroque","codes_postaux":["31580"],"code_dep":"31","code_region":"76","population":293,"surface_km2":19.93,"lat":43.1966,"lon":0.6115},{"code_insee":"31277","nom":"Lasserre-Pradère","codes_postaux":["31530"],"code_dep":"31","code_region":"76","population":1574,"surface_km2":14.55,"lat":43.637,"lon":1.176},{"code_insee":"31278","nom":"Latoue","codes_postaux":["31800"],"code_dep":"31","code_region":"76","population":310,"surface_km2":17.83,"lat":43.1728,"lon":0.7815},{"code_insee":"31279","nom":"Latour","codes_postaux":["31310"],"code_dep":"31","code_region":"76","population":80,"surface_km2":6.24,"lat":43.2028,"lon":1.2822},{"code_insee":"31280","nom":"Latrape","codes_postaux":["31310"],"code_dep":"31","code_region":"76","population":444,"surface_km2":19.39,"lat":43.2484,"lon":1.2924},{"code_insee":"31281","nom":"Launac","codes_postaux":["31330"],"code_dep":"31","code_region":"76","population":1335,"surface_km2":22.61,"lat":43.7526,"lon":1.1657},{"code_insee":"31282","nom":"Launaguet","codes_postaux":["31140"],"code_dep":"31","code_region":"76","population":9173,"surface_km2":7.08,"lat":43.6668,"lon":1.4579},{"code_insee":"31283","nom":"Lautignac","codes_postaux":["31370"],"code_dep":"31","code_region":"76","population":248,"surface_km2":17.78,"lat":43.3789,"lon":1.0668},{"code_insee":"31284","nom":"Lauzerville","codes_postaux":["31650"],"code_dep":"31","code_region":"76","population":1582,"surface_km2":3.44,"lat":43.5578,"lon":1.5657},{"code_insee":"31285","nom":"Lavalette","codes_postaux":["31590"],"code_dep":"31","code_region":"76","population":793,"surface_km2":13.84,"lat":43.6406,"lon":1.5953},{"code_insee":"31286","nom":"Lavelanet-de-Comminges","codes_postaux":["31220"],"code_dep":"31","code_region":"76","population":653,"surface_km2":13.76,"lat":43.2545,"lon":1.1149},{"code_insee":"31287","nom":"Lavernose-Lacasse","codes_postaux":["31410"],"code_dep":"31","code_region":"76","population":3798,"surface_km2":18.04,"lat":43.391,"lon":1.2411},{"code_insee":"31288","nom":"Layrac-sur-Tarn","codes_postaux":["31340"],"code_dep":"31","code_region":"76","population":320,"surface_km2":7.25,"lat":43.8327,"lon":1.5655},{"code_insee":"31289","nom":"Lécussan","codes_postaux":["31580"],"code_dep":"31","code_region":"76","population":248,"surface_km2":7.52,"lat":43.1512,"lon":0.489},{"code_insee":"31290","nom":"Lège","codes_postaux":["31440"],"code_dep":"31","code_region":"76","population":32,"surface_km2":2.76,"lat":42.8777,"lon":0.5973},{"code_insee":"31291","nom":"Léguevin","codes_postaux":["31490"],"code_dep":"31","code_region":"76","population":9945,"surface_km2":24.62,"lat":43.5928,"lon":1.2353},{"code_insee":"31292","nom":"Lescuns","codes_postaux":["31220"],"code_dep":"31","code_region":"76","population":75,"surface_km2":3.03,"lat":43.2448,"lon":1.006},{"code_insee":"31293","nom":"Lespinasse","codes_postaux":["31150"],"code_dep":"31","code_region":"76","population":3251,"surface_km2":4.29,"lat":43.7174,"lon":1.3821},{"code_insee":"31294","nom":"Lespiteau","codes_postaux":["31160"],"code_dep":"31","code_region":"76","population":78,"surface_km2":1.78,"lat":43.065,"lon":0.7603},{"code_insee":"31295","nom":"Lespugue","codes_postaux":["31350"],"code_dep":"31","code_region":"76","population":75,"surface_km2":4.88,"lat":43.2311,"lon":0.6652},{"code_insee":"31296","nom":"Lestelle-de-Saint-Martory","codes_postaux":["31360"],"code_dep":"31","code_region":"76","population":430,"surface_km2":9.33,"lat":43.1177,"lon":0.9042},{"code_insee":"31297","nom":"Lévignac","codes_postaux":["31530"],"code_dep":"31","code_region":"76","population":2206,"surface_km2":12.25,"lat":43.6646,"lon":1.2036},{"code_insee":"31299","nom":"Lherm","codes_postaux":["31600"],"code_dep":"31","code_region":"76","population":3880,"surface_km2":27.58,"lat":43.4273,"lon":1.2288},{"code_insee":"31300","nom":"Lieoux","codes_postaux":["31800"],"code_dep":"31","code_region":"76","population":126,"surface_km2":5.82,"lat":43.1492,"lon":0.7734},{"code_insee":"31301","nom":"Lilhac","codes_postaux":["31230"],"code_dep":"31","code_region":"76","population":140,"surface_km2":7.33,"lat":43.2854,"lon":0.8109},{"code_insee":"31302","nom":"Lodes","codes_postaux":["31800"],"code_dep":"31","code_region":"76","population":308,"surface_km2":13.97,"lat":43.1664,"lon":0.6608},{"code_insee":"31303","nom":"Longages","codes_postaux":["31410"],"code_dep":"31","code_region":"76","population":3392,"surface_km2":21.5,"lat":43.3571,"lon":1.2114},{"code_insee":"31304","nom":"Loubens-Lauragais","codes_postaux":["31460"],"code_dep":"31","code_region":"76","population":454,"surface_km2":6.49,"lat":43.5762,"lon":1.784},{"code_insee":"31305","nom":"Loudet","codes_postaux":["31580"],"code_dep":"31","code_region":"76","population":191,"surface_km2":5.19,"lat":43.1397,"lon":0.5755},{"code_insee":"31306","nom":"Lourde","codes_postaux":["31510"],"code_dep":"31","code_region":"76","population":123,"surface_km2":1.21,"lat":42.9849,"lon":0.6568},{"code_insee":"31308","nom":"Luscan","codes_postaux":["31510"],"code_dep":"31","code_region":"76","population":46,"surface_km2":3.31,"lat":43.0133,"lon":0.6272},{"code_insee":"31309","nom":"Lussan-Adeilhac","codes_postaux":["31430"],"code_dep":"31","code_region":"76","population":236,"surface_km2":12.67,"lat":43.2944,"lon":0.953},{"code_insee":"31310","nom":"Lux","codes_postaux":["31290"],"code_dep":"31","code_region":"76","population":342,"surface_km2":7.66,"lat":43.4299,"lon":1.7854},{"code_insee":"31311","nom":"La Magdelaine-sur-Tarn","codes_postaux":["31340"],"code_dep":"31","code_region":"76","population":1254,"surface_km2":6.94,"lat":43.8146,"lon":1.5367},{"code_insee":"31312","nom":"Mailholas","codes_postaux":["31310"],"code_dep":"31","code_region":"76","population":34,"surface_km2":2.98,"lat":43.2485,"lon":1.2504},{"code_insee":"31313","nom":"Malvezie","codes_postaux":["31510"],"code_dep":"31","code_region":"76","population":113,"surface_km2":8.38,"lat":43.0065,"lon":0.6989},{"code_insee":"31314","nom":"Mancioux","codes_postaux":["31360"],"code_dep":"31","code_region":"76","population":386,"surface_km2":7.15,"lat":43.1671,"lon":0.9385},{"code_insee":"31315","nom":"Mane","codes_postaux":["31260"],"code_dep":"31","code_region":"76","population":969,"surface_km2":6.6,"lat":43.0804,"lon":0.9428},{"code_insee":"31316","nom":"Marignac","codes_postaux":["31440"],"code_dep":"31","code_region":"76","population":474,"surface_km2":12.91,"lat":42.893,"lon":0.6649},{"code_insee":"31317","nom":"Marignac-Lasclares","codes_postaux":["31430"],"code_dep":"31","code_region":"76","population":479,"surface_km2":10.2,"lat":43.3042,"lon":1.1095},{"code_insee":"31318","nom":"Marignac-Laspeyres","codes_postaux":["31220"],"code_dep":"31","code_region":"76","population":194,"surface_km2":12.42,"lat":43.2121,"lon":0.9627},{"code_insee":"31319","nom":"Marliac","codes_postaux":["31550"],"code_dep":"31","code_region":"76","population":129,"surface_km2":7.21,"lat":43.2229,"lon":1.4756},{"code_insee":"31320","nom":"Marquefave","codes_postaux":["31390"],"code_dep":"31","code_region":"76","population":991,"surface_km2":18.8,"lat":43.311,"lon":1.2601},{"code_insee":"31321","nom":"Marsoulas","codes_postaux":["31260"],"code_dep":"31","code_region":"76","population":143,"surface_km2":2.42,"lat":43.1072,"lon":0.9929},{"code_insee":"31322","nom":"Martisserre","codes_postaux":["31230"],"code_dep":"31","code_region":"76","population":64,"surface_km2":6.19,"lat":43.3961,"lon":0.8847},{"code_insee":"31323","nom":"Martres-de-Rivière","codes_postaux":["31210"],"code_dep":"31","code_region":"76","population":418,"surface_km2":3.6,"lat":43.0834,"lon":0.6422},{"code_insee":"31324","nom":"Martres-Tolosane","codes_postaux":["31220"],"code_dep":"31","code_region":"76","population":2387,"surface_km2":23.55,"lat":43.2052,"lon":0.994},{"code_insee":"31325","nom":"Mascarville","codes_postaux":["31460"],"code_dep":"31","code_region":"76","population":179,"surface_km2":5.32,"lat":43.5575,"lon":1.7531},{"code_insee":"31326","nom":"Massabrac","codes_postaux":["31310"],"code_dep":"31","code_region":"76","population":132,"surface_km2":4.03,"lat":43.2238,"lon":1.3645},{"code_insee":"31327","nom":"Mauran","codes_postaux":["31220"],"code_dep":"31","code_region":"76","population":201,"surface_km2":5.26,"lat":43.1857,"lon":1.0193},{"code_insee":"31328","nom":"Mauremont","codes_postaux":["31290"],"code_dep":"31","code_region":"76","population":349,"surface_km2":5.67,"lat":43.4557,"lon":1.6811},{"code_insee":"31329","nom":"Maurens","codes_postaux":["31540"],"code_dep":"31","code_region":"76","population":207,"surface_km2":6.65,"lat":43.4668,"lon":1.7968},{"code_insee":"31330","nom":"Mauressac","codes_postaux":["31190"],"code_dep":"31","code_region":"76","population":492,"surface_km2":4.53,"lat":43.3222,"lon":1.4341},{"code_insee":"31331","nom":"Maureville","codes_postaux":["31460"],"code_dep":"31","code_region":"76","population":296,"surface_km2":10.11,"lat":43.5317,"lon":1.7141},{"code_insee":"31332","nom":"Mauvaisin","codes_postaux":["31190"],"code_dep":"31","code_region":"76","population":233,"surface_km2":11.1,"lat":43.3587,"lon":1.5339},{"code_insee":"31333","nom":"Mauvezin","codes_postaux":["31230"],"code_dep":"31","code_region":"76","population":82,"surface_km2":4.85,"lat":43.3817,"lon":0.9213},{"code_insee":"31334","nom":"Mauzac","codes_postaux":["31410"],"code_dep":"31","code_region":"76","population":1351,"surface_km2":9.19,"lat":43.3772,"lon":1.3028},{"code_insee":"31335","nom":"Mayrègne","codes_postaux":["31110"],"code_dep":"31","code_region":"76","population":28,"surface_km2":5.22,"lat":42.849,"lon":0.5389},{"code_insee":"31336","nom":"Mazères-sur-Salat","codes_postaux":["31260"],"code_dep":"31","code_region":"76","population":628,"surface_km2":6.83,"lat":43.1341,"lon":0.9605},{"code_insee":"31337","nom":"Melles","codes_postaux":["31440"],"code_dep":"31","code_region":"76","population":95,"surface_km2":45.93,"lat":42.8643,"lon":0.8036},{"code_insee":"31338","nom":"Menville","codes_postaux":["31530"],"code_dep":"31","code_region":"76","population":805,"surface_km2":5.15,"lat":43.6789,"lon":1.1888},{"code_insee":"31339","nom":"Mérenvielle","codes_postaux":["31530"],"code_dep":"31","code_region":"76","population":474,"surface_km2":9.75,"lat":43.6211,"lon":1.171},{"code_insee":"31340","nom":"Mervilla","codes_postaux":["31320"],"code_dep":"31","code_region":"76","population":303,"surface_km2":2.79,"lat":43.5067,"lon":1.473},{"code_insee":"31341","nom":"Merville","codes_postaux":["31330"],"code_dep":"31","code_region":"76","population":6760,"surface_km2":30.96,"lat":43.7227,"lon":1.2916},{"code_insee":"31342","nom":"Milhas","codes_postaux":["31160"],"code_dep":"31","code_region":"76","population":191,"surface_km2":13.22,"lat":42.976,"lon":0.8254},{"code_insee":"31343","nom":"Mirambeau","codes_postaux":["31230"],"code_dep":"31","code_region":"76","population":64,"surface_km2":4.01,"lat":43.4049,"lon":0.865},{"code_insee":"31344","nom":"Miramont-de-Comminges","codes_postaux":["31800"],"code_dep":"31","code_region":"76","population":736,"surface_km2":8.32,"lat":43.0886,"lon":0.7586},{"code_insee":"31345","nom":"Miremont","codes_postaux":["31190"],"code_dep":"31","code_region":"76","population":2838,"surface_km2":22.58,"lat":43.3733,"lon":1.4177},{"code_insee":"31346","nom":"Mirepoix-sur-Tarn","codes_postaux":["31340"],"code_dep":"31","code_region":"76","population":1139,"surface_km2":5.56,"lat":43.8269,"lon":1.5726},{"code_insee":"31347","nom":"Molas","codes_postaux":["31230"],"code_dep":"31","code_region":"76","population":167,"surface_km2":10.57,"lat":43.4009,"lon":0.7785},{"code_insee":"31348","nom":"Moncaup","codes_postaux":["31160"],"code_dep":"31","code_region":"76","population":37,"surface_km2":7.2,"lat":42.9687,"lon":0.704},{"code_insee":"31349","nom":"Mondavezan","codes_postaux":["31220"],"code_dep":"31","code_region":"76","population":880,"surface_km2":21.39,"lat":43.2394,"lon":1.041},{"code_insee":"31350","nom":"Mondilhan","codes_postaux":["31350"],"code_dep":"31","code_region":"76","population":88,"surface_km2":10.04,"lat":43.2902,"lon":0.7091},{"code_insee":"31351","nom":"Mondonville","codes_postaux":["31700"],"code_dep":"31","code_region":"76","population":6060,"surface_km2":11.87,"lat":43.6691,"lon":1.2735},{"code_insee":"31352","nom":"Mondouzil","codes_postaux":["31850"],"code_dep":"31","code_region":"76","population":210,"surface_km2":4.16,"lat":43.6304,"lon":1.5602},{"code_insee":"31353","nom":"Monès","codes_postaux":["31370"],"code_dep":"31","code_region":"76","population":87,"surface_km2":2.51,"lat":43.418,"lon":1.0333},{"code_insee":"31354","nom":"Monestrol","codes_postaux":["31560"],"code_dep":"31","code_region":"76","population":57,"surface_km2":5.36,"lat":43.3351,"lon":1.66},{"code_insee":"31355","nom":"Mons","codes_postaux":["31280"],"code_dep":"31","code_region":"76","population":1861,"surface_km2":7.32,"lat":43.6092,"lon":1.5696},{"code_insee":"31356","nom":"Montaigut-sur-Save","codes_postaux":["31530"],"code_dep":"31","code_region":"76","population":1984,"surface_km2":12.82,"lat":43.6855,"lon":1.2329},{"code_insee":"31357","nom":"Montastruc-de-Salies","codes_postaux":["31160"],"code_dep":"31","code_region":"76","population":302,"surface_km2":16.43,"lat":43.0412,"lon":0.8991},{"code_insee":"31358","nom":"Montastruc-la-Conseillère","codes_postaux":["31380"],"code_dep":"31","code_region":"76","population":3708,"surface_km2":15.61,"lat":43.7209,"lon":1.5899},{"code_insee":"31359","nom":"Montastruc-Savès","codes_postaux":["31370"],"code_dep":"31","code_region":"76","population":61,"surface_km2":5.76,"lat":43.3614,"lon":1.0185},{"code_insee":"31360","nom":"Montauban-de-Luchon","codes_postaux":["31110"],"code_dep":"31","code_region":"76","population":498,"surface_km2":5.77,"lat":42.791,"lon":0.626},{"code_insee":"31361","nom":"Montaut","codes_postaux":["31410"],"code_dep":"31","code_region":"76","population":578,"surface_km2":17.94,"lat":43.3419,"lon":1.3147},{"code_insee":"31362","nom":"Montberaud","codes_postaux":["31220"],"code_dep":"31","code_region":"76","population":192,"surface_km2":16.0,"lat":43.1611,"lon":1.1535},{"code_insee":"31363","nom":"Montbernard","codes_postaux":["31230"],"code_dep":"31","code_region":"76","population":215,"surface_km2":18.18,"lat":43.3031,"lon":0.7683},{"code_insee":"31364","nom":"Montberon","codes_postaux":["31140"],"code_dep":"31","code_region":"76","population":3158,"surface_km2":6.44,"lat":43.7188,"lon":1.4901},{"code_insee":"31365","nom":"Montbrun-Bocage","codes_postaux":["31310"],"code_dep":"31","code_region":"76","population":592,"surface_km2":30.49,"lat":43.1179,"lon":1.2566},{"code_insee":"31366","nom":"Montbrun-Lauragais","codes_postaux":["31450"],"code_dep":"31","code_region":"76","population":730,"surface_km2":10.96,"lat":43.4555,"lon":1.5219},{"code_insee":"31367","nom":"Montclar-de-Comminges","codes_postaux":["31220"],"code_dep":"31","code_region":"76","population":79,"surface_km2":6.34,"lat":43.169,"lon":1.033},{"code_insee":"31368","nom":"Montclar-Lauragais","codes_postaux":["31290"],"code_dep":"31","code_region":"76","population":253,"surface_km2":3.68,"lat":43.3623,"lon":1.7121},{"code_insee":"31369","nom":"Mont-de-Galié","codes_postaux":["31510"],"code_dep":"31","code_region":"76","population":24,"surface_km2":2.4,"lat":42.993,"lon":0.6458},{"code_insee":"31370","nom":"Montégut-Bourjac","codes_postaux":["31430"],"code_dep":"31","code_region":"76","population":129,"surface_km2":5.62,"lat":43.283,"lon":0.9863},{"code_insee":"31371","nom":"Montégut-Lauragais","codes_postaux":["31540"],"code_dep":"31","code_region":"76","population":400,"surface_km2":7.74,"lat":43.4792,"lon":1.9341},{"code_insee":"31372","nom":"Montespan","codes_postaux":["31260"],"code_dep":"31","code_region":"76","population":476,"surface_km2":12.74,"lat":43.0842,"lon":0.8584},{"code_insee":"31373","nom":"Montesquieu-Guittaut","codes_postaux":["31230"],"code_dep":"31","code_region":"76","population":171,"surface_km2":10.06,"lat":43.3366,"lon":0.7649},{"code_insee":"31374","nom":"Montesquieu-Lauragais","codes_postaux":["31450"],"code_dep":"31","code_region":"76","population":1032,"surface_km2":24.69,"lat":43.4067,"lon":1.6267},{"code_insee":"31375","nom":"Montesquieu-Volvestre","codes_postaux":["31310"],"code_dep":"31","code_region":"76","population":3050,"surface_km2":60.0,"lat":43.1778,"lon":1.2184},{"code_insee":"31376","nom":"Montgaillard-de-Salies","codes_postaux":["31260"],"code_dep":"31","code_region":"76","population":108,"surface_km2":6.13,"lat":43.0598,"lon":0.9328},{"code_insee":"31377","nom":"Montgaillard-Lauragais","codes_postaux":["31290"],"code_dep":"31","code_region":"76","population":683,"surface_km2":11.18,"lat":43.4293,"lon":1.7037},{"code_insee":"31378","nom":"Montgaillard-sur-Save","codes_postaux":["31350"],"code_dep":"31","code_region":"76","population":66,"surface_km2":4.14,"lat":43.2545,"lon":0.7145},{"code_insee":"31379","nom":"Montgazin","codes_postaux":["31410"],"code_dep":"31","code_region":"76","population":164,"surface_km2":6.92,"lat":43.3038,"lon":1.3061},{"code_insee":"31380","nom":"Montgeard","codes_postaux":["31560"],"code_dep":"31","code_region":"76","population":568,"surface_km2":9.31,"lat":43.3458,"lon":1.6427},{"code_insee":"31381","nom":"Montgiscard","codes_postaux":["31450"],"code_dep":"31","code_region":"76","population":2587,"surface_km2":13.22,"lat":43.4507,"lon":1.5687},{"code_insee":"31382","nom":"Montgras","codes_postaux":["31370"],"code_dep":"31","code_region":"76","population":116,"surface_km2":3.98,"lat":43.4507,"lon":1.0721},{"code_insee":"31383","nom":"Montjoire","codes_postaux":["31380"],"code_dep":"31","code_region":"76","population":1243,"surface_km2":20.35,"lat":43.7786,"lon":1.5282},{"code_insee":"31384","nom":"Montlaur","codes_postaux":["31450"],"code_dep":"31","code_region":"76","population":1791,"surface_km2":9.73,"lat":43.4836,"lon":1.5799},{"code_insee":"31385","nom":"Montmaurin","codes_postaux":["31350"],"code_dep":"31","code_region":"76","population":192,"surface_km2":8.49,"lat":43.2254,"lon":0.638},{"code_insee":"31386","nom":"Montoulieu-Saint-Bernard","codes_postaux":["31420"],"code_dep":"31","code_region":"76","population":230,"surface_km2":4.93,"lat":43.2302,"lon":0.9102},{"code_insee":"31387","nom":"Montoussin","codes_postaux":["31430"],"code_dep":"31","code_region":"76","population":126,"surface_km2":4.92,"lat":43.2792,"lon":1.0101},{"code_insee":"31388","nom":"Montpitol","codes_postaux":["31380"],"code_dep":"31","code_region":"76","population":335,"surface_km2":5.98,"lat":43.7074,"lon":1.6449},{"code_insee":"31389","nom":"Montrabé","codes_postaux":["31850"],"code_dep":"31","code_region":"76","population":4473,"surface_km2":5.31,"lat":43.6436,"lon":1.5333},{"code_insee":"31390","nom":"Montréjeau","codes_postaux":["31210"],"code_dep":"31","code_region":"76","population":2648,"surface_km2":7.97,"lat":43.0876,"lon":0.5588},{"code_insee":"31391","nom":"Montsaunès","codes_postaux":["31260"],"code_dep":"31","code_region":"76","population":455,"surface_km2":9.08,"lat":43.1084,"lon":0.9328},{"code_insee":"31392","nom":"Mourvilles-Basses","codes_postaux":["31460"],"code_dep":"31","code_region":"76","population":79,"surface_km2":4.78,"lat":43.4881,"lon":1.6983},{"code_insee":"31393","nom":"Mourvilles-Hautes","codes_postaux":["31540"],"code_dep":"31","code_region":"76","population":172,"surface_km2":6.67,"lat":43.4246,"lon":1.8206},{"code_insee":"31394","nom":"Moustajon","codes_postaux":["31110"],"code_dep":"31","code_region":"76","population":127,"surface_km2":2.26,"lat":42.8139,"lon":0.5911},{"code_insee":"31395","nom":"Muret","codes_postaux":["31600"],"code_dep":"31","code_region":"76","population":26079,"surface_km2":58.35,"lat":43.4407,"lon":1.2987},{"code_insee":"31396","nom":"Nailloux","codes_postaux":["31560"],"code_dep":"31","code_region":"76","population":4211,"surface_km2":18.68,"lat":43.3673,"lon":1.6115},{"code_insee":"31397","nom":"Nénigan","codes_postaux":["31350"],"code_dep":"31","code_region":"76","population":51,"surface_km2":2.37,"lat":43.3532,"lon":0.7095},{"code_insee":"31398","nom":"Nizan-Gesse","codes_postaux":["31350"],"code_dep":"31","code_region":"76","population":105,"surface_km2":8.69,"lat":43.2298,"lon":0.5979},{"code_insee":"31399","nom":"Noé","codes_postaux":["31410"],"code_dep":"31","code_region":"76","population":3067,"surface_km2":9.78,"lat":43.3644,"lon":1.2704},{"code_insee":"31400","nom":"Nogaret","codes_postaux":["31540"],"code_dep":"31","code_region":"76","population":96,"surface_km2":4.02,"lat":43.4934,"lon":1.9347},{"code_insee":"31401","nom":"Noueilles","codes_postaux":["31450"],"code_dep":"31","code_region":"76","population":387,"surface_km2":5.57,"lat":43.4135,"lon":1.5279},{"code_insee":"31402","nom":"Odars","codes_postaux":["31450"],"code_dep":"31","code_region":"76","population":916,"surface_km2":6.68,"lat":43.5234,"lon":1.5919},{"code_insee":"31403","nom":"Ondes","codes_postaux":["31330"],"code_dep":"31","code_region":"76","population":822,"surface_km2":6.65,"lat":43.7857,"lon":1.3046},{"code_insee":"31404","nom":"Oô","codes_postaux":["31110"],"code_dep":"31","code_region":"76","population":104,"surface_km2":41.82,"lat":42.7475,"lon":0.489},{"code_insee":"31405","nom":"Ore","codes_postaux":["31510"],"code_dep":"31","code_region":"76","population":120,"surface_km2":2.89,"lat":42.9737,"lon":0.6463},{"code_insee":"31406","nom":"Palaminy","codes_postaux":["31220"],"code_dep":"31","code_region":"76","population":751,"surface_km2":11.29,"lat":43.1948,"lon":1.059},{"code_insee":"31407","nom":"Paulhac","codes_postaux":["31380"],"code_dep":"31","code_region":"76","population":1256,"surface_km2":14.05,"lat":43.7602,"lon":1.5556},{"code_insee":"31408","nom":"Payssous","codes_postaux":["31510"],"code_dep":"31","code_region":"76","population":80,"surface_km2":4.14,"lat":43.0343,"lon":0.7163},{"code_insee":"31409","nom":"Péchabou","codes_postaux":["31320"],"code_dep":"31","code_region":"76","population":2449,"surface_km2":3.53,"lat":43.5012,"lon":1.5124},{"code_insee":"31410","nom":"Pechbonnieu","codes_postaux":["31140"],"code_dep":"31","code_region":"76","population":4922,"surface_km2":7.52,"lat":43.7111,"lon":1.4561},{"code_insee":"31411","nom":"Pechbusque","codes_postaux":["31320"],"code_dep":"31","code_region":"76","population":975,"surface_km2":3.15,"lat":43.5269,"lon":1.4544},{"code_insee":"31412","nom":"Péguilhan","codes_postaux":["31350"],"code_dep":"31","code_region":"76","population":274,"surface_km2":23.72,"lat":43.3256,"lon":0.703},{"code_insee":"31413","nom":"Pelleport","codes_postaux":["31480"],"code_dep":"31","code_region":"76","population":545,"surface_km2":10.46,"lat":43.742,"lon":1.1141},{"code_insee":"31414","nom":"Peyrissas","codes_postaux":["31420"],"code_dep":"31","code_region":"76","population":86,"surface_km2":7.89,"lat":43.2898,"lon":0.9107},{"code_insee":"31415","nom":"Peyrouzet","codes_postaux":["31420"],"code_dep":"31","code_region":"76","population":81,"surface_km2":4.94,"lat":43.209,"lon":0.8362},{"code_insee":"31416","nom":"Peyssies","codes_postaux":["31390"],"code_dep":"31","code_region":"76","population":723,"surface_km2":6.41,"lat":43.3264,"lon":1.1806},{"code_insee":"31417","nom":"Pibrac","codes_postaux":["31820"],"code_dep":"31","code_region":"76","population":8977,"surface_km2":26.06,"lat":43.6245,"lon":1.2584},{"code_insee":"31418","nom":"Pin-Balma","codes_postaux":["31130"],"code_dep":"31","code_region":"76","population":1081,"surface_km2":6.64,"lat":43.6222,"lon":1.5373},{"code_insee":"31419","nom":"Le Pin-Murelet","codes_postaux":["31370"],"code_dep":"31","code_region":"76","population":163,"surface_km2":12.05,"lat":43.3974,"lon":1.0221},{"code_insee":"31420","nom":"Pinsaguel","codes_postaux":["31120"],"code_dep":"31","code_region":"76","population":2786,"surface_km2":5.15,"lat":43.503,"lon":1.3919},{"code_insee":"31421","nom":"Pins-Justaret","codes_postaux":["31860"],"code_dep":"31","code_region":"76","population":4378,"surface_km2":4.48,"lat":43.4825,"lon":1.3914},{"code_insee":"31422","nom":"Plagne","codes_postaux":["31220"],"code_dep":"31","code_region":"76","population":95,"surface_km2":4.23,"lat":43.1591,"lon":1.0584},{"code_insee":"31423","nom":"Plagnole","codes_postaux":["31370"],"code_dep":"31","code_region":"76","population":348,"surface_km2":7.36,"lat":43.4114,"lon":1.07},{"code_insee":"31424","nom":"Plaisance-du-Touch","codes_postaux":["31830"],"code_dep":"31","code_region":"76","population":21079,"surface_km2":26.79,"lat":43.5626,"lon":1.2833},{"code_insee":"31425","nom":"Le Plan","codes_postaux":["31220"],"code_dep":"31","code_region":"76","population":441,"surface_km2":8.13,"lat":43.1631,"lon":1.1246},{"code_insee":"31426","nom":"Pointis-de-Rivière","codes_postaux":["31210"],"code_dep":"31","code_region":"76","population":825,"surface_km2":6.66,"lat":43.0909,"lon":0.626},{"code_insee":"31427","nom":"Pointis-Inard","codes_postaux":["31800"],"code_dep":"31","code_region":"76","population":919,"surface_km2":14.95,"lat":43.0862,"lon":0.7949},{"code_insee":"31428","nom":"Polastron","codes_postaux":["31430"],"code_dep":"31","code_region":"76","population":70,"surface_km2":4.87,"lat":43.3193,"lon":0.9505},{"code_insee":"31429","nom":"Pompertuzat","codes_postaux":["31450"],"code_dep":"31","code_region":"76","population":2155,"surface_km2":5.5,"lat":43.4958,"lon":1.5199},{"code_insee":"31430","nom":"Ponlat-Taillebourg","codes_postaux":["31210"],"code_dep":"31","code_region":"76","population":633,"surface_km2":8.67,"lat":43.1097,"lon":0.5943},{"code_insee":"31431","nom":"Portet-d'Aspet","codes_postaux":["31160"],"code_dep":"31","code_region":"76","population":63,"surface_km2":13.99,"lat":42.9412,"lon":0.8522},{"code_insee":"31432","nom":"Portet-de-Luchon","codes_postaux":["31110"],"code_dep":"31","code_region":"76","population":37,"surface_km2":4.08,"lat":42.8126,"lon":0.4732},{"code_insee":"31433","nom":"Portet-sur-Garonne","codes_postaux":["31120"],"code_dep":"31","code_region":"76","population":9782,"surface_km2":15.45,"lat":43.5285,"lon":1.3995},{"code_insee":"31434","nom":"Poubeau","codes_postaux":["31110"],"code_dep":"31","code_region":"76","population":78,"surface_km2":4.21,"lat":42.8272,"lon":0.4909},{"code_insee":"31435","nom":"Poucharramet","codes_postaux":["31370"],"code_dep":"31","code_region":"76","population":974,"surface_km2":22.65,"lat":43.42,"lon":1.1657},{"code_insee":"31436","nom":"Pouy-de-Touges","codes_postaux":["31430"],"code_dep":"31","code_region":"76","population":429,"surface_km2":13.89,"lat":43.3365,"lon":1.0525},{"code_insee":"31437","nom":"Pouze","codes_postaux":["31450"],"code_dep":"31","code_region":"76","population":89,"surface_km2":3.87,"lat":43.4341,"lon":1.5353},{"code_insee":"31439","nom":"Préserville","codes_postaux":["31570"],"code_dep":"31","code_region":"76","population":786,"surface_km2":12.19,"lat":43.5188,"lon":1.6265},{"code_insee":"31440","nom":"Proupiary","codes_postaux":["31360"],"code_dep":"31","code_region":"76","population":61,"surface_km2":4.94,"lat":43.1575,"lon":0.8672},{"code_insee":"31441","nom":"Prunet","codes_postaux":["31460"],"code_dep":"31","code_region":"76","population":153,"surface_km2":4.67,"lat":43.572,"lon":1.7301},{"code_insee":"31442","nom":"Puydaniel","codes_postaux":["31190"],"code_dep":"31","code_region":"76","population":575,"surface_km2":7.41,"lat":43.3315,"lon":1.42},{"code_insee":"31443","nom":"Puymaurin","codes_postaux":["31230"],"code_dep":"31","code_region":"76","population":309,"surface_km2":22.43,"lat":43.3712,"lon":0.7494},{"code_insee":"31444","nom":"Puysségur","codes_postaux":["31480"],"code_dep":"31","code_region":"76","population":140,"surface_km2":5.44,"lat":43.7531,"lon":1.067},{"code_insee":"31445","nom":"Quint-Fonsegrives","codes_postaux":["31130"],"code_dep":"31","code_region":"76","population":6133,"surface_km2":7.48,"lat":43.5806,"lon":1.5372},{"code_insee":"31446","nom":"Ramonville-Saint-Agne","codes_postaux":["31520"],"code_dep":"31","code_region":"76","population":15158,"surface_km2":6.47,"lat":43.5438,"lon":1.4784},{"code_insee":"31447","nom":"Razecueillé","codes_postaux":["31160"],"code_dep":"31","code_region":"76","population":29,"surface_km2":6.44,"lat":42.9626,"lon":0.8139},{"code_insee":"31448","nom":"Rebigue","codes_postaux":["31320"],"code_dep":"31","code_region":"76","population":505,"surface_km2":5.15,"lat":43.4896,"lon":1.4801},{"code_insee":"31449","nom":"Régades","codes_postaux":["31800"],"code_dep":"31","code_region":"76","population":137,"surface_km2":3.73,"lat":43.0535,"lon":0.7193},{"code_insee":"31450","nom":"Renneville","codes_postaux":["31290"],"code_dep":"31","code_region":"76","population":573,"surface_km2":8.42,"lat":43.3803,"lon":1.7224},{"code_insee":"31451","nom":"Revel","codes_postaux":["31250"],"code_dep":"31","code_region":"76","population":9762,"surface_km2":35.68,"lat":43.4679,"lon":1.9975},{"code_insee":"31452","nom":"Rieucazé","codes_postaux":["31800"],"code_dep":"31","code_region":"76","population":52,"surface_km2":2.07,"lat":43.0773,"lon":0.7516},{"code_insee":"31453","nom":"Rieumajou","codes_postaux":["31290"],"code_dep":"31","code_region":"76","population":134,"surface_km2":3.77,"lat":43.4112,"lon":1.8023},{"code_insee":"31454","nom":"Rieumes","codes_postaux":["31370"],"code_dep":"31","code_region":"76","population":3517,"surface_km2":30.93,"lat":43.413,"lon":1.1104},{"code_insee":"31455","nom":"Rieux-Volvestre","codes_postaux":["31310"],"code_dep":"31","code_region":"76","population":2639,"surface_km2":32.58,"lat":43.2538,"lon":1.2096},{"code_insee":"31456","nom":"Riolas","codes_postaux":["31230"],"code_dep":"31","code_region":"76","population":57,"surface_km2":2.86,"lat":43.3501,"lon":0.9195},{"code_insee":"31457","nom":"Roquefort-sur-Garonne","codes_postaux":["31360"],"code_dep":"31","code_region":"76","population":801,"surface_km2":13.64,"lat":43.1603,"lon":0.9839},{"code_insee":"31458","nom":"Roques","codes_postaux":["31120"],"code_dep":"31","code_region":"76","population":5436,"surface_km2":9.39,"lat":43.507,"lon":1.3576},{"code_insee":"31459","nom":"Roquesérière","codes_postaux":["31380"],"code_dep":"31","code_region":"76","population":942,"surface_km2":10.65,"lat":43.7299,"lon":1.634},{"code_insee":"31460","nom":"Roquettes","codes_postaux":["31120"],"code_dep":"31","code_region":"76","population":4280,"surface_km2":3.37,"lat":43.4948,"lon":1.3745},{"code_insee":"31461","nom":"Rouède","codes_postaux":["31160"],"code_dep":"31","code_region":"76","population":285,"surface_km2":6.23,"lat":43.055,"lon":0.8823},{"code_insee":"31462","nom":"Rouffiac-Tolosan","codes_postaux":["31180"],"code_dep":"31","code_region":"76","population":2363,"surface_km2":4.77,"lat":43.6638,"lon":1.5253},{"code_insee":"31463","nom":"Roumens","codes_postaux":["31540"],"code_dep":"31","code_region":"76","population":250,"surface_km2":3.58,"lat":43.4634,"lon":1.9388},{"code_insee":"31464","nom":"Sabonnères","codes_postaux":["31370"],"code_dep":"31","code_region":"76","population":332,"surface_km2":12.46,"lat":43.4666,"lon":1.057},{"code_insee":"31465","nom":"Saccourvielle","codes_postaux":["31110"],"code_dep":"31","code_region":"76","population":22,"surface_km2":3.42,"lat":42.8209,"lon":0.5671},{"code_insee":"31466","nom":"Saiguède","codes_postaux":["31470"],"code_dep":"31","code_region":"76","population":794,"surface_km2":11.92,"lat":43.524,"lon":1.1424},{"code_insee":"31467","nom":"Saint-Alban","codes_postaux":["31140"],"code_dep":"31","code_region":"76","population":6534,"surface_km2":4.43,"lat":43.6955,"lon":1.4133},{"code_insee":"31468","nom":"Saint-André","codes_postaux":["31420"],"code_dep":"31","code_region":"76","population":239,"surface_km2":18.77,"lat":43.2752,"lon":0.8482},{"code_insee":"31469","nom":"Saint-Araille","codes_postaux":["31430"],"code_dep":"31","code_region":"76","population":123,"surface_km2":6.66,"lat":43.3536,"lon":1.0067},{"code_insee":"31470","nom":"Saint-Aventin","codes_postaux":["31110"],"code_dep":"31","code_region":"76","population":69,"surface_km2":17.6,"lat":42.7583,"lon":0.5745},{"code_insee":"31471","nom":"Saint-Béat-Lez","codes_postaux":["31440"],"code_dep":"31","code_region":"76","population":385,"surface_km2":9.95,"lat":42.8994,"lon":0.6945},{"code_insee":"31472","nom":"Saint-Bertrand-de-Comminges","codes_postaux":["31510"],"code_dep":"31","code_region":"76","population":243,"surface_km2":11.34,"lat":43.0229,"lon":0.5562},{"code_insee":"31473","nom":"Saint-Cézert","codes_postaux":["31330"],"code_dep":"31","code_region":"76","population":447,"surface_km2":9.0,"lat":43.7806,"lon":1.1921},{"code_insee":"31474","nom":"Saint-Christaud","codes_postaux":["31310"],"code_dep":"31","code_region":"76","population":235,"surface_km2":10.83,"lat":43.1915,"lon":1.1329},{"code_insee":"31475","nom":"Saint-Clar-de-Rivière","codes_postaux":["31600"],"code_dep":"31","code_region":"76","population":1720,"surface_km2":10.06,"lat":43.4749,"lon":1.208},{"code_insee":"31476","nom":"Saint-Élix-le-Château","codes_postaux":["31430"],"code_dep":"31","code_region":"76","population":933,"surface_km2":10.63,"lat":43.2826,"lon":1.138},{"code_insee":"31477","nom":"Saint-Élix-Séglan","codes_postaux":["31420"],"code_dep":"31","code_region":"76","population":51,"surface_km2":3.02,"lat":43.1957,"lon":0.8498},{"code_insee":"31478","nom":"Saint-Félix-Lauragais","codes_postaux":["31540"],"code_dep":"31","code_region":"76","population":1252,"surface_km2":52.19,"lat":43.454,"lon":1.9057},{"code_insee":"31479","nom":"Saint-Ferréol-de-Comminges","codes_postaux":["31350"],"code_dep":"31","code_region":"76","population":59,"surface_km2":5.88,"lat":43.341,"lon":0.738},{"code_insee":"31480","nom":"Sainte-Foy-d'Aigrefeuille","codes_postaux":["31570"],"code_dep":"31","code_region":"76","population":2576,"surface_km2":9.87,"lat":43.5514,"lon":1.6037},{"code_insee":"31481","nom":"Sainte-Foy-de-Peyrolières","codes_postaux":["31470"],"code_dep":"31","code_region":"76","population":2088,"surface_km2":38.07,"lat":43.4754,"lon":1.1362},{"code_insee":"31482","nom":"Saint-Frajou","codes_postaux":["31230"],"code_dep":"31","code_region":"76","population":204,"surface_km2":16.87,"lat":43.3319,"lon":0.8512},{"code_insee":"31483","nom":"Saint-Gaudens","codes_postaux":["31800"],"code_dep":"31","code_region":"76","population":12139,"surface_km2":27.78,"lat":43.1209,"lon":0.7254},{"code_insee":"31484","nom":"Saint-Geniès-Bellevue","codes_postaux":["31180"],"code_dep":"31","code_region":"76","population":2495,"surface_km2":3.82,"lat":43.6809,"lon":1.4819},{"code_insee":"31485","nom":"Saint-Germier","codes_postaux":["31290"],"code_dep":"31","code_region":"76","population":133,"surface_km2":3.77,"lat":43.4672,"lon":1.7255},{"code_insee":"31486","nom":"Saint-Hilaire","codes_postaux":["31410"],"code_dep":"31","code_region":"76","population":1807,"surface_km2":6.37,"lat":43.4211,"lon":1.2689},{"code_insee":"31487","nom":"Saint-Ignan","codes_postaux":["31800"],"code_dep":"31","code_region":"76","population":218,"surface_km2":5.4,"lat":43.1582,"lon":0.686},{"code_insee":"31488","nom":"Saint-Jean","codes_postaux":["31240"],"code_dep":"31","code_region":"76","population":11261,"surface_km2":6.02,"lat":43.6641,"lon":1.5016},{"code_insee":"31489","nom":"Saint-Jean-Lherm","codes_postaux":["31380"],"code_dep":"31","code_region":"76","population":443,"surface_km2":7.95,"lat":43.6976,"lon":1.6193},{"code_insee":"31490","nom":"Saint-Jory","codes_postaux":["31790"],"code_dep":"31","code_region":"76","population":8662,"surface_km2":19.28,"lat":43.7398,"lon":1.3539},{"code_insee":"31491","nom":"Saint-Julia","codes_postaux":["31540"],"code_dep":"31","code_region":"76","population":418,"surface_km2":11.57,"lat":43.4943,"lon":1.8949},{"code_insee":"31492","nom":"Saint-Julien-sur-Garonne","codes_postaux":["31220"],"code_dep":"31","code_region":"76","population":549,"surface_km2":8.12,"lat":43.2497,"lon":1.146},{"code_insee":"31493","nom":"Saint-Lary-Boujean","codes_postaux":["31350"],"code_dep":"31","code_region":"76","population":127,"surface_km2":8.39,"lat":43.2206,"lon":0.7397},{"code_insee":"31494","nom":"Saint-Laurent","codes_postaux":["31230"],"code_dep":"31","code_region":"76","population":178,"surface_km2":8.6,"lat":43.3255,"lon":0.8007},{"code_insee":"31495","nom":"Saint-Léon","codes_postaux":["31560"],"code_dep":"31","code_region":"76","population":1265,"surface_km2":24.31,"lat":43.3962,"lon":1.5645},{"code_insee":"31496","nom":"Sainte-Livrade","codes_postaux":["31530"],"code_dep":"31","code_region":"76","population":255,"surface_km2":6.22,"lat":43.6487,"lon":1.1136},{"code_insee":"31497","nom":"Saint-Loup-Cammas","codes_postaux":["31140"],"code_dep":"31","code_region":"76","population":2334,"surface_km2":3.69,"lat":43.6968,"lon":1.4786},{"code_insee":"31498","nom":"Saint-Loup-en-Comminges","codes_postaux":["31350"],"code_dep":"31","code_region":"76","population":38,"surface_km2":4.72,"lat":43.2426,"lon":0.573},{"code_insee":"31499","nom":"Saint-Lys","codes_postaux":["31470"],"code_dep":"31","code_region":"76","population":9892,"surface_km2":21.51,"lat":43.5106,"lon":1.2023},{"code_insee":"31500","nom":"Saint-Mamet","codes_postaux":["31110"],"code_dep":"31","code_region":"76","population":548,"surface_km2":11.31,"lat":42.7719,"lon":0.6328},{"code_insee":"31501","nom":"Saint-Marcel-Paulel","codes_postaux":["31590"],"code_dep":"31","code_region":"76","population":483,"surface_km2":7.09,"lat":43.6564,"lon":1.6149},{"code_insee":"31502","nom":"Saint-Marcet","codes_postaux":["31800"],"code_dep":"31","code_region":"76","population":368,"surface_km2":14.35,"lat":43.1938,"lon":0.7437},{"code_insee":"31503","nom":"Saint-Martory","codes_postaux":["31360"],"code_dep":"31","code_region":"76","population":1027,"surface_km2":8.28,"lat":43.1449,"lon":0.9384},{"code_insee":"31504","nom":"Saint-Médard","codes_postaux":["31360"],"code_dep":"31","code_region":"76","population":225,"surface_km2":5.35,"lat":43.1287,"lon":0.829},{"code_insee":"31505","nom":"Saint-Michel","codes_postaux":["31220"],"code_dep":"31","code_region":"76","population":306,"surface_km2":15.57,"lat":43.1613,"lon":1.0819},{"code_insee":"31506","nom":"Saint-Orens-de-Gameville","codes_postaux":["31650"],"code_dep":"31","code_region":"76","population":14646,"surface_km2":13.11,"lat":43.555,"lon":1.5332},{"code_insee":"31507","nom":"Saint-Paul-sur-Save","codes_postaux":["31530"],"code_dep":"31","code_region":"76","population":1816,"surface_km2":5.19,"lat":43.699,"lon":1.2197},{"code_insee":"31508","nom":"Saint-Paul-d'Oueil","codes_postaux":["31110"],"code_dep":"31","code_region":"76","population":46,"surface_km2":7.4,"lat":42.8408,"lon":0.5516},{"code_insee":"31509","nom":"Saint-Pé-d'Ardet","codes_postaux":["31510"],"code_dep":"31","code_region":"76","population":166,"surface_km2":3.44,"lat":42.9856,"lon":0.6816},{"code_insee":"31510","nom":"Saint-Pé-Delbosc","codes_postaux":["31350"],"code_dep":"31","code_region":"76","population":142,"surface_km2":5.52,"lat":43.2681,"lon":0.6964},{"code_insee":"31511","nom":"Saint-Pierre","codes_postaux":["31590"],"code_dep":"31","code_region":"76","population":268,"surface_km2":4.77,"lat":43.6371,"lon":1.6408},{"code_insee":"31512","nom":"Saint-Pierre-de-Lages","codes_postaux":["31570"],"code_dep":"31","code_region":"76","population":886,"surface_km2":7.24,"lat":43.5657,"lon":1.627},{"code_insee":"31513","nom":"Saint-Plancard","codes_postaux":["31580"],"code_dep":"31","code_region":"76","population":398,"surface_km2":16.07,"lat":43.169,"lon":0.5683},{"code_insee":"31514","nom":"Saint-Rome","codes_postaux":["31290"],"code_dep":"31","code_region":"76","population":57,"surface_km2":3.69,"lat":43.4151,"lon":1.6745},{"code_insee":"31515","nom":"Saint-Rustice","codes_postaux":["31620"],"code_dep":"31","code_region":"76","population":439,"surface_km2":2.4,"lat":43.8027,"lon":1.3282},{"code_insee":"31516","nom":"Saint-Sauveur","codes_postaux":["31790"],"code_dep":"31","code_region":"76","population":2243,"surface_km2":7.14,"lat":43.749,"lon":1.3947},{"code_insee":"31517","nom":"Saint-Sulpice-sur-Lèze","codes_postaux":["31410"],"code_dep":"31","code_region":"76","population":2277,"surface_km2":14.06,"lat":43.3252,"lon":1.341},{"code_insee":"31518","nom":"Saint-Thomas","codes_postaux":["31470"],"code_dep":"31","code_region":"76","population":627,"surface_km2":14.13,"lat":43.5152,"lon":1.0835},{"code_insee":"31519","nom":"Saint-Vincent","codes_postaux":["31290"],"code_dep":"31","code_region":"76","population":215,"surface_km2":3.13,"lat":43.4398,"lon":1.7582},{"code_insee":"31520","nom":"Sajas","codes_postaux":["31370"],"code_dep":"31","code_region":"76","population":104,"surface_km2":5.0,"lat":43.3765,"lon":1.0259},{"code_insee":"31521","nom":"Saleich","codes_postaux":["31260"],"code_dep":"31","code_region":"76","population":335,"surface_km2":14.08,"lat":43.0234,"lon":0.9649},{"code_insee":"31522","nom":"Salerm","codes_postaux":["31230"],"code_dep":"31","code_region":"76","population":66,"surface_km2":5.85,"lat":43.3078,"lon":0.8275},{"code_insee":"31523","nom":"Salies-du-Salat","codes_postaux":["31260"],"code_dep":"31","code_region":"76","population":1733,"surface_km2":6.79,"lat":43.1013,"lon":0.9637},{"code_insee":"31524","nom":"Salles-et-Pratviel","codes_postaux":["31110"],"code_dep":"31","code_region":"76","population":129,"surface_km2":2.09,"lat":42.8321,"lon":0.6072},{"code_insee":"31525","nom":"Salles-sur-Garonne","codes_postaux":["31390"],"code_dep":"31","code_region":"76","population":584,"surface_km2":5.77,"lat":43.277,"lon":1.1711},{"code_insee":"31526","nom":"La Salvetat-Saint-Gilles","codes_postaux":["31880"],"code_dep":"31","code_region":"76","population":8511,"surface_km2":5.77,"lat":43.5768,"lon":1.2655},{"code_insee":"31527","nom":"La Salvetat-Lauragais","codes_postaux":["31460"],"code_dep":"31","code_region":"76","population":151,"surface_km2":3.7,"lat":43.5466,"lon":1.8013},{"code_insee":"31528","nom":"Saman","codes_postaux":["31350"],"code_dep":"31","code_region":"76","population":143,"surface_km2":5.58,"lat":43.2398,"lon":0.7223},{"code_insee":"31529","nom":"Samouillan","codes_postaux":["31420"],"code_dep":"31","code_region":"76","population":110,"surface_km2":5.49,"lat":43.2673,"lon":0.948},{"code_insee":"31530","nom":"Sana","codes_postaux":["31220"],"code_dep":"31","code_region":"76","population":236,"surface_km2":2.75,"lat":43.2277,"lon":1.0115},{"code_insee":"31531","nom":"Sarrecave","codes_postaux":["31350"],"code_dep":"31","code_region":"76","population":69,"surface_km2":2.52,"lat":43.2155,"lon":0.5943},{"code_insee":"31532","nom":"Sarremezan","codes_postaux":["31350"],"code_dep":"31","code_region":"76","population":89,"surface_km2":4.27,"lat":43.211,"lon":0.6673},{"code_insee":"31533","nom":"Saubens","codes_postaux":["31600"],"code_dep":"31","code_region":"76","population":2364,"surface_km2":6.04,"lat":43.4799,"lon":1.3592},{"code_insee":"31534","nom":"Saussens","codes_postaux":["31460"],"code_dep":"31","code_region":"76","population":217,"surface_km2":3.03,"lat":43.5922,"lon":1.7257},{"code_insee":"31535","nom":"Sauveterre-de-Comminges","codes_postaux":["31510"],"code_dep":"31","code_region":"76","population":702,"surface_km2":30.77,"lat":43.0337,"lon":0.6744},{"code_insee":"31536","nom":"Saux-et-Pomarède","codes_postaux":["31800"],"code_dep":"31","code_region":"76","population":245,"surface_km2":12.74,"lat":43.1508,"lon":0.7043},{"code_insee":"31537","nom":"Savarthès","codes_postaux":["31800"],"code_dep":"31","code_region":"76","population":195,"surface_km2":3.05,"lat":43.1237,"lon":0.8032},{"code_insee":"31538","nom":"Savères","codes_postaux":["31370"],"code_dep":"31","code_region":"76","population":209,"surface_km2":10.88,"lat":43.3743,"lon":1.0991},{"code_insee":"31539","nom":"Sédeilhac","codes_postaux":["31580"],"code_dep":"31","code_region":"76","population":63,"surface_km2":6.17,"lat":43.1467,"lon":0.5404},{"code_insee":"31540","nom":"Ségreville","codes_postaux":["31460"],"code_dep":"31","code_region":"76","population":329,"surface_km2":5.02,"lat":43.4918,"lon":1.7491},{"code_insee":"31541","nom":"Seilh","codes_postaux":["31840"],"code_dep":"31","code_region":"76","population":3356,"surface_km2":6.16,"lat":43.692,"lon":1.3574},{"code_insee":"31542","nom":"Seilhan","codes_postaux":["31510"],"code_dep":"31","code_region":"76","population":207,"surface_km2":4.76,"lat":43.0517,"lon":0.581},{"code_insee":"31543","nom":"Sénarens","codes_postaux":["31430"],"code_dep":"31","code_region":"76","population":118,"surface_km2":7.07,"lat":43.3533,"lon":0.9776},{"code_insee":"31544","nom":"Sengouagnet","codes_postaux":["31160"],"code_dep":"31","code_region":"76","population":228,"surface_km2":18.83,"lat":42.9625,"lon":0.7824},{"code_insee":"31545","nom":"Sepx","codes_postaux":["31360"],"code_dep":"31","code_region":"76","population":211,"surface_km2":12.25,"lat":43.1563,"lon":0.8401},{"code_insee":"31546","nom":"Seyre","codes_postaux":["31560"],"code_dep":"31","code_region":"76","population":129,"surface_km2":3.91,"lat":43.3642,"lon":1.6638},{"code_insee":"31547","nom":"Seysses","codes_postaux":["31600"],"code_dep":"31","code_region":"76","population":10539,"surface_km2":25.31,"lat":43.4971,"lon":1.2822},{"code_insee":"31548","nom":"Signac","codes_postaux":["31440"],"code_dep":"31","code_region":"76","population":40,"surface_km2":3.25,"lat":42.9084,"lon":0.6167},{"code_insee":"31549","nom":"Sode","codes_postaux":["31110"],"code_dep":"31","code_region":"76","population":18,"surface_km2":5.52,"lat":42.8122,"lon":0.6399},{"code_insee":"31550","nom":"Soueich","codes_postaux":["31160"],"code_dep":"31","code_region":"76","population":514,"surface_km2":11.42,"lat":43.0524,"lon":0.7832},{"code_insee":"31551","nom":"Tarabel","codes_postaux":["31570"],"code_dep":"31","code_region":"76","population":601,"surface_km2":7.49,"lat":43.5122,"lon":1.6773},{"code_insee":"31552","nom":"Terrebasse","codes_postaux":["31420"],"code_dep":"31","code_region":"76","population":135,"surface_km2":9.7,"lat":43.2403,"lon":0.9752},{"code_insee":"31553","nom":"Thil","codes_postaux":["31530"],"code_dep":"31","code_region":"76","population":1136,"surface_km2":23.88,"lat":43.7059,"lon":1.1503},{"code_insee":"31554","nom":"Touille","codes_postaux":["31260"],"code_dep":"31","code_region":"76","population":245,"surface_km2":6.61,"lat":43.0856,"lon":0.9804},{"code_insee":"31555","nom":"Toulouse","codes_postaux":["31000","31100","31200","31300","31400","31500"],"code_dep":"31","code_region":"76","population":514819,"surface_km2":118.06,"lat":43.6007,"lon":1.4328},{"code_insee":"31556","nom":"Les Tourreilles","codes_postaux":["31210"],"code_dep":"31","code_region":"76","population":376,"surface_km2":12.36,"lat":43.1127,"lon":0.5498},{"code_insee":"31557","nom":"Tournefeuille","codes_postaux":["31170"],"code_dep":"31","code_region":"76","population":30168,"surface_km2":18.23,"lat":43.5747,"lon":1.3338},{"code_insee":"31558","nom":"Toutens","codes_postaux":["31460"],"code_dep":"31","code_region":"76","population":430,"surface_km2":4.95,"lat":43.4747,"lon":1.7463},{"code_insee":"31559","nom":"Trébons-de-Luchon","codes_postaux":["31110"],"code_dep":"31","code_region":"76","population":8,"surface_km2":0.88,"lat":42.8021,"lon":0.5687},{"code_insee":"31560","nom":"Trébons-sur-la-Grasse","codes_postaux":["31290"],"code_dep":"31","code_region":"76","population":505,"surface_km2":10.95,"lat":43.4505,"lon":1.7225},{"code_insee":"31561","nom":"L'Union","codes_postaux":["31240"],"code_dep":"31","code_region":"76","population":12638,"surface_km2":6.89,"lat":43.6515,"lon":1.483},{"code_insee":"31562","nom":"Urau","codes_postaux":["31260"],"code_dep":"31","code_region":"76","population":118,"surface_km2":18.64,"lat":43.0008,"lon":0.959},{"code_insee":"31563","nom":"Vacquiers","codes_postaux":["31340"],"code_dep":"31","code_region":"76","population":1492,"surface_km2":19.64,"lat":43.7895,"lon":1.486},{"code_insee":"31564","nom":"Valcabrère","codes_postaux":["31510"],"code_dep":"31","code_region":"76","population":151,"surface_km2":1.61,"lat":43.03,"lon":0.5828},{"code_insee":"31565","nom":"Valentine","codes_postaux":["31800"],"code_dep":"31","code_region":"76","population":869,"surface_km2":8.17,"lat":43.0886,"lon":0.7009},{"code_insee":"31566","nom":"Vallègue","codes_postaux":["31290"],"code_dep":"31","code_region":"76","population":509,"surface_km2":4.22,"lat":43.4256,"lon":1.7547},{"code_insee":"31567","nom":"Vallesvilles","codes_postaux":["31570"],"code_dep":"31","code_region":"76","population":462,"surface_km2":8.2,"lat":43.5948,"lon":1.6487},{"code_insee":"31568","nom":"Varennes","codes_postaux":["31450"],"code_dep":"31","code_region":"76","population":255,"surface_km2":4.62,"lat":43.4779,"lon":1.6955},{"code_insee":"31569","nom":"Vaudreuille","codes_postaux":["31250"],"code_dep":"31","code_region":"76","population":392,"surface_km2":11.43,"lat":43.4226,"lon":2.0008},{"code_insee":"31570","nom":"Vaux","codes_postaux":["31540"],"code_dep":"31","code_region":"76","population":310,"surface_km2":10.48,"lat":43.462,"lon":1.8298},{"code_insee":"31571","nom":"Vendine","codes_postaux":["31460"],"code_dep":"31","code_region":"76","population":269,"surface_km2":2.87,"lat":43.5904,"lon":1.7651},{"code_insee":"31572","nom":"Venerque","codes_postaux":["31810"],"code_dep":"31","code_region":"76","population":2974,"surface_km2":14.49,"lat":43.4363,"lon":1.4629},{"code_insee":"31573","nom":"Verfeil","codes_postaux":["31590"],"code_dep":"31","code_region":"76","population":3954,"surface_km2":41.47,"lat":43.6579,"lon":1.6792},{"code_insee":"31574","nom":"Vernet","codes_postaux":["31810"],"code_dep":"31","code_region":"76","population":3381,"surface_km2":10.64,"lat":43.4272,"lon":1.4193},{"code_insee":"31575","nom":"Vieille-Toulouse","codes_postaux":["31320"],"code_dep":"31","code_region":"76","population":1230,"surface_km2":5.56,"lat":43.5299,"lon":1.4368},{"code_insee":"31576","nom":"Vieillevigne","codes_postaux":["31290"],"code_dep":"31","code_region":"76","population":344,"surface_km2":3.17,"lat":43.4092,"lon":1.6599},{"code_insee":"31577","nom":"Vignaux","codes_postaux":["31480"],"code_dep":"31","code_region":"76","population":157,"surface_km2":4.05,"lat":43.6897,"lon":1.0654},{"code_insee":"31578","nom":"Vigoulet-Auzil","codes_postaux":["31320"],"code_dep":"31","code_region":"76","population":1040,"surface_km2":3.46,"lat":43.508,"lon":1.4482},{"code_insee":"31579","nom":"Villariès","codes_postaux":["31380"],"code_dep":"31","code_region":"76","population":921,"surface_km2":7.36,"lat":43.7512,"lon":1.4899},{"code_insee":"31580","nom":"Villate","codes_postaux":["31860"],"code_dep":"31","code_region":"76","population":1233,"surface_km2":1.8,"lat":43.4679,"lon":1.383},{"code_insee":"31581","nom":"Villaudric","codes_postaux":["31620"],"code_dep":"31","code_region":"76","population":1653,"surface_km2":12.16,"lat":43.832,"lon":1.4372},{"code_insee":"31582","nom":"Villefranche-de-Lauragais","codes_postaux":["31290"],"code_dep":"31","code_region":"76","population":5072,"surface_km2":10.51,"lat":43.4065,"lon":1.7185},{"code_insee":"31583","nom":"Villematier","codes_postaux":["31340"],"code_dep":"31","code_region":"76","population":1133,"surface_km2":15.01,"lat":43.8312,"lon":1.4934},{"code_insee":"31584","nom":"Villemur-sur-Tarn","codes_postaux":["31340"],"code_dep":"31","code_region":"76","population":6345,"surface_km2":46.82,"lat":43.8582,"lon":1.4947},{"code_insee":"31585","nom":"Villeneuve-de-Rivière","codes_postaux":["31800"],"code_dep":"31","code_region":"76","population":1725,"surface_km2":13.89,"lat":43.121,"lon":0.6681},{"code_insee":"31586","nom":"Villeneuve-Lécussan","codes_postaux":["31580"],"code_dep":"31","code_region":"76","population":544,"surface_km2":16.23,"lat":43.1344,"lon":0.4843},{"code_insee":"31587","nom":"Villeneuve-lès-Bouloc","codes_postaux":["31620"],"code_dep":"31","code_region":"76","population":1687,"surface_km2":12.89,"lat":43.7795,"lon":1.4247},{"code_insee":"31588","nom":"Villeneuve-Tolosane","codes_postaux":["31270"],"code_dep":"31","code_region":"76","population":11044,"surface_km2":5.08,"lat":43.5273,"lon":1.3447},{"code_insee":"31589","nom":"Villenouvelle","codes_postaux":["31290"],"code_dep":"31","code_region":"76","population":1487,"surface_km2":7.93,"lat":43.4368,"lon":1.6583},{"code_insee":"31590","nom":"Binos","codes_postaux":["31440"],"code_dep":"31","code_region":"76","population":40,"surface_km2":1.97,"lat":42.9048,"lon":0.6095},{"code_insee":"31591","nom":"Escoulis","codes_postaux":["31260"],"code_dep":"31","code_region":"76","population":76,"surface_km2":4.69,"lat":43.1106,"lon":1.0302},{"code_insee":"31592","nom":"Larra","codes_postaux":["31330"],"code_dep":"31","code_region":"76","population":2273,"surface_km2":16.53,"lat":43.7355,"lon":1.2223},{"code_insee":"31593","nom":"Cazac","codes_postaux":["31230"],"code_dep":"31","code_region":"76","population":75,"surface_km2":6.25,"lat":43.3467,"lon":0.9562}]