[{"code_insee":"32001","nom":"Aignan","codes_postaux":["32290"],"code_dep":"32","code_region":"76","population":720,"surface_km2":32.15,"lat":43.699,"lon":0.091},{"code_insee":"32002","nom":"Ansan","codes_postaux":["32270"],"code_dep":"32","code_region":"76","population":75,"surface_km2":7.77,"lat":43.686,"lon":0.7843},{"code_insee":"32003","nom":"Antras","codes_postaux":["32360"],"code_dep":"32","code_region":"76","population":40,"surface_km2":6.76,"lat":43.7304,"lon":0.4465},{"code_insee":"32004","nom":"Arblade-le-Bas","codes_postaux":["32720"],"code_dep":"32","code_region":"76","population":134,"surface_km2":7.6,"lat":43.7049,"lon":-0.1759},{"code_insee":"32005","nom":"Arblade-le-Haut","codes_postaux":["32110"],"code_dep":"32","code_region":"76","population":308,"surface_km2":12.4,"lat":43.7415,"lon":-0.066},{"code_insee":"32007","nom":"Ardizas","codes_postaux":["32430"],"code_dep":"32","code_region":"76","population":217,"surface_km2":8.55,"lat":43.7262,"lon":0.9977},{"code_insee":"32008","nom":"Armentieux","codes_postaux":["32230"],"code_dep":"32","code_region":"76","population":73,"surface_km2":4.88,"lat":43.5219,"lon":0.0966},{"code_insee":"32009","nom":"Armous-et-Cau","codes_postaux":["32230"],"code_dep":"32","code_region":"76","population":96,"surface_km2":9.27,"lat":43.5707,"lon":0.1883},{"code_insee":"32010","nom":"Arrouède","codes_postaux":["32140"],"code_dep":"32","code_region":"76","population":85,"surface_km2":6.52,"lat":43.3599,"lon":0.5835},{"code_insee":"32012","nom":"Aubiet","codes_postaux":["32270"],"code_dep":"32","code_region":"76","population":1134,"surface_km2":39.2,"lat":43.6516,"lon":0.7809},{"code_insee":"32013","nom":"Auch","codes_postaux":["32000"],"code_dep":"32","code_region":"76","population":22428,"surface_km2":73.43,"lat":43.6602,"lon":0.5673},{"code_insee":"32014","nom":"Augnax","codes_postaux":["32120"],"code_dep":"32","code_region":"76","population":132,"surface_km2":4.02,"lat":43.7246,"lon":0.7746},{"code_insee":"32015","nom":"Aujan-Mournède","codes_postaux":["32300"],"code_dep":"32","code_region":"76","population":89,"surface_km2":8.75,"lat":43.3748,"lon":0.5016},{"code_insee":"32016","nom":"Auradé","codes_postaux":["32600"],"code_dep":"32","code_region":"76","population":679,"surface_km2":21.63,"lat":43.5621,"lon":1.0768},{"code_insee":"32017","nom":"Aurensan","codes_postaux":["32400"],"code_dep":"32","code_region":"76","population":131,"surface_km2":6.34,"lat":43.62,"lon":-0.204},{"code_insee":"32018","nom":"Aurimont","codes_postaux":["32450"],"code_dep":"32","code_region":"76","population":211,"surface_km2":8.16,"lat":43.5664,"lon":0.8289},{"code_insee":"32019","nom":"Auterive","codes_postaux":["32550"],"code_dep":"32","code_region":"76","population":529,"surface_km2":10.94,"lat":43.578,"lon":0.6325},{"code_insee":"32020","nom":"Aux-Aussat","codes_postaux":["32170"],"code_dep":"32","code_region":"76","population":269,"surface_km2":12.79,"lat":43.4413,"lon":0.2625},{"code_insee":"32021","nom":"Avensac","codes_postaux":["32120"],"code_dep":"32","code_region":"76","population":73,"surface_km2":4.85,"lat":43.83,"lon":0.9007},{"code_insee":"32022","nom":"Avéron-Bergelle","codes_postaux":["32290"],"code_dep":"32","code_region":"76","population":186,"surface_km2":14.58,"lat":43.7581,"lon":0.0647},{"code_insee":"32023","nom":"Avezan","codes_postaux":["32380"],"code_dep":"32","code_region":"76","population":86,"surface_km2":5.69,"lat":43.8824,"lon":0.802},{"code_insee":"32024","nom":"Ayguetinte","codes_postaux":["32410"],"code_dep":"32","code_region":"76","population":156,"surface_km2":6.32,"lat":43.8308,"lon":0.4159},{"code_insee":"32025","nom":"Ayzieu","codes_postaux":["32800"],"code_dep":"32","code_region":"76","population":158,"surface_km2":13.85,"lat":43.8586,"lon":-0.0257},{"code_insee":"32026","nom":"Bajonnette","codes_postaux":["32120"],"code_dep":"32","code_region":"76","population":104,"surface_km2":7.57,"lat":43.8127,"lon":0.7663},{"code_insee":"32027","nom":"Barcelonne-du-Gers","codes_postaux":["32720"],"code_dep":"32","code_region":"76","population":1401,"surface_km2":20.55,"lat":43.695,"lon":-0.2065},{"code_insee":"32028","nom":"Barcugnan","codes_postaux":["32170"],"code_dep":"32","code_region":"76","population":104,"surface_km2":9.21,"lat":43.3753,"lon":0.3973},{"code_insee":"32029","nom":"Barran","codes_postaux":["32350"],"code_dep":"32","code_region":"76","population":692,"surface_km2":52.5,"lat":43.6236,"lon":0.4487},{"code_insee":"32030","nom":"Bars","codes_postaux":["32300"],"code_dep":"32","code_region":"76","population":123,"surface_km2":10.78,"lat":43.5118,"lon":0.3005},{"code_insee":"32031","nom":"Bascous","codes_postaux":["32190"],"code_dep":"32","code_region":"76","population":170,"surface_km2":10.29,"lat":43.7968,"lon":0.1383},{"code_insee":"32032","nom":"Bassoues","codes_postaux":["32320"],"code_dep":"32","code_region":"76","population":334,"surface_km2":32.66,"lat":43.5735,"lon":0.2461},{"code_insee":"32033","nom":"Bazian","codes_postaux":["32320"],"code_dep":"32","code_region":"76","population":97,"surface_km2":12.68,"lat":43.6679,"lon":0.3187},{"code_insee":"32034","nom":"Bazugues","codes_postaux":["32170"],"code_dep":"32","code_region":"76","population":63,"surface_km2":5.41,"lat":43.4521,"lon":0.3427},{"code_insee":"32035","nom":"Beaucaire","codes_postaux":["32410"],"code_dep":"32","code_region":"76","population":255,"surface_km2":15.99,"lat":43.8336,"lon":0.3721},{"code_insee":"32036","nom":"Beaumarchés","codes_postaux":["32160"],"code_dep":"32","code_region":"76","population":689,"surface_km2":32.9,"lat":43.5907,"lon":0.1029},{"code_insee":"32037","nom":"Beaumont","codes_postaux":["32100"],"code_dep":"32","code_region":"76","population":122,"surface_km2":7.59,"lat":43.937,"lon":0.2882},{"code_insee":"32038","nom":"Beaupuy","codes_postaux":["32600"],"code_dep":"32","code_region":"76","population":210,"surface_km2":6.59,"lat":43.647,"lon":1.0172},{"code_insee":"32039","nom":"Beccas","codes_postaux":["32730"],"code_dep":"32","code_region":"76","population":122,"surface_km2":3.39,"lat":43.4323,"lon":0.1558},{"code_insee":"32040","nom":"Bédéchan","codes_postaux":["32450"],"code_dep":"32","code_region":"76","population":135,"surface_km2":7.91,"lat":43.5741,"lon":0.789},{"code_insee":"32041","nom":"Bellegarde","codes_postaux":["32140"],"code_dep":"32","code_region":"76","population":157,"surface_km2":14.82,"lat":43.4307,"lon":0.6329},{"code_insee":"32042","nom":"Belloc-Saint-Clamens","codes_postaux":["32300"],"code_dep":"32","code_region":"76","population":136,"surface_km2":10.59,"lat":43.4562,"lon":0.438},{"code_insee":"32043","nom":"Belmont","codes_postaux":["32190"],"code_dep":"32","code_region":"76","population":149,"surface_km2":15.19,"lat":43.6886,"lon":0.2399},{"code_insee":"32044","nom":"Béraut","codes_postaux":["32100"],"code_dep":"32","code_region":"76","population":299,"surface_km2":12.48,"lat":43.9221,"lon":0.4106},{"code_insee":"32045","nom":"Berdoues","codes_postaux":["32300"],"code_dep":"32","code_region":"76","population":424,"surface_km2":18.03,"lat":43.4685,"lon":0.4004},{"code_insee":"32046","nom":"Bernède","codes_postaux":["32400"],"code_dep":"32","code_region":"76","population":182,"surface_km2":8.25,"lat":43.6723,"lon":-0.22},{"code_insee":"32047","nom":"Berrac","codes_postaux":["32480"],"code_dep":"32","code_region":"76","population":110,"surface_km2":8.04,"lat":44.0093,"lon":0.5501},{"code_insee":"32048","nom":"Betcave-Aguin","codes_postaux":["32420"],"code_dep":"32","code_region":"76","population":92,"surface_km2":10.03,"lat":43.448,"lon":0.6795},{"code_insee":"32049","nom":"Bétous","codes_postaux":["32110"],"code_dep":"32","code_region":"76","population":78,"surface_km2":5.19,"lat":43.7184,"lon":0.0241},{"code_insee":"32050","nom":"Betplan","codes_postaux":["32730"],"code_dep":"32","code_region":"76","population":104,"surface_km2":5.54,"lat":43.4202,"lon":0.2093},{"code_insee":"32051","nom":"Bézéril","codes_postaux":["32130"],"code_dep":"32","code_region":"76","population":105,"surface_km2":9.66,"lat":43.5333,"lon":0.8811},{"code_insee":"32052","nom":"Bezolles","codes_postaux":["32310"],"code_dep":"32","code_region":"76","population":129,"surface_km2":11.07,"lat":43.8209,"lon":0.355},{"code_insee":"32053","nom":"Bézues-Bajon","codes_postaux":["32140"],"code_dep":"32","code_region":"76","population":188,"surface_km2":13.26,"lat":43.3875,"lon":0.6103},{"code_insee":"32054","nom":"Biran","codes_postaux":["32350"],"code_dep":"32","code_region":"76","population":379,"surface_km2":36.59,"lat":43.6908,"lon":0.4021},{"code_insee":"32055","nom":"Bivès","codes_postaux":["32380"],"code_dep":"32","code_region":"76","population":111,"surface_km2":10.03,"lat":43.8317,"lon":0.8087},{"code_insee":"32056","nom":"Blanquefort","codes_postaux":["32270"],"code_dep":"32","code_region":"76","population":42,"surface_km2":3.37,"lat":43.6737,"lon":0.8063},{"code_insee":"32057","nom":"Blaziert","codes_postaux":["32100"],"code_dep":"32","code_region":"76","population":126,"surface_km2":10.99,"lat":43.9272,"lon":0.4826},{"code_insee":"32058","nom":"Blousson-Sérian","codes_postaux":["32230"],"code_dep":"32","code_region":"76","population":32,"surface_km2":5.31,"lat":43.4595,"lon":0.1943},{"code_insee":"32059","nom":"Bonas","codes_postaux":["32410"],"code_dep":"32","code_region":"76","population":106,"surface_km2":10.15,"lat":43.7808,"lon":0.4068},{"code_insee":"32060","nom":"Boucagnères","codes_postaux":["32550"],"code_dep":"32","code_region":"76","population":207,"surface_km2":6.17,"lat":43.5613,"lon":0.6171},{"code_insee":"32061","nom":"Boulaur","codes_postaux":["32450"],"code_dep":"32","code_region":"76","population":171,"surface_km2":9.06,"lat":43.5503,"lon":0.7646},{"code_insee":"32062","nom":"Bourrouillan","codes_postaux":["32370"],"code_dep":"32","code_region":"76","population":165,"surface_km2":8.69,"lat":43.8282,"lon":-0.0094},{"code_insee":"32063","nom":"Bouzon-Gellenave","codes_postaux":["32290"],"code_dep":"32","code_region":"76","population":159,"surface_km2":10.36,"lat":43.6865,"lon":0.0289},{"code_insee":"32064","nom":"Bretagne-d'Armagnac","codes_postaux":["32800"],"code_dep":"32","code_region":"76","population":408,"surface_km2":12.31,"lat":43.8896,"lon":0.1327},{"code_insee":"32065","nom":"Le Brouilh-Monbert","codes_postaux":["32350"],"code_dep":"32","code_region":"76","population":235,"surface_km2":12.91,"lat":43.6587,"lon":0.4004},{"code_insee":"32066","nom":"Brugnens","codes_postaux":["32500"],"code_dep":"32","code_region":"76","population":254,"surface_km2":13.52,"lat":43.844,"lon":0.7192},{"code_insee":"32068","nom":"Cadeilhan","codes_postaux":["32380"],"code_dep":"32","code_region":"76","population":150,"surface_km2":8.45,"lat":43.8312,"lon":0.7682},{"code_insee":"32069","nom":"Cadeillan","codes_postaux":["32220"],"code_dep":"32","code_region":"76","population":85,"surface_km2":4.41,"lat":43.4217,"lon":0.8385},{"code_insee":"32070","nom":"Cahuzac-sur-Adour","codes_postaux":["32400"],"code_dep":"32","code_region":"76","population":204,"surface_km2":6.74,"lat":43.6385,"lon":-0.0256},{"code_insee":"32071","nom":"Caillavet","codes_postaux":["32190"],"code_dep":"32","code_region":"76","population":162,"surface_km2":14.62,"lat":43.7071,"lon":0.3435},{"code_insee":"32072","nom":"Callian","codes_postaux":["32190"],"code_dep":"32","code_region":"76","population":55,"surface_km2":7.88,"lat":43.6311,"lon":0.2641},{"code_insee":"32073","nom":"Campagne-d'Armagnac","codes_postaux":["32800"],"code_dep":"32","code_region":"76","population":213,"surface_km2":5.52,"lat":43.8604,"lon":0.0068},{"code_insee":"32075","nom":"Cassaigne","codes_postaux":["32100"],"code_dep":"32","code_region":"76","population":225,"surface_km2":8.61,"lat":43.9036,"lon":0.344},{"code_insee":"32076","nom":"Castelnau-Barbarens","codes_postaux":["32450"],"code_dep":"32","code_region":"76","population":596,"surface_km2":42.74,"lat":43.5842,"lon":0.7295},{"code_insee":"32077","nom":"Castelnau-d'Anglès","codes_postaux":["32320"],"code_dep":"32","code_region":"76","population":93,"surface_km2":11.99,"lat":43.6176,"lon":0.2998},{"code_insee":"32078","nom":"Castelnau-d'Arbieu","codes_postaux":["32500"],"code_dep":"32","code_region":"76","population":223,"surface_km2":16.28,"lat":43.8852,"lon":0.6909},{"code_insee":"32079","nom":"Castelnau d'Auzan Labarrère","codes_postaux":["32250","32440"],"code_dep":"32","code_region":"76","population":1187,"surface_km2":57.13,"lat":43.9544,"lon":0.1097},{"code_insee":"32080","nom":"Castelnau-sur-l'Auvignon","codes_postaux":["32100"],"code_dep":"32","code_region":"76","population":150,"surface_km2":10.19,"lat":43.9631,"lon":0.4699},{"code_insee":"32081","nom":"Castelnavet","codes_postaux":["32290"],"code_dep":"32","code_region":"76","population":108,"surface_km2":18.05,"lat":43.6733,"lon":0.1401},{"code_insee":"32082","nom":"Castéra-Lectourois","codes_postaux":["32700"],"code_dep":"32","code_region":"76","population":329,"surface_km2":18.91,"lat":43.9902,"lon":0.6144},{"code_insee":"32083","nom":"Castéra-Verduzan","codes_postaux":["32410"],"code_dep":"32","code_region":"76","population":1041,"surface_km2":20.1,"lat":43.8026,"lon":0.4327},{"code_insee":"32084","nom":"Castéron","codes_postaux":["32380"],"code_dep":"32","code_region":"76","population":54,"surface_km2":11.12,"lat":43.9044,"lon":0.8741},{"code_insee":"32085","nom":"Castet-Arrouy","codes_postaux":["32340"],"code_dep":"32","code_region":"76","population":168,"surface_km2":8.02,"lat":43.9815,"lon":0.7313},{"code_insee":"32086","nom":"Castex","codes_postaux":["32170"],"code_dep":"32","code_region":"76","population":75,"surface_km2":5.46,"lat":43.3811,"lon":0.312},{"code_insee":"32087","nom":"Castex-d'Armagnac","codes_postaux":["32240"],"code_dep":"32","code_region":"76","population":144,"surface_km2":12.36,"lat":43.8669,"lon":-0.1681},{"code_insee":"32088","nom":"Castillon-Debats","codes_postaux":["32190"],"code_dep":"32","code_region":"76","population":337,"surface_km2":35.47,"lat":43.7287,"lon":0.2277},{"code_insee":"32089","nom":"Castillon-Massas","codes_postaux":["32360"],"code_dep":"32","code_region":"76","population":222,"surface_km2":9.79,"lat":43.7159,"lon":0.5431},{"code_insee":"32090","nom":"Castillon-Savès","codes_postaux":["32490"],"code_dep":"32","code_region":"76","population":332,"surface_km2":12.03,"lat":43.5642,"lon":0.9848},{"code_insee":"32091","nom":"Castin","codes_postaux":["32810"],"code_dep":"32","code_region":"76","population":337,"surface_km2":11.36,"lat":43.6914,"lon":0.5363},{"code_insee":"32092","nom":"Catonvielle","codes_postaux":["32200"],"code_dep":"32","code_region":"76","population":105,"surface_km2":3.11,"lat":43.6556,"lon":0.9593},{"code_insee":"32093","nom":"Caumont","codes_postaux":["32400"],"code_dep":"32","code_region":"76","population":103,"surface_km2":7.14,"lat":43.6933,"lon":-0.1113},{"code_insee":"32094","nom":"Caupenne-d'Armagnac","codes_postaux":["32110"],"code_dep":"32","code_region":"76","population":446,"surface_km2":21.67,"lat":43.7864,"lon":-0.0701},{"code_insee":"32095","nom":"Caussens","codes_postaux":["32100"],"code_dep":"32","code_region":"76","population":598,"surface_km2":13.4,"lat":43.9477,"lon":0.4405},{"code_insee":"32096","nom":"Cazaubon","codes_postaux":["32150"],"code_dep":"32","code_region":"76","population":1665,"surface_km2":56.03,"lat":43.9285,"lon":-0.0336},{"code_insee":"32097","nom":"Cazaux-d'Anglès","codes_postaux":["32190"],"code_dep":"32","code_region":"76","population":112,"surface_km2":12.56,"lat":43.6574,"lon":0.2634},{"code_insee":"32098","nom":"Cazaux-Savès","codes_postaux":["32130"],"code_dep":"32","code_region":"76","population":326,"surface_km2":5.65,"lat":43.5447,"lon":0.979},{"code_insee":"32099","nom":"Cazaux-Villecomtal","codes_postaux":["32230"],"code_dep":"32","code_region":"76","population":72,"surface_km2":4.09,"lat":43.4471,"lon":0.1754},{"code_insee":"32100","nom":"Cazeneuve","codes_postaux":["32800"],"code_dep":"32","code_region":"76","population":157,"surface_km2":8.38,"lat":43.8891,"lon":0.166},{"code_insee":"32101","nom":"Céran","codes_postaux":["32500"],"code_dep":"32","code_region":"76","population":229,"surface_km2":10.54,"lat":43.816,"lon":0.6981},{"code_insee":"32102","nom":"Cézan","codes_postaux":["32410"],"code_dep":"32","code_region":"76","population":201,"surface_km2":12.35,"lat":43.8035,"lon":0.4991},{"code_insee":"32103","nom":"Chélan","codes_postaux":["32140"],"code_dep":"32","code_region":"76","population":172,"surface_km2":13.98,"lat":43.3532,"lon":0.5441},{"code_insee":"32104","nom":"Clermont-Pouyguillès","codes_postaux":["32300"],"code_dep":"32","code_region":"76","population":164,"surface_km2":12.84,"lat":43.4751,"lon":0.5282},{"code_insee":"32105","nom":"Clermont-Savès","codes_postaux":["32600"],"code_dep":"32","code_region":"76","population":387,"surface_km2":5.2,"lat":43.62,"lon":1.0107},{"code_insee":"32106","nom":"Cologne","codes_postaux":["32430"],"code_dep":"32","code_region":"76","population":947,"surface_km2":6.56,"lat":43.7197,"lon":0.9759},{"code_insee":"32107","nom":"Condom","codes_postaux":["32100"],"code_dep":"32","code_region":"76","population":6473,"surface_km2":97.7,"lat":43.9653,"lon":0.3782},{"code_insee":"32108","nom":"Corneillan","codes_postaux":["32400"],"code_dep":"32","code_region":"76","population":155,"surface_km2":8.42,"lat":43.6547,"lon":-0.1841},{"code_insee":"32109","nom":"Couloumé-Mondebat","codes_postaux":["32160"],"code_dep":"32","code_region":"76","population":207,"surface_km2":23.22,"lat":43.6354,"lon":0.1148},{"code_insee":"32110","nom":"Courrensan","codes_postaux":["32330"],"code_dep":"32","code_region":"76","population":391,"surface_km2":25.47,"lat":43.8419,"lon":0.2338},{"code_insee":"32111","nom":"Courties","codes_postaux":["32230"],"code_dep":"32","code_region":"76","population":46,"surface_km2":6.08,"lat":43.5744,"lon":0.1535},{"code_insee":"32112","nom":"Crastes","codes_postaux":["32270"],"code_dep":"32","code_region":"76","population":264,"surface_km2":19.47,"lat":43.7158,"lon":0.7332},{"code_insee":"32113","nom":"Cravencères","codes_postaux":["32110"],"code_dep":"32","code_region":"76","population":95,"surface_km2":9.19,"lat":43.7766,"lon":0.03},{"code_insee":"32114","nom":"Cuélas","codes_postaux":["32300"],"code_dep":"32","code_region":"76","population":127,"surface_km2":6.67,"lat":43.351,"lon":0.4473},{"code_insee":"32115","nom":"Dému","codes_postaux":["32190"],"code_dep":"32","code_region":"76","population":317,"surface_km2":28.84,"lat":43.761,"lon":0.1687},{"code_insee":"32116","nom":"Duffort","codes_postaux":["32170"],"code_dep":"32","code_region":"76","population":121,"surface_km2":9.97,"lat":43.3427,"lon":0.4209},{"code_insee":"32117","nom":"Duran","codes_postaux":["32810"],"code_dep":"32","code_region":"76","population":862,"surface_km2":6.59,"lat":43.672,"lon":0.5624},{"code_insee":"32118","nom":"Durban","codes_postaux":["32260"],"code_dep":"32","code_region":"76","population":135,"surface_km2":17.32,"lat":43.5396,"lon":0.5706},{"code_insee":"32119","nom":"Eauze","codes_postaux":["32800"],"code_dep":"32","code_region":"76","population":4108,"surface_km2":70.26,"lat":43.8614,"lon":0.1057},{"code_insee":"32120","nom":"Encausse","codes_postaux":["32430"],"code_dep":"32","code_region":"76","population":445,"surface_km2":15.82,"lat":43.6923,"lon":1.0306},{"code_insee":"32121","nom":"Endoufielle","codes_postaux":["32600"],"code_dep":"32","code_region":"76","population":542,"surface_km2":17.29,"lat":43.5489,"lon":1.0196},{"code_insee":"32122","nom":"Esclassan-Labastide","codes_postaux":["32140"],"code_dep":"32","code_region":"76","population":335,"surface_km2":12.02,"lat":43.4174,"lon":0.5505},{"code_insee":"32123","nom":"Escornebœuf","codes_postaux":["32200"],"code_dep":"32","code_region":"76","population":579,"surface_km2":25.69,"lat":43.6467,"lon":0.9019},{"code_insee":"32124","nom":"Espaon","codes_postaux":["32220"],"code_dep":"32","code_region":"76","population":186,"surface_km2":9.03,"lat":43.4306,"lon":0.8699},{"code_insee":"32125","nom":"Espas","codes_postaux":["32370"],"code_dep":"32","code_region":"76","population":136,"surface_km2":15.32,"lat":43.7769,"lon":0.0903},{"code_insee":"32126","nom":"Estampes","codes_postaux":["32170"],"code_dep":"32","code_region":"76","population":162,"surface_km2":11.02,"lat":43.4016,"lon":0.2791},{"code_insee":"32127","nom":"Estang","codes_postaux":["32240"],"code_dep":"32","code_region":"76","population":668,"surface_km2":22.82,"lat":43.8761,"lon":-0.1043},{"code_insee":"32128","nom":"Estipouy","codes_postaux":["32300"],"code_dep":"32","code_region":"76","population":204,"surface_km2":11.9,"lat":43.5511,"lon":0.3885},{"code_insee":"32129","nom":"Estramiac","codes_postaux":["32380"],"code_dep":"32","code_region":"76","population":119,"surface_km2":9.77,"lat":43.8355,"lon":0.8481},{"code_insee":"32130","nom":"Faget-Abbatial","codes_postaux":["32450"],"code_dep":"32","code_region":"76","population":212,"surface_km2":17.57,"lat":43.5075,"lon":0.69},{"code_insee":"32131","nom":"Flamarens","codes_postaux":["32340"],"code_dep":"32","code_region":"76","population":133,"surface_km2":14.48,"lat":44.0234,"lon":0.7941},{"code_insee":"32132","nom":"Fleurance","codes_postaux":["32500"],"code_dep":"32","code_region":"76","population":6247,"surface_km2":43.54,"lat":43.8432,"lon":0.6405},{"code_insee":"32133","nom":"Fourcès","codes_postaux":["32250"],"code_dep":"32","code_region":"76","population":260,"surface_km2":23.74,"lat":43.9958,"lon":0.2305},{"code_insee":"32134","nom":"Frégouville","codes_postaux":["32490"],"code_dep":"32","code_region":"76","population":369,"surface_km2":12.29,"lat":43.575,"lon":0.9601},{"code_insee":"32135","nom":"Fustérouau","codes_postaux":["32400"],"code_dep":"32","code_region":"76","population":125,"surface_km2":7.96,"lat":43.6856,"lon":0.0048},{"code_insee":"32136","nom":"Galiax","codes_postaux":["32160"],"code_dep":"32","code_region":"76","population":186,"surface_km2":6.18,"lat":43.611,"lon":0.0104},{"code_insee":"32138","nom":"Garravet","codes_postaux":["32220"],"code_dep":"32","code_region":"76","population":146,"surface_km2":9.33,"lat":43.4201,"lon":0.9101},{"code_insee":"32139","nom":"Gaudonville","codes_postaux":["32380"],"code_dep":"32","code_region":"76","population":101,"surface_km2":7.42,"lat":43.8844,"lon":0.8446},{"code_insee":"32140","nom":"Gaujac","codes_postaux":["32220"],"code_dep":"32","code_region":"76","population":76,"surface_km2":5.05,"lat":43.4749,"lon":0.8232},{"code_insee":"32141","nom":"Gaujan","codes_postaux":["32420"],"code_dep":"32","code_region":"76","population":122,"surface_km2":10.79,"lat":43.3992,"lon":0.7234},{"code_insee":"32142","nom":"Gavarret-sur-Aulouste","codes_postaux":["32390"],"code_dep":"32","code_region":"76","population":136,"surface_km2":8.36,"lat":43.7806,"lon":0.6614},{"code_insee":"32143","nom":"Gazaupouy","codes_postaux":["32480"],"code_dep":"32","code_region":"76","population":252,"surface_km2":21.17,"lat":44.0129,"lon":0.472},{"code_insee":"32144","nom":"Gazax-et-Baccarisse","codes_postaux":["32230"],"code_dep":"32","code_region":"76","population":72,"surface_km2":9.49,"lat":43.6018,"lon":0.197},{"code_insee":"32145","nom":"Gée-Rivière","codes_postaux":["32720"],"code_dep":"32","code_region":"76","population":45,"surface_km2":2.72,"lat":43.6757,"lon":-0.1871},{"code_insee":"32146","nom":"Gimbrède","codes_postaux":["32340"],"code_dep":"32","code_region":"76","population":295,"surface_km2":24.96,"lat":44.0382,"lon":0.7192},{"code_insee":"32147","nom":"Gimont","codes_postaux":["32200"],"code_dep":"32","code_region":"76","population":3146,"surface_km2":27.87,"lat":43.6175,"lon":0.8815},{"code_insee":"32148","nom":"Giscaro","codes_postaux":["32200"],"code_dep":"32","code_region":"76","population":84,"surface_km2":5.47,"lat":43.6065,"lon":0.9345},{"code_insee":"32149","nom":"Gondrin","codes_postaux":["32330"],"code_dep":"32","code_region":"76","population":1175,"surface_km2":34.92,"lat":43.8778,"lon":0.2487},{"code_insee":"32150","nom":"Goutz","codes_postaux":["32500"],"code_dep":"32","code_region":"76","population":212,"surface_km2":8.42,"lat":43.8083,"lon":0.732},{"code_insee":"32151","nom":"Goux","codes_postaux":["32400"],"code_dep":"32","code_region":"76","population":65,"surface_km2":5.43,"lat":43.6158,"lon":-0.0222},{"code_insee":"32152","nom":"Haget","codes_postaux":["32730"],"code_dep":"32","code_region":"76","population":363,"surface_km2":9.25,"lat":43.4164,"lon":0.1612},{"code_insee":"32153","nom":"Haulies","codes_postaux":["32550"],"code_dep":"32","code_region":"76","population":152,"surface_km2":10.25,"lat":43.557,"lon":0.6685},{"code_insee":"32154","nom":"Homps","codes_postaux":["32120"],"code_dep":"32","code_region":"76","population":109,"surface_km2":9.37,"lat":43.8103,"lon":0.845},{"code_insee":"32155","nom":"Le Houga","codes_postaux":["32460"],"code_dep":"32","code_region":"76","population":1202,"surface_km2":31.88,"lat":43.773,"lon":-0.1836},{"code_insee":"32156","nom":"Idrac-Respaillès","codes_postaux":["32300"],"code_dep":"32","code_region":"76","population":212,"surface_km2":13.1,"lat":43.5168,"lon":0.4704},{"code_insee":"32157","nom":"L'Isle-Arné","codes_postaux":["32270"],"code_dep":"32","code_region":"76","population":180,"surface_km2":6.94,"lat":43.6167,"lon":0.7862},{"code_insee":"32158","nom":"L'Isle-Bouzon","codes_postaux":["32380"],"code_dep":"32","code_region":"76","population":252,"surface_km2":16.02,"lat":43.9254,"lon":0.7383},{"code_insee":"32159","nom":"L'Isle-de-Noé","codes_postaux":["32300"],"code_dep":"32","code_region":"76","population":529,"surface_km2":25.88,"lat":43.5866,"lon":0.4284},{"code_insee":"32160","nom":"L'Isle-Jourdain","codes_postaux":["32600"],"code_dep":"32","code_region":"76","population":9537,"surface_km2":70.9,"lat":43.6159,"lon":1.0826},{"code_insee":"32161","nom":"Izotges","codes_postaux":["32400"],"code_dep":"32","code_region":"76","population":86,"surface_km2":3.05,"lat":43.6543,"lon":-0.0197},{"code_insee":"32162","nom":"Jegun","codes_postaux":["32360"],"code_dep":"32","code_region":"76","population":1176,"surface_km2":39.24,"lat":43.7637,"lon":0.4374},{"code_insee":"32163","nom":"Jû-Belloc","codes_postaux":["32160"],"code_dep":"32","code_region":"76","population":286,"surface_km2":10.16,"lat":43.5761,"lon":0.0162},{"code_insee":"32164","nom":"Juillac","codes_postaux":["32230"],"code_dep":"32","code_region":"76","population":116,"surface_km2":7.57,"lat":43.5447,"lon":0.1221},{"code_insee":"32165","nom":"Juilles","codes_postaux":["32200"],"code_dep":"32","code_region":"76","population":227,"surface_km2":13.98,"lat":43.6071,"lon":0.8268},{"code_insee":"32166","nom":"Justian","codes_postaux":["32190"],"code_dep":"32","code_region":"76","population":108,"surface_km2":6.32,"lat":43.8148,"lon":0.2995},{"code_insee":"32167","nom":"Laas","codes_postaux":["32170"],"code_dep":"32","code_region":"76","population":310,"surface_km2":11.03,"lat":43.4735,"lon":0.302},{"code_insee":"32169","nom":"Labarthe","codes_postaux":["32260"],"code_dep":"32","code_region":"76","population":148,"surface_km2":6.55,"lat":43.4699,"lon":0.5764},{"code_insee":"32170","nom":"Labarthète","codes_postaux":["32400"],"code_dep":"32","code_region":"76","population":145,"surface_km2":11.1,"lat":43.6285,"lon":-0.1639},{"code_insee":"32171","nom":"Labastide-Savès","codes_postaux":["32130"],"code_dep":"32","code_region":"76","population":193,"surface_km2":3.63,"lat":43.522,"lon":0.9775},{"code_insee":"32172","nom":"Labéjan","codes_postaux":["32300"],"code_dep":"32","code_region":"76","population":290,"surface_km2":18.97,"lat":43.5395,"lon":0.5072},{"code_insee":"32173","nom":"Labrihe","codes_postaux":["32120"],"code_dep":"32","code_region":"76","population":212,"surface_km2":9.56,"lat":43.7652,"lon":0.8752},{"code_insee":"32174","nom":"Ladevèze-Rivière","codes_postaux":["32230"],"code_dep":"32","code_region":"76","population":223,"surface_km2":13.64,"lat":43.5515,"lon":0.0855},{"code_insee":"32175","nom":"Ladevèze-Ville","codes_postaux":["32230"],"code_dep":"32","code_region":"76","population":213,"surface_km2":9.06,"lat":43.5407,"lon":0.0642},{"code_insee":"32176","nom":"Lagarde","codes_postaux":["32700"],"code_dep":"32","code_region":"76","population":123,"surface_km2":8.88,"lat":43.9706,"lon":0.5625},{"code_insee":"32177","nom":"Lagarde-Hachan","codes_postaux":["32300"],"code_dep":"32","code_region":"76","population":164,"surface_km2":8.54,"lat":43.407,"lon":0.4995},{"code_insee":"32178","nom":"Lagardère","codes_postaux":["32310"],"code_dep":"32","code_region":"76","population":77,"surface_km2":5.04,"lat":43.8401,"lon":0.3226},{"code_insee":"32180","nom":"Lagraulet-du-Gers","codes_postaux":["32330"],"code_dep":"32","code_region":"76","population":560,"surface_km2":27.39,"lat":43.8868,"lon":0.1981},{"code_insee":"32181","nom":"Laguian-Mazous","codes_postaux":["32170"],"code_dep":"32","code_region":"76","population":248,"surface_km2":10.15,"lat":43.4136,"lon":0.2579},{"code_insee":"32182","nom":"Lahas","codes_postaux":["32130"],"code_dep":"32","code_region":"76","population":181,"surface_km2":14.69,"lat":43.5644,"lon":0.9009},{"code_insee":"32183","nom":"Lahitte","codes_postaux":["32810"],"code_dep":"32","code_region":"76","population":235,"surface_km2":5.08,"lat":43.658,"lon":0.6798},{"code_insee":"32184","nom":"Lalanne","codes_postaux":["32500"],"code_dep":"32","code_region":"76","population":134,"surface_km2":5.49,"lat":43.8063,"lon":0.6765},{"code_insee":"32185","nom":"Lalanne-Arqué","codes_postaux":["32140"],"code_dep":"32","code_region":"76","population":149,"surface_km2":11.09,"lat":43.3264,"lon":0.6399},{"code_insee":"32186","nom":"Lamaguère","codes_postaux":["32260"],"code_dep":"32","code_region":"76","population":81,"surface_km2":6.68,"lat":43.4862,"lon":0.6843},{"code_insee":"32187","nom":"Lamazère","codes_postaux":["32300"],"code_dep":"32","code_region":"76","population":129,"surface_km2":7.46,"lat":43.5625,"lon":0.452},{"code_insee":"32188","nom":"Lamothe-Goas","codes_postaux":["32500"],"code_dep":"32","code_region":"76","population":82,"surface_km2":7.21,"lat":43.8716,"lon":0.5711},{"code_insee":"32189","nom":"Lannemaignan","codes_postaux":["32240"],"code_dep":"32","code_region":"76","population":105,"surface_km2":8.66,"lat":43.8995,"lon":-0.2145},{"code_insee":"32190","nom":"Lannepax","codes_postaux":["32190"],"code_dep":"32","code_region":"76","population":528,"surface_km2":31.11,"lat":43.8084,"lon":0.2229},{"code_insee":"32191","nom":"Lanne-Soubiran","codes_postaux":["32110"],"code_dep":"32","code_region":"76","population":141,"surface_km2":6.8,"lat":43.7404,"lon":-0.1031},{"code_insee":"32192","nom":"Lannux","codes_postaux":["32400"],"code_dep":"32","code_region":"76","population":216,"surface_km2":12.92,"lat":43.6453,"lon":-0.2271},{"code_insee":"32193","nom":"Larée","codes_postaux":["32150"],"code_dep":"32","code_region":"76","population":237,"surface_km2":13.0,"lat":43.9075,"lon":-0.0572},{"code_insee":"32194","nom":"Larressingle","codes_postaux":["32100"],"code_dep":"32","code_region":"76","population":213,"surface_km2":8.51,"lat":43.9385,"lon":0.3176},{"code_insee":"32195","nom":"Larroque-Engalin","codes_postaux":["32480"],"code_dep":"32","code_region":"76","population":44,"surface_km2":6.26,"lat":43.9897,"lon":0.5485},{"code_insee":"32196","nom":"Larroque-Saint-Sernin","codes_postaux":["32410"],"code_dep":"32","code_region":"76","population":162,"surface_km2":17.93,"lat":43.8285,"lon":0.4711},{"code_insee":"32197","nom":"Larroque-sur-l'Osse","codes_postaux":["32100"],"code_dep":"32","code_region":"76","population":213,"surface_km2":15.18,"lat":43.9752,"lon":0.281},{"code_insee":"32198","nom":"Lartigue","codes_postaux":["32450"],"code_dep":"32","code_region":"76","population":198,"surface_km2":15.21,"lat":43.5371,"lon":0.7009},{"code_insee":"32199","nom":"Lasserrade","codes_postaux":["32160"],"code_dep":"32","code_region":"76","population":177,"surface_km2":12.72,"lat":43.6294,"lon":0.0572},{"code_insee":"32200","nom":"Lasséran","codes_postaux":["32550"],"code_dep":"32","code_region":"76","population":358,"surface_km2":14.94,"lat":43.6025,"lon":0.529},{"code_insee":"32201","nom":"Lasseube-Propre","codes_postaux":["32550"],"code_dep":"32","code_region":"76","population":337,"surface_km2":14.44,"lat":43.5715,"lon":0.5786},{"code_insee":"32202","nom":"Laujuzan","codes_postaux":["32110"],"code_dep":"32","code_region":"76","population":294,"surface_km2":11.46,"lat":43.8035,"lon":-0.1167},{"code_insee":"32203","nom":"Lauraët","codes_postaux":["32330"],"code_dep":"32","code_region":"76","population":245,"surface_km2":12.74,"lat":43.927,"lon":0.257},{"code_insee":"32204","nom":"Lavardens","codes_postaux":["32360"],"code_dep":"32","code_region":"76","population":363,"surface_km2":30.49,"lat":43.7628,"lon":0.5241},{"code_insee":"32205","nom":"Laveraët","codes_postaux":["32230"],"code_dep":"32","code_region":"76","population":103,"surface_km2":12.02,"lat":43.5286,"lon":0.2129},{"code_insee":"32206","nom":"Laymont","codes_postaux":["32220"],"code_dep":"32","code_region":"76","population":232,"surface_km2":11.05,"lat":43.4209,"lon":0.9988},{"code_insee":"32207","nom":"Leboulin","codes_postaux":["32810"],"code_dep":"32","code_region":"76","population":346,"surface_km2":9.01,"lat":43.6728,"lon":0.6608},{"code_insee":"32208","nom":"Lectoure","codes_postaux":["32700"],"code_dep":"32","code_region":"76","population":3670,"surface_km2":86.06,"lat":43.945,"lon":0.6524},{"code_insee":"32209","nom":"Lelin-Lapujolle","codes_postaux":["32400"],"code_dep":"32","code_region":"76","population":273,"surface_km2":13.56,"lat":43.7086,"lon":-0.1391},{"code_insee":"32210","nom":"Lias","codes_postaux":["32600"],"code_dep":"32","code_region":"76","population":794,"surface_km2":10.86,"lat":43.568,"lon":1.1279},{"code_insee":"32211","nom":"Lias-d'Armagnac","codes_postaux":["32240"],"code_dep":"32","code_region":"76","population":201,"surface_km2":12.03,"lat":43.859,"lon":-0.0646},{"code_insee":"32212","nom":"Ligardes","codes_postaux":["32480"],"code_dep":"32","code_region":"76","population":208,"surface_km2":11.55,"lat":44.0413,"lon":0.4792},{"code_insee":"32213","nom":"Lombez","codes_postaux":["32220"],"code_dep":"32","code_region":"76","population":2233,"surface_km2":19.67,"lat":43.4641,"lon":0.8995},{"code_insee":"32214","nom":"Loubédat","codes_postaux":["32110"],"code_dep":"32","code_region":"76","population":117,"surface_km2":9.64,"lat":43.744,"lon":0.0301},{"code_insee":"32215","nom":"Loubersan","codes_postaux":["32300"],"code_dep":"32","code_region":"76","population":162,"surface_km2":10.85,"lat":43.5022,"lon":0.5103},{"code_insee":"32216","nom":"Lourties-Monbrun","codes_postaux":["32140"],"code_dep":"32","code_region":"76","population":150,"surface_km2":9.61,"lat":43.4576,"lon":0.5464},{"code_insee":"32217","nom":"Louslitges","codes_postaux":["32230"],"code_dep":"32","code_region":"76","population":63,"surface_km2":12.19,"lat":43.6021,"lon":0.1555},{"code_insee":"32218","nom":"Loussous-Débat","codes_postaux":["32290"],"code_dep":"32","code_region":"76","population":72,"surface_km2":5.09,"lat":43.6568,"lon":0.0783},{"code_insee":"32219","nom":"Lupiac","codes_postaux":["32290"],"code_dep":"32","code_region":"76","population":310,"surface_km2":34.5,"lat":43.6894,"lon":0.1863},{"code_insee":"32220","nom":"Luppé-Violles","codes_postaux":["32110"],"code_dep":"32","code_region":"76","population":133,"surface_km2":7.67,"lat":43.7351,"lon":-0.1399},{"code_insee":"32221","nom":"Lussan","codes_postaux":["32270"],"code_dep":"32","code_region":"76","population":216,"surface_km2":12.84,"lat":43.618,"lon":0.739},{"code_insee":"32222","nom":"Magnan","codes_postaux":["32110"],"code_dep":"32","code_region":"76","population":230,"surface_km2":11.42,"lat":43.7632,"lon":-0.1141},{"code_insee":"32223","nom":"Magnas","codes_postaux":["32380"],"code_dep":"32","code_region":"76","population":56,"surface_km2":3.19,"lat":43.892,"lon":0.7234},{"code_insee":"32224","nom":"Maignaut-Tauzia","codes_postaux":["32310"],"code_dep":"32","code_region":"76","population":220,"surface_km2":11.24,"lat":43.8872,"lon":0.399},{"code_insee":"32225","nom":"Malabat","codes_postaux":["32730"],"code_dep":"32","code_region":"76","population":100,"surface_km2":5.45,"lat":43.4318,"lon":0.1922},{"code_insee":"32226","nom":"Manas-Bastanous","codes_postaux":["32170"],"code_dep":"32","code_region":"76","population":82,"surface_km2":7.61,"lat":43.3665,"lon":0.3683},{"code_insee":"32227","nom":"Manciet","codes_postaux":["32370"],"code_dep":"32","code_region":"76","population":758,"surface_km2":42.6,"lat":43.8186,"lon":0.0599},{"code_insee":"32228","nom":"Manent-Montané","codes_postaux":["32140"],"code_dep":"32","code_region":"76","population":85,"surface_km2":7.61,"lat":43.3339,"lon":0.6},{"code_insee":"32229","nom":"Mansempuy","codes_postaux":["32120"],"code_dep":"32","code_region":"76","population":55,"surface_km2":6.51,"lat":43.7433,"lon":0.8085},{"code_insee":"32230","nom":"Mansencôme","codes_postaux":["32310"],"code_dep":"32","code_region":"76","population":45,"surface_km2":4.06,"lat":43.8743,"lon":0.3315},{"code_insee":"32231","nom":"Marambat","codes_postaux":["32190"],"code_dep":"32","code_region":"76","population":419,"surface_km2":9.79,"lat":43.7779,"lon":0.3222},{"code_insee":"32232","nom":"Maravat","codes_postaux":["32120"],"code_dep":"32","code_region":"76","population":50,"surface_km2":6.54,"lat":43.7598,"lon":0.7708},{"code_insee":"32233","nom":"Marciac","codes_postaux":["32230"],"code_dep":"32","code_region":"76","population":1213,"surface_km2":20.89,"lat":43.5209,"lon":0.1544},{"code_insee":"32234","nom":"Marestaing","codes_postaux":["32490"],"code_dep":"32","code_region":"76","population":331,"surface_km2":8.49,"lat":43.5853,"lon":1.0135},{"code_insee":"32235","nom":"Margouët-Meymes","codes_postaux":["32290"],"code_dep":"32","code_region":"76","population":163,"surface_km2":17.81,"lat":43.7284,"lon":0.1211},{"code_insee":"32236","nom":"Marguestau","codes_postaux":["32150"],"code_dep":"32","code_region":"76","population":56,"surface_km2":3.22,"lat":43.8821,"lon":-0.0392},{"code_insee":"32237","nom":"Marsan","codes_postaux":["32270"],"code_dep":"32","code_region":"76","population":461,"surface_km2":15.11,"lat":43.6467,"lon":0.7248},{"code_insee":"32238","nom":"Marseillan","codes_postaux":["32170"],"code_dep":"32","code_region":"76","population":82,"surface_km2":4.39,"lat":43.4885,"lon":0.3114},{"code_insee":"32239","nom":"Marsolan","codes_postaux":["32700"],"code_dep":"32","code_region":"76","population":438,"surface_km2":26.64,"lat":43.9426,"lon":0.5337},{"code_insee":"32240","nom":"Mascaras","codes_postaux":["32230"],"code_dep":"32","code_region":"76","population":56,"surface_km2":6.02,"lat":43.5551,"lon":0.2229},{"code_insee":"32241","nom":"Mas-d'Auvignon","codes_postaux":["32700"],"code_dep":"32","code_region":"76","population":167,"surface_km2":13.75,"lat":43.8927,"lon":0.5022},{"code_insee":"32242","nom":"Masseube","codes_postaux":["32140"],"code_dep":"32","code_region":"76","population":1511,"surface_km2":21.5,"lat":43.4268,"lon":0.5857},{"code_insee":"32243","nom":"Mauléon-d'Armagnac","codes_postaux":["32240"],"code_dep":"32","code_region":"76","population":265,"surface_km2":35.39,"lat":43.9033,"lon":-0.1553},{"code_insee":"32244","nom":"Maulichères","codes_postaux":["32400"],"code_dep":"32","code_region":"76","population":155,"surface_km2":6.21,"lat":43.6878,"lon":-0.0838},{"code_insee":"32245","nom":"Maumusson-Laguian","codes_postaux":["32400"],"code_dep":"32","code_region":"76","population":139,"surface_km2":9.41,"lat":43.6107,"lon":-0.0923},{"code_insee":"32246","nom":"Maupas","codes_postaux":["32240"],"code_dep":"32","code_region":"76","population":198,"surface_km2":9.87,"lat":43.844,"lon":-0.1295},{"code_insee":"32247","nom":"Maurens","codes_postaux":["32200"],"code_dep":"32","code_region":"76","population":304,"surface_km2":12.96,"lat":43.5842,"lon":0.9137},{"code_insee":"32248","nom":"Mauroux","codes_postaux":["32380"],"code_dep":"32","code_region":"76","population":143,"surface_km2":10.1,"lat":43.9092,"lon":0.8226},{"code_insee":"32249","nom":"Mauvezin","codes_postaux":["32120"],"code_dep":"32","code_region":"76","population":2274,"surface_km2":32.93,"lat":43.735,"lon":0.8644},{"code_insee":"32250","nom":"Meilhan","codes_postaux":["32420"],"code_dep":"32","code_region":"76","population":75,"surface_km2":6.82,"lat":43.4187,"lon":0.6755},{"code_insee":"32251","nom":"Mérens","codes_postaux":["32360"],"code_dep":"32","code_region":"76","population":66,"surface_km2":4.21,"lat":43.7509,"lon":0.5521},{"code_insee":"32252","nom":"Miélan","codes_postaux":["32170"],"code_dep":"32","code_region":"76","population":1129,"surface_km2":22.21,"lat":43.4254,"lon":0.3089},{"code_insee":"32253","nom":"Miradoux","codes_postaux":["32340"],"code_dep":"32","code_region":"76","population":530,"surface_km2":34.8,"lat":43.9982,"lon":0.7564},{"code_insee":"32254","nom":"Miramont-d'Astarac","codes_postaux":["32300"],"code_dep":"32","code_region":"76","population":357,"surface_km2":14.94,"lat":43.5482,"lon":0.4638},{"code_insee":"32255","nom":"Miramont-Latour","codes_postaux":["32390"],"code_dep":"32","code_region":"76","population":141,"surface_km2":9.78,"lat":43.7763,"lon":0.6918},{"code_insee":"32256","nom":"Mirande","codes_postaux":["32300"],"code_dep":"32","code_region":"76","population":3457,"surface_km2":23.67,"lat":43.52,"lon":0.4053},{"code_insee":"32257","nom":"Mirannes","codes_postaux":["32350"],"code_dep":"32","code_region":"76","population":67,"surface_km2":7.9,"lat":43.6223,"lon":0.3815},{"code_insee":"32258","nom":"Mirepoix","codes_postaux":["32390"],"code_dep":"32","code_region":"76","population":227,"surface_km2":7.34,"lat":43.7443,"lon":0.6706},{"code_insee":"32261","nom":"Monblanc","codes_postaux":["32130"],"code_dep":"32","code_region":"76","population":394,"surface_km2":12.98,"lat":43.4655,"lon":0.9966},{"code_insee":"32262","nom":"Monbrun","codes_postaux":["32600"],"code_dep":"32","code_region":"76","population":394,"surface_km2":10.83,"lat":43.6654,"lon":1.0372},{"code_insee":"32263","nom":"Moncassin","codes_postaux":["32300"],"code_dep":"32","code_region":"76","population":123,"surface_km2":13.88,"lat":43.4477,"lon":0.4778},{"code_insee":"32264","nom":"Monclar","codes_postaux":["32150"],"code_dep":"32","code_region":"76","population":217,"surface_km2":10.12,"lat":43.9143,"lon":-0.0998},{"code_insee":"32265","nom":"Monclar-sur-Losse","codes_postaux":["32300"],"code_dep":"32","code_region":"76","population":111,"surface_km2":10.5,"lat":43.5251,"lon":0.336},{"code_insee":"32266","nom":"Moncorneil-Grazan","codes_postaux":["32260"],"code_dep":"32","code_region":"76","population":151,"surface_km2":7.24,"lat":43.4519,"lon":0.6504},{"code_insee":"32267","nom":"Monferran-Plavès","codes_postaux":["32260"],"code_dep":"32","code_region":"76","population":110,"surface_km2":11.3,"lat":43.495,"lon":0.641},{"code_insee":"32268","nom":"Monferran-Savès","codes_postaux":["32490"],"code_dep":"32","code_region":"76","population":790,"surface_km2":25.06,"lat":43.6142,"lon":0.9827},{"code_insee":"32269","nom":"Monfort","codes_postaux":["32120"],"code_dep":"32","code_region":"76","population":515,"surface_km2":22.71,"lat":43.788,"lon":0.8127},{"code_insee":"32270","nom":"Mongausy","codes_postaux":["32220"],"code_dep":"32","code_region":"76","population":91,"surface_km2":7.46,"lat":43.5011,"lon":0.8036},{"code_insee":"32271","nom":"Monguilhem","codes_postaux":["32240"],"code_dep":"32","code_region":"76","population":282,"surface_km2":5.78,"lat":43.8557,"lon":-0.1882},{"code_insee":"32272","nom":"Monlaur-Bernet","codes_postaux":["32140"],"code_dep":"32","code_region":"76","population":163,"surface_km2":12.57,"lat":43.3468,"lon":0.5165},{"code_insee":"32273","nom":"Monlezun","codes_postaux":["32230"],"code_dep":"32","code_region":"76","population":157,"surface_km2":17.61,"lat":43.4956,"lon":0.2177},{"code_insee":"32274","nom":"Monlezun-d'Armagnac","codes_postaux":["32240"],"code_dep":"32","code_region":"76","population":188,"surface_km2":6.5,"lat":43.8272,"lon":-0.1492},{"code_insee":"32275","nom":"Monpardiac","codes_postaux":["32170"],"code_dep":"32","code_region":"76","population":35,"surface_km2":3.53,"lat":43.4644,"lon":0.2445},{"code_insee":"32276","nom":"Montadet","codes_postaux":["32220"],"code_dep":"32","code_region":"76","population":66,"surface_km2":5.18,"lat":43.4351,"lon":0.9049},{"code_insee":"32277","nom":"Montamat","codes_postaux":["32220"],"code_dep":"32","code_region":"76","population":105,"surface_km2":6.57,"lat":43.4888,"lon":0.8555},{"code_insee":"32278","nom":"Montaut","codes_postaux":["32300"],"code_dep":"32","code_region":"76","population":122,"surface_km2":8.47,"lat":43.3998,"lon":0.4206},{"code_insee":"32279","nom":"Montaut-les-Créneaux","codes_postaux":["32810"],"code_dep":"32","code_region":"76","population":697,"surface_km2":26.56,"lat":43.7067,"lon":0.6652},{"code_insee":"32280","nom":"Mont-d'Astarac","codes_postaux":["32140"],"code_dep":"32","code_region":"76","population":90,"surface_km2":8.35,"lat":43.3323,"lon":0.5792},{"code_insee":"32281","nom":"Mont-de-Marrast","codes_postaux":["32170"],"code_dep":"32","code_region":"76","population":106,"surface_km2":7.09,"lat":43.3886,"lon":0.3726},{"code_insee":"32282","nom":"Montégut","codes_postaux":["32550"],"code_dep":"32","code_region":"76","population":719,"surface_km2":11.43,"lat":43.6432,"lon":0.6709},{"code_insee":"32283","nom":"Montégut-Arros","codes_postaux":["32730"],"code_dep":"32","code_region":"76","population":280,"surface_km2":15.54,"lat":43.3847,"lon":0.2224},{"code_insee":"32284","nom":"Montégut-Savès","codes_postaux":["32220"],"code_dep":"32","code_region":"76","population":68,"surface_km2":3.68,"lat":43.4372,"lon":0.9637},{"code_insee":"32285","nom":"Montesquiou","codes_postaux":["32320"],"code_dep":"32","code_region":"76","population":567,"surface_km2":47.15,"lat":43.5728,"lon":0.3292},{"code_insee":"32286","nom":"Montestruc-sur-Gers","codes_postaux":["32390"],"code_dep":"32","code_region":"76","population":695,"surface_km2":16.38,"lat":43.7941,"lon":0.632},{"code_insee":"32287","nom":"Monties","codes_postaux":["32420"],"code_dep":"32","code_region":"76","population":83,"surface_km2":10.51,"lat":43.392,"lon":0.6877},{"code_insee":"32288","nom":"Montiron","codes_postaux":["32200"],"code_dep":"32","code_region":"76","population":137,"surface_km2":10.6,"lat":43.5888,"lon":0.8553},{"code_insee":"32289","nom":"Montpezat","codes_postaux":["32220"],"code_dep":"32","code_region":"76","population":237,"surface_km2":15.68,"lat":43.3867,"lon":0.9756},{"code_insee":"32290","nom":"Montréal","codes_postaux":["32250"],"code_dep":"32","code_region":"76","population":1171,"surface_km2":63.41,"lat":43.961,"lon":0.2097},{"code_insee":"32291","nom":"Mormès","codes_postaux":["32240"],"code_dep":"32","code_region":"76","population":107,"surface_km2":9.18,"lat":43.7965,"lon":-0.1517},{"code_insee":"32292","nom":"Mouchan","codes_postaux":["32330"],"code_dep":"32","code_region":"76","population":376,"surface_km2":13.23,"lat":43.8999,"lon":0.3011},{"code_insee":"32293","nom":"Mouchès","codes_postaux":["32300"],"code_dep":"32","code_region":"76","population":82,"surface_km2":3.15,"lat":43.5581,"lon":0.4222},{"code_insee":"32294","nom":"Mourède","codes_postaux":["32190"],"code_dep":"32","code_region":"76","population":70,"surface_km2":4.95,"lat":43.8015,"lon":0.2911},{"code_insee":"32295","nom":"Nizas","codes_postaux":["32130"],"code_dep":"32","code_region":"76","population":141,"surface_km2":4.18,"lat":43.4955,"lon":0.9906},{"code_insee":"32296","nom":"Nogaro","codes_postaux":["32110"],"code_dep":"32","code_region":"76","population":2238,"surface_km2":11.23,"lat":43.7646,"lon":-0.0295},{"code_insee":"32297","nom":"Noilhan","codes_postaux":["32130"],"code_dep":"32","code_region":"76","population":388,"surface_km2":18.19,"lat":43.5306,"lon":0.9359},{"code_insee":"32298","nom":"Nougaroulet","codes_postaux":["32270"],"code_dep":"32","code_region":"76","population":386,"surface_km2":15.94,"lat":43.6903,"lon":0.7275},{"code_insee":"32299","nom":"Noulens","codes_postaux":["32800"],"code_dep":"32","code_region":"76","population":100,"surface_km2":5.81,"lat":43.8016,"lon":0.1592},{"code_insee":"32300","nom":"Orbessan","codes_postaux":["32260"],"code_dep":"32","code_region":"76","population":269,"surface_km2":8.22,"lat":43.546,"lon":0.6129},{"code_insee":"32301","nom":"Ordan-Larroque","codes_postaux":["32350"],"code_dep":"32","code_region":"76","population":858,"surface_km2":43.0,"lat":43.6819,"lon":0.4814},{"code_insee":"32302","nom":"Ornézan","codes_postaux":["32260"],"code_dep":"32","code_region":"76","population":202,"surface_km2":12.2,"lat":43.5131,"lon":0.5975},{"code_insee":"32303","nom":"Pallanne","codes_postaux":["32230"],"code_dep":"32","code_region":"76","population":61,"surface_km2":5.25,"lat":43.5036,"lon":0.2663},{"code_insee":"32304","nom":"Panassac","codes_postaux":["32140"],"code_dep":"32","code_region":"76","population":278,"surface_km2":9.29,"lat":43.3861,"lon":0.5693},{"code_insee":"32305","nom":"Panjas","codes_postaux":["32110"],"code_dep":"32","code_region":"76","population":431,"surface_km2":19.96,"lat":43.827,"lon":-0.0792},{"code_insee":"32306","nom":"Pauilhac","codes_postaux":["32500"],"code_dep":"32","code_region":"76","population":596,"surface_km2":25.45,"lat":43.8834,"lon":0.6231},{"code_insee":"32307","nom":"Pavie","codes_postaux":["32550"],"code_dep":"32","code_region":"76","population":2566,"surface_km2":24.79,"lat":43.6055,"lon":0.5857},{"code_insee":"32308","nom":"Pébées","codes_postaux":["32130"],"code_dep":"32","code_region":"76","population":96,"surface_km2":4.05,"lat":43.4601,"lon":1.0272},{"code_insee":"32309","nom":"Pellefigue","codes_postaux":["32420"],"code_dep":"32","code_region":"76","population":103,"surface_km2":12.8,"lat":43.4822,"lon":0.7881},{"code_insee":"32310","nom":"Perchède","codes_postaux":["32460"],"code_dep":"32","code_region":"76","population":104,"surface_km2":5.3,"lat":43.7774,"lon":-0.1412},{"code_insee":"32311","nom":"Pergain-Taillac","codes_postaux":["32700"],"code_dep":"32","code_region":"76","population":336,"surface_km2":19.23,"lat":44.0562,"lon":0.5946},{"code_insee":"32312","nom":"Pessan","codes_postaux":["32550"],"code_dep":"32","code_region":"76","population":648,"surface_km2":26.71,"lat":43.6039,"lon":0.6671},{"code_insee":"32313","nom":"Pessoulens","codes_postaux":["32380"],"code_dep":"32","code_region":"76","population":137,"surface_km2":12.67,"lat":43.8617,"lon":0.885},{"code_insee":"32314","nom":"Peyrecave","codes_postaux":["32340"],"code_dep":"32","code_region":"76","population":70,"surface_km2":5.09,"lat":43.9956,"lon":0.8075},{"code_insee":"32315","nom":"Peyrusse-Grande","codes_postaux":["32320"],"code_dep":"32","code_region":"76","population":147,"surface_km2":25.55,"lat":43.6303,"lon":0.2233},{"code_insee":"32316","nom":"Peyrusse-Massas","codes_postaux":["32360"],"code_dep":"32","code_region":"76","population":117,"surface_km2":6.59,"lat":43.7404,"lon":0.5573},{"code_insee":"32317","nom":"Peyrusse-Vieille","codes_postaux":["32230"],"code_dep":"32","code_region":"76","population":63,"surface_km2":11.19,"lat":43.63,"lon":0.173},{"code_insee":"32318","nom":"Pis","codes_postaux":["32500"],"code_dep":"32","code_region":"76","population":93,"surface_km2":5.42,"lat":43.7854,"lon":0.7081},{"code_insee":"32319","nom":"Plaisance","codes_postaux":["32160"],"code_dep":"32","code_region":"76","population":1430,"surface_km2":13.75,"lat":43.6015,"lon":0.0475},{"code_insee":"32320","nom":"Plieux","codes_postaux":["32340"],"code_dep":"32","code_region":"76","population":159,"surface_km2":12.31,"lat":43.9532,"lon":0.7492},{"code_insee":"32321","nom":"Polastron","codes_postaux":["32130"],"code_dep":"32","code_region":"76","population":263,"surface_km2":15.18,"lat":43.5326,"lon":0.8446},{"code_insee":"32322","nom":"Pompiac","codes_postaux":["32130"],"code_dep":"32","code_region":"76","population":205,"surface_km2":10.22,"lat":43.5201,"lon":1.0057},{"code_insee":"32323","nom":"Ponsampère","codes_postaux":["32300"],"code_dep":"32","code_region":"76","population":98,"surface_km2":9.07,"lat":43.4576,"lon":0.3717},{"code_insee":"32324","nom":"Ponsan-Soubiran","codes_postaux":["32300"],"code_dep":"32","code_region":"76","population":80,"surface_km2":7.09,"lat":43.3508,"lon":0.4815},{"code_insee":"32325","nom":"Pouydraguin","codes_postaux":["32290"],"code_dep":"32","code_region":"76","population":120,"surface_km2":9.76,"lat":43.659,"lon":0.0357},{"code_insee":"32326","nom":"Pouylebon","codes_postaux":["32320"],"code_dep":"32","code_region":"76","population":143,"surface_km2":14.59,"lat":43.5469,"lon":0.3035},{"code_insee":"32327","nom":"Pouy-Loubrin","codes_postaux":["32260"],"code_dep":"32","code_region":"76","population":85,"surface_km2":9.76,"lat":43.4678,"lon":0.618},{"code_insee":"32328","nom":"Pouy-Roquelaure","codes_postaux":["32480"],"code_dep":"32","code_region":"76","population":114,"surface_km2":11.05,"lat":44.0391,"lon":0.5217},{"code_insee":"32329","nom":"Préchac","codes_postaux":["32390"],"code_dep":"32","code_region":"76","population":150,"surface_km2":12.75,"lat":43.7939,"lon":0.5672},{"code_insee":"32330","nom":"Préchac-sur-Adour","codes_postaux":["32160"],"code_dep":"32","code_region":"76","population":197,"surface_km2":4.43,"lat":43.6016,"lon":0.0032},{"code_insee":"32331","nom":"Preignan","codes_postaux":["32810"],"code_dep":"32","code_region":"76","population":1202,"surface_km2":10.79,"lat":43.7205,"lon":0.6361},{"code_insee":"32332","nom":"Préneron","codes_postaux":["32190"],"code_dep":"32","code_region":"76","population":119,"surface_km2":8.72,"lat":43.729,"lon":0.2718},{"code_insee":"32333","nom":"Projan","codes_postaux":["32400"],"code_dep":"32","code_region":"76","population":182,"surface_km2":11.78,"lat":43.6093,"lon":-0.2325},{"code_insee":"32334","nom":"Pujaudran","codes_postaux":["32600"],"code_dep":"32","code_region":"76","population":1750,"surface_km2":17.69,"lat":43.592,"lon":1.1679},{"code_insee":"32335","nom":"Puycasquier","codes_postaux":["32120"],"code_dep":"32","code_region":"76","population":420,"surface_km2":20.26,"lat":43.7507,"lon":0.7539},{"code_insee":"32336","nom":"Puylausic","codes_postaux":["32220"],"code_dep":"32","code_region":"76","population":165,"surface_km2":9.77,"lat":43.4436,"lon":0.9319},{"code_insee":"32337","nom":"Puységur","codes_postaux":["32390"],"code_dep":"32","code_region":"76","population":72,"surface_km2":7.32,"lat":43.7751,"lon":0.5875},{"code_insee":"32338","nom":"Ramouzens","codes_postaux":["32800"],"code_dep":"32","code_region":"76","population":190,"surface_km2":16.69,"lat":43.8082,"lon":0.1862},{"code_insee":"32339","nom":"Razengues","codes_postaux":["32600"],"code_dep":"32","code_region":"76","population":263,"surface_km2":4.38,"lat":43.6437,"lon":0.9838},{"code_insee":"32340","nom":"Réans","codes_postaux":["32800"],"code_dep":"32","code_region":"76","population":297,"surface_km2":12.3,"lat":43.8737,"lon":0.0362},{"code_insee":"32341","nom":"Réjaumont","codes_postaux":["32390"],"code_dep":"32","code_region":"76","population":246,"surface_km2":13.77,"lat":43.8147,"lon":0.5481},{"code_insee":"32342","nom":"Ricourt","codes_postaux":["32230"],"code_dep":"32","code_region":"76","population":44,"surface_km2":7.95,"lat":43.4887,"lon":0.1761},{"code_insee":"32343","nom":"Riguepeu","codes_postaux":["32320"],"code_dep":"32","code_region":"76","population":164,"surface_km2":21.55,"lat":43.6602,"lon":0.3308},{"code_insee":"32344","nom":"Riscle","codes_postaux":["32400"],"code_dep":"32","code_region":"76","population":1622,"surface_km2":36.9,"lat":43.6392,"lon":-0.0777},{"code_insee":"32345","nom":"La Romieu","codes_postaux":["32480"],"code_dep":"32","code_region":"76","population":540,"surface_km2":27.82,"lat":43.9881,"lon":0.4998},{"code_insee":"32346","nom":"Roquebrune","codes_postaux":["32190"],"code_dep":"32","code_region":"76","population":207,"surface_km2":18.36,"lat":43.7078,"lon":0.296},{"code_insee":"32347","nom":"Roquefort","codes_postaux":["32390"],"code_dep":"32","code_region":"76","population":275,"surface_km2":7.32,"lat":43.7569,"lon":0.5867},{"code_insee":"32348","nom":"Roquelaure","codes_postaux":["32810"],"code_dep":"32","code_region":"76","population":563,"surface_km2":21.45,"lat":43.7234,"lon":0.5904},{"code_insee":"32349","nom":"Roquelaure-Saint-Aubin","codes_postaux":["32430"],"code_dep":"32","code_region":"76","population":102,"surface_km2":4.25,"lat":43.6637,"lon":0.9841},{"code_insee":"32350","nom":"Roquepine","codes_postaux":["32100"],"code_dep":"32","code_region":"76","population":42,"surface_km2":3.79,"lat":43.9084,"lon":0.469},{"code_insee":"32351","nom":"Roques","codes_postaux":["32310"],"code_dep":"32","code_region":"76","population":103,"surface_km2":8.54,"lat":43.8402,"lon":0.2983},{"code_insee":"32352","nom":"Rozès","codes_postaux":["32190"],"code_dep":"32","code_region":"76","population":113,"surface_km2":10.85,"lat":43.8002,"lon":0.362},{"code_insee":"32353","nom":"Sabaillan","codes_postaux":["32420"],"code_dep":"32","code_region":"76","population":153,"surface_km2":10.93,"lat":43.4437,"lon":0.8158},{"code_insee":"32354","nom":"Sabazan","codes_postaux":["32290"],"code_dep":"32","code_region":"76","population":126,"surface_km2":8.3,"lat":43.7103,"lon":0.0482},{"code_insee":"32355","nom":"Sadeillan","codes_postaux":["32170"],"code_dep":"32","code_region":"76","population":79,"surface_km2":6.0,"lat":43.3978,"lon":0.3464},{"code_insee":"32356","nom":"Saint-André","codes_postaux":["32200"],"code_dep":"32","code_region":"76","population":124,"surface_km2":5.61,"lat":43.5583,"lon":0.8548},{"code_insee":"32357","nom":"Sainte-Anne","codes_postaux":["32430"],"code_dep":"32","code_region":"76","population":123,"surface_km2":6.85,"lat":43.745,"lon":0.9714},{"code_insee":"32358","nom":"Saint-Antoine","codes_postaux":["32340"],"code_dep":"32","code_region":"76","population":194,"surface_km2":9.81,"lat":44.0404,"lon":0.8312},{"code_insee":"32359","nom":"Saint-Antonin","codes_postaux":["32120"],"code_dep":"32","code_region":"76","population":156,"surface_km2":11.5,"lat":43.7199,"lon":0.8225},{"code_insee":"32360","nom":"Saint-Arailles","codes_postaux":["32350"],"code_dep":"32","code_region":"76","population":134,"surface_km2":13.29,"lat":43.625,"lon":0.3429},{"code_insee":"32361","nom":"Saint-Arroman","codes_postaux":["32300"],"code_dep":"32","code_region":"76","population":125,"surface_km2":12.22,"lat":43.4344,"lon":0.5211},{"code_insee":"32362","nom":"Saint-Aunix-Lengros","codes_postaux":["32160"],"code_dep":"32","code_region":"76","population":151,"surface_km2":5.45,"lat":43.5731,"lon":0.0563},{"code_insee":"32363","nom":"Sainte-Aurence-Cazaux","codes_postaux":["32300"],"code_dep":"32","code_region":"76","population":89,"surface_km2":9.76,"lat":43.3736,"lon":0.4274},{"code_insee":"32364","nom":"Saint-Avit-Frandat","codes_postaux":["32700"],"code_dep":"32","code_region":"76","population":97,"surface_km2":7.63,"lat":43.9822,"lon":0.6597},{"code_insee":"32365","nom":"Cap d'Astarac","codes_postaux":["32140","32420"],"code_dep":"32","code_region":"76","population":460,"surface_km2":32.48,"lat":43.3627,"lon":0.6679},{"code_insee":"32366","nom":"Saint-Brès","codes_postaux":["32120"],"code_dep":"32","code_region":"76","population":70,"surface_km2":5.96,"lat":43.785,"lon":0.7688},{"code_insee":"32367","nom":"Saint-Christaud","codes_postaux":["32320"],"code_dep":"32","code_region":"76","population":64,"surface_km2":10.88,"lat":43.525,"lon":0.2614},{"code_insee":"32368","nom":"Sainte-Christie","codes_postaux":["32390"],"code_dep":"32","code_region":"76","population":541,"surface_km2":9.97,"lat":43.7549,"lon":0.632},{"code_insee":"32369","nom":"Sainte-Christie-d'Armagnac","codes_postaux":["32370"],"code_dep":"32","code_region":"76","population":382,"surface_km2":22.85,"lat":43.7944,"lon":-0.0048},{"code_insee":"32370","nom":"Saint-Clar","codes_postaux":["32380"],"code_dep":"32","code_region":"76","population":1062,"surface_km2":17.93,"lat":43.896,"lon":0.7678},{"code_insee":"32371","nom":"Saint-Créac","codes_postaux":["32380"],"code_dep":"32","code_region":"76","population":86,"surface_km2":8.31,"lat":43.9168,"lon":0.7941},{"code_insee":"32372","nom":"Saint-Cricq","codes_postaux":["32430"],"code_dep":"32","code_region":"76","population":293,"surface_km2":3.04,"lat":43.698,"lon":0.9884},{"code_insee":"32373","nom":"Sainte-Dode","codes_postaux":["32170"],"code_dep":"32","code_region":"76","population":230,"surface_km2":18.92,"lat":43.4193,"lon":0.3677},{"code_insee":"32374","nom":"Saint-Élix-d'Astarac","codes_postaux":["32450"],"code_dep":"32","code_region":"76","population":187,"surface_km2":8.16,"lat":43.4949,"lon":0.7721},{"code_insee":"32375","nom":"Saint-Élix-Theux","codes_postaux":["32300"],"code_dep":"32","code_region":"76","population":85,"surface_km2":8.46,"lat":43.4285,"lon":0.4684},{"code_insee":"32376","nom":"Sainte-Gemme","codes_postaux":["32120"],"code_dep":"32","code_region":"76","population":121,"surface_km2":10.41,"lat":43.775,"lon":0.7901},{"code_insee":"32377","nom":"Saint-Georges","codes_postaux":["32430"],"code_dep":"32","code_region":"76","population":198,"surface_km2":15.98,"lat":43.7374,"lon":0.9295},{"code_insee":"32378","nom":"Saint-Germé","codes_postaux":["32400"],"code_dep":"32","code_region":"76","population":515,"surface_km2":9.58,"lat":43.6753,"lon":-0.1499},{"code_insee":"32379","nom":"Saint-Germier","codes_postaux":["32200"],"code_dep":"32","code_region":"76","population":212,"surface_km2":7.12,"lat":43.6733,"lon":0.9581},{"code_insee":"32380","nom":"Saint-Griède","codes_postaux":["32110"],"code_dep":"32","code_region":"76","population":142,"surface_km2":7.63,"lat":43.7249,"lon":-0.0969},{"code_insee":"32381","nom":"Saint-Jean-le-Comtal","codes_postaux":["32550"],"code_dep":"32","code_region":"76","population":381,"surface_km2":17.36,"lat":43.5762,"lon":0.5116},{"code_insee":"32382","nom":"Saint-Jean-Poutge","codes_postaux":["32190"],"code_dep":"32","code_region":"76","population":310,"surface_km2":10.78,"lat":43.7368,"lon":0.3825},{"code_insee":"32383","nom":"Saint-Justin","codes_postaux":["32230"],"code_dep":"32","code_region":"76","population":137,"surface_km2":13.34,"lat":43.4847,"lon":0.1517},{"code_insee":"32384","nom":"Saint-Lary","codes_postaux":["32360"],"code_dep":"32","code_region":"76","population":271,"surface_km2":9.8,"lat":43.7189,"lon":0.4966},{"code_insee":"32385","nom":"Saint-Léonard","codes_postaux":["32380"],"code_dep":"32","code_region":"76","population":184,"surface_km2":13.37,"lat":43.8559,"lon":0.7694},{"code_insee":"32386","nom":"Saint-Lizier-du-Planté","codes_postaux":["32220"],"code_dep":"32","code_region":"76","population":148,"surface_km2":10.46,"lat":43.4077,"lon":0.945},{"code_insee":"32387","nom":"Saint-Loube","codes_postaux":["32220"],"code_dep":"32","code_region":"76","population":96,"surface_km2":6.11,"lat":43.44,"lon":1.0058},{"code_insee":"32388","nom":"Sainte-Marie","codes_postaux":["32200"],"code_dep":"32","code_region":"76","population":386,"surface_km2":22.4,"lat":43.6747,"lon":0.8633},{"code_insee":"32389","nom":"Saint-Martin","codes_postaux":["32300"],"code_dep":"32","code_region":"76","population":434,"surface_km2":9.26,"lat":43.5096,"lon":0.3758},{"code_insee":"32390","nom":"Saint-Martin-d'Armagnac","codes_postaux":["32110"],"code_dep":"32","code_region":"76","population":230,"surface_km2":10.86,"lat":43.7131,"lon":-0.0634},{"code_insee":"32391","nom":"Saint-Martin-de-Goyne","codes_postaux":["32480"],"code_dep":"32","code_region":"76","population":129,"surface_km2":5.72,"lat":44.0022,"lon":0.5736},{"code_insee":"32392","nom":"Saint-Martin-Gimois","codes_postaux":["32450"],"code_dep":"32","code_region":"76","population":87,"surface_km2":6.75,"lat":43.521,"lon":0.8126},{"code_insee":"32393","nom":"Saint-Maur","codes_postaux":["32300"],"code_dep":"32","code_region":"76","population":135,"surface_km2":14.02,"lat":43.483,"lon":0.3509},{"code_insee":"32394","nom":"Saint-Médard","codes_postaux":["32300"],"code_dep":"32","code_region":"76","population":343,"surface_km2":17.31,"lat":43.4855,"lon":0.4622},{"code_insee":"32395","nom":"Sainte-Mère","codes_postaux":["32700"],"code_dep":"32","code_region":"76","population":200,"surface_km2":9.51,"lat":44.0008,"lon":0.6843},{"code_insee":"32396","nom":"Saint-Mézard","codes_postaux":["32700"],"code_dep":"32","code_region":"76","population":240,"surface_km2":15.16,"lat":44.0363,"lon":0.5719},{"code_insee":"32397","nom":"Saint-Michel","codes_postaux":["32300"],"code_dep":"32","code_region":"76","population":252,"surface_km2":16.8,"lat":43.4299,"lon":0.3988},{"code_insee":"32398","nom":"Saint-Mont","codes_postaux":["32400"],"code_dep":"32","code_region":"76","population":317,"surface_km2":12.59,"lat":43.6399,"lon":-0.1442},{"code_insee":"32399","nom":"Saint-Orens","codes_postaux":["32120"],"code_dep":"32","code_region":"76","population":82,"surface_km2":4.38,"lat":43.7128,"lon":0.9164},{"code_insee":"32400","nom":"Saint-Orens-Pouy-Petit","codes_postaux":["32100"],"code_dep":"32","code_region":"76","population":161,"surface_km2":11.38,"lat":43.9126,"lon":0.4382},{"code_insee":"32401","nom":"Saint-Ost","codes_postaux":["32300"],"code_dep":"32","code_region":"76","population":95,"surface_km2":6.91,"lat":43.3754,"lon":0.4661},{"code_insee":"32402","nom":"Saint-Paul-de-Baïse","codes_postaux":["32190"],"code_dep":"32","code_region":"76","population":108,"surface_km2":10.12,"lat":43.7811,"lon":0.3714},{"code_insee":"32403","nom":"Saint-Pierre-d'Aubézies","codes_postaux":["32290"],"code_dep":"32","code_region":"76","population":60,"surface_km2":8.4,"lat":43.6501,"lon":0.1601},{"code_insee":"32404","nom":"Saint-Puy","codes_postaux":["32310"],"code_dep":"32","code_region":"76","population":587,"surface_km2":36.64,"lat":43.8705,"lon":0.4585},{"code_insee":"32405","nom":"Sainte-Radegonde","codes_postaux":["32500"],"code_dep":"32","code_region":"76","population":172,"surface_km2":9.88,"lat":43.8407,"lon":0.5867},{"code_insee":"32406","nom":"Saint-Sauvy","codes_postaux":["32270"],"code_dep":"32","code_region":"76","population":355,"surface_km2":17.62,"lat":43.6959,"lon":0.8091},{"code_insee":"32407","nom":"Saint-Soulan","codes_postaux":["32220"],"code_dep":"32","code_region":"76","population":152,"surface_km2":12.22,"lat":43.5093,"lon":0.8637},{"code_insee":"32408","nom":"Salles-d'Armagnac","codes_postaux":["32370"],"code_dep":"32","code_region":"76","population":116,"surface_km2":6.22,"lat":43.8133,"lon":-0.045},{"code_insee":"32409","nom":"Samaran","codes_postaux":["32140"],"code_dep":"32","code_region":"76","population":74,"surface_km2":8.71,"lat":43.3929,"lon":0.5314},{"code_insee":"32410","nom":"Samatan","codes_postaux":["32130"],"code_dep":"32","code_region":"76","population":2517,"surface_km2":33.75,"lat":43.4928,"lon":0.9279},{"code_insee":"32411","nom":"Sansan","codes_postaux":["32260"],"code_dep":"32","code_region":"76","population":102,"surface_km2":3.69,"lat":43.5277,"lon":0.6082},{"code_insee":"32412","nom":"Saramon","codes_postaux":["32450"],"code_dep":"32","code_region":"76","population":864,"surface_km2":13.07,"lat":43.5266,"lon":0.764},{"code_insee":"32414","nom":"Sarragachies","codes_postaux":["32400"],"code_dep":"32","code_region":"76","population":217,"surface_km2":12.92,"lat":43.685,"lon":-0.051},{"code_insee":"32415","nom":"Sarraguzan","codes_postaux":["32170"],"code_dep":"32","code_region":"76","population":88,"surface_km2":8.75,"lat":43.3663,"lon":0.3441},{"code_insee":"32416","nom":"Sarrant","codes_postaux":["32120"],"code_dep":"32","code_region":"76","population":358,"surface_km2":20.1,"lat":43.7698,"lon":0.9317},{"code_insee":"32417","nom":"La Sauvetat","codes_postaux":["32500"],"code_dep":"32","code_region":"76","population":403,"surface_km2":27.61,"lat":43.8497,"lon":0.5369},{"code_insee":"32418","nom":"Sauveterre","codes_postaux":["32220"],"code_dep":"32","code_region":"76","population":278,"surface_km2":16.72,"lat":43.4533,"lon":0.8503},{"code_insee":"32419","nom":"Sauviac","codes_postaux":["32300"],"code_dep":"32","code_region":"76","population":103,"surface_km2":6.44,"lat":43.4107,"lon":0.4586},{"code_insee":"32420","nom":"Sauvimont","codes_postaux":["32220"],"code_dep":"32","code_region":"76","population":65,"surface_km2":3.49,"lat":43.4496,"lon":0.9675},{"code_insee":"32421","nom":"Savignac-Mona","codes_postaux":["32130"],"code_dep":"32","code_region":"76","population":146,"surface_km2":6.91,"lat":43.4852,"lon":1.0092},{"code_insee":"32422","nom":"Scieurac-et-Flourès","codes_postaux":["32230"],"code_dep":"32","code_region":"76","population":44,"surface_km2":5.46,"lat":43.5561,"lon":0.1979},{"code_insee":"32423","nom":"Séailles","codes_postaux":["32190"],"code_dep":"32","code_region":"76","population":70,"surface_km2":8.19,"lat":43.751,"lon":0.1115},{"code_insee":"32424","nom":"Ségos","codes_postaux":["32400"],"code_dep":"32","code_region":"76","population":256,"surface_km2":8.77,"lat":43.6315,"lon":-0.2601},{"code_insee":"32425","nom":"Ségoufielle","codes_postaux":["32600"],"code_dep":"32","code_region":"76","population":1197,"surface_km2":5.28,"lat":43.6292,"lon":1.1308},{"code_insee":"32426","nom":"Seissan","codes_postaux":["32260"],"code_dep":"32","code_region":"76","population":1097,"surface_km2":18.88,"lat":43.5011,"lon":0.5757},{"code_insee":"32427","nom":"Sembouès","codes_postaux":["32230"],"code_dep":"32","code_region":"76","population":58,"surface_km2":2.62,"lat":43.4672,"lon":0.1714},{"code_insee":"32428","nom":"Sémézies-Cachan","codes_postaux":["32450"],"code_dep":"32","code_region":"76","population":53,"surface_km2":6.96,"lat":43.5017,"lon":0.7335},{"code_insee":"32429","nom":"Sempesserre","codes_postaux":["32700"],"code_dep":"32","code_region":"76","population":323,"surface_km2":21.07,"lat":44.0214,"lon":0.6452},{"code_insee":"32430","nom":"Sère","codes_postaux":["32140"],"code_dep":"32","code_region":"76","population":78,"surface_km2":8.9,"lat":43.4045,"lon":0.6493},{"code_insee":"32431","nom":"Sérempuy","codes_postaux":["32120"],"code_dep":"32","code_region":"76","population":42,"surface_km2":3.35,"lat":43.7628,"lon":0.8234},{"code_insee":"32432","nom":"Seysses-Savès","codes_postaux":["32130"],"code_dep":"32","code_region":"76","population":244,"surface_km2":13.24,"lat":43.5139,"lon":1.0454},{"code_insee":"32433","nom":"Simorre","codes_postaux":["32420"],"code_dep":"32","code_region":"76","population":688,"surface_km2":35.73,"lat":43.4586,"lon":0.7417},{"code_insee":"32434","nom":"Sion","codes_postaux":["32110"],"code_dep":"32","code_region":"76","population":99,"surface_km2":7.16,"lat":43.7384,"lon":0.0055},{"code_insee":"32435","nom":"Sirac","codes_postaux":["32430"],"code_dep":"32","code_region":"76","population":164,"surface_km2":8.04,"lat":43.7014,"lon":0.9522},{"code_insee":"32436","nom":"Solomiac","codes_postaux":["32120"],"code_dep":"32","code_region":"76","population":496,"surface_km2":13.88,"lat":43.8036,"lon":0.8867},{"code_insee":"32437","nom":"Sorbets","codes_postaux":["32110"],"code_dep":"32","code_region":"76","population":203,"surface_km2":9.36,"lat":43.7127,"lon":-0.0187},{"code_insee":"32438","nom":"Tachoires","codes_postaux":["32260"],"code_dep":"32","code_region":"76","population":115,"surface_km2":9.52,"lat":43.4734,"lon":0.6572},{"code_insee":"32439","nom":"Tarsac","codes_postaux":["32400"],"code_dep":"32","code_region":"76","population":164,"surface_km2":4.55,"lat":43.6678,"lon":-0.1146},{"code_insee":"32440","nom":"Tasque","codes_postaux":["32160"],"code_dep":"32","code_region":"76","population":243,"surface_km2":9.99,"lat":43.6372,"lon":0.0121},{"code_insee":"32441","nom":"Taybosc","codes_postaux":["32120"],"code_dep":"32","code_region":"76","population":68,"surface_km2":5.93,"lat":43.7866,"lon":0.7424},{"code_insee":"32442","nom":"Terraube","codes_postaux":["32700"],"code_dep":"32","code_region":"76","population":352,"surface_km2":25.24,"lat":43.8999,"lon":0.5495},{"code_insee":"32443","nom":"Termes-d'Armagnac","codes_postaux":["32400"],"code_dep":"32","code_region":"76","population":207,"surface_km2":10.05,"lat":43.6755,"lon":-0.0128},{"code_insee":"32444","nom":"Thoux","codes_postaux":["32430"],"code_dep":"32","code_region":"76","population":260,"surface_km2":6.06,"lat":43.6808,"lon":0.9926},{"code_insee":"32445","nom":"Tieste-Uragnoux","codes_postaux":["32160"],"code_dep":"32","code_region":"76","population":158,"surface_km2":6.25,"lat":43.5521,"lon":0.0313},{"code_insee":"32446","nom":"Tillac","codes_postaux":["32170"],"code_dep":"32","code_region":"76","population":281,"surface_km2":12.56,"lat":43.4781,"lon":0.2631},{"code_insee":"32447","nom":"Tirent-Pontéjac","codes_postaux":["32450"],"code_dep":"32","code_region":"76","population":75,"surface_km2":7.51,"lat":43.5457,"lon":0.7929},{"code_insee":"32448","nom":"Touget","codes_postaux":["32430"],"code_dep":"32","code_region":"76","population":495,"surface_km2":17.81,"lat":43.6846,"lon":0.9159},{"code_insee":"32449","nom":"Toujouse","codes_postaux":["32240"],"code_dep":"32","code_region":"76","population":293,"surface_km2":14.83,"lat":43.8229,"lon":-0.1826},{"code_insee":"32450","nom":"Tourdun","codes_postaux":["32230"],"code_dep":"32","code_region":"76","population":117,"surface_km2":6.98,"lat":43.5453,"lon":0.1611},{"code_insee":"32451","nom":"Tournan","codes_postaux":["32420"],"code_dep":"32","code_region":"76","population":175,"surface_km2":12.44,"lat":43.426,"lon":0.7913},{"code_insee":"32452","nom":"Tournecoupe","codes_postaux":["32380"],"code_dep":"32","code_region":"76","population":262,"surface_km2":19.18,"lat":43.8615,"lon":0.8302},{"code_insee":"32453","nom":"Tourrenquets","codes_postaux":["32390"],"code_dep":"32","code_region":"76","population":99,"surface_km2":7.21,"lat":43.7486,"lon":0.7017},{"code_insee":"32454","nom":"Traversères","codes_postaux":["32450"],"code_dep":"32","code_region":"76","population":71,"surface_km2":10.62,"lat":43.5341,"lon":0.651},{"code_insee":"32455","nom":"Troncens","codes_postaux":["32230"],"code_dep":"32","code_region":"76","population":159,"surface_km2":13.09,"lat":43.4542,"lon":0.2202},{"code_insee":"32456","nom":"Tudelle","codes_postaux":["32190"],"code_dep":"32","code_region":"76","population":56,"surface_km2":5.17,"lat":43.6829,"lon":0.2878},{"code_insee":"32457","nom":"Urdens","codes_postaux":["32500"],"code_dep":"32","code_region":"76","population":264,"surface_km2":7.73,"lat":43.8641,"lon":0.7097},{"code_insee":"32458","nom":"Urgosse","codes_postaux":["32110"],"code_dep":"32","code_region":"76","population":240,"surface_km2":6.78,"lat":43.7402,"lon":-0.0214},{"code_insee":"32459","nom":"Valence-sur-Baïse","codes_postaux":["32310"],"code_dep":"32","code_region":"76","population":1147,"surface_km2":27.54,"lat":43.8722,"lon":0.3637},{"code_insee":"32460","nom":"Vergoignan","codes_postaux":["32720"],"code_dep":"32","code_region":"76","population":324,"surface_km2":10.56,"lat":43.7243,"lon":-0.1899},{"code_insee":"32461","nom":"Verlus","codes_postaux":["32400"],"code_dep":"32","code_region":"76","population":124,"surface_km2":6.21,"lat":43.6004,"lon":-0.198},{"code_insee":"32462","nom":"Vic-Fezensac","codes_postaux":["32190"],"code_dep":"32","code_region":"76","population":3577,"surface_km2":54.7,"lat":43.7662,"lon":0.2903},{"code_insee":"32463","nom":"Viella","codes_postaux":["32400"],"code_dep":"32","code_region":"76","population":530,"surface_km2":22.17,"lat":43.6025,"lon":-0.1425},{"code_insee":"32464","nom":"Villecomtal-sur-Arros","codes_postaux":["32730"],"code_dep":"32","code_region":"76","population":831,"surface_km2":11.24,"lat":43.3989,"lon":0.2069},{"code_insee":"32465","nom":"Villefranche-d'Astarac","codes_postaux":["32420"],"code_dep":"32","code_region":"76","population":169,"surface_km2":12.61,"lat":43.4219,"lon":0.7326},{"code_insee":"32466","nom":"Viozan","codes_postaux":["32300"],"code_dep":"32","code_region":"76","population":92,"surface_km2":6.83,"lat":43.3966,"lon":0.4672},{"code_insee":"32467","nom":"Saint-Caprais","codes_postaux":["32200"],"code_dep":"32","code_region":"76","population":148,"surface_km2":7.9,"lat":43.5956,"lon":0.7945},{"code_insee":"32468","nom":"Aussos","codes_postaux":["32140"],"code_dep":"32","code_region":"76","population":64,"surface_km2":8.15,"lat":43.3768,"lon":0.6434}]