[{"code_insee":"35001","nom":"Acigné","codes_postaux":["35690"],"code_dep":"35","code_region":"53","population":6874,"surface_km2":30.2,"lat":48.1461,"lon":-1.5189,"fibre_pct":96.6,"vivrescore":100},{"code_insee":"35002","nom":"Amanlis","codes_postaux":["35150"],"code_dep":"35","code_region":"53","population":1768,"surface_km2":25.56,"lat":48.0017,"lon":-1.4951,"fibre_pct":95.3,"vivrescore":100},{"code_insee":"35003","nom":"Andouillé-Neuville","codes_postaux":["35250"],"code_dep":"35","code_region":"53","population":1017,"surface_km2":12.69,"lat":48.2993,"lon":-1.5951,"fibre_pct":87.4,"vivrescore":80},{"code_insee":"35004","nom":"Val-Couesnon","codes_postaux":["35460","35560"],"code_dep":"35","code_region":"53","population":4072,"surface_km2":79.51,"lat":48.441,"lon":-1.465,"fibre_pct":65.3,"vivrescore":60},{"code_insee":"35005","nom":"Arbrissel","codes_postaux":["35130"],"code_dep":"35","code_region":"53","population":266,"surface_km2":4.63,"lat":47.9283,"lon":-1.2909,"fibre_pct":100.0,"vivrescore":100},{"code_insee":"35006","nom":"Argentré-du-Plessis","codes_postaux":["35370"],"code_dep":"35","code_region":"53","population":4633,"surface_km2":41.23,"lat":48.0505,"lon":-1.1395,"fibre_pct":2.5,"vivrescore":20},{"code_insee":"35007","nom":"Aubigné","codes_postaux":["35250"],"code_dep":"35","code_region":"53","population":453,"surface_km2":2.23,"lat":48.2983,"lon":-1.6312,"fibre_pct":100.0,"vivrescore":100},{"code_insee":"35008","nom":"Availles-sur-Seiche","codes_postaux":["35130"],"code_dep":"35","code_region":"53","population":630,"surface_km2":11.09,"lat":47.9589,"lon":-1.1862,"fibre_pct":90.8,"vivrescore":80},{"code_insee":"35009","nom":"Baguer-Morvan","codes_postaux":["35120"],"code_dep":"35","code_region":"53","population":1702,"surface_km2":24.36,"lat":48.5037,"lon":-1.7712,"fibre_pct":89.9,"vivrescore":80},{"code_insee":"35010","nom":"Baguer-Pican","codes_postaux":["35120"],"code_dep":"35","code_region":"53","population":1756,"surface_km2":16.12,"lat":48.551,"lon":-1.691,"fibre_pct":96.1,"vivrescore":100},{"code_insee":"35012","nom":"Bain-de-Bretagne","codes_postaux":["35470"],"code_dep":"35","code_region":"53","population":7674,"surface_km2":66.0,"lat":47.8324,"lon":-1.6806,"fibre_pct":88.1,"vivrescore":80},{"code_insee":"35013","nom":"Bains-sur-Oust","codes_postaux":["35600"],"code_dep":"35","code_region":"53","population":3535,"surface_km2":45.04,"lat":47.716,"lon":-2.074,"fibre_pct":38.3,"vivrescore":20},{"code_insee":"35014","nom":"Bais","codes_postaux":["35680"],"code_dep":"35","code_region":"53","population":2539,"surface_km2":35.2,"lat":48.0089,"lon":-1.2989,"fibre_pct":45.8,"vivrescore":40},{"code_insee":"35015","nom":"Balazé","codes_postaux":["35500"],"code_dep":"35","code_region":"53","population":2162,"surface_km2":36.43,"lat":48.1759,"lon":-1.1834,"fibre_pct":4.0,"vivrescore":20},{"code_insee":"35016","nom":"Baulon","codes_postaux":["35580"],"code_dep":"35","code_region":"53","population":2210,"surface_km2":25.21,"lat":47.9967,"lon":-1.9278,"fibre_pct":10.3,"vivrescore":20},{"code_insee":"35017","nom":"La Baussaine","codes_postaux":["35190"],"code_dep":"35","code_region":"53","population":675,"surface_km2":9.77,"lat":48.3143,"lon":-1.8971,"fibre_pct":91.5,"vivrescore":80},{"code_insee":"35018","nom":"La Bazouge-du-Désert","codes_postaux":["35420"],"code_dep":"35","code_region":"53","population":1095,"surface_km2":25.1,"lat":48.443,"lon":-1.1072,"fibre_pct":99.7,"vivrescore":100},{"code_insee":"35019","nom":"Bazouges-la-Pérouse","codes_postaux":["35560"],"code_dep":"35","code_region":"53","population":1877,"surface_km2":57.84,"lat":48.4444,"lon":-1.5638,"fibre_pct":56.9,"vivrescore":40},{"code_insee":"35021","nom":"Beaucé","codes_postaux":["35133"],"code_dep":"35","code_region":"53","population":1256,"surface_km2":8.44,"lat":48.346,"lon":-1.1554,"fibre_pct":97.2,"vivrescore":100},{"code_insee":"35022","nom":"Bécherel","codes_postaux":["35190"],"code_dep":"35","code_region":"53","population":677,"surface_km2":0.55,"lat":48.296,"lon":-1.9423,"fibre_pct":93.2,"vivrescore":80},{"code_insee":"35023","nom":"Bédée","codes_postaux":["35137"],"code_dep":"35","code_region":"53","population":4662,"surface_km2":39.48,"lat":48.185,"lon":-1.9534,"fibre_pct":83.3,"vivrescore":80},{"code_insee":"35024","nom":"Betton","codes_postaux":["35830"],"code_dep":"35","code_region":"53","population":12964,"surface_km2":26.78,"lat":48.1797,"lon":-1.6477,"fibre_pct":95.6,"vivrescore":100},{"code_insee":"35025","nom":"Billé","codes_postaux":["35133"],"code_dep":"35","code_region":"53","population":1010,"surface_km2":17.03,"lat":48.2939,"lon":-1.2524,"fibre_pct":89.3,"vivrescore":80},{"code_insee":"35026","nom":"Bléruais","codes_postaux":["35750"],"code_dep":"35","code_region":"53","population":97,"surface_km2":3.35,"lat":48.1161,"lon":-2.1181,"fibre_pct":100.0,"vivrescore":100},{"code_insee":"35027","nom":"Boisgervilly","codes_postaux":["35360"],"code_dep":"35","code_region":"53","population":1804,"surface_km2":20.1,"lat":48.1669,"lon":-2.0863,"fibre_pct":10.4,"vivrescore":20},{"code_insee":"35028","nom":"Boistrudan","codes_postaux":["35150"],"code_dep":"35","code_region":"53","population":728,"surface_km2":12.92,"lat":47.9776,"lon":-1.4006,"fibre_pct":88.9,"vivrescore":80},{"code_insee":"35029","nom":"Bonnemain","codes_postaux":["35270"],"code_dep":"35","code_region":"53","population":1536,"surface_km2":24.14,"lat":48.4709,"lon":-1.7715,"fibre_pct":99.8,"vivrescore":100},{"code_insee":"35030","nom":"La Bosse-de-Bretagne","codes_postaux":["35320"],"code_dep":"35","code_region":"53","population":696,"surface_km2":10.62,"lat":47.8675,"lon":-1.5847,"fibre_pct":97.2,"vivrescore":100},{"code_insee":"35031","nom":"La Bouëxière","codes_postaux":["35340"],"code_dep":"35","code_region":"53","population":4667,"surface_km2":49.75,"lat":48.1747,"lon":-1.433,"fibre_pct":75.8,"vivrescore":60},{"code_insee":"35032","nom":"Bourgbarré","codes_postaux":["35230"],"code_dep":"35","code_region":"53","population":4804,"surface_km2":14.8,"lat":47.9833,"lon":-1.6236,"fibre_pct":96.6,"vivrescore":100},{"code_insee":"35033","nom":"Bourg-des-Comptes","codes_postaux":["35890"],"code_dep":"35","code_region":"53","population":3411,"surface_km2":23.42,"lat":47.9244,"lon":-1.7182,"fibre_pct":64.5,"vivrescore":60},{"code_insee":"35034","nom":"La Boussac","codes_postaux":["35120"],"code_dep":"35","code_region":"53","population":1271,"surface_km2":21.9,"lat":48.5155,"lon":-1.6509,"fibre_pct":30.7,"vivrescore":20},{"code_insee":"35035","nom":"Bovel","codes_postaux":["35330"],"code_dep":"35","code_region":"53","population":618,"surface_km2":14.68,"lat":47.9532,"lon":-1.9557,"fibre_pct":0.0,"vivrescore":20},{"code_insee":"35037","nom":"Bréal-sous-Montfort","codes_postaux":["35310"],"code_dep":"35","code_region":"53","population":6391,"surface_km2":33.95,"lat":48.0444,"lon":-1.8733,"fibre_pct":90.3,"vivrescore":80},{"code_insee":"35038","nom":"Bréal-sous-Vitré","codes_postaux":["35370"],"code_dep":"35","code_region":"53","population":612,"surface_km2":5.79,"lat":48.0879,"lon":-1.0563,"fibre_pct":95.8,"vivrescore":100},{"code_insee":"35039","nom":"Brécé","codes_postaux":["35530"],"code_dep":"35","code_region":"53","population":2232,"surface_km2":7.24,"lat":48.1091,"lon":-1.4934,"fibre_pct":91.5,"vivrescore":80},{"code_insee":"35040","nom":"Breteil","codes_postaux":["35160"],"code_dep":"35","code_region":"53","population":3675,"surface_km2":14.89,"lat":48.1376,"lon":-1.9133,"fibre_pct":2.8,"vivrescore":20},{"code_insee":"35041","nom":"Brie","codes_postaux":["35150"],"code_dep":"35","code_region":"53","population":988,"surface_km2":13.7,"lat":47.9496,"lon":-1.5534,"fibre_pct":10.0,"vivrescore":20},{"code_insee":"35042","nom":"Brielles","codes_postaux":["35370"],"code_dep":"35","code_region":"53","population":692,"surface_km2":11.62,"lat":48.0087,"lon":-1.0998,"fibre_pct":0.0,"vivrescore":20},{"code_insee":"35044","nom":"Broualan","codes_postaux":["35120"],"code_dep":"35","code_region":"53","population":415,"surface_km2":12.89,"lat":48.4733,"lon":-1.6607,"fibre_pct":100.0,"vivrescore":100},{"code_insee":"35045","nom":"Bruc-sur-Aff","codes_postaux":["35550"],"code_dep":"35","code_region":"53","population":855,"surface_km2":21.23,"lat":47.8166,"lon":-2.0066,"fibre_pct":72.7,"vivrescore":60},{"code_insee":"35046","nom":"Les Brulais","codes_postaux":["35330"],"code_dep":"35","code_region":"53","population":542,"surface_km2":12.03,"lat":47.8897,"lon":-2.0577,"fibre_pct":0.0,"vivrescore":20},{"code_insee":"35047","nom":"Bruz","codes_postaux":["35170"],"code_dep":"35","code_region":"53","population":19683,"surface_km2":29.95,"lat":48.024,"lon":-1.7469,"fibre_pct":97.5,"vivrescore":100},{"code_insee":"35049","nom":"Cancale","codes_postaux":["35260"],"code_dep":"35","code_region":"53","population":5672,"surface_km2":12.57,"lat":48.6895,"lon":-1.8598,"fibre_pct":95.8,"vivrescore":100},{"code_insee":"35050","nom":"Cardroc","codes_postaux":["35190"],"code_dep":"35","code_region":"53","population":589,"surface_km2":7.34,"lat":48.2842,"lon":-1.8943,"fibre_pct":5.9,"vivrescore":20},{"code_insee":"35051","nom":"Cesson-Sévigné","codes_postaux":["35510"],"code_dep":"35","code_region":"53","population":18761,"surface_km2":32.14,"lat":48.1235,"lon":-1.5935,"fibre_pct":93.7,"vivrescore":80},{"code_insee":"35052","nom":"Champeaux","codes_postaux":["35500"],"code_dep":"35","code_region":"53","population":505,"surface_km2":10.38,"lat":48.1361,"lon":-1.3,"fibre_pct":99.6,"vivrescore":100},{"code_insee":"35054","nom":"Chanteloup","codes_postaux":["35150"],"code_dep":"35","code_region":"53","population":1912,"surface_km2":17.98,"lat":47.9559,"lon":-1.6222,"fibre_pct":84.8,"vivrescore":80},{"code_insee":"35055","nom":"Chantepie","codes_postaux":["35135"],"code_dep":"35","code_region":"53","population":10670,"surface_km2":11.96,"lat":48.0831,"lon":-1.6064,"fibre_pct":95.9,"vivrescore":100},{"code_insee":"35056","nom":"La Chapelle-aux-Filtzméens","codes_postaux":["35190"],"code_dep":"35","code_region":"53","population":824,"surface_km2":6.45,"lat":48.3828,"lon":-1.8182,"fibre_pct":89.3,"vivrescore":80},{"code_insee":"35057","nom":"La Chapelle-Bouëxic","codes_postaux":["35330"],"code_dep":"35","code_region":"53","population":1537,"surface_km2":20.71,"lat":47.9348,"lon":-1.9239,"fibre_pct":3.0,"vivrescore":20},{"code_insee":"35058","nom":"La Chapelle-Chaussée","codes_postaux":["35630"],"code_dep":"35","code_region":"53","population":1298,"surface_km2":14.79,"lat":48.2688,"lon":-1.8653,"fibre_pct":96.3,"vivrescore":100},{"code_insee":"35059","nom":"La Chapelle-des-Fougeretz","codes_postaux":["35520"],"code_dep":"35","code_region":"53","population":4738,"surface_km2":8.73,"lat":48.1774,"lon":-1.7374,"fibre_pct":93.6,"vivrescore":80},{"code_insee":"35060","nom":"La Chapelle du Lou du Lac","codes_postaux":["35360"],"code_dep":"35","code_region":"53","population":1050,"surface_km2":10.5,"lat":48.2124,"lon":-1.9932,"fibre_pct":16.3,"vivrescore":20},{"code_insee":"35061","nom":"La Chapelle-Erbrée","codes_postaux":["35500"],"code_dep":"35","code_region":"53","population":717,"surface_km2":11.9,"lat":48.1422,"lon":-1.0963,"fibre_pct":98.3,"vivrescore":100},{"code_insee":"35062","nom":"La Chapelle-Fleurigné","codes_postaux":["35133"],"code_dep":"35","code_region":"53","population":2451,"surface_km2":45.07,"lat":48.3459,"lon":-1.0968,"fibre_pct":62.1,"vivrescore":60},{"code_insee":"35063","nom":"La Chapelle-Saint-Aubert","codes_postaux":["35140"],"code_dep":"35","code_region":"53","population":479,"surface_km2":9.98,"lat":48.3091,"lon":-1.312,"fibre_pct":93.0,"vivrescore":80},{"code_insee":"35064","nom":"La Chapelle-de-Brain","codes_postaux":["35660"],"code_dep":"35","code_region":"53","population":1114,"surface_km2":17.82,"lat":47.6953,"lon":-1.9288,"fibre_pct":93.1,"vivrescore":80},{"code_insee":"35065","nom":"La Chapelle-Thouarault","codes_postaux":["35590"],"code_dep":"35","code_region":"53","population":2304,"surface_km2":7.77,"lat":48.1268,"lon":-1.8569,"fibre_pct":97.8,"vivrescore":100},{"code_insee":"35066","nom":"Chartres-de-Bretagne","codes_postaux":["35131"],"code_dep":"35","code_region":"53","population":8880,"surface_km2":9.97,"lat":48.0451,"lon":-1.7039,"fibre_pct":99.7,"vivrescore":100},{"code_insee":"35067","nom":"Chasné-sur-Illet","codes_postaux":["35250"],"code_dep":"35","code_region":"53","population":1744,"surface_km2":9.65,"lat":48.2331,"lon":-1.5692,"fibre_pct":96.7,"vivrescore":100},{"code_insee":"35068","nom":"Châteaubourg","codes_postaux":["35220"],"code_dep":"35","code_region":"53","population":7533,"surface_km2":28.94,"lat":48.1203,"lon":-1.4034,"fibre_pct":80.7,"vivrescore":80},{"code_insee":"35069","nom":"Châteaugiron","codes_postaux":["35410"],"code_dep":"35","code_region":"53","population":10845,"surface_km2":23.72,"lat":48.0481,"lon":-1.4751,"fibre_pct":60.6,"vivrescore":60},{"code_insee":"35070","nom":"Châteauneuf-d'Ille-et-Vilaine","codes_postaux":["35430"],"code_dep":"35","code_region":"53","population":1664,"surface_km2":1.4,"lat":48.5579,"lon":-1.9287,"fibre_pct":87.0,"vivrescore":80},{"code_insee":"35071","nom":"Le Châtellier","codes_postaux":["35133"],"code_dep":"35","code_region":"53","population":430,"surface_km2":13.5,"lat":48.4251,"lon":-1.2438,"fibre_pct":100.0,"vivrescore":100},{"code_insee":"35072","nom":"Châtillon-en-Vendelais","codes_postaux":["35210"],"code_dep":"35","code_region":"53","population":1775,"surface_km2":32.16,"lat":48.2307,"lon":-1.1669,"fibre_pct":50.9,"vivrescore":40},{"code_insee":"35075","nom":"Chauvigné","codes_postaux":["35490"],"code_dep":"35","code_region":"53","population":810,"surface_km2":17.95,"lat":48.3726,"lon":-1.4472,"fibre_pct":95.3,"vivrescore":100},{"code_insee":"35076","nom":"Chavagne","codes_postaux":["35310"],"code_dep":"35","code_region":"53","population":4709,"surface_km2":12.56,"lat":48.0563,"lon":-1.7879,"fibre_pct":94.4,"vivrescore":80},{"code_insee":"35077","nom":"Chelun","codes_postaux":["35640"],"code_dep":"35","code_region":"53","population":363,"surface_km2":11.5,"lat":47.8546,"lon":-1.2447,"fibre_pct":100.0,"vivrescore":100},{"code_insee":"35078","nom":"Cherrueix","codes_postaux":["35120"],"code_dep":"35","code_region":"53","population":1108,"surface_km2":12.9,"lat":48.591,"lon":-1.7186,"fibre_pct":4.1,"vivrescore":20},{"code_insee":"35079","nom":"Chevaigné","codes_postaux":["35250"],"code_dep":"35","code_region":"53","population":2397,"surface_km2":10.37,"lat":48.2251,"lon":-1.6387,"fibre_pct":97.5,"vivrescore":100},{"code_insee":"35080","nom":"Cintré","codes_postaux":["35310"],"code_dep":"35","code_region":"53","population":2645,"surface_km2":8.53,"lat":48.109,"lon":-1.8837,"fibre_pct":98.4,"vivrescore":100},{"code_insee":"35081","nom":"Clayes","codes_postaux":["35590"],"code_dep":"35","code_region":"53","population":947,"surface_km2":4.33,"lat":48.1782,"lon":-1.8535,"fibre_pct":98.7,"vivrescore":100},{"code_insee":"35082","nom":"Coësmes","codes_postaux":["35134"],"code_dep":"35","code_region":"53","population":1426,"surface_km2":23.77,"lat":47.8703,"lon":-1.4194,"fibre_pct":96.9,"vivrescore":100},{"code_insee":"35084","nom":"Comblessac","codes_postaux":["35330"],"code_dep":"35","code_region":"53","population":671,"surface_km2":17.3,"lat":47.873,"lon":-2.0854,"fibre_pct":0.5,"vivrescore":20},{"code_insee":"35085","nom":"Combourg","codes_postaux":["35270"],"code_dep":"35","code_region":"53","population":6411,"surface_km2":63.95,"lat":48.4111,"lon":-1.7333,"fibre_pct":93.9,"vivrescore":80},{"code_insee":"35086","nom":"Combourtillé","codes_postaux":["35210"],"code_dep":"35","code_region":"53","population":610,"surface_km2":9.21,"lat":48.2665,"lon":-1.2673,"fibre_pct":98.4,"vivrescore":100},{"code_insee":"35087","nom":"Cornillé","codes_postaux":["35500"],"code_dep":"35","code_region":"53","population":961,"surface_km2":12.59,"lat":48.0857,"lon":-1.3095,"fibre_pct":96.7,"vivrescore":100},{"code_insee":"35088","nom":"Corps-Nuds","codes_postaux":["35150"],"code_dep":"35","code_region":"53","population":3567,"surface_km2":22.9,"lat":47.981,"lon":-1.5706,"fibre_pct":99.6,"vivrescore":100},{"code_insee":"35089","nom":"La Couyère","codes_postaux":["35320"],"code_dep":"35","code_region":"53","population":448,"surface_km2":11.89,"lat":47.8924,"lon":-1.5044,"fibre_pct":93.4,"vivrescore":80},{"code_insee":"35090","nom":"Crevin","codes_postaux":["35320"],"code_dep":"35","code_region":"53","population":2819,"surface_km2":8.46,"lat":47.931,"lon":-1.6602,"fibre_pct":81.1,"vivrescore":80},{"code_insee":"35091","nom":"Le Crouais","codes_postaux":["35290"],"code_dep":"35","code_region":"53","population":592,"surface_km2":6.27,"lat":48.2067,"lon":-2.1524,"fibre_pct":85.7,"vivrescore":80},{"code_insee":"35092","nom":"Cuguen","codes_postaux":["35270"],"code_dep":"35","code_region":"53","population":828,"surface_km2":23.85,"lat":48.435,"lon":-1.6581,"fibre_pct":97.3,"vivrescore":100},{"code_insee":"35093","nom":"Dinard","codes_postaux":["35800"],"code_dep":"35","code_region":"53","population":10772,"surface_km2":7.62,"lat":48.629,"lon":-2.0602,"fibre_pct":85.8,"vivrescore":80},{"code_insee":"35094","nom":"Dingé","codes_postaux":["35440"],"code_dep":"35","code_region":"53","population":1705,"surface_km2":53.52,"lat":48.3414,"lon":-1.7011,"fibre_pct":98.1,"vivrescore":100},{"code_insee":"35095","nom":"Dol-de-Bretagne","codes_postaux":["35120"],"code_dep":"35","code_region":"53","population":5829,"surface_km2":15.55,"lat":48.5338,"lon":-1.7467,"fibre_pct":83.9,"vivrescore":80},{"code_insee":"35096","nom":"Domagné","codes_postaux":["35113"],"code_dep":"35","code_region":"53","population":2491,"surface_km2":29.27,"lat":48.0654,"lon":-1.4051,"fibre_pct":87.5,"vivrescore":80},{"code_insee":"35097","nom":"Domalain","codes_postaux":["35680"],"code_dep":"35","code_region":"53","population":2055,"surface_km2":33.53,"lat":47.9975,"lon":-1.2445,"fibre_pct":99.0,"vivrescore":100},{"code_insee":"35098","nom":"La Dominelais","codes_postaux":["35390"],"code_dep":"35","code_region":"53","population":1424,"surface_km2":32.53,"lat":47.758,"lon":-1.6839,"fibre_pct":3.9,"vivrescore":20},{"code_insee":"35099","nom":"Domloup","codes_postaux":["35410"],"code_dep":"35","code_region":"53","population":3877,"surface_km2":18.41,"lat":48.0686,"lon":-1.5437,"fibre_pct":78.5,"vivrescore":60},{"code_insee":"35101","nom":"Dourdain","codes_postaux":["35450"],"code_dep":"35","code_region":"53","population":1237,"surface_km2":13.91,"lat":48.191,"lon":-1.3791,"fibre_pct":89.9,"vivrescore":80},{"code_insee":"35102","nom":"Drouges","codes_postaux":["35130"],"code_dep":"35","code_region":"53","population":502,"surface_km2":11.69,"lat":47.904,"lon":-1.2576,"fibre_pct":100.0,"vivrescore":100},{"code_insee":"35103","nom":"Eancé","codes_postaux":["35640"],"code_dep":"35","code_region":"53","population":429,"surface_km2":16.69,"lat":47.8212,"lon":-1.2483,"fibre_pct":98.3,"vivrescore":100},{"code_insee":"35104","nom":"Epiniac","codes_postaux":["35120"],"code_dep":"35","code_region":"53","population":1438,"surface_km2":24.45,"lat":48.4974,"lon":-1.7047,"fibre_pct":89.7,"vivrescore":80},{"code_insee":"35105","nom":"Erbrée","codes_postaux":["35500"],"code_dep":"35","code_region":"53","population":1703,"surface_km2":35.84,"lat":48.1117,"lon":-1.1084,"fibre_pct":95.4,"vivrescore":100},{"code_insee":"35106","nom":"Ercé-en-Lamée","codes_postaux":["35620"],"code_dep":"35","code_region":"53","population":1566,"surface_km2":39.3,"lat":47.8167,"lon":-1.5636,"fibre_pct":8.5,"vivrescore":20},{"code_insee":"35107","nom":"Ercé-près-Liffré","codes_postaux":["35340"],"code_dep":"35","code_region":"53","population":2034,"surface_km2":15.88,"lat":48.2544,"lon":-1.5187,"fibre_pct":97.9,"vivrescore":100},{"code_insee":"35108","nom":"Essé","codes_postaux":["35150"],"code_dep":"35","code_region":"53","population":1028,"surface_km2":23.41,"lat":47.9512,"lon":-1.4279,"fibre_pct":23.3,"vivrescore":20},{"code_insee":"35109","nom":"Étrelles","codes_postaux":["35370"],"code_dep":"35","code_region":"53","population":2703,"surface_km2":27.91,"lat":48.0699,"lon":-1.2104,"fibre_pct":90.7,"vivrescore":80},{"code_insee":"35110","nom":"Feins","codes_postaux":["35440"],"code_dep":"35","code_region":"53","population":1074,"surface_km2":20.3,"lat":48.3276,"lon":-1.6274,"fibre_pct":83.3,"vivrescore":80},{"code_insee":"35111","nom":"Le Ferré","codes_postaux":["35420"],"code_dep":"35","code_region":"53","population":732,"surface_km2":17.42,"lat":48.4871,"lon":-1.2936,"fibre_pct":95.0,"vivrescore":100},{"code_insee":"35114","nom":"Forges-la-Forêt","codes_postaux":["35640"],"code_dep":"35","code_region":"53","population":268,"surface_km2":6.13,"lat":47.8611,"lon":-1.2917,"fibre_pct":100.0,"vivrescore":100},{"code_insee":"35115","nom":"Fougères","codes_postaux":["35300"],"code_dep":"35","code_region":"53","population":20307,"surface_km2":10.43,"lat":48.3512,"lon":-1.1953,"fibre_pct":96.3,"vivrescore":100},{"code_insee":"35116","nom":"La Fresnais","codes_postaux":["35111"],"code_dep":"35","code_region":"53","population":2509,"surface_km2":14.39,"lat":48.5846,"lon":-1.8383,"fibre_pct":96.6,"vivrescore":100},{"code_insee":"35117","nom":"Gaël","codes_postaux":["35290"],"code_dep":"35","code_region":"53","population":1613,"surface_km2":52.87,"lat":48.1167,"lon":-2.2346,"fibre_pct":99.2,"vivrescore":100},{"code_insee":"35118","nom":"Gahard","codes_postaux":["35490"],"code_dep":"35","code_region":"53","population":1523,"surface_km2":25.12,"lat":48.285,"lon":-1.5246,"fibre_pct":27.0,"vivrescore":20},{"code_insee":"35119","nom":"Gennes-sur-Seiche","codes_postaux":["35370"],"code_dep":"35","code_region":"53","population":938,"surface_km2":18.59,"lat":48.0008,"lon":-1.1274,"fibre_pct":0.4,"vivrescore":20},{"code_insee":"35120","nom":"Gévezé","codes_postaux":["35850"],"code_dep":"35","code_region":"53","population":6061,"surface_km2":27.8,"lat":48.2075,"lon":-1.7918,"fibre_pct":92.2,"vivrescore":80},{"code_insee":"35121","nom":"Gosné","codes_postaux":["35140"],"code_dep":"35","code_region":"53","population":2145,"surface_km2":18.41,"lat":48.2492,"lon":-1.4606,"fibre_pct":79.3,"vivrescore":60},{"code_insee":"35122","nom":"La Gouesnière","codes_postaux":["35350"],"code_dep":"35","code_region":"53","population":2021,"surface_km2":8.83,"lat":48.603,"lon":-1.8901,"fibre_pct":99.3,"vivrescore":100},{"code_insee":"35123","nom":"Goven","codes_postaux":["35580"],"code_dep":"35","code_region":"53","population":4359,"surface_km2":40.07,"lat":48.0143,"lon":-1.8414,"fibre_pct":90.6,"vivrescore":80},{"code_insee":"35124","nom":"Grand-Fougeray","codes_postaux":["35390"],"code_dep":"35","code_region":"53","population":2584,"surface_km2":55.3,"lat":47.7381,"lon":-1.7155,"fibre_pct":20.9,"vivrescore":20},{"code_insee":"35125","nom":"La Guerche-de-Bretagne","codes_postaux":["35130"],"code_dep":"35","code_region":"53","population":4554,"surface_km2":11.68,"lat":47.9448,"lon":-1.2396,"fibre_pct":76.4,"vivrescore":60},{"code_insee":"35126","nom":"Guichen","codes_postaux":["35580"],"code_dep":"35","code_region":"53","population":9412,"surface_km2":43.02,"lat":47.9623,"lon":-1.7969,"fibre_pct":88.9,"vivrescore":80},{"code_insee":"35127","nom":"Guignen","codes_postaux":["35580"],"code_dep":"35","code_region":"53","population":4175,"surface_km2":53.16,"lat":47.9276,"lon":-1.8558,"fibre_pct":25.2,"vivrescore":20},{"code_insee":"35128","nom":"Guipel","codes_postaux":["35440"],"code_dep":"35","code_region":"53","population":1738,"surface_km2":25.49,"lat":48.2942,"lon":-1.7244,"fibre_pct":92.4,"vivrescore":80},{"code_insee":"35130","nom":"Hédé-Bazouges","codes_postaux":["35630"],"code_dep":"35","code_region":"53","population":2267,"surface_km2":14.76,"lat":48.3009,"lon":-1.7777,"fibre_pct":82.2,"vivrescore":80},{"code_insee":"35131","nom":"L'Hermitage","codes_postaux":["35590"],"code_dep":"35","code_region":"53","population":4730,"surface_km2":6.94,"lat":48.1226,"lon":-1.8153,"fibre_pct":96.2,"vivrescore":100},{"code_insee":"35132","nom":"Hirel","codes_postaux":["35120"],"code_dep":"35","code_region":"53","population":1382,"surface_km2":9.89,"lat":48.5935,"lon":-1.8143,"fibre_pct":99.1,"vivrescore":100},{"code_insee":"35133","nom":"Iffendic","codes_postaux":["35750"],"code_dep":"35","code_region":"53","population":4609,"surface_km2":74.81,"lat":48.1204,"lon":-2.0448,"fibre_pct":76.8,"vivrescore":60},{"code_insee":"35134","nom":"Les Iffs","codes_postaux":["35630"],"code_dep":"35","code_region":"53","population":274,"surface_km2":4.51,"lat":48.2953,"lon":-1.8652,"fibre_pct":0.6,"vivrescore":20},{"code_insee":"35135","nom":"Irodouër","codes_postaux":["35850"],"code_dep":"35","code_region":"53","population":2300,"surface_km2":23.59,"lat":48.2433,"lon":-1.9497,"fibre_pct":81.3,"vivrescore":80},{"code_insee":"35136","nom":"Janzé","codes_postaux":["35150"],"code_dep":"35","code_region":"53","population":8649,"surface_km2":41.64,"lat":47.9439,"lon":-1.4979,"fibre_pct":27.2,"vivrescore":20},{"code_insee":"35137","nom":"Javené","codes_postaux":["35133"],"code_dep":"35","code_region":"53","population":2205,"surface_km2":18.5,"lat":48.3187,"lon":-1.2116,"fibre_pct":95.5,"vivrescore":100},{"code_insee":"35138","nom":"Laignelet","codes_postaux":["35133"],"code_dep":"35","code_region":"53","population":1234,"surface_km2":15.05,"lat":48.3771,"lon":-1.1516,"fibre_pct":1.4,"vivrescore":20},{"code_insee":"35139","nom":"Laillé","codes_postaux":["35890"],"code_dep":"35","code_region":"53","population":5225,"surface_km2":32.02,"lat":47.9731,"lon":-1.7101,"fibre_pct":98.9,"vivrescore":100},{"code_insee":"35140","nom":"Lalleu","codes_postaux":["35320"],"code_dep":"35","code_region":"53","population":593,"surface_km2":15.4,"lat":47.854,"lon":-1.5185,"fibre_pct":2.5,"vivrescore":20},{"code_insee":"35141","nom":"Landavran","codes_postaux":["35450"],"code_dep":"35","code_region":"53","population":674,"surface_km2":5.21,"lat":48.163,"lon":-1.2862,"fibre_pct":87.7,"vivrescore":80},{"code_insee":"35142","nom":"Landéan","codes_postaux":["35133"],"code_dep":"35","code_region":"53","population":1250,"surface_km2":28.26,"lat":48.4165,"lon":-1.1393,"fibre_pct":88.8,"vivrescore":80},{"code_insee":"35143","nom":"Landujan","codes_postaux":["35360"],"code_dep":"35","code_region":"53","population":941,"surface_km2":14.52,"lat":48.2464,"lon":-2.0057,"fibre_pct":38.4,"vivrescore":20},{"code_insee":"35144","nom":"Langan","codes_postaux":["35850"],"code_dep":"35","code_region":"53","population":1106,"surface_km2":7.79,"lat":48.237,"lon":-1.8481,"fibre_pct":94.9,"vivrescore":80},{"code_insee":"35145","nom":"Langon","codes_postaux":["35660"],"code_dep":"35","code_region":"53","population":1423,"surface_km2":36.54,"lat":47.7321,"lon":-1.8699,"fibre_pct":99.1,"vivrescore":100},{"code_insee":"35146","nom":"Langouet","codes_postaux":["35630"],"code_dep":"35","code_region":"53","population":604,"surface_km2":7.12,"lat":48.2561,"lon":-1.8133,"fibre_pct":87.1,"vivrescore":80},{"code_insee":"35148","nom":"Lanrigan","codes_postaux":["35270"],"code_dep":"35","code_region":"53","population":136,"surface_km2":4.06,"lat":48.3908,"lon":-1.6926,"fibre_pct":89.4,"vivrescore":80},{"code_insee":"35149","nom":"Lassy","codes_postaux":["35580"],"code_dep":"35","code_region":"53","population":1841,"surface_km2":9.85,"lat":47.971,"lon":-1.8653,"fibre_pct":90.5,"vivrescore":80},{"code_insee":"35150","nom":"Lécousse","codes_postaux":["35133"],"code_dep":"35","code_region":"53","population":3530,"surface_km2":11.11,"lat":48.3584,"lon":-1.2183,"fibre_pct":96.2,"vivrescore":100},{"code_insee":"35151","nom":"Lieuron","codes_postaux":["35550"],"code_dep":"35","code_region":"53","population":811,"surface_km2":16.89,"lat":47.8523,"lon":-1.9369,"fibre_pct":14.1,"vivrescore":20},{"code_insee":"35152","nom":"Liffré","codes_postaux":["35340"],"code_dep":"35","code_region":"53","population":9339,"surface_km2":66.66,"lat":48.2025,"lon":-1.5064,"fibre_pct":80.2,"vivrescore":80},{"code_insee":"35153","nom":"Lillemer","codes_postaux":["35111"],"code_dep":"35","code_region":"53","population":398,"surface_km2":3.79,"lat":48.5703,"lon":-1.8538,"fibre_pct":100.0,"vivrescore":100},{"code_insee":"35154","nom":"Livré-sur-Changeon","codes_postaux":["35450"],"code_dep":"35","code_region":"53","population":1758,"surface_km2":26.76,"lat":48.2264,"lon":-1.3422,"fibre_pct":85.1,"vivrescore":80},{"code_insee":"35155","nom":"Lohéac","codes_postaux":["35550"],"code_dep":"35","code_region":"53","population":702,"surface_km2":5.26,"lat":47.8719,"lon":-1.8876,"fibre_pct":11.1,"vivrescore":20},{"code_insee":"35156","nom":"Longaulnay","codes_postaux":["35190"],"code_dep":"35","code_region":"53","population":592,"surface_km2":7.63,"lat":48.3074,"lon":-1.9416,"fibre_pct":8.0,"vivrescore":20},{"code_insee":"35157","nom":"Le Loroux","codes_postaux":["35133"],"code_dep":"35","code_region":"53","population":621,"surface_km2":11.42,"lat":48.398,"lon":-1.0811,"fibre_pct":0.5,"vivrescore":20},{"code_insee":"35159","nom":"Lourmais","codes_postaux":["35270"],"code_dep":"35","code_region":"53","population":340,"surface_km2":7.25,"lat":48.4397,"lon":-1.734,"fibre_pct":98.1,"vivrescore":100},{"code_insee":"35160","nom":"Loutehel","codes_postaux":["35330"],"code_dep":"35","code_region":"53","population":243,"surface_km2":7.29,"lat":47.9366,"lon":-2.0796,"fibre_pct":0.0,"vivrescore":20},{"code_insee":"35161","nom":"Louvigné-de-Bais","codes_postaux":["35680"],"code_dep":"35","code_region":"53","population":1890,"surface_km2":15.72,"lat":48.0531,"lon":-1.3398,"fibre_pct":81.5,"vivrescore":80},{"code_insee":"35162","nom":"Louvigné-du-Désert","codes_postaux":["35420"],"code_dep":"35","code_region":"53","population":3346,"surface_km2":42.24,"lat":48.4859,"lon":-1.1251,"fibre_pct":96.0,"vivrescore":100},{"code_insee":"35163","nom":"Luitré-Dompierre","codes_postaux":["35133","35210"],"code_dep":"35","code_region":"53","population":1868,"surface_km2":39.12,"lat":48.2823,"lon":-1.1301,"fibre_pct":93.7,"vivrescore":80},{"code_insee":"35164","nom":"Marcillé-Raoul","codes_postaux":["35560"],"code_dep":"35","code_region":"53","population":749,"surface_km2":22.37,"lat":48.3756,"lon":-1.6161,"fibre_pct":0.0,"vivrescore":20},{"code_insee":"35165","nom":"Marcillé-Robert","codes_postaux":["35240"],"code_dep":"35","code_region":"53","population":1017,"surface_km2":20.61,"lat":47.9594,"lon":-1.3552,"fibre_pct":82.3,"vivrescore":80},{"code_insee":"35166","nom":"Marpiré","codes_postaux":["35220"],"code_dep":"35","code_region":"53","population":1023,"surface_km2":11.3,"lat":48.1467,"lon":-1.3541,"fibre_pct":98.6,"vivrescore":100},{"code_insee":"35167","nom":"Martigné-Ferchaud","codes_postaux":["35640"],"code_dep":"35","code_region":"53","population":2688,"surface_km2":74.89,"lat":47.828,"lon":-1.323,"fibre_pct":99.0,"vivrescore":100},{"code_insee":"35168","nom":"Val d'Anast","codes_postaux":["35330"],"code_dep":"35","code_region":"53","population":3930,"surface_km2":76.53,"lat":47.8981,"lon":-1.9931,"fibre_pct":11.9,"vivrescore":20},{"code_insee":"35169","nom":"Maxent","codes_postaux":["35380"],"code_dep":"35","code_region":"53","population":1450,"surface_km2":40.1,"lat":47.9811,"lon":-2.0284,"fibre_pct":28.6,"vivrescore":20},{"code_insee":"35170","nom":"Mecé","codes_postaux":["35450"],"code_dep":"35","code_region":"53","population":618,"surface_km2":16.2,"lat":48.2369,"lon":-1.2908,"fibre_pct":2.1,"vivrescore":20},{"code_insee":"35171","nom":"Médréac","codes_postaux":["35360"],"code_dep":"35","code_region":"53","population":1853,"surface_km2":35.35,"lat":48.2613,"lon":-2.0632,"fibre_pct":15.6,"vivrescore":20},{"code_insee":"35172","nom":"Meillac","codes_postaux":["35270"],"code_dep":"35","code_region":"53","population":1974,"surface_km2":32.59,"lat":48.4285,"lon":-1.8268,"fibre_pct":87.7,"vivrescore":80},{"code_insee":"35173","nom":"Melesse","codes_postaux":["35520"],"code_dep":"35","code_region":"53","population":7541,"surface_km2":32.51,"lat":48.2192,"lon":-1.6887,"fibre_pct":85.0,"vivrescore":80},{"code_insee":"35174","nom":"Mellé","codes_postaux":["35420"],"code_dep":"35","code_region":"53","population":651,"surface_km2":15.82,"lat":48.4844,"lon":-1.1912,"fibre_pct":98.0,"vivrescore":100},{"code_insee":"35175","nom":"Mernel","codes_postaux":["35330"],"code_dep":"35","code_region":"53","population":1021,"surface_km2":16.77,"lat":47.8993,"lon":-1.9494,"fibre_pct":71.0,"vivrescore":60},{"code_insee":"35176","nom":"Guipry-Messac","codes_postaux":["35480"],"code_dep":"35","code_region":"53","population":7354,"surface_km2":92.27,"lat":47.8257,"lon":-1.8318,"fibre_pct":90.4,"vivrescore":80},{"code_insee":"35177","nom":"La Mézière","codes_postaux":["35520"],"code_dep":"35","code_region":"53","population":5033,"surface_km2":16.42,"lat":48.2135,"lon":-1.7504,"fibre_pct":88.9,"vivrescore":80},{"code_insee":"35178","nom":"Mézières-sur-Couesnon","codes_postaux":["35140"],"code_dep":"35","code_region":"53","population":1734,"surface_km2":25.21,"lat":48.2974,"lon":-1.4368,"fibre_pct":0.5,"vivrescore":20},{"code_insee":"35179","nom":"Miniac-Morvan","codes_postaux":["35540"],"code_dep":"35","code_region":"53","population":4408,"surface_km2":31.63,"lat":48.5215,"lon":-1.896,"fibre_pct":86.5,"vivrescore":80},{"code_insee":"35180","nom":"Miniac-sous-Bécherel","codes_postaux":["35190"],"code_dep":"35","code_region":"53","population":776,"surface_km2":13.58,"lat":48.2789,"lon":-1.9301,"fibre_pct":75.8,"vivrescore":60},{"code_insee":"35181","nom":"Le Minihic-sur-Rance","codes_postaux":["35870"],"code_dep":"35","code_region":"53","population":1524,"surface_km2":3.87,"lat":48.5737,"lon":-2.011,"fibre_pct":0.1,"vivrescore":20},{"code_insee":"35183","nom":"Mondevert","codes_postaux":["35370"],"code_dep":"35","code_region":"53","population":804,"surface_km2":5.08,"lat":48.0863,"lon":-1.093,"fibre_pct":92.0,"vivrescore":80},{"code_insee":"35184","nom":"Montauban-de-Bretagne","codes_postaux":["35360"],"code_dep":"35","code_region":"53","population":6597,"surface_km2":46.08,"lat":48.2075,"lon":-2.0618,"fibre_pct":56.6,"vivrescore":40},{"code_insee":"35185","nom":"Montautour","codes_postaux":["35210"],"code_dep":"35","code_region":"53","population":269,"surface_km2":6.92,"lat":48.206,"lon":-1.1218,"fibre_pct":100.0,"vivrescore":100},{"code_insee":"35186","nom":"Mont-Dol","codes_postaux":["35120"],"code_dep":"35","code_region":"53","population":1101,"surface_km2":26.39,"lat":48.5713,"lon":-1.7578,"fibre_pct":40.8,"vivrescore":40},{"code_insee":"35187","nom":"Monterfil","codes_postaux":["35160"],"code_dep":"35","code_region":"53","population":1366,"surface_km2":17.3,"lat":48.0623,"lon":-1.99,"fibre_pct":0.1,"vivrescore":20},{"code_insee":"35188","nom":"Montfort-sur-Meu","codes_postaux":["35160"],"code_dep":"35","code_region":"53","population":6810,"surface_km2":14.05,"lat":48.1273,"lon":-1.9582,"fibre_pct":93.7,"vivrescore":80},{"code_insee":"35189","nom":"Montgermont","codes_postaux":["35760"],"code_dep":"35","code_region":"53","population":3827,"surface_km2":4.68,"lat":48.1547,"lon":-1.7167,"fibre_pct":98.3,"vivrescore":100},{"code_insee":"35190","nom":"Monthault","codes_postaux":["35420"],"code_dep":"35","code_region":"53","population":248,"surface_km2":8.35,"lat":48.5104,"lon":-1.1771,"fibre_pct":100.0,"vivrescore":100},{"code_insee":"35191","nom":"Les Portes du Coglais","codes_postaux":["35460"],"code_dep":"35","code_region":"53","population":2208,"surface_km2":41.16,"lat":48.4523,"lon":-1.3403,"fibre_pct":96.2,"vivrescore":100},{"code_insee":"35192","nom":"Montreuil-des-Landes","codes_postaux":["35210"],"code_dep":"35","code_region":"53","population":237,"surface_km2":9.41,"lat":48.2526,"lon":-1.225,"fibre_pct":94.9,"vivrescore":80},{"code_insee":"35193","nom":"Montreuil-le-Gast","codes_postaux":["35520"],"code_dep":"35","code_region":"53","population":2080,"surface_km2":9.22,"lat":48.2414,"lon":-1.7173,"fibre_pct":0.4,"vivrescore":20},{"code_insee":"35194","nom":"Montreuil-sous-Pérouse","codes_postaux":["35500"],"code_dep":"35","code_region":"53","population":1043,"surface_km2":16.13,"lat":48.1537,"lon":-1.2381,"fibre_pct":90.0,"vivrescore":80},{"code_insee":"35195","nom":"Montreuil-sur-Ille","codes_postaux":["35440"],"code_dep":"35","code_region":"53","population":2420,"surface_km2":15.27,"lat":48.3053,"lon":-1.668,"fibre_pct":79.9,"vivrescore":60},{"code_insee":"35196","nom":"Mordelles","codes_postaux":["35310"],"code_dep":"35","code_region":"53","population":7911,"surface_km2":30.15,"lat":48.0853,"lon":-1.8515,"fibre_pct":98.1,"vivrescore":100},{"code_insee":"35197","nom":"Mouazé","codes_postaux":["35250"],"code_dep":"35","code_region":"53","population":1712,"surface_km2":8.34,"lat":48.2191,"lon":-1.6085,"fibre_pct":90.0,"vivrescore":80},{"code_insee":"35198","nom":"Moulins","codes_postaux":["35680"],"code_dep":"35","code_region":"53","population":724,"surface_km2":15.38,"lat":48.0079,"lon":-1.3667,"fibre_pct":13.1,"vivrescore":20},{"code_insee":"35199","nom":"Moussé","codes_postaux":["35130"],"code_dep":"35","code_region":"53","population":293,"surface_km2":3.45,"lat":47.9169,"lon":-1.2773,"fibre_pct":99.3,"vivrescore":100},{"code_insee":"35200","nom":"Moutiers","codes_postaux":["35130"],"code_dep":"35","code_region":"53","population":896,"surface_km2":17.9,"lat":47.976,"lon":-1.2055,"fibre_pct":83.6,"vivrescore":80},{"code_insee":"35201","nom":"Muel","codes_postaux":["35290"],"code_dep":"35","code_region":"53","population":927,"surface_km2":29.27,"lat":48.116,"lon":-2.1575,"fibre_pct":97.1,"vivrescore":100},{"code_insee":"35202","nom":"La Noë-Blanche","codes_postaux":["35470"],"code_dep":"35","code_region":"53","population":1002,"surface_km2":23.09,"lat":47.7988,"lon":-1.7442,"fibre_pct":89.8,"vivrescore":80},{"code_insee":"35203","nom":"La Nouaye","codes_postaux":["35137"],"code_dep":"35","code_region":"53","population":362,"surface_km2":2.72,"lat":48.1663,"lon":-1.9756,"fibre_pct":87.4,"vivrescore":80},{"code_insee":"35204","nom":"Nouvoitou","codes_postaux":["35410"],"code_dep":"35","code_region":"53","population":3911,"surface_km2":19.4,"lat":48.0292,"lon":-1.5504,"fibre_pct":99.0,"vivrescore":100},{"code_insee":"35205","nom":"Noyal-sous-Bazouges","codes_postaux":["35560"],"code_dep":"35","code_region":"53","population":392,"surface_km2":15.02,"lat":48.4191,"lon":-1.6207,"fibre_pct":3.9,"vivrescore":20},{"code_insee":"35206","nom":"Noyal-Châtillon-sur-Seiche","codes_postaux":["35230"],"code_dep":"35","code_region":"53","population":8359,"surface_km2":26.45,"lat":48.053,"lon":-1.661,"fibre_pct":99.8,"vivrescore":100},{"code_insee":"35207","nom":"Noyal-sur-Vilaine","codes_postaux":["35530"],"code_dep":"35","code_region":"53","population":6269,"surface_km2":31.22,"lat":48.0949,"lon":-1.5026,"fibre_pct":76.9,"vivrescore":60},{"code_insee":"35208","nom":"Orgères","codes_postaux":["35230"],"code_dep":"35","code_region":"53","population":5732,"surface_km2":16.78,"lat":47.9861,"lon":-1.6625,"fibre_pct":98.8,"vivrescore":100},{"code_insee":"35210","nom":"Pacé","codes_postaux":["35740"],"code_dep":"35","code_region":"53","population":11703,"surface_km2":34.94,"lat":48.1535,"lon":-1.7744,"fibre_pct":97.2,"vivrescore":100},{"code_insee":"35211","nom":"Paimpont","codes_postaux":["35380"],"code_dep":"35","code_region":"53","population":1772,"surface_km2":110.32,"lat":48.0327,"lon":-2.1793,"fibre_pct":36.0,"vivrescore":20},{"code_insee":"35212","nom":"Pancé","codes_postaux":["35320"],"code_dep":"35","code_region":"53","population":1159,"surface_km2":19.77,"lat":47.889,"lon":-1.643,"fibre_pct":92.5,"vivrescore":80},{"code_insee":"35214","nom":"Parcé","codes_postaux":["35210"],"code_dep":"35","code_region":"53","population":657,"surface_km2":17.19,"lat":48.2727,"lon":-1.1946,"fibre_pct":96.3,"vivrescore":100},{"code_insee":"35215","nom":"Parigné","codes_postaux":["35133"],"code_dep":"35","code_region":"53","population":1286,"surface_km2":20.18,"lat":48.4205,"lon":-1.1999,"fibre_pct":95.7,"vivrescore":100},{"code_insee":"35216","nom":"Parthenay-de-Bretagne","codes_postaux":["35850"],"code_dep":"35","code_region":"53","population":1793,"surface_km2":4.87,"lat":48.1882,"lon":-1.829,"fibre_pct":98.5,"vivrescore":100},{"code_insee":"35217","nom":"Le Pertre","codes_postaux":["35370"],"code_dep":"35","code_region":"53","population":1363,"surface_km2":43.6,"lat":48.0342,"lon":-1.0573,"fibre_pct":1.7,"vivrescore":20},{"code_insee":"35218","nom":"Le Petit-Fougeray","codes_postaux":["35320"],"code_dep":"35","code_region":"53","population":901,"surface_km2":9.09,"lat":47.9285,"lon":-1.6135,"fibre_pct":99.8,"vivrescore":100},{"code_insee":"35219","nom":"Pipriac","codes_postaux":["35550"],"code_dep":"35","code_region":"53","population":3859,"surface_km2":49.31,"lat":47.8147,"lon":-1.9416,"fibre_pct":44.8,"vivrescore":40},{"code_insee":"35220","nom":"Piré-Chancé","codes_postaux":["35150","35680"],"code_dep":"35","code_region":"53","population":3224,"surface_km2":41.87,"lat":48.0146,"lon":-1.406,"fibre_pct":10.8,"vivrescore":20},{"code_insee":"35221","nom":"Pléchâtel","codes_postaux":["35470"],"code_dep":"35","code_region":"53","population":2833,"surface_km2":36.23,"lat":47.8759,"lon":-1.7224,"fibre_pct":44.3,"vivrescore":40},{"code_insee":"35222","nom":"Pleine-Fougères","codes_postaux":["35610"],"code_dep":"35","code_region":"53","population":2002,"surface_km2":32.58,"lat":48.5317,"lon":-1.5722,"fibre_pct":95.6,"vivrescore":100},{"code_insee":"35223","nom":"Plélan-le-Grand","codes_postaux":["35380"],"code_dep":"35","code_region":"53","population":4076,"surface_km2":50.09,"lat":47.9987,"lon":-2.0765,"fibre_pct":14.2,"vivrescore":20},{"code_insee":"35224","nom":"Plerguer","codes_postaux":["35540"],"code_dep":"35","code_region":"53","population":2895,"surface_km2":20.27,"lat":48.534,"lon":-1.8478,"fibre_pct":95.5,"vivrescore":100},{"code_insee":"35225","nom":"Plesder","codes_postaux":["35720"],"code_dep":"35","code_region":"53","population":790,"surface_km2":11.23,"lat":48.4162,"lon":-1.9328,"fibre_pct":90.3,"vivrescore":80},{"code_insee":"35226","nom":"Pleugueneuc","codes_postaux":["35720"],"code_dep":"35","code_region":"53","population":2087,"surface_km2":24.8,"lat":48.4054,"lon":-1.8851,"fibre_pct":89.5,"vivrescore":80},{"code_insee":"35227","nom":"Pleumeleuc","codes_postaux":["35137"],"code_dep":"35","code_region":"53","population":3543,"surface_km2":19.69,"lat":48.1793,"lon":-1.8889,"fibre_pct":88.6,"vivrescore":80},{"code_insee":"35228","nom":"Pleurtuit","codes_postaux":["35730"],"code_dep":"35","code_region":"53","population":7167,"surface_km2":28.85,"lat":48.5791,"lon":-2.0696,"fibre_pct":10.7,"vivrescore":20},{"code_insee":"35229","nom":"Pocé-les-Bois","codes_postaux":["35500"],"code_dep":"35","code_region":"53","population":1312,"surface_km2":14.93,"lat":48.113,"lon":-1.2612,"fibre_pct":86.3,"vivrescore":80},{"code_insee":"35230","nom":"Poilley","codes_postaux":["35420"],"code_dep":"35","code_region":"53","population":394,"surface_km2":10.85,"lat":48.4664,"lon":-1.2546,"fibre_pct":98.1,"vivrescore":100},{"code_insee":"35231","nom":"Poligné","codes_postaux":["35320"],"code_dep":"35","code_region":"53","population":1261,"surface_km2":9.52,"lat":47.9001,"lon":-1.6853,"fibre_pct":84.5,"vivrescore":80},{"code_insee":"35232","nom":"Princé","codes_postaux":["35210"],"code_dep":"35","code_region":"53","population":400,"surface_km2":12.33,"lat":48.2393,"lon":-1.1028,"fibre_pct":98.0,"vivrescore":100},{"code_insee":"35233","nom":"Québriac","codes_postaux":["35190"],"code_dep":"35","code_region":"53","population":1588,"surface_km2":20.85,"lat":48.3579,"lon":-1.8106,"fibre_pct":98.5,"vivrescore":100},{"code_insee":"35234","nom":"Quédillac","codes_postaux":["35290"],"code_dep":"35","code_region":"53","population":1287,"surface_km2":26.84,"lat":48.2386,"lon":-2.1422,"fibre_pct":96.0,"vivrescore":100},{"code_insee":"35235","nom":"Rannée","codes_postaux":["35130"],"code_dep":"35","code_region":"53","population":1100,"surface_km2":52.48,"lat":47.9063,"lon":-1.233,"fibre_pct":91.1,"vivrescore":80},{"code_insee":"35236","nom":"Redon","codes_postaux":["35600"],"code_dep":"35","code_region":"53","population":9542,"surface_km2":15.3,"lat":47.6557,"lon":-2.0787,"fibre_pct":92.5,"vivrescore":80},{"code_insee":"35237","nom":"Renac","codes_postaux":["35660"],"code_dep":"35","code_region":"53","population":1027,"surface_km2":26.2,"lat":47.722,"lon":-1.9769,"fibre_pct":95.7,"vivrescore":100},{"code_insee":"35238","nom":"Rennes","codes_postaux":["35000","35200","35700"],"code_dep":"35","code_region":"53","population":230890,"surface_km2":50.33,"lat":48.1159,"lon":-1.6884,"fibre_pct":96.4,"vivrescore":100},{"code_insee":"35239","nom":"Retiers","codes_postaux":["35240"],"code_dep":"35","code_region":"53","population":4566,"surface_km2":42.11,"lat":47.9093,"lon":-1.3512,"fibre_pct":83.6,"vivrescore":80},{"code_insee":"35240","nom":"Le Rheu","codes_postaux":["35650"],"code_dep":"35","code_region":"53","population":9839,"surface_km2":19.15,"lat":48.0971,"lon":-1.7882,"fibre_pct":94.4,"vivrescore":80},{"code_insee":"35241","nom":"La Richardais","codes_postaux":["35780"],"code_dep":"35","code_region":"53","population":2664,"surface_km2":3.16,"lat":48.61,"lon":-2.043,"fibre_pct":57.2,"vivrescore":40},{"code_insee":"35242","nom":"Rimou","codes_postaux":["35560"],"code_dep":"35","code_region":"53","population":357,"surface_km2":13.46,"lat":48.3869,"lon":-1.5305,"fibre_pct":87.4,"vivrescore":80},{"code_insee":"35243","nom":"Romagné","codes_postaux":["35133"],"code_dep":"35","code_region":"53","population":2438,"surface_km2":26.96,"lat":48.3446,"lon":-1.259,"fibre_pct":84.6,"vivrescore":80},{"code_insee":"35244","nom":"Romazy","codes_postaux":["35490"],"code_dep":"35","code_region":"53","population":277,"surface_km2":7.23,"lat":48.3834,"lon":-1.4926,"fibre_pct":94.1,"vivrescore":80},{"code_insee":"35245","nom":"Romillé","codes_postaux":["35850"],"code_dep":"35","code_region":"53","population":4189,"surface_km2":28.97,"lat":48.2272,"lon":-1.874,"fibre_pct":95.0,"vivrescore":100},{"code_insee":"35246","nom":"Roz-Landrieux","codes_postaux":["35120"],"code_dep":"35","code_region":"53","population":1378,"surface_km2":18.06,"lat":48.5472,"lon":-1.8203,"fibre_pct":25.8,"vivrescore":20},{"code_insee":"35247","nom":"Roz-sur-Couesnon","codes_postaux":["35610"],"code_dep":"35","code_region":"53","population":1059,"surface_km2":26.01,"lat":48.5926,"lon":-1.596,"fibre_pct":38.6,"vivrescore":20},{"code_insee":"35248","nom":"Sains","codes_postaux":["35610"],"code_dep":"35","code_region":"53","population":468,"surface_km2":10.44,"lat":48.5557,"lon":-1.5968,"fibre_pct":97.6,"vivrescore":100},{"code_insee":"35249","nom":"Sainte-Anne-sur-Vilaine","codes_postaux":["35390"],"code_dep":"35","code_region":"53","population":1035,"surface_km2":28.75,"lat":47.7363,"lon":-1.8081,"fibre_pct":93.7,"vivrescore":80},{"code_insee":"35250","nom":"Saint-Armel","codes_postaux":["35230"],"code_dep":"35","code_region":"53","population":2433,"surface_km2":7.89,"lat":48.0138,"lon":-1.5765,"fibre_pct":99.8,"vivrescore":100},{"code_insee":"35251","nom":"Saint-Aubin-d'Aubigné","codes_postaux":["35250"],"code_dep":"35","code_region":"53","population":4304,"surface_km2":23.36,"lat":48.2618,"lon":-1.6002,"fibre_pct":84.7,"vivrescore":80},{"code_insee":"35252","nom":"Saint-Aubin-des-Landes","codes_postaux":["35500"],"code_dep":"35","code_region":"53","population":917,"surface_km2":10.34,"lat":48.099,"lon":-1.2936,"fibre_pct":90.5,"vivrescore":80},{"code_insee":"35253","nom":"Saint-Aubin-du-Cormier","codes_postaux":["35140"],"code_dep":"35","code_region":"53","population":4203,"surface_km2":27.55,"lat":48.2559,"lon":-1.4239,"fibre_pct":83.0,"vivrescore":80},{"code_insee":"35255","nom":"Saint-Benoît-des-Ondes","codes_postaux":["35114"],"code_dep":"35","code_region":"53","population":975,"surface_km2":2.97,"lat":48.6135,"lon":-1.86,"fibre_pct":99.1,"vivrescore":100},{"code_insee":"35256","nom":"Saint-Briac-sur-Mer","codes_postaux":["35800"],"code_dep":"35","code_region":"53","population":2258,"surface_km2":8.14,"lat":48.6172,"lon":-2.13,"fibre_pct":2.6,"vivrescore":20},{"code_insee":"35257","nom":"Maen Roch","codes_postaux":["35460"],"code_dep":"35","code_region":"53","population":5088,"surface_km2":39.5,"lat":48.3975,"lon":-1.3484,"fibre_pct":96.2,"vivrescore":100},{"code_insee":"35258","nom":"Saint-Brieuc-des-Iffs","codes_postaux":["35630"],"code_dep":"35","code_region":"53","population":330,"surface_km2":8.23,"lat":48.3033,"lon":-1.8446,"fibre_pct":53.0,"vivrescore":40},{"code_insee":"35259","nom":"Saint-Broladre","codes_postaux":["35120"],"code_dep":"35","code_region":"53","population":1153,"surface_km2":24.13,"lat":48.5786,"lon":-1.6641,"fibre_pct":92.2,"vivrescore":80},{"code_insee":"35260","nom":"Saint-Christophe-des-Bois","codes_postaux":["35210"],"code_dep":"35","code_region":"53","population":566,"surface_km2":9.27,"lat":48.227,"lon":-1.2365,"fibre_pct":11.6,"vivrescore":20},{"code_insee":"35261","nom":"Saint-Christophe-de-Valains","codes_postaux":["35140"],"code_dep":"35","code_region":"53","population":231,"surface_km2":3.29,"lat":48.3414,"lon":-1.4491,"fibre_pct":93.3,"vivrescore":80},{"code_insee":"35262","nom":"Sainte-Colombe","codes_postaux":["35134"],"code_dep":"35","code_region":"53","population":368,"surface_km2":7.75,"lat":47.8961,"lon":-1.4581,"fibre_pct":100.0,"vivrescore":100},{"code_insee":"35263","nom":"Saint-Coulomb","codes_postaux":["35350"],"code_dep":"35","code_region":"53","population":2969,"surface_km2":18.02,"lat":48.6807,"lon":-1.9236,"fibre_pct":95.5,"vivrescore":100},{"code_insee":"35264","nom":"Saint-Didier","codes_postaux":["35220"],"code_dep":"35","code_region":"53","population":2022,"surface_km2":14.19,"lat":48.0913,"lon":-1.3606,"fibre_pct":92.0,"vivrescore":80},{"code_insee":"35265","nom":"Saint-Domineuc","codes_postaux":["35190"],"code_dep":"35","code_region":"53","population":2619,"surface_km2":15.75,"lat":48.3611,"lon":-1.8695,"fibre_pct":84.4,"vivrescore":80},{"code_insee":"35266","nom":"Saint-Erblon","codes_postaux":["35230"],"code_dep":"35","code_region":"53","population":3651,"surface_km2":10.94,"lat":48.02,"lon":-1.6465,"fibre_pct":98.0,"vivrescore":100},{"code_insee":"35268","nom":"Saint-Ganton","codes_postaux":["35550"],"code_dep":"35","code_region":"53","population":413,"surface_km2":14.16,"lat":47.7681,"lon":-1.8981,"fibre_pct":97.5,"vivrescore":100},{"code_insee":"35270","nom":"Saint-Georges-de-Gréhaigne","codes_postaux":["35610"],"code_dep":"35","code_region":"53","population":384,"surface_km2":12.24,"lat":48.5823,"lon":-1.547,"fibre_pct":100.0,"vivrescore":100},{"code_insee":"35271","nom":"Saint-Georges-de-Reintembault","codes_postaux":["35420"],"code_dep":"35","code_region":"53","population":1541,"surface_km2":31.55,"lat":48.5068,"lon":-1.2324,"fibre_pct":89.8,"vivrescore":80},{"code_insee":"35272","nom":"Saint-Germain-du-Pinel","codes_postaux":["35370"],"code_dep":"35","code_region":"53","population":1018,"surface_km2":11.29,"lat":48.0028,"lon":-1.1726,"fibre_pct":90.8,"vivrescore":80},{"code_insee":"35273","nom":"Saint-Germain-en-Coglès","codes_postaux":["35133"],"code_dep":"35","code_region":"53","population":2096,"surface_km2":32.55,"lat":48.4016,"lon":-1.2556,"fibre_pct":95.6,"vivrescore":100},{"code_insee":"35274","nom":"Saint-Germain-sur-Ille","codes_postaux":["35250"],"code_dep":"35","code_region":"53","population":1017,"surface_km2":3.89,"lat":48.2494,"lon":-1.6514,"fibre_pct":82.9,"vivrescore":80},{"code_insee":"35275","nom":"Saint-Gilles","codes_postaux":["35590"],"code_dep":"35","code_region":"53","population":5576,"surface_km2":20.96,"lat":48.1517,"lon":-1.85,"fibre_pct":97.3,"vivrescore":100},{"code_insee":"35276","nom":"Saint-Gondran","codes_postaux":["35630"],"code_dep":"35","code_region":"53","population":651,"surface_km2":4.44,"lat":48.2693,"lon":-1.823,"fibre_pct":81.5,"vivrescore":80},{"code_insee":"35277","nom":"Saint-Gonlay","codes_postaux":["35750"],"code_dep":"35","code_region":"53","population":377,"surface_km2":9.26,"lat":48.1121,"lon":-2.0738,"fibre_pct":98.2,"vivrescore":100},{"code_insee":"35278","nom":"Saint-Grégoire","codes_postaux":["35760"],"code_dep":"35","code_region":"53","population":9957,"surface_km2":17.5,"lat":48.1598,"lon":-1.6815,"fibre_pct":96.4,"vivrescore":100},{"code_insee":"35279","nom":"Saint-Guinoux","codes_postaux":["35430"],"code_dep":"35","code_region":"53","population":1285,"surface_km2":6.5,"lat":48.5793,"lon":-1.8894,"fibre_pct":95.4,"vivrescore":100},{"code_insee":"35280","nom":"Saint-Hilaire-des-Landes","codes_postaux":["35140"],"code_dep":"35","code_region":"53","population":1037,"surface_km2":18.52,"lat":48.3378,"lon":-1.371,"fibre_pct":99.8,"vivrescore":100},{"code_insee":"35281","nom":"Saint-Jacques-de-la-Lande","codes_postaux":["35136"],"code_dep":"35","code_region":"53","population":13800,"surface_km2":12.34,"lat":48.0779,"lon":-1.7252,"fibre_pct":97.9,"vivrescore":100},{"code_insee":"35282","nom":"Rives-du-Couesnon","codes_postaux":["35140"],"code_dep":"35","code_region":"53","population":2927,"surface_km2":49.13,"lat":48.2878,"lon":-1.3421,"fibre_pct":92.1,"vivrescore":80},{"code_insee":"35283","nom":"Saint-Jean-sur-Vilaine","codes_postaux":["35220"],"code_dep":"35","code_region":"53","population":1375,"surface_km2":10.78,"lat":48.1225,"lon":-1.3349,"fibre_pct":84.7,"vivrescore":80},{"code_insee":"35284","nom":"Saint-Jouan-des-Guérets","codes_postaux":["35430"],"code_dep":"35","code_region":"53","population":2847,"surface_km2":9.25,"lat":48.6043,"lon":-1.9667,"fibre_pct":93.7,"vivrescore":80},{"code_insee":"35285","nom":"Saint-Just","codes_postaux":["35550"],"code_dep":"35","code_region":"53","population":1107,"surface_km2":27.99,"lat":47.7673,"lon":-1.9651,"fibre_pct":92.2,"vivrescore":80},{"code_insee":"35286","nom":"Saint-Léger-des-Prés","codes_postaux":["35270"],"code_dep":"35","code_region":"53","population":293,"surface_km2":5.6,"lat":48.3881,"lon":-1.6568,"fibre_pct":100.0,"vivrescore":100},{"code_insee":"35287","nom":"Saint-Lunaire","codes_postaux":["35800"],"code_dep":"35","code_region":"53","population":2768,"surface_km2":10.37,"lat":48.62,"lon":-2.1004,"fibre_pct":21.2,"vivrescore":20},{"code_insee":"35288","nom":"Saint-Malo","codes_postaux":["35400"],"code_dep":"35","code_region":"53","population":47439,"surface_km2":36.41,"lat":48.6465,"lon":-2.0066,"fibre_pct":93.7,"vivrescore":80},{"code_insee":"35289","nom":"Saint-Malo-de-Phily","codes_postaux":["35480"],"code_dep":"35","code_region":"53","population":1081,"surface_km2":18.82,"lat":47.8649,"lon":-1.8091,"fibre_pct":97.2,"vivrescore":100},{"code_insee":"35290","nom":"Saint-Malon-sur-Mel","codes_postaux":["35750"],"code_dep":"35","code_region":"53","population":618,"surface_km2":16.25,"lat":48.0932,"lon":-2.1096,"fibre_pct":99.5,"vivrescore":100},{"code_insee":"35291","nom":"Saint-Marcan","codes_postaux":["35120"],"code_dep":"35","code_region":"53","population":431,"surface_km2":7.72,"lat":48.5855,"lon":-1.628,"fibre_pct":2.3,"vivrescore":20},{"code_insee":"35292","nom":"Saint-Marc-le-Blanc","codes_postaux":["35460"],"code_dep":"35","code_region":"53","population":1553,"surface_km2":22.98,"lat":48.374,"lon":-1.4015,"fibre_pct":99.9,"vivrescore":100},{"code_insee":"35294","nom":"Sainte-Marie","codes_postaux":["35600"],"code_dep":"35","code_region":"53","population":2247,"surface_km2":25.05,"lat":47.6958,"lon":-2.0181,"fibre_pct":99.3,"vivrescore":100},{"code_insee":"35295","nom":"Saint-Maugan","codes_postaux":["35750"],"code_dep":"35","code_region":"53","population":505,"surface_km2":8.55,"lat":48.1367,"lon":-2.1022,"fibre_pct":100.0,"vivrescore":100},{"code_insee":"35296","nom":"Saint-Médard-sur-Ille","codes_postaux":["35250"],"code_dep":"35","code_region":"53","population":1377,"surface_km2":18.35,"lat":48.2764,"lon":-1.6803,"fibre_pct":94.3,"vivrescore":80},{"code_insee":"35297","nom":"Saint-Méen-le-Grand","codes_postaux":["35290"],"code_dep":"35","code_region":"53","population":4653,"surface_km2":18.59,"lat":48.1923,"lon":-2.1903,"fibre_pct":85.2,"vivrescore":80},{"code_insee":"35299","nom":"Saint-Méloir-des-Ondes","codes_postaux":["35350"],"code_dep":"35","code_region":"53","population":4720,"surface_km2":29.0,"lat":48.639,"lon":-1.9053,"fibre_pct":91.1,"vivrescore":80},{"code_insee":"35300","nom":"Saint-M'Hervé","codes_postaux":["35500"],"code_dep":"35","code_region":"53","population":1354,"surface_km2":31.05,"lat":48.1741,"lon":-1.114,"fibre_pct":95.5,"vivrescore":100},{"code_insee":"35302","nom":"Saint-Onen-la-Chapelle","codes_postaux":["35290"],"code_dep":"35","code_region":"53","population":1126,"surface_km2":24.9,"lat":48.1705,"lon":-2.1586,"fibre_pct":91.3,"vivrescore":80},{"code_insee":"35304","nom":"Saint-Ouen-des-Alleux","codes_postaux":["35140"],"code_dep":"35","code_region":"53","population":1326,"surface_km2":15.43,"lat":48.3287,"lon":-1.4346,"fibre_pct":86.5,"vivrescore":80},{"code_insee":"35305","nom":"Saint-Péran","codes_postaux":["35380"],"code_dep":"35","code_region":"53","population":407,"surface_km2":9.44,"lat":48.0566,"lon":-2.0649,"fibre_pct":0.4,"vivrescore":20},{"code_insee":"35306","nom":"Saint-Père-Marc-en-Poulet","codes_postaux":["35430"],"code_dep":"35","code_region":"53","population":2440,"surface_km2":18.76,"lat":48.5852,"lon":-1.9281,"fibre_pct":88.7,"vivrescore":80},{"code_insee":"35307","nom":"Saint-Pern","codes_postaux":["35190"],"code_dep":"35","code_region":"53","population":966,"surface_km2":12.09,"lat":48.2823,"lon":-1.9837,"fibre_pct":97.9,"vivrescore":100},{"code_insee":"35308","nom":"Mesnil-Roc'h","codes_postaux":["35720"],"code_dep":"35","code_region":"53","population":4492,"surface_km2":41.49,"lat":48.4639,"lon":-1.876,"fibre_pct":96.6,"vivrescore":100},{"code_insee":"35309","nom":"Saint-Rémy-du-Plain","codes_postaux":["35560"],"code_dep":"35","code_region":"53","population":818,"surface_km2":14.79,"lat":48.3767,"lon":-1.5692,"fibre_pct":0.0,"vivrescore":20},{"code_insee":"35310","nom":"Saint-Sauveur-des-Landes","codes_postaux":["35133"],"code_dep":"35","code_region":"53","population":1565,"surface_km2":18.83,"lat":48.3477,"lon":-1.316,"fibre_pct":90.4,"vivrescore":80},{"code_insee":"35311","nom":"Saint-Séglin","codes_postaux":["35330"],"code_dep":"35","code_region":"53","population":610,"surface_km2":9.47,"lat":47.8503,"lon":-2.024,"fibre_pct":100.0,"vivrescore":100},{"code_insee":"35312","nom":"Saint-Senoux","codes_postaux":["35580"],"code_dep":"35","code_region":"53","population":1863,"surface_km2":18.27,"lat":47.9144,"lon":-1.7892,"fibre_pct":29.0,"vivrescore":20},{"code_insee":"35314","nom":"Saint-Suliac","codes_postaux":["35430"],"code_dep":"35","code_region":"53","population":1018,"surface_km2":4.7,"lat":48.5713,"lon":-1.967,"fibre_pct":98.7,"vivrescore":100},{"code_insee":"35315","nom":"Saint-Sulpice-la-Forêt","codes_postaux":["35250"],"code_dep":"35","code_region":"53","population":1580,"surface_km2":6.76,"lat":48.2134,"lon":-1.5771,"fibre_pct":97.7,"vivrescore":100},{"code_insee":"35316","nom":"Saint-Sulpice-des-Landes","codes_postaux":["35390"],"code_dep":"35","code_region":"53","population":820,"surface_km2":11.33,"lat":47.7785,"lon":-1.6216,"fibre_pct":75.0,"vivrescore":60},{"code_insee":"35317","nom":"Saint-Symphorien","codes_postaux":["35630"],"code_dep":"35","code_region":"53","population":625,"surface_km2":7.96,"lat":48.2814,"lon":-1.8022,"fibre_pct":86.7,"vivrescore":80},{"code_insee":"35318","nom":"Saint-Thual","codes_postaux":["35190"],"code_dep":"35","code_region":"53","population":996,"surface_km2":11.57,"lat":48.3372,"lon":-1.9345,"fibre_pct":16.0,"vivrescore":20},{"code_insee":"35319","nom":"Saint-Thurial","codes_postaux":["35310"],"code_dep":"35","code_region":"53","population":2184,"surface_km2":18.12,"lat":48.0338,"lon":-1.9424,"fibre_pct":61.2,"vivrescore":60},{"code_insee":"35320","nom":"Saint-Uniac","codes_postaux":["35360"],"code_dep":"35","code_region":"53","population":513,"surface_km2":6.95,"lat":48.1676,"lon":-2.0347,"fibre_pct":99.3,"vivrescore":100},{"code_insee":"35321","nom":"Saulnières","codes_postaux":["35320"],"code_dep":"35","code_region":"53","population":801,"surface_km2":10.6,"lat":47.9197,"lon":-1.5748,"fibre_pct":82.3,"vivrescore":80},{"code_insee":"35322","nom":"Le Sel-de-Bretagne","codes_postaux":["35320"],"code_dep":"35","code_region":"53","population":1117,"surface_km2":8.55,"lat":47.8991,"lon":-1.6073,"fibre_pct":90.3,"vivrescore":80},{"code_insee":"35324","nom":"La Selle-en-Luitré","codes_postaux":["35133"],"code_dep":"35","code_region":"53","population":582,"surface_km2":8.61,"lat":48.3235,"lon":-1.1464,"fibre_pct":99.7,"vivrescore":100},{"code_insee":"35325","nom":"La Selle-Guerchaise","codes_postaux":["35130"],"code_dep":"35","code_region":"53","population":153,"surface_km2":2.2,"lat":47.9435,"lon":-1.1718,"fibre_pct":100.0,"vivrescore":100},{"code_insee":"35326","nom":"Sens-de-Bretagne","codes_postaux":["35490"],"code_dep":"35","code_region":"53","population":2592,"surface_km2":31.15,"lat":48.3367,"lon":-1.5563,"fibre_pct":15.4,"vivrescore":20},{"code_insee":"35327","nom":"Servon-sur-Vilaine","codes_postaux":["35530"],"code_dep":"35","code_region":"53","population":4152,"surface_km2":15.37,"lat":48.123,"lon":-1.4585,"fibre_pct":94.9,"vivrescore":80},{"code_insee":"35328","nom":"Sixt-sur-Aff","codes_postaux":["35550"],"code_dep":"35","code_region":"53","population":2273,"surface_km2":43.2,"lat":47.7755,"lon":-2.0561,"fibre_pct":83.3,"vivrescore":80},{"code_insee":"35329","nom":"Sougeal","codes_postaux":["35610"],"code_dep":"35","code_region":"53","population":547,"surface_km2":14.35,"lat":48.5043,"lon":-1.5131,"fibre_pct":100.0,"vivrescore":100},{"code_insee":"35330","nom":"Taillis","codes_postaux":["35500"],"code_dep":"35","code_region":"53","population":1028,"surface_km2":13.11,"lat":48.1861,"lon":-1.2432,"fibre_pct":97.3,"vivrescore":100},{"code_insee":"35331","nom":"Talensac","codes_postaux":["35160"],"code_dep":"35","code_region":"53","population":2571,"surface_km2":21.7,"lat":48.0905,"lon":-1.9224,"fibre_pct":8.9,"vivrescore":20},{"code_insee":"35332","nom":"Teillay","codes_postaux":["35620"],"code_dep":"35","code_region":"53","population":1117,"surface_km2":26.6,"lat":47.8062,"lon":-1.5213,"fibre_pct":93.9,"vivrescore":80},{"code_insee":"35333","nom":"Le Theil-de-Bretagne","codes_postaux":["35240"],"code_dep":"35","code_region":"53","population":1731,"surface_km2":24.45,"lat":47.9148,"lon":-1.4213,"fibre_pct":84.3,"vivrescore":80},{"code_insee":"35334","nom":"Thorigné-Fouillard","codes_postaux":["35235"],"code_dep":"35","code_region":"53","population":8667,"surface_km2":13.58,"lat":48.1524,"lon":-1.5866,"fibre_pct":94.6,"vivrescore":80},{"code_insee":"35335","nom":"Thourie","codes_postaux":["35134"],"code_dep":"35","code_region":"53","population":868,"surface_km2":24.62,"lat":47.8522,"lon":-1.4556,"fibre_pct":99.4,"vivrescore":100},{"code_insee":"35336","nom":"Le Tiercent","codes_postaux":["35460"],"code_dep":"35","code_region":"53","population":199,"surface_km2":3.7,"lat":48.349,"lon":-1.4213,"fibre_pct":99.3,"vivrescore":100},{"code_insee":"35337","nom":"Tinténiac","codes_postaux":["35190"],"code_dep":"35","code_region":"53","population":3939,"surface_km2":23.47,"lat":48.3182,"lon":-1.8298,"fibre_pct":82.3,"vivrescore":80},{"code_insee":"35338","nom":"Torcé","codes_postaux":["35370"],"code_dep":"35","code_region":"53","population":1281,"surface_km2":14.29,"lat":48.0632,"lon":-1.2702,"fibre_pct":89.1,"vivrescore":80},{"code_insee":"35339","nom":"Trans-la-Forêt","codes_postaux":["35610"],"code_dep":"35","code_region":"53","population":634,"surface_km2":15.13,"lat":48.4872,"lon":-1.6016,"fibre_pct":97.6,"vivrescore":100},{"code_insee":"35340","nom":"Treffendel","codes_postaux":["35380"],"code_dep":"35","code_region":"53","population":1350,"surface_km2":19.04,"lat":48.0309,"lon":-2.0059,"fibre_pct":20.3,"vivrescore":20},{"code_insee":"35342","nom":"Trémeheuc","codes_postaux":["35270"],"code_dep":"35","code_region":"53","population":355,"surface_km2":6.26,"lat":48.4396,"lon":-1.6954,"fibre_pct":99.5,"vivrescore":100},{"code_insee":"35343","nom":"Tresbœuf","codes_postaux":["35320"],"code_dep":"35","code_region":"53","population":1234,"surface_km2":25.73,"lat":47.8783,"lon":-1.5461,"fibre_pct":80.5,"vivrescore":80},{"code_insee":"35345","nom":"Trévérien","codes_postaux":["35190"],"code_dep":"35","code_region":"53","population":918,"surface_km2":12.23,"lat":48.3718,"lon":-1.9152,"fibre_pct":88.1,"vivrescore":80},{"code_insee":"35346","nom":"Trimer","codes_postaux":["35190"],"code_dep":"35","code_region":"53","population":205,"surface_km2":3.59,"lat":48.3477,"lon":-1.8956,"fibre_pct":100.0,"vivrescore":100},{"code_insee":"35347","nom":"Val-d'Izé","codes_postaux":["35450"],"code_dep":"35","code_region":"53","population":2620,"surface_km2":45.68,"lat":48.1861,"lon":-1.2987,"fibre_pct":96.6,"vivrescore":100},{"code_insee":"35350","nom":"Vergéal","codes_postaux":["35680"],"code_dep":"35","code_region":"53","population":806,"surface_km2":11.19,"lat":48.0335,"lon":-1.2562,"fibre_pct":99.5,"vivrescore":100},{"code_insee":"35351","nom":"Le Verger","codes_postaux":["35160"],"code_dep":"35","code_region":"53","population":1389,"surface_km2":7.1,"lat":48.0667,"lon":-1.9197,"fibre_pct":98.9,"vivrescore":100},{"code_insee":"35352","nom":"Vern-sur-Seiche","codes_postaux":["35770"],"code_dep":"35","code_region":"53","population":8207,"surface_km2":19.96,"lat":48.0458,"lon":-1.6082,"fibre_pct":98.4,"vivrescore":100},{"code_insee":"35353","nom":"Vezin-le-Coquet","codes_postaux":["35132"],"code_dep":"35","code_region":"53","population":6471,"surface_km2":7.92,"lat":48.116,"lon":-1.7528,"fibre_pct":93.3,"vivrescore":80},{"code_insee":"35354","nom":"Vieux-Viel","codes_postaux":["35610"],"code_dep":"35","code_region":"53","population":329,"surface_km2":8.96,"lat":48.4997,"lon":-1.5549,"fibre_pct":100.0,"vivrescore":100},{"code_insee":"35355","nom":"Vieux-Vy-sur-Couesnon","codes_postaux":["35490"],"code_dep":"35","code_region":"53","population":1286,"surface_km2":21.62,"lat":48.3339,"lon":-1.5007,"fibre_pct":82.5,"vivrescore":80},{"code_insee":"35356","nom":"Vignoc","codes_postaux":["35630"],"code_dep":"35","code_region":"53","population":2329,"surface_km2":14.28,"lat":48.2589,"lon":-1.7644,"fibre_pct":2.2,"vivrescore":20},{"code_insee":"35357","nom":"Villamée","codes_postaux":["35420"],"code_dep":"35","code_region":"53","population":301,"surface_km2":10.89,"lat":48.4569,"lon":-1.2162,"fibre_pct":97.1,"vivrescore":100},{"code_insee":"35358","nom":"La Ville-ès-Nonais","codes_postaux":["35430"],"code_dep":"35","code_region":"53","population":1233,"surface_km2":4.42,"lat":48.5504,"lon":-1.9508,"fibre_pct":97.6,"vivrescore":100},{"code_insee":"35359","nom":"Visseiche","codes_postaux":["35130"],"code_dep":"35","code_region":"53","population":881,"surface_km2":16.28,"lat":47.9592,"lon":-1.3023,"fibre_pct":99.0,"vivrescore":100},{"code_insee":"35360","nom":"Vitré","codes_postaux":["35500"],"code_dep":"35","code_region":"53","population":19365,"surface_km2":38.66,"lat":48.1105,"lon":-1.1972,"fibre_pct":94.0,"vivrescore":80},{"code_insee":"35361","nom":"Le Vivier-sur-Mer","codes_postaux":["35960"],"code_dep":"35","code_region":"53","population":1065,"surface_km2":2.23,"lat":48.5958,"lon":-1.7791,"fibre_pct":94.4,"vivrescore":80},{"code_insee":"35362","nom":"Le Tronchet","codes_postaux":["35540"],"code_dep":"35","code_region":"53","population":1202,"surface_km2":11.41,"lat":48.4921,"lon":-1.8404,"fibre_pct":93.5,"vivrescore":80},{"code_insee":"35363","nom":"Pont-Péan","codes_postaux":["35131"],"code_dep":"35","code_region":"53","population":4245,"surface_km2":8.79,"lat":48.0114,"lon":-1.6975,"fibre_pct":98.1,"vivrescore":100}]