[{"code_insee":"37001","nom":"Abilly","codes_postaux":["37160"],"code_dep":"37","code_region":"24","population":1116,"surface_km2":30.61,"lat":46.939,"lon":0.7406},{"code_insee":"37002","nom":"Ambillou","codes_postaux":["37340"],"code_dep":"37","code_region":"24","population":1746,"surface_km2":49.64,"lat":47.454,"lon":0.4513},{"code_insee":"37003","nom":"Amboise","codes_postaux":["37400"],"code_dep":"37","code_region":"24","population":12937,"surface_km2":40.99,"lat":47.3967,"lon":0.9989},{"code_insee":"37004","nom":"Anché","codes_postaux":["37500"],"code_dep":"37","code_region":"24","population":426,"surface_km2":8.01,"lat":47.1298,"lon":0.3091},{"code_insee":"37005","nom":"Antogny-le-Tillac","codes_postaux":["37800"],"code_dep":"37","code_region":"24","population":485,"surface_km2":17.32,"lat":46.9697,"lon":0.5535},{"code_insee":"37006","nom":"Artannes-sur-Indre","codes_postaux":["37260"],"code_dep":"37","code_region":"24","population":2795,"surface_km2":21.18,"lat":47.2735,"lon":0.5918},{"code_insee":"37007","nom":"Assay","codes_postaux":["37120"],"code_dep":"37","code_region":"24","population":177,"surface_km2":14.68,"lat":47.0644,"lon":0.2722},{"code_insee":"37008","nom":"Athée-sur-Cher","codes_postaux":["37270"],"code_dep":"37","code_region":"24","population":2855,"surface_km2":34.5,"lat":47.3143,"lon":0.8958},{"code_insee":"37009","nom":"Autrèche","codes_postaux":["37110"],"code_dep":"37","code_region":"24","population":419,"surface_km2":20.73,"lat":47.5216,"lon":1.0028},{"code_insee":"37010","nom":"Auzouer-en-Touraine","codes_postaux":["37110"],"code_dep":"37","code_region":"24","population":2159,"surface_km2":34.0,"lat":47.5563,"lon":0.9396},{"code_insee":"37011","nom":"Avoine","codes_postaux":["37420"],"code_dep":"37","code_region":"24","population":2067,"surface_km2":12.49,"lat":47.22,"lon":0.189},{"code_insee":"37012","nom":"Avon-les-Roches","codes_postaux":["37220"],"code_dep":"37","code_region":"24","population":534,"surface_km2":33.26,"lat":47.1823,"lon":0.4626},{"code_insee":"37013","nom":"Avrillé-les-Ponceaux","codes_postaux":["37340"],"code_dep":"37","code_region":"24","population":479,"surface_km2":32.82,"lat":47.3843,"lon":0.3027},{"code_insee":"37014","nom":"Azay-le-Rideau","codes_postaux":["37190"],"code_dep":"37","code_region":"24","population":3438,"surface_km2":27.3,"lat":47.2737,"lon":0.4616},{"code_insee":"37015","nom":"Azay-sur-Cher","codes_postaux":["37270"],"code_dep":"37","code_region":"24","population":3243,"surface_km2":23.06,"lat":47.3365,"lon":0.8427},{"code_insee":"37016","nom":"Azay-sur-Indre","codes_postaux":["37310"],"code_dep":"37","code_region":"24","population":363,"surface_km2":13.69,"lat":47.2043,"lon":0.9413},{"code_insee":"37018","nom":"Ballan-Miré","codes_postaux":["37510"],"code_dep":"37","code_region":"24","population":8477,"surface_km2":26.34,"lat":47.3393,"lon":0.5997},{"code_insee":"37019","nom":"Barrou","codes_postaux":["37350"],"code_dep":"37","code_region":"24","population":478,"surface_km2":31.03,"lat":46.8812,"lon":0.7743},{"code_insee":"37020","nom":"Beaulieu-lès-Loches","codes_postaux":["37600"],"code_dep":"37","code_region":"24","population":1733,"surface_km2":3.92,"lat":47.1277,"lon":1.0262},{"code_insee":"37021","nom":"Beaumont-Louestault","codes_postaux":["37360","37370"],"code_dep":"37","code_region":"24","population":1813,"surface_km2":55.68,"lat":47.5838,"lon":0.6679},{"code_insee":"37022","nom":"Beaumont-en-Véron","codes_postaux":["37420"],"code_dep":"37","code_region":"24","population":2717,"surface_km2":19.03,"lat":47.1957,"lon":0.1797},{"code_insee":"37023","nom":"Beaumont-Village","codes_postaux":["37460"],"code_dep":"37","code_region":"24","population":239,"surface_km2":19.31,"lat":47.1824,"lon":1.2065},{"code_insee":"37024","nom":"Benais","codes_postaux":["37140"],"code_dep":"37","code_region":"24","population":945,"surface_km2":20.14,"lat":47.3183,"lon":0.2222},{"code_insee":"37025","nom":"Berthenay","codes_postaux":["37510"],"code_dep":"37","code_region":"24","population":707,"surface_km2":7.36,"lat":47.3591,"lon":0.5231},{"code_insee":"37026","nom":"Betz-le-Château","codes_postaux":["37600"],"code_dep":"37","code_region":"24","population":499,"surface_km2":46.84,"lat":47.0021,"lon":0.9553},{"code_insee":"37027","nom":"Bléré","codes_postaux":["37150"],"code_dep":"37","code_region":"24","population":5352,"surface_km2":31.12,"lat":47.3011,"lon":0.9848},{"code_insee":"37028","nom":"Bossay-sur-Claise","codes_postaux":["37290"],"code_dep":"37","code_region":"24","population":733,"surface_km2":65.52,"lat":46.8181,"lon":0.9716},{"code_insee":"37029","nom":"Bossée","codes_postaux":["37240"],"code_dep":"37","code_region":"24","population":327,"surface_km2":19.06,"lat":47.1091,"lon":0.7336},{"code_insee":"37030","nom":"Le Boulay","codes_postaux":["37110"],"code_dep":"37","code_region":"24","population":810,"surface_km2":19.97,"lat":47.5913,"lon":0.8519},{"code_insee":"37031","nom":"Bourgueil","codes_postaux":["37140"],"code_dep":"37","code_region":"24","population":3631,"surface_km2":33.0,"lat":47.31,"lon":0.1712},{"code_insee":"37032","nom":"Bournan","codes_postaux":["37240"],"code_dep":"37","code_region":"24","population":277,"surface_km2":14.77,"lat":47.0726,"lon":0.728},{"code_insee":"37033","nom":"Boussay","codes_postaux":["37290"],"code_dep":"37","code_region":"24","population":237,"surface_km2":28.05,"lat":46.8492,"lon":0.8852},{"code_insee":"37034","nom":"Braslou","codes_postaux":["37120"],"code_dep":"37","code_region":"24","population":319,"surface_km2":15.93,"lat":46.9999,"lon":0.4111},{"code_insee":"37035","nom":"Braye-sous-Faye","codes_postaux":["37120"],"code_dep":"37","code_region":"24","population":281,"surface_km2":15.62,"lat":46.9806,"lon":0.3328},{"code_insee":"37036","nom":"Braye-sur-Maulne","codes_postaux":["37330"],"code_dep":"37","code_region":"24","population":199,"surface_km2":12.1,"lat":47.5598,"lon":0.2602},{"code_insee":"37037","nom":"Brèches","codes_postaux":["37330"],"code_dep":"37","code_region":"24","population":239,"surface_km2":11.55,"lat":47.5606,"lon":0.409},{"code_insee":"37038","nom":"Bréhémont","codes_postaux":["37130"],"code_dep":"37","code_region":"24","population":737,"surface_km2":12.93,"lat":47.2886,"lon":0.359},{"code_insee":"37039","nom":"Bridoré","codes_postaux":["37600"],"code_dep":"37","code_region":"24","population":491,"surface_km2":14.84,"lat":47.0392,"lon":1.0805},{"code_insee":"37040","nom":"Brizay","codes_postaux":["37220"],"code_dep":"37","code_region":"24","population":256,"surface_km2":14.4,"lat":47.0942,"lon":0.3881},{"code_insee":"37041","nom":"Bueil-en-Touraine","codes_postaux":["37370"],"code_dep":"37","code_region":"24","population":323,"surface_km2":17.91,"lat":47.6298,"lon":0.5528},{"code_insee":"37042","nom":"Candes-Saint-Martin","codes_postaux":["37500"],"code_dep":"37","code_region":"24","population":180,"surface_km2":5.75,"lat":47.2021,"lon":0.0746},{"code_insee":"37043","nom":"Cangey","codes_postaux":["37530"],"code_dep":"37","code_region":"24","population":1021,"surface_km2":22.79,"lat":47.4901,"lon":1.0651},{"code_insee":"37044","nom":"La Celle-Guenand","codes_postaux":["37350"],"code_dep":"37","code_region":"24","population":379,"surface_km2":37.15,"lat":46.943,"lon":0.9103},{"code_insee":"37045","nom":"La Celle-Saint-Avant","codes_postaux":["37160"],"code_dep":"37","code_region":"24","population":1079,"surface_km2":17.85,"lat":47.0219,"lon":0.6158},{"code_insee":"37046","nom":"Céré-la-Ronde","codes_postaux":["37460"],"code_dep":"37","code_region":"24","population":418,"surface_km2":49.59,"lat":47.2549,"lon":1.1775},{"code_insee":"37047","nom":"Cerelles","codes_postaux":["37390"],"code_dep":"37","code_region":"24","population":1252,"surface_km2":12.33,"lat":47.5043,"lon":0.6869},{"code_insee":"37048","nom":"Chambon","codes_postaux":["37290"],"code_dep":"37","code_region":"24","population":311,"surface_km2":18.42,"lat":46.8378,"lon":0.8236},{"code_insee":"37049","nom":"Chambourg-sur-Indre","codes_postaux":["37310"],"code_dep":"37","code_region":"24","population":1265,"surface_km2":28.47,"lat":47.1736,"lon":0.9654},{"code_insee":"37050","nom":"Chambray-lès-Tours","codes_postaux":["37170"],"code_dep":"37","code_region":"24","population":12720,"surface_km2":19.45,"lat":47.3329,"lon":0.7205},{"code_insee":"37051","nom":"Champigny-sur-Veude","codes_postaux":["37120"],"code_dep":"37","code_region":"24","population":809,"surface_km2":16.15,"lat":47.0538,"lon":0.3313},{"code_insee":"37052","nom":"Chançay","codes_postaux":["37210"],"code_dep":"37","code_region":"24","population":1122,"surface_km2":15.11,"lat":47.4478,"lon":0.8827},{"code_insee":"37053","nom":"Chanceaux-près-Loches","codes_postaux":["37600"],"code_dep":"37","code_region":"24","population":109,"surface_km2":14.67,"lat":47.1392,"lon":0.947},{"code_insee":"37054","nom":"Chanceaux-sur-Choisille","codes_postaux":["37390"],"code_dep":"37","code_region":"24","population":3499,"surface_km2":18.49,"lat":47.4758,"lon":0.705},{"code_insee":"37055","nom":"Channay-sur-Lathan","codes_postaux":["37330"],"code_dep":"37","code_region":"24","population":803,"surface_km2":29.19,"lat":47.4776,"lon":0.2483},{"code_insee":"37056","nom":"La Chapelle-aux-Naux","codes_postaux":["37130"],"code_dep":"37","code_region":"24","population":562,"surface_km2":5.34,"lat":47.3127,"lon":0.4186},{"code_insee":"37057","nom":"La Chapelle-Blanche-Saint-Martin","codes_postaux":["37240"],"code_dep":"37","code_region":"24","population":688,"surface_km2":28.57,"lat":47.0856,"lon":0.7904},{"code_insee":"37058","nom":"La Chapelle-sur-Loire","codes_postaux":["37140"],"code_dep":"37","code_region":"24","population":1468,"surface_km2":19.33,"lat":47.252,"lon":0.2222},{"code_insee":"37059","nom":"Charentilly","codes_postaux":["37390"],"code_dep":"37","code_region":"24","population":1365,"surface_km2":14.12,"lat":47.4694,"lon":0.5948},{"code_insee":"37060","nom":"Chargé","codes_postaux":["37530"],"code_dep":"37","code_region":"24","population":1359,"surface_km2":8.51,"lat":47.4319,"lon":1.0417},{"code_insee":"37061","nom":"Charnizay","codes_postaux":["37290"],"code_dep":"37","code_region":"24","population":461,"surface_km2":53.31,"lat":46.9205,"lon":0.9889},{"code_insee":"37062","nom":"Château-la-Vallière","codes_postaux":["37330"],"code_dep":"37","code_region":"24","population":1734,"surface_km2":19.62,"lat":47.5293,"lon":0.3214},{"code_insee":"37063","nom":"Château-Renault","codes_postaux":["37110"],"code_dep":"37","code_region":"24","population":4392,"surface_km2":3.52,"lat":47.5927,"lon":0.9066},{"code_insee":"37064","nom":"Chaumussay","codes_postaux":["37350"],"code_dep":"37","code_region":"24","population":199,"surface_km2":19.01,"lat":46.8748,"lon":0.8512},{"code_insee":"37065","nom":"Chaveignes","codes_postaux":["37120"],"code_dep":"37","code_region":"24","population":581,"surface_km2":21.31,"lat":47.0277,"lon":0.3535},{"code_insee":"37066","nom":"Chédigny","codes_postaux":["37310"],"code_dep":"37","code_region":"24","population":566,"surface_km2":23.17,"lat":47.2179,"lon":0.9928},{"code_insee":"37067","nom":"Cheillé","codes_postaux":["37190"],"code_dep":"37","code_region":"24","population":1907,"surface_km2":46.98,"lat":47.2388,"lon":0.4343},{"code_insee":"37068","nom":"Chemillé-sur-Dême","codes_postaux":["37370"],"code_dep":"37","code_region":"24","population":707,"surface_km2":33.67,"lat":47.6623,"lon":0.6712},{"code_insee":"37069","nom":"Chemillé-sur-Indrois","codes_postaux":["37460"],"code_dep":"37","code_region":"24","population":227,"surface_km2":25.01,"lat":47.1572,"lon":1.1557},{"code_insee":"37070","nom":"Chenonceaux","codes_postaux":["37150"],"code_dep":"37","code_region":"24","population":334,"surface_km2":4.28,"lat":47.3436,"lon":1.0701},{"code_insee":"37071","nom":"Chezelles","codes_postaux":["37220"],"code_dep":"37","code_region":"24","population":130,"surface_km2":15.34,"lat":47.0659,"lon":0.4429},{"code_insee":"37072","nom":"Chinon","codes_postaux":["37500"],"code_dep":"37","code_region":"24","population":8144,"surface_km2":39.11,"lat":47.1692,"lon":0.2433},{"code_insee":"37073","nom":"Chisseaux","codes_postaux":["37150"],"code_dep":"37","code_region":"24","population":610,"surface_km2":11.74,"lat":47.3501,"lon":1.0998},{"code_insee":"37074","nom":"Chouzé-sur-Loire","codes_postaux":["37140"],"code_dep":"37","code_region":"24","population":2132,"surface_km2":28.38,"lat":47.245,"lon":0.1164},{"code_insee":"37075","nom":"Cigogné","codes_postaux":["37310"],"code_dep":"37","code_region":"24","population":460,"surface_km2":21.92,"lat":47.2662,"lon":0.9462},{"code_insee":"37076","nom":"Cinais","codes_postaux":["37500"],"code_dep":"37","code_region":"24","population":372,"surface_km2":8.81,"lat":47.1576,"lon":0.1751},{"code_insee":"37077","nom":"Cinq-Mars-la-Pile","codes_postaux":["37130"],"code_dep":"37","code_region":"24","population":4015,"surface_km2":20.46,"lat":47.3483,"lon":0.4542},{"code_insee":"37078","nom":"Ciran","codes_postaux":["37240"],"code_dep":"37","code_region":"24","population":425,"surface_km2":14.06,"lat":47.0504,"lon":0.875},{"code_insee":"37079","nom":"Civray-de-Touraine","codes_postaux":["37150"],"code_dep":"37","code_region":"24","population":1819,"surface_km2":23.16,"lat":47.3325,"lon":1.0408},{"code_insee":"37080","nom":"Civray-sur-Esves","codes_postaux":["37160"],"code_dep":"37","code_region":"24","population":212,"surface_km2":13.3,"lat":47.0346,"lon":0.7121},{"code_insee":"37081","nom":"Cléré-les-Pins","codes_postaux":["37340"],"code_dep":"37","code_region":"24","population":1429,"surface_km2":35.9,"lat":47.4494,"lon":0.3764},{"code_insee":"37082","nom":"Continvoir","codes_postaux":["37340"],"code_dep":"37","code_region":"24","population":469,"surface_km2":41.43,"lat":47.3758,"lon":0.2419},{"code_insee":"37083","nom":"Cormery","codes_postaux":["37320"],"code_dep":"37","code_region":"24","population":1905,"surface_km2":6.05,"lat":47.2585,"lon":0.843},{"code_insee":"37084","nom":"Couesmes","codes_postaux":["37330"],"code_dep":"37","code_region":"24","population":543,"surface_km2":21.89,"lat":47.552,"lon":0.3607},{"code_insee":"37085","nom":"Courçay","codes_postaux":["37310"],"code_dep":"37","code_region":"24","population":792,"surface_km2":25.06,"lat":47.2504,"lon":0.8857},{"code_insee":"37086","nom":"Courcelles-de-Touraine","codes_postaux":["37330"],"code_dep":"37","code_region":"24","population":483,"surface_km2":26.02,"lat":47.4893,"lon":0.3374},{"code_insee":"37087","nom":"Courcoué","codes_postaux":["37120"],"code_dep":"37","code_region":"24","population":235,"surface_km2":15.63,"lat":47.0289,"lon":0.3996},{"code_insee":"37088","nom":"Couziers","codes_postaux":["37500"],"code_dep":"37","code_region":"24","population":121,"surface_km2":12.04,"lat":47.173,"lon":0.0782},{"code_insee":"37089","nom":"Cravant-les-Côteaux","codes_postaux":["37500"],"code_dep":"37","code_region":"24","population":699,"surface_km2":38.3,"lat":47.1698,"lon":0.3383},{"code_insee":"37090","nom":"Crissay-sur-Manse","codes_postaux":["37220"],"code_dep":"37","code_region":"24","population":107,"surface_km2":7.54,"lat":47.1708,"lon":0.4938},{"code_insee":"37091","nom":"La Croix-en-Touraine","codes_postaux":["37150"],"code_dep":"37","code_region":"24","population":2543,"surface_km2":15.24,"lat":47.35,"lon":0.9935},{"code_insee":"37092","nom":"Crotelles","codes_postaux":["37380"],"code_dep":"37","code_region":"24","population":649,"surface_km2":15.72,"lat":47.5399,"lon":0.8218},{"code_insee":"37093","nom":"Crouzilles","codes_postaux":["37220"],"code_dep":"37","code_region":"24","population":528,"surface_km2":14.53,"lat":47.1301,"lon":0.4665},{"code_insee":"37094","nom":"Cussay","codes_postaux":["37240"],"code_dep":"37","code_region":"24","population":571,"surface_km2":26.12,"lat":47.019,"lon":0.7696},{"code_insee":"37095","nom":"Dame-Marie-les-Bois","codes_postaux":["37110"],"code_dep":"37","code_region":"24","population":343,"surface_km2":9.0,"lat":47.5502,"lon":1.0489},{"code_insee":"37096","nom":"Dierre","codes_postaux":["37150"],"code_dep":"37","code_region":"24","population":645,"surface_km2":10.33,"lat":47.3533,"lon":0.958},{"code_insee":"37097","nom":"Dolus-le-Sec","codes_postaux":["37310"],"code_dep":"37","code_region":"24","population":651,"surface_km2":27.53,"lat":47.1644,"lon":0.89},{"code_insee":"37098","nom":"Draché","codes_postaux":["37800"],"code_dep":"37","code_region":"24","population":698,"surface_km2":18.57,"lat":47.0691,"lon":0.6317},{"code_insee":"37099","nom":"Druye","codes_postaux":["37190"],"code_dep":"37","code_region":"24","population":1024,"surface_km2":22.96,"lat":47.2976,"lon":0.5354},{"code_insee":"37100","nom":"Épeigné-les-Bois","codes_postaux":["37150"],"code_dep":"37","code_region":"24","population":401,"surface_km2":14.65,"lat":47.2759,"lon":1.1287},{"code_insee":"37101","nom":"Épeigné-sur-Dême","codes_postaux":["37370"],"code_dep":"37","code_region":"24","population":162,"surface_km2":21.09,"lat":47.6785,"lon":0.6118},{"code_insee":"37103","nom":"Esves-le-Moutier","codes_postaux":["37240"],"code_dep":"37","code_region":"24","population":159,"surface_km2":10.62,"lat":47.0338,"lon":0.9041},{"code_insee":"37104","nom":"Esvres","codes_postaux":["37320"],"code_dep":"37","code_region":"24","population":6294,"surface_km2":35.81,"lat":47.2905,"lon":0.7902},{"code_insee":"37105","nom":"Faye-la-Vineuse","codes_postaux":["37120"],"code_dep":"37","code_region":"24","population":272,"surface_km2":17.55,"lat":46.9542,"lon":0.3454},{"code_insee":"37106","nom":"La Ferrière","codes_postaux":["37110"],"code_dep":"37","code_region":"24","population":306,"surface_km2":15.62,"lat":47.621,"lon":0.7542},{"code_insee":"37107","nom":"Ferrière-Larçon","codes_postaux":["37350"],"code_dep":"37","code_region":"24","population":242,"surface_km2":21.08,"lat":46.996,"lon":0.8738},{"code_insee":"37108","nom":"Ferrière-sur-Beaulieu","codes_postaux":["37600"],"code_dep":"37","code_region":"24","population":703,"surface_km2":19.61,"lat":47.1506,"lon":1.053},{"code_insee":"37109","nom":"Fondettes","codes_postaux":["37230"],"code_dep":"37","code_region":"24","population":10954,"surface_km2":31.8,"lat":47.4127,"lon":0.6032},{"code_insee":"37110","nom":"Francueil","codes_postaux":["37150"],"code_dep":"37","code_region":"24","population":1461,"surface_km2":13.05,"lat":47.309,"lon":1.0763},{"code_insee":"37111","nom":"Genillé","codes_postaux":["37460"],"code_dep":"37","code_region":"24","population":1503,"surface_km2":63.46,"lat":47.1809,"lon":1.1134},{"code_insee":"37112","nom":"Gizeux","codes_postaux":["37340"],"code_dep":"37","code_region":"24","population":382,"surface_km2":21.09,"lat":47.3883,"lon":0.1838},{"code_insee":"37113","nom":"Le Grand-Pressigny","codes_postaux":["37350"],"code_dep":"37","code_region":"24","population":872,"surface_km2":40.4,"lat":46.9173,"lon":0.8128},{"code_insee":"37114","nom":"La Guerche","codes_postaux":["37350"],"code_dep":"37","code_region":"24","population":174,"surface_km2":5.38,"lat":46.8924,"lon":0.7259},{"code_insee":"37115","nom":"Descartes","codes_postaux":["37160"],"code_dep":"37","code_region":"24","population":3369,"surface_km2":38.18,"lat":46.9958,"lon":0.6871},{"code_insee":"37116","nom":"Les Hermites","codes_postaux":["37110"],"code_dep":"37","code_region":"24","population":583,"surface_km2":32.74,"lat":47.6675,"lon":0.7668},{"code_insee":"37117","nom":"Hommes","codes_postaux":["37340"],"code_dep":"37","code_region":"24","population":865,"surface_km2":30.28,"lat":47.4255,"lon":0.2805},{"code_insee":"37118","nom":"Huismes","codes_postaux":["37420"],"code_dep":"37","code_region":"24","population":1498,"surface_km2":23.75,"lat":47.2311,"lon":0.2532},{"code_insee":"37119","nom":"L'Île-Bouchard","codes_postaux":["37220"],"code_dep":"37","code_region":"24","population":1606,"surface_km2":3.6,"lat":47.1238,"lon":0.4214},{"code_insee":"37121","nom":"Jaulnay","codes_postaux":["37120"],"code_dep":"37","code_region":"24","population":243,"surface_km2":14.83,"lat":46.9592,"lon":0.4215},{"code_insee":"37122","nom":"Joué-lès-Tours","codes_postaux":["37300"],"code_dep":"37","code_region":"24","population":38423,"surface_km2":32.49,"lat":47.3374,"lon":0.6544},{"code_insee":"37123","nom":"Langeais","codes_postaux":["37130"],"code_dep":"37","code_region":"24","population":4367,"surface_km2":64.68,"lat":47.3477,"lon":0.3632},{"code_insee":"37124","nom":"Larçay","codes_postaux":["37270"],"code_dep":"37","code_region":"24","population":2657,"surface_km2":11.36,"lat":47.3515,"lon":0.7773},{"code_insee":"37125","nom":"Lémeré","codes_postaux":["37120"],"code_dep":"37","code_region":"24","population":401,"surface_km2":19.69,"lat":47.0932,"lon":0.3388},{"code_insee":"37126","nom":"Lerné","codes_postaux":["37500"],"code_dep":"37","code_region":"24","population":351,"surface_km2":16.43,"lat":47.1407,"lon":0.11},{"code_insee":"37127","nom":"Le Liège","codes_postaux":["37460"],"code_dep":"37","code_region":"24","population":326,"surface_km2":11.18,"lat":47.2326,"lon":1.1084},{"code_insee":"37128","nom":"Lignières-de-Touraine","codes_postaux":["37130"],"code_dep":"37","code_region":"24","population":1318,"surface_km2":10.04,"lat":47.2952,"lon":0.4147},{"code_insee":"37129","nom":"Ligré","codes_postaux":["37500"],"code_dep":"37","code_region":"24","population":1068,"surface_km2":27.78,"lat":47.1114,"lon":0.271},{"code_insee":"37130","nom":"Ligueil","codes_postaux":["37240"],"code_dep":"37","code_region":"24","population":2105,"surface_km2":29.81,"lat":47.0394,"lon":0.8069},{"code_insee":"37131","nom":"Limeray","codes_postaux":["37530"],"code_dep":"37","code_region":"24","population":1252,"surface_km2":13.85,"lat":47.4602,"lon":1.0342},{"code_insee":"37132","nom":"Loches","codes_postaux":["37600"],"code_dep":"37","code_region":"24","population":6234,"surface_km2":27.32,"lat":47.1223,"lon":0.9745},{"code_insee":"37133","nom":"Loché-sur-Indrois","codes_postaux":["37460"],"code_dep":"37","code_region":"24","population":482,"surface_km2":74.81,"lat":47.0803,"lon":1.2046},{"code_insee":"37134","nom":"Louans","codes_postaux":["37320"],"code_dep":"37","code_region":"24","population":709,"surface_km2":18.15,"lat":47.181,"lon":0.739},{"code_insee":"37136","nom":"Le Louroux","codes_postaux":["37240"],"code_dep":"37","code_region":"24","population":533,"surface_km2":28.88,"lat":47.1569,"lon":0.7679},{"code_insee":"37137","nom":"Lublé","codes_postaux":["37330"],"code_dep":"37","code_region":"24","population":141,"surface_km2":12.63,"lat":47.5245,"lon":0.2607},{"code_insee":"37138","nom":"Lussault-sur-Loire","codes_postaux":["37400"],"code_dep":"37","code_region":"24","population":886,"surface_km2":9.17,"lat":47.391,"lon":0.9209},{"code_insee":"37139","nom":"Luynes","codes_postaux":["37230"],"code_dep":"37","code_region":"24","population":5062,"surface_km2":34.12,"lat":47.4123,"lon":0.5364},{"code_insee":"37140","nom":"Luzé","codes_postaux":["37120"],"code_dep":"37","code_region":"24","population":276,"surface_km2":20.35,"lat":47.0131,"lon":0.4719},{"code_insee":"37141","nom":"Luzillé","codes_postaux":["37150"],"code_dep":"37","code_region":"24","population":987,"surface_km2":41.13,"lat":47.2657,"lon":1.0622},{"code_insee":"37142","nom":"Maillé","codes_postaux":["37800"],"code_dep":"37","code_region":"24","population":557,"surface_km2":15.61,"lat":47.0519,"lon":0.5875},{"code_insee":"37143","nom":"Manthelan","codes_postaux":["37240"],"code_dep":"37","code_region":"24","population":1378,"surface_km2":39.53,"lat":47.1376,"lon":0.8201},{"code_insee":"37144","nom":"Marçay","codes_postaux":["37500"],"code_dep":"37","code_region":"24","population":465,"surface_km2":21.39,"lat":47.0849,"lon":0.2089},{"code_insee":"37145","nom":"Marcé-sur-Esves","codes_postaux":["37160"],"code_dep":"37","code_region":"24","population":251,"surface_km2":10.97,"lat":47.0301,"lon":0.6596},{"code_insee":"37146","nom":"Marcilly-sur-Maulne","codes_postaux":["37330"],"code_dep":"37","code_region":"24","population":222,"surface_km2":14.6,"lat":47.551,"lon":0.2256},{"code_insee":"37147","nom":"Marcilly-sur-Vienne","codes_postaux":["37800"],"code_dep":"37","code_region":"24","population":550,"surface_km2":11.07,"lat":47.0476,"lon":0.525},{"code_insee":"37148","nom":"Marigny-Marmande","codes_postaux":["37120"],"code_dep":"37","code_region":"24","population":601,"surface_km2":30.79,"lat":46.977,"lon":0.4811},{"code_insee":"37149","nom":"Marray","codes_postaux":["37370"],"code_dep":"37","code_region":"24","population":496,"surface_km2":23.84,"lat":47.6258,"lon":0.7017},{"code_insee":"37150","nom":"Mazières-de-Touraine","codes_postaux":["37130"],"code_dep":"37","code_region":"24","population":1488,"surface_km2":34.27,"lat":47.3921,"lon":0.4283},{"code_insee":"37151","nom":"La Membrolle-sur-Choisille","codes_postaux":["37390"],"code_dep":"37","code_region":"24","population":3290,"surface_km2":6.95,"lat":47.4452,"lon":0.6268},{"code_insee":"37152","nom":"Mettray","codes_postaux":["37390"],"code_dep":"37","code_region":"24","population":2070,"surface_km2":10.56,"lat":47.4587,"lon":0.6565},{"code_insee":"37153","nom":"Monnaie","codes_postaux":["37380"],"code_dep":"37","code_region":"24","population":4833,"surface_km2":39.42,"lat":47.5031,"lon":0.7837},{"code_insee":"37154","nom":"Montbazon","codes_postaux":["37250"],"code_dep":"37","code_region":"24","population":4874,"surface_km2":6.52,"lat":47.2847,"lon":0.7046},{"code_insee":"37155","nom":"Monthodon","codes_postaux":["37110"],"code_dep":"37","code_region":"24","population":643,"surface_km2":33.95,"lat":47.6502,"lon":0.821},{"code_insee":"37156","nom":"Montlouis-sur-Loire","codes_postaux":["37270"],"code_dep":"37","code_region":"24","population":11335,"surface_km2":24.55,"lat":47.383,"lon":0.8432},{"code_insee":"37157","nom":"Montrésor","codes_postaux":["37460"],"code_dep":"37","code_region":"24","population":309,"surface_km2":1.0,"lat":47.1531,"lon":1.2019},{"code_insee":"37158","nom":"Montreuil-en-Touraine","codes_postaux":["37530"],"code_dep":"37","code_region":"24","population":740,"surface_km2":25.15,"lat":47.4853,"lon":0.9572},{"code_insee":"37159","nom":"Monts","codes_postaux":["37260"],"code_dep":"37","code_region":"24","population":8080,"surface_km2":27.81,"lat":47.2723,"lon":0.6429},{"code_insee":"37160","nom":"Morand","codes_postaux":["37110"],"code_dep":"37","code_region":"24","population":351,"surface_km2":14.74,"lat":47.5584,"lon":1.0063},{"code_insee":"37161","nom":"Mosnes","codes_postaux":["37530"],"code_dep":"37","code_region":"24","population":812,"surface_km2":14.39,"lat":47.4469,"lon":1.0987},{"code_insee":"37162","nom":"Mouzay","codes_postaux":["37600"],"code_dep":"37","code_region":"24","population":460,"surface_km2":23.61,"lat":47.1027,"lon":0.9052},{"code_insee":"37163","nom":"Nazelles-Négron","codes_postaux":["37530"],"code_dep":"37","code_region":"24","population":3776,"surface_km2":22.13,"lat":47.433,"lon":0.9489},{"code_insee":"37165","nom":"Neuil","codes_postaux":["37190"],"code_dep":"37","code_region":"24","population":413,"surface_km2":18.93,"lat":47.1858,"lon":0.5287},{"code_insee":"37166","nom":"Neuillé-le-Lierre","codes_postaux":["37380"],"code_dep":"37","code_region":"24","population":753,"surface_km2":16.8,"lat":47.5081,"lon":0.9168},{"code_insee":"37167","nom":"Neuillé-Pont-Pierre","codes_postaux":["37360"],"code_dep":"37","code_region":"24","population":2252,"surface_km2":39.15,"lat":47.5467,"lon":0.5537},{"code_insee":"37168","nom":"Neuilly-le-Brignon","codes_postaux":["37160"],"code_dep":"37","code_region":"24","population":278,"surface_km2":21.97,"lat":46.9697,"lon":0.7827},{"code_insee":"37169","nom":"Neuville-sur-Brenne","codes_postaux":["37110"],"code_dep":"37","code_region":"24","population":872,"surface_km2":6.87,"lat":47.6139,"lon":0.9148},{"code_insee":"37170","nom":"Neuvy-le-Roi","codes_postaux":["37370"],"code_dep":"37","code_region":"24","population":1048,"surface_km2":47.85,"lat":47.6097,"lon":0.5819},{"code_insee":"37171","nom":"Noizay","codes_postaux":["37210"],"code_dep":"37","code_region":"24","population":1168,"surface_km2":17.74,"lat":47.4196,"lon":0.8987},{"code_insee":"37172","nom":"Notre-Dame-d'Oé","codes_postaux":["37390"],"code_dep":"37","code_region":"24","population":4515,"surface_km2":7.72,"lat":47.4546,"lon":0.7098},{"code_insee":"37173","nom":"Nouans-les-Fontaines","codes_postaux":["37460"],"code_dep":"37","code_region":"24","population":672,"surface_km2":63.37,"lat":47.1323,"lon":1.3149},{"code_insee":"37174","nom":"Nouâtre","codes_postaux":["37800"],"code_dep":"37","code_region":"24","population":786,"surface_km2":9.68,"lat":47.0351,"lon":0.5657},{"code_insee":"37175","nom":"Nouzilly","codes_postaux":["37380"],"code_dep":"37","code_region":"24","population":1234,"surface_km2":40.38,"lat":47.5378,"lon":0.7462},{"code_insee":"37176","nom":"Noyant-de-Touraine","codes_postaux":["37800"],"code_dep":"37","code_region":"24","population":1160,"surface_km2":13.9,"lat":47.1022,"lon":0.5666},{"code_insee":"37177","nom":"Orbigny","codes_postaux":["37460"],"code_dep":"37","code_region":"24","population":712,"surface_km2":66.01,"lat":47.2208,"lon":1.2525},{"code_insee":"37178","nom":"Panzoult","codes_postaux":["37220"],"code_dep":"37","code_region":"24","population":585,"surface_km2":34.85,"lat":47.1694,"lon":0.4034},{"code_insee":"37179","nom":"Parçay-Meslay","codes_postaux":["37210"],"code_dep":"37","code_region":"24","population":2574,"surface_km2":14.19,"lat":47.4547,"lon":0.7394},{"code_insee":"37180","nom":"Parçay-sur-Vienne","codes_postaux":["37220"],"code_dep":"37","code_region":"24","population":616,"surface_km2":18.79,"lat":47.0933,"lon":0.4829},{"code_insee":"37181","nom":"Paulmy","codes_postaux":["37350"],"code_dep":"37","code_region":"24","population":238,"surface_km2":26.62,"lat":46.983,"lon":0.8242},{"code_insee":"37182","nom":"Pernay","codes_postaux":["37230"],"code_dep":"37","code_region":"24","population":1609,"surface_km2":17.78,"lat":47.4522,"lon":0.5213},{"code_insee":"37183","nom":"Perrusson","codes_postaux":["37600"],"code_dep":"37","code_region":"24","population":1399,"surface_km2":29.22,"lat":47.0881,"lon":1.0144},{"code_insee":"37184","nom":"Le Petit-Pressigny","codes_postaux":["37350"],"code_dep":"37","code_region":"24","population":305,"surface_km2":32.61,"lat":46.9119,"lon":0.9108},{"code_insee":"37185","nom":"Pocé-sur-Cisse","codes_postaux":["37530"],"code_dep":"37","code_region":"24","population":1711,"surface_km2":10.83,"lat":47.442,"lon":0.9833},{"code_insee":"37186","nom":"Pont-de-Ruan","codes_postaux":["37260"],"code_dep":"37","code_region":"24","population":1214,"surface_km2":5.72,"lat":47.2611,"lon":0.564},{"code_insee":"37187","nom":"Ports-sur-Vienne","codes_postaux":["37800"],"code_dep":"37","code_region":"24","population":352,"surface_km2":11.08,"lat":47.0163,"lon":0.5332},{"code_insee":"37188","nom":"Pouzay","codes_postaux":["37800"],"code_dep":"37","code_region":"24","population":867,"surface_km2":14.09,"lat":47.0884,"lon":0.5502},{"code_insee":"37189","nom":"Preuilly-sur-Claise","codes_postaux":["37290"],"code_dep":"37","code_region":"24","population":1011,"surface_km2":12.2,"lat":46.8504,"lon":0.9304},{"code_insee":"37190","nom":"Pussigny","codes_postaux":["37800"],"code_dep":"37","code_region":"24","population":159,"surface_km2":8.56,"lat":46.9903,"lon":0.5447},{"code_insee":"37191","nom":"Razines","codes_postaux":["37120"],"code_dep":"37","code_region":"24","population":218,"surface_km2":14.72,"lat":46.9715,"lon":0.3946},{"code_insee":"37192","nom":"Reignac-sur-Indre","codes_postaux":["37310"],"code_dep":"37","code_region":"24","population":1288,"surface_km2":22.12,"lat":47.2213,"lon":0.9181},{"code_insee":"37193","nom":"Restigné","codes_postaux":["37140"],"code_dep":"37","code_region":"24","population":1139,"surface_km2":20.29,"lat":47.2951,"lon":0.2383},{"code_insee":"37194","nom":"Reugny","codes_postaux":["37380"],"code_dep":"37","code_region":"24","population":1759,"surface_km2":29.73,"lat":47.4857,"lon":0.8743},{"code_insee":"37195","nom":"La Riche","codes_postaux":["37520"],"code_dep":"37","code_region":"24","population":10487,"surface_km2":8.15,"lat":47.3815,"lon":0.6371},{"code_insee":"37196","nom":"Richelieu","codes_postaux":["37120"],"code_dep":"37","code_region":"24","population":1598,"surface_km2":5.0,"lat":47.0144,"lon":0.3139},{"code_insee":"37197","nom":"Rigny-Ussé","codes_postaux":["37420"],"code_dep":"37","code_region":"24","population":512,"surface_km2":13.97,"lat":47.251,"lon":0.3033},{"code_insee":"37198","nom":"Rillé","codes_postaux":["37340"],"code_dep":"37","code_region":"24","population":313,"surface_km2":23.82,"lat":47.4499,"lon":0.225},{"code_insee":"37199","nom":"Rilly-sur-Vienne","codes_postaux":["37220"],"code_dep":"37","code_region":"24","population":458,"surface_km2":13.18,"lat":47.0527,"lon":0.5032},{"code_insee":"37200","nom":"Rivarennes","codes_postaux":["37190"],"code_dep":"37","code_region":"24","population":1000,"surface_km2":18.86,"lat":47.2433,"lon":0.3621},{"code_insee":"37201","nom":"Rivière","codes_postaux":["37500"],"code_dep":"37","code_region":"24","population":699,"surface_km2":3.66,"lat":47.1431,"lon":0.2661},{"code_insee":"37202","nom":"La Roche-Clermault","codes_postaux":["37500"],"code_dep":"37","code_region":"24","population":540,"surface_km2":18.07,"lat":47.1341,"lon":0.2128},{"code_insee":"37203","nom":"Rochecorbon","codes_postaux":["37210"],"code_dep":"37","code_region":"24","population":3219,"surface_km2":16.82,"lat":47.4338,"lon":0.7605},{"code_insee":"37204","nom":"Rouziers-de-Touraine","codes_postaux":["37360"],"code_dep":"37","code_region":"24","population":1362,"surface_km2":18.04,"lat":47.528,"lon":0.6439},{"code_insee":"37205","nom":"Saché","codes_postaux":["37190"],"code_dep":"37","code_region":"24","population":1403,"surface_km2":28.01,"lat":47.2386,"lon":0.5323},{"code_insee":"37206","nom":"Saint-Antoine-du-Rocher","codes_postaux":["37360"],"code_dep":"37","code_region":"24","population":1824,"surface_km2":24.16,"lat":47.4981,"lon":0.6294},{"code_insee":"37207","nom":"Saint-Aubin-le-Dépeint","codes_postaux":["37370"],"code_dep":"37","code_region":"24","population":340,"surface_km2":15.1,"lat":47.619,"lon":0.3981},{"code_insee":"37208","nom":"Saint-Avertin","codes_postaux":["37550"],"code_dep":"37","code_region":"24","population":14999,"surface_km2":13.21,"lat":47.3545,"lon":0.7338},{"code_insee":"37210","nom":"Saint-Benoît-la-Forêt","codes_postaux":["37500"],"code_dep":"37","code_region":"24","population":842,"surface_km2":35.68,"lat":47.209,"lon":0.3215},{"code_insee":"37211","nom":"Saint-Branchs","codes_postaux":["37320"],"code_dep":"37","code_region":"24","population":2637,"surface_km2":51.94,"lat":47.2164,"lon":0.7571},{"code_insee":"37212","nom":"Sainte-Catherine-de-Fierbois","codes_postaux":["37800"],"code_dep":"37","code_region":"24","population":732,"surface_km2":15.65,"lat":47.1589,"lon":0.6789},{"code_insee":"37213","nom":"Saint-Christophe-sur-le-Nais","codes_postaux":["37370"],"code_dep":"37","code_region":"24","population":1067,"surface_km2":18.22,"lat":47.6243,"lon":0.4647},{"code_insee":"37214","nom":"Saint-Cyr-sur-Loire","codes_postaux":["37540"],"code_dep":"37","code_region":"24","population":17029,"surface_km2":13.48,"lat":47.4188,"lon":0.6554},{"code_insee":"37216","nom":"Saint-Épain","codes_postaux":["37800"],"code_dep":"37","code_region":"24","population":1471,"surface_km2":63.31,"lat":47.1505,"lon":0.5773},{"code_insee":"37217","nom":"Saint-Étienne-de-Chigny","codes_postaux":["37230"],"code_dep":"37","code_region":"24","population":1579,"surface_km2":21.33,"lat":47.3933,"lon":0.5002},{"code_insee":"37218","nom":"Saint-Flovier","codes_postaux":["37600"],"code_dep":"37","code_region":"24","population":576,"surface_km2":29.52,"lat":46.9711,"lon":1.0099},{"code_insee":"37219","nom":"Saint-Genouph","codes_postaux":["37510"],"code_dep":"37","code_region":"24","population":1019,"surface_km2":4.78,"lat":47.3733,"lon":0.5866},{"code_insee":"37220","nom":"Saint-Germain-sur-Vienne","codes_postaux":["37500"],"code_dep":"37","code_region":"24","population":360,"surface_km2":13.4,"lat":47.1825,"lon":0.1188},{"code_insee":"37221","nom":"Saint-Hippolyte","codes_postaux":["37600"],"code_dep":"37","code_region":"24","population":638,"surface_km2":32.91,"lat":47.055,"lon":1.1307},{"code_insee":"37222","nom":"Saint-Jean-Saint-Germain","codes_postaux":["37600"],"code_dep":"37","code_region":"24","population":745,"surface_km2":21.48,"lat":47.084,"lon":1.0597},{"code_insee":"37223","nom":"Saint-Laurent-de-Lin","codes_postaux":["37330"],"code_dep":"37","code_region":"24","population":347,"surface_km2":13.87,"lat":47.5133,"lon":0.2679},{"code_insee":"37224","nom":"Saint-Laurent-en-Gâtines","codes_postaux":["37380"],"code_dep":"37","code_region":"24","population":873,"surface_km2":31.76,"lat":47.5875,"lon":0.767},{"code_insee":"37225","nom":"Saint-Martin-le-Beau","codes_postaux":["37270"],"code_dep":"37","code_region":"24","population":3216,"surface_km2":19.13,"lat":47.3586,"lon":0.9078},{"code_insee":"37226","nom":"Sainte-Maure-de-Touraine","codes_postaux":["37800"],"code_dep":"37","code_region":"24","population":4092,"surface_km2":40.72,"lat":47.1099,"lon":0.6488},{"code_insee":"37228","nom":"Saint-Nicolas-de-Bourgueil","codes_postaux":["37140"],"code_dep":"37","code_region":"24","population":1116,"surface_km2":36.41,"lat":47.3002,"lon":0.1216},{"code_insee":"37229","nom":"Saint-Nicolas-des-Motets","codes_postaux":["37110"],"code_dep":"37","code_region":"24","population":238,"surface_km2":12.75,"lat":47.5836,"lon":1.0335},{"code_insee":"37230","nom":"Saint-Ouen-les-Vignes","codes_postaux":["37530"],"code_dep":"37","code_region":"24","population":963,"surface_km2":18.92,"lat":47.4821,"lon":0.9989},{"code_insee":"37231","nom":"Saint-Paterne-Racan","codes_postaux":["37370"],"code_dep":"37","code_region":"24","population":1715,"surface_km2":48.15,"lat":47.5791,"lon":0.4644},{"code_insee":"37232","nom":"Coteaux-sur-Loire","codes_postaux":["37130","37140"],"code_dep":"37","code_region":"24","population":1867,"surface_km2":44.3,"lat":47.3035,"lon":0.3109},{"code_insee":"37233","nom":"Saint-Pierre-des-Corps","codes_postaux":["37700"],"code_dep":"37","code_region":"24","population":15898,"surface_km2":11.31,"lat":47.3876,"lon":0.7334},{"code_insee":"37234","nom":"Saint-Quentin-sur-Indrois","codes_postaux":["37310"],"code_dep":"37","code_region":"24","population":484,"surface_km2":27.27,"lat":47.2108,"lon":1.0395},{"code_insee":"37236","nom":"Saint-Règle","codes_postaux":["37530"],"code_dep":"37","code_region":"24","population":599,"surface_km2":6.32,"lat":47.4102,"lon":1.0321},{"code_insee":"37237","nom":"Saint-Roch","codes_postaux":["37390"],"code_dep":"37","code_region":"24","population":1342,"surface_km2":4.81,"lat":47.447,"lon":0.5744},{"code_insee":"37238","nom":"Saint-Senoch","codes_postaux":["37600"],"code_dep":"37","code_region":"24","population":514,"surface_km2":24.13,"lat":47.0588,"lon":0.9571},{"code_insee":"37240","nom":"Saunay","codes_postaux":["37110"],"code_dep":"37","code_region":"24","population":640,"surface_km2":25.96,"lat":47.5977,"lon":0.9598},{"code_insee":"37241","nom":"Savigné-sur-Lathan","codes_postaux":["37340"],"code_dep":"37","code_region":"24","population":1305,"surface_km2":17.79,"lat":47.4445,"lon":0.3202},{"code_insee":"37242","nom":"Savigny-en-Véron","codes_postaux":["37420"],"code_dep":"37","code_region":"24","population":1541,"surface_km2":21.21,"lat":47.2096,"lon":0.1189},{"code_insee":"37243","nom":"Savonnières","codes_postaux":["37510"],"code_dep":"37","code_region":"24","population":3392,"surface_km2":17.07,"lat":47.3452,"lon":0.5574},{"code_insee":"37244","nom":"Sazilly","codes_postaux":["37220"],"code_dep":"37","code_region":"24","population":273,"surface_km2":10.64,"lat":47.1248,"lon":0.3509},{"code_insee":"37245","nom":"Semblançay","codes_postaux":["37360"],"code_dep":"37","code_region":"24","population":2200,"surface_km2":35.74,"lat":47.5014,"lon":0.5659},{"code_insee":"37246","nom":"Sennevières","codes_postaux":["37600"],"code_dep":"37","code_region":"24","population":226,"surface_km2":23.43,"lat":47.1134,"lon":1.1054},{"code_insee":"37247","nom":"Sepmes","codes_postaux":["37800"],"code_dep":"37","code_region":"24","population":604,"surface_km2":28.79,"lat":47.0837,"lon":0.6835},{"code_insee":"37248","nom":"Seuilly","codes_postaux":["37500"],"code_dep":"37","code_region":"24","population":368,"surface_km2":15.73,"lat":47.1276,"lon":0.1634},{"code_insee":"37249","nom":"Sonzay","codes_postaux":["37360"],"code_dep":"37","code_region":"24","population":1410,"surface_km2":48.22,"lat":47.5128,"lon":0.4773},{"code_insee":"37250","nom":"Sorigny","codes_postaux":["37250"],"code_dep":"37","code_region":"24","population":2938,"surface_km2":43.44,"lat":47.2281,"lon":0.6871},{"code_insee":"37251","nom":"Souvigné","codes_postaux":["37330"],"code_dep":"37","code_region":"24","population":933,"surface_km2":24.85,"lat":47.5195,"lon":0.3997},{"code_insee":"37252","nom":"Souvigny-de-Touraine","codes_postaux":["37530"],"code_dep":"37","code_region":"24","population":380,"surface_km2":25.84,"lat":47.3997,"lon":1.0825},{"code_insee":"37253","nom":"Sublaines","codes_postaux":["37310"],"code_dep":"37","code_region":"24","population":176,"surface_km2":14.48,"lat":47.2719,"lon":0.9881},{"code_insee":"37254","nom":"Tauxigny-Saint-Bauld","codes_postaux":["37310"],"code_dep":"37","code_region":"24","population":1688,"surface_km2":41.16,"lat":47.2128,"lon":0.8266},{"code_insee":"37255","nom":"Tavant","codes_postaux":["37220"],"code_dep":"37","code_region":"24","population":267,"surface_km2":5.21,"lat":47.1202,"lon":0.3857},{"code_insee":"37256","nom":"Theneuil","codes_postaux":["37220"],"code_dep":"37","code_region":"24","population":294,"surface_km2":9.95,"lat":47.0991,"lon":0.4305},{"code_insee":"37257","nom":"Thilouze","codes_postaux":["37260"],"code_dep":"37","code_region":"24","population":1815,"surface_km2":33.98,"lat":47.2204,"lon":0.6039},{"code_insee":"37258","nom":"Thizay","codes_postaux":["37500"],"code_dep":"37","code_region":"24","population":307,"surface_km2":6.83,"lat":47.165,"lon":0.1409},{"code_insee":"37259","nom":"Tournon-Saint-Pierre","codes_postaux":["37290"],"code_dep":"37","code_region":"24","population":426,"surface_km2":14.98,"lat":46.7639,"lon":0.9452},{"code_insee":"37260","nom":"La Tour-Saint-Gelin","codes_postaux":["37120"],"code_dep":"37","code_region":"24","population":501,"surface_km2":13.47,"lat":47.0636,"lon":0.3933},{"code_insee":"37261","nom":"Tours","codes_postaux":["37000","37100","37200"],"code_dep":"37","code_region":"24","population":139259,"surface_km2":33.37,"lat":47.3943,"lon":0.6949},{"code_insee":"37262","nom":"Trogues","codes_postaux":["37220"],"code_dep":"37","code_region":"24","population":285,"surface_km2":9.45,"lat":47.1113,"lon":0.5129},{"code_insee":"37263","nom":"Truyes","codes_postaux":["37320"],"code_dep":"37","code_region":"24","population":2442,"surface_km2":16.53,"lat":47.2876,"lon":0.8535},{"code_insee":"37264","nom":"Vallères","codes_postaux":["37190"],"code_dep":"37","code_region":"24","population":1345,"surface_km2":14.76,"lat":47.3073,"lon":0.4722},{"code_insee":"37265","nom":"Varennes","codes_postaux":["37600"],"code_dep":"37","code_region":"24","population":250,"surface_km2":11.07,"lat":47.074,"lon":0.9151},{"code_insee":"37266","nom":"Veigné","codes_postaux":["37250"],"code_dep":"37","code_region":"24","population":6865,"surface_km2":27.0,"lat":47.286,"lon":0.7243},{"code_insee":"37267","nom":"Véretz","codes_postaux":["37270"],"code_dep":"37","code_region":"24","population":4644,"surface_km2":13.32,"lat":47.3497,"lon":0.8149},{"code_insee":"37268","nom":"Verneuil-le-Château","codes_postaux":["37120"],"code_dep":"37","code_region":"24","population":124,"surface_km2":8.39,"lat":47.0427,"lon":0.4571},{"code_insee":"37269","nom":"Verneuil-sur-Indre","codes_postaux":["37600"],"code_dep":"37","code_region":"24","population":466,"surface_km2":40.64,"lat":47.0394,"lon":1.0312},{"code_insee":"37270","nom":"Vernou-sur-Brenne","codes_postaux":["37210"],"code_dep":"37","code_region":"24","population":2870,"surface_km2":25.84,"lat":47.4399,"lon":0.8407},{"code_insee":"37271","nom":"Villaines-les-Rochers","codes_postaux":["37190"],"code_dep":"37","code_region":"24","population":1051,"surface_km2":12.66,"lat":47.2229,"lon":0.4979},{"code_insee":"37272","nom":"Villandry","codes_postaux":["37510"],"code_dep":"37","code_region":"24","population":1143,"surface_km2":17.76,"lat":47.3321,"lon":0.4898},{"code_insee":"37273","nom":"La Ville-aux-Dames","codes_postaux":["37700"],"code_dep":"37","code_region":"24","population":5606,"surface_km2":7.97,"lat":47.3894,"lon":0.7739},{"code_insee":"37274","nom":"Villebourg","codes_postaux":["37370"],"code_dep":"37","code_region":"24","population":303,"surface_km2":12.34,"lat":47.6343,"lon":0.5321},{"code_insee":"37275","nom":"Villedômain","codes_postaux":["37460"],"code_dep":"37","code_region":"24","population":129,"surface_km2":16.63,"lat":47.0459,"lon":1.2502},{"code_insee":"37276","nom":"Villedômer","codes_postaux":["37110"],"code_dep":"37","code_region":"24","population":1290,"surface_km2":35.22,"lat":47.55,"lon":0.8681},{"code_insee":"37277","nom":"Villeloin-Coulangé","codes_postaux":["37460"],"code_dep":"37","code_region":"24","population":580,"surface_km2":35.02,"lat":47.1341,"lon":1.2303},{"code_insee":"37278","nom":"Villeperdue","codes_postaux":["37260"],"code_dep":"37","code_region":"24","population":1126,"surface_km2":12.03,"lat":47.202,"lon":0.6369},{"code_insee":"37279","nom":"Villiers-au-Bouin","codes_postaux":["37330"],"code_dep":"37","code_region":"24","population":727,"surface_km2":30.4,"lat":47.58,"lon":0.2848},{"code_insee":"37280","nom":"Vou","codes_postaux":["37240"],"code_dep":"37","code_region":"24","population":247,"surface_km2":22.14,"lat":47.0926,"lon":0.8456},{"code_insee":"37281","nom":"Vouvray","codes_postaux":["37210"],"code_dep":"37","code_region":"24","population":3420,"surface_km2":23.09,"lat":47.4311,"lon":0.8044},{"code_insee":"37282","nom":"Yzeures-sur-Creuse","codes_postaux":["37290"],"code_dep":"37","code_region":"24","population":1348,"surface_km2":55.52,"lat":46.7873,"lon":0.8772}]