[{"code_insee":"38001","nom":"Les Abrets en Dauphiné","codes_postaux":["38490"],"code_dep":"38","code_region":"84","population":6850,"surface_km2":27.63,"lat":45.5314,"lon":5.5852,"fibre_pct":93.9},{"code_insee":"38002","nom":"Les Adrets","codes_postaux":["38190"],"code_dep":"38","code_region":"84","population":1079,"surface_km2":16.27,"lat":45.2571,"lon":5.9874,"fibre_pct":97.4},{"code_insee":"38003","nom":"Agnin","codes_postaux":["38150"],"code_dep":"38","code_region":"84","population":1245,"surface_km2":7.97,"lat":45.3347,"lon":4.8598,"fibre_pct":98.1},{"code_insee":"38004","nom":"L'Albenc","codes_postaux":["38470"],"code_dep":"38","code_region":"84","population":1255,"surface_km2":10.2,"lat":45.2199,"lon":5.4598,"fibre_pct":97.8},{"code_insee":"38005","nom":"Allemond","codes_postaux":["38114"],"code_dep":"38","code_region":"84","population":971,"surface_km2":56.63,"lat":45.1777,"lon":6.0184,"fibre_pct":98.7},{"code_insee":"38006","nom":"Allevard","codes_postaux":["38580"],"code_dep":"38","code_region":"84","population":3971,"surface_km2":35.1,"lat":45.3776,"lon":6.1189,"fibre_pct":95.0},{"code_insee":"38008","nom":"Ambel","codes_postaux":["38970"],"code_dep":"38","code_region":"84","population":35,"surface_km2":4.87,"lat":44.7997,"lon":5.9348,"fibre_pct":98.0},{"code_insee":"38009","nom":"Anjou","codes_postaux":["38150"],"code_dep":"38","code_region":"84","population":1031,"surface_km2":5.13,"lat":45.3493,"lon":4.882,"fibre_pct":96.4},{"code_insee":"38010","nom":"Annoisin-Chatelans","codes_postaux":["38460"],"code_dep":"38","code_region":"84","population":719,"surface_km2":13.37,"lat":45.7657,"lon":5.289,"fibre_pct":99.7},{"code_insee":"38011","nom":"Anthon","codes_postaux":["38280"],"code_dep":"38","code_region":"84","population":1154,"surface_km2":9.08,"lat":45.7812,"lon":5.1583,"fibre_pct":98.8},{"code_insee":"38012","nom":"Aoste","codes_postaux":["38490"],"code_dep":"38","code_region":"84","population":2876,"surface_km2":10.01,"lat":45.6015,"lon":5.611,"fibre_pct":96.4},{"code_insee":"38013","nom":"Apprieu","codes_postaux":["38140"],"code_dep":"38","code_region":"84","population":3615,"surface_km2":15.39,"lat":45.3918,"lon":5.4983,"fibre_pct":91.6},{"code_insee":"38015","nom":"Artas","codes_postaux":["38440"],"code_dep":"38","code_region":"84","population":1799,"surface_km2":14.2,"lat":45.5385,"lon":5.1676,"fibre_pct":96.9},{"code_insee":"38017","nom":"Assieu","codes_postaux":["38150"],"code_dep":"38","code_region":"84","population":1726,"surface_km2":12.3,"lat":45.4102,"lon":4.88,"fibre_pct":99.1},{"code_insee":"38018","nom":"Auberives-en-Royans","codes_postaux":["38680"],"code_dep":"38","code_region":"84","population":367,"surface_km2":5.13,"lat":45.0656,"lon":5.312,"fibre_pct":96.9},{"code_insee":"38019","nom":"Auberives-sur-Varèze","codes_postaux":["38550"],"code_dep":"38","code_region":"84","population":1501,"surface_km2":7.04,"lat":45.426,"lon":4.8162,"fibre_pct":99.6},{"code_insee":"38020","nom":"Auris","codes_postaux":["38142"],"code_dep":"38","code_region":"84","population":189,"surface_km2":13.53,"lat":45.0496,"lon":6.0843,"fibre_pct":95.7},{"code_insee":"38022","nom":"Les Avenières Veyrins-Thuellin","codes_postaux":["38630"],"code_dep":"38","code_region":"84","population":7698,"surface_km2":41.48,"lat":45.6413,"lon":5.5567,"fibre_pct":96.2},{"code_insee":"38023","nom":"Avignonet","codes_postaux":["38650"],"code_dep":"38","code_region":"84","population":203,"surface_km2":9.01,"lat":44.9562,"lon":5.6671,"fibre_pct":98.7},{"code_insee":"38026","nom":"La Balme-les-Grottes","codes_postaux":["38390"],"code_dep":"38","code_region":"84","population":1146,"surface_km2":14.5,"lat":45.8435,"lon":5.3196,"fibre_pct":95.9},{"code_insee":"38027","nom":"Barraux","codes_postaux":["38530"],"code_dep":"38","code_region":"84","population":2016,"surface_km2":11.25,"lat":45.432,"lon":5.9817,"fibre_pct":97.2},{"code_insee":"38029","nom":"La Bâtie-Montgascon","codes_postaux":["38110"],"code_dep":"38","code_region":"84","population":2035,"surface_km2":8.46,"lat":45.5744,"lon":5.5391,"fibre_pct":93.7},{"code_insee":"38030","nom":"Beaucroissant","codes_postaux":["38140"],"code_dep":"38","code_region":"84","population":1790,"surface_km2":11.21,"lat":45.3437,"lon":5.4694,"fibre_pct":97.8},{"code_insee":"38031","nom":"Beaufin","codes_postaux":["38970"],"code_dep":"38","code_region":"84","population":19,"surface_km2":6.54,"lat":44.788,"lon":5.9615,"fibre_pct":93.5},{"code_insee":"38032","nom":"Beaufort","codes_postaux":["38270"],"code_dep":"38","code_region":"84","population":573,"surface_km2":8.65,"lat":45.3292,"lon":5.1154,"fibre_pct":99.7},{"code_insee":"38033","nom":"Beaulieu","codes_postaux":["38470"],"code_dep":"38","code_region":"84","population":635,"surface_km2":8.82,"lat":45.1895,"lon":5.3975,"fibre_pct":98.4},{"code_insee":"38034","nom":"Beaurepaire","codes_postaux":["38270"],"code_dep":"38","code_region":"84","population":5010,"surface_km2":18.44,"lat":45.3376,"lon":5.0439,"fibre_pct":92.7},{"code_insee":"38035","nom":"Beauvoir-de-Marc","codes_postaux":["38440"],"code_dep":"38","code_region":"84","population":1098,"surface_km2":11.39,"lat":45.5183,"lon":5.0807,"fibre_pct":99.1},{"code_insee":"38036","nom":"Beauvoir-en-Royans","codes_postaux":["38160"],"code_dep":"38","code_region":"84","population":96,"surface_km2":2.05,"lat":45.1168,"lon":5.3481,"fibre_pct":78.0},{"code_insee":"38037","nom":"Bellegarde-Poussieu","codes_postaux":["38270"],"code_dep":"38","code_region":"84","population":1007,"surface_km2":16.91,"lat":45.3755,"lon":4.95,"fibre_pct":95.7},{"code_insee":"38038","nom":"Belmont","codes_postaux":["38690"],"code_dep":"38","code_region":"84","population":636,"surface_km2":6.52,"lat":45.4724,"lon":5.3602,"fibre_pct":99.0},{"code_insee":"38039","nom":"Bernin","codes_postaux":["38190"],"code_dep":"38","code_region":"84","population":3334,"surface_km2":7.78,"lat":45.2636,"lon":5.8624,"fibre_pct":92.7},{"code_insee":"38040","nom":"Besse","codes_postaux":["38142"],"code_dep":"38","code_region":"84","population":154,"surface_km2":50.95,"lat":45.1106,"lon":6.2088,"fibre_pct":99.7},{"code_insee":"38041","nom":"Bessins","codes_postaux":["38160"],"code_dep":"38","code_region":"84","population":123,"surface_km2":4.6,"lat":45.2053,"lon":5.2627,"fibre_pct":90.6},{"code_insee":"38042","nom":"Bévenais","codes_postaux":["38690"],"code_dep":"38","code_region":"84","population":1049,"surface_km2":14.27,"lat":45.3946,"lon":5.3924,"fibre_pct":97.6},{"code_insee":"38043","nom":"Bilieu","codes_postaux":["38850"],"code_dep":"38","code_region":"84","population":1578,"surface_km2":7.58,"lat":45.4455,"lon":5.55,"fibre_pct":95.4},{"code_insee":"38044","nom":"Biol","codes_postaux":["38690"],"code_dep":"38","code_region":"84","population":1594,"surface_km2":15.77,"lat":45.4971,"lon":5.3674,"fibre_pct":97.1},{"code_insee":"38045","nom":"Biviers","codes_postaux":["38330"],"code_dep":"38","code_region":"84","population":2377,"surface_km2":6.32,"lat":45.2444,"lon":5.7985,"fibre_pct":97.9},{"code_insee":"38046","nom":"Bizonnes","codes_postaux":["38690"],"code_dep":"38","code_region":"84","population":1028,"surface_km2":11.11,"lat":45.448,"lon":5.3777,"fibre_pct":99.6},{"code_insee":"38047","nom":"Blandin","codes_postaux":["38730"],"code_dep":"38","code_region":"84","population":158,"surface_km2":4.29,"lat":45.4791,"lon":5.4487,"fibre_pct":100.0},{"code_insee":"38048","nom":"Bonnefamille","codes_postaux":["38090"],"code_dep":"38","code_region":"84","population":1114,"surface_km2":9.44,"lat":45.599,"lon":5.1087,"fibre_pct":96.4},{"code_insee":"38049","nom":"Bossieu","codes_postaux":["38260"],"code_dep":"38","code_region":"84","population":326,"surface_km2":13.61,"lat":45.4189,"lon":5.1534,"fibre_pct":96.3},{"code_insee":"38050","nom":"Le Bouchage","codes_postaux":["38510"],"code_dep":"38","code_region":"84","population":655,"surface_km2":11.28,"lat":45.6689,"lon":5.5288,"fibre_pct":98.9},{"code_insee":"38051","nom":"Bougé-Chambalud","codes_postaux":["38150"],"code_dep":"38","code_region":"84","population":1467,"surface_km2":15.83,"lat":45.3188,"lon":4.8977,"fibre_pct":93.3},{"code_insee":"38052","nom":"Le Bourg-d'Oisans","codes_postaux":["38520"],"code_dep":"38","code_region":"84","population":2617,"surface_km2":55.96,"lat":45.0367,"lon":6.0275,"fibre_pct":88.9},{"code_insee":"38053","nom":"Bourgoin-Jallieu","codes_postaux":["38300"],"code_dep":"38","code_region":"84","population":30151,"surface_km2":24.65,"lat":45.6025,"lon":5.2747,"fibre_pct":96.6},{"code_insee":"38054","nom":"Bouvesse-Quirieu","codes_postaux":["38390"],"code_dep":"38","code_region":"84","population":1524,"surface_km2":17.78,"lat":45.7794,"lon":5.4193,"fibre_pct":99.9},{"code_insee":"38055","nom":"Brangues","codes_postaux":["38510"],"code_dep":"38","code_region":"84","population":614,"surface_km2":11.62,"lat":45.6952,"lon":5.5422,"fibre_pct":98.8},{"code_insee":"38056","nom":"Bressieux","codes_postaux":["38870"],"code_dep":"38","code_region":"84","population":93,"surface_km2":0.9,"lat":45.3217,"lon":5.2785,"fibre_pct":98.2},{"code_insee":"38057","nom":"Bresson","codes_postaux":["38320"],"code_dep":"38","code_region":"84","population":663,"surface_km2":2.78,"lat":45.133,"lon":5.7498,"fibre_pct":92.2},{"code_insee":"38058","nom":"Brézins","codes_postaux":["38590"],"code_dep":"38","code_region":"84","population":2312,"surface_km2":8.27,"lat":45.3475,"lon":5.3058,"fibre_pct":95.7},{"code_insee":"38059","nom":"Brié-et-Angonnes","codes_postaux":["38320"],"code_dep":"38","code_region":"84","population":2497,"surface_km2":9.81,"lat":45.122,"lon":5.78,"fibre_pct":99.0},{"code_insee":"38060","nom":"Brion","codes_postaux":["38590"],"code_dep":"38","code_region":"84","population":141,"surface_km2":3.95,"lat":45.2929,"lon":5.3416,"fibre_pct":93.1},{"code_insee":"38061","nom":"La Buisse","codes_postaux":["38500"],"code_dep":"38","code_region":"84","population":3500,"surface_km2":11.75,"lat":45.3319,"lon":5.6245,"fibre_pct":95.1},{"code_insee":"38062","nom":"La Buissière","codes_postaux":["38530"],"code_dep":"38","code_region":"84","population":827,"surface_km2":7.59,"lat":45.4101,"lon":5.9832,"fibre_pct":97.6},{"code_insee":"38063","nom":"Burcin","codes_postaux":["38690"],"code_dep":"38","code_region":"84","population":430,"surface_km2":6.75,"lat":45.4332,"lon":5.4467,"fibre_pct":100.0},{"code_insee":"38064","nom":"Cessieu","codes_postaux":["38110"],"code_dep":"38","code_region":"84","population":3259,"surface_km2":14.5,"lat":45.5694,"lon":5.3746,"fibre_pct":98.9},{"code_insee":"38065","nom":"Châbons","codes_postaux":["38690"],"code_dep":"38","code_region":"84","population":2133,"surface_km2":18.53,"lat":45.4477,"lon":5.428,"fibre_pct":97.3},{"code_insee":"38066","nom":"Chalon","codes_postaux":["38122"],"code_dep":"38","code_region":"84","population":176,"surface_km2":5.2,"lat":45.4496,"lon":4.9393,"fibre_pct":100.0},{"code_insee":"38067","nom":"Chamagnieu","codes_postaux":["38460"],"code_dep":"38","code_region":"84","population":1822,"surface_km2":13.81,"lat":45.6887,"lon":5.1679,"fibre_pct":97.8},{"code_insee":"38068","nom":"Champagnier","codes_postaux":["38800"],"code_dep":"38","code_region":"84","population":1557,"surface_km2":6.86,"lat":45.1128,"lon":5.7213,"fibre_pct":95.7},{"code_insee":"38069","nom":"Champier","codes_postaux":["38260"],"code_dep":"38","code_region":"84","population":1582,"surface_km2":14.16,"lat":45.4578,"lon":5.2861,"fibre_pct":98.2},{"code_insee":"38070","nom":"Le Champ-près-Froges","codes_postaux":["38190"],"code_dep":"38","code_region":"84","population":1289,"surface_km2":4.9,"lat":45.2808,"lon":5.9391,"fibre_pct":97.3},{"code_insee":"38071","nom":"Champ-sur-Drac","codes_postaux":["38560"],"code_dep":"38","code_region":"84","population":3335,"surface_km2":8.87,"lat":45.07,"lon":5.724,"fibre_pct":97.2},{"code_insee":"38072","nom":"Chanas","codes_postaux":["38150"],"code_dep":"38","code_region":"84","population":2706,"surface_km2":11.58,"lat":45.3193,"lon":4.8327,"fibre_pct":92.9},{"code_insee":"38073","nom":"Chantepérier","codes_postaux":["38740"],"code_dep":"38","code_region":"84","population":213,"surface_km2":81.52,"lat":44.9606,"lon":5.9794,"fibre_pct":94.9},{"code_insee":"38074","nom":"Chantesse","codes_postaux":["38470"],"code_dep":"38","code_region":"84","population":397,"surface_km2":5.84,"lat":45.2448,"lon":5.4489,"fibre_pct":100.0},{"code_insee":"38075","nom":"Chapareillan","codes_postaux":["38530"],"code_dep":"38","code_region":"84","population":3065,"surface_km2":30.46,"lat":45.4623,"lon":5.9576,"fibre_pct":96.0},{"code_insee":"38076","nom":"La Chapelle-de-la-Tour","codes_postaux":["38110"],"code_dep":"38","code_region":"84","population":1992,"surface_km2":9.11,"lat":45.5913,"lon":5.4788,"fibre_pct":98.9},{"code_insee":"38077","nom":"La Chapelle-de-Surieu","codes_postaux":["38150"],"code_dep":"38","code_region":"84","population":757,"surface_km2":11.22,"lat":45.3941,"lon":4.9186,"fibre_pct":97.5},{"code_insee":"38078","nom":"La Chapelle-du-Bard","codes_postaux":["38580"],"code_dep":"38","code_region":"84","population":541,"surface_km2":27.15,"lat":45.3993,"lon":6.1391,"fibre_pct":98.4},{"code_insee":"38080","nom":"Charancieu","codes_postaux":["38490"],"code_dep":"38","code_region":"84","population":738,"surface_km2":5.54,"lat":45.5191,"lon":5.5789,"fibre_pct":97.9},{"code_insee":"38081","nom":"Charantonnay","codes_postaux":["38790"],"code_dep":"38","code_region":"84","population":2019,"surface_km2":11.12,"lat":45.5375,"lon":5.1171,"fibre_pct":98.6},{"code_insee":"38082","nom":"Charavines","codes_postaux":["38850"],"code_dep":"38","code_region":"84","population":2003,"surface_km2":8.3,"lat":45.4231,"lon":5.5166,"fibre_pct":90.9},{"code_insee":"38083","nom":"Charette","codes_postaux":["38390"],"code_dep":"38","code_region":"84","population":445,"surface_km2":11.37,"lat":45.8045,"lon":5.3593,"fibre_pct":100.0},{"code_insee":"38084","nom":"Charnècles","codes_postaux":["38140"],"code_dep":"38","code_region":"84","population":1517,"surface_km2":5.23,"lat":45.3411,"lon":5.5283,"fibre_pct":96.6},{"code_insee":"38085","nom":"Charvieu-Chavagneux","codes_postaux":["38230"],"code_dep":"38","code_region":"84","population":10547,"surface_km2":8.5,"lat":45.7386,"lon":5.1522,"fibre_pct":97.2},{"code_insee":"38086","nom":"Chasselay","codes_postaux":["38470"],"code_dep":"38","code_region":"84","population":444,"surface_km2":9.47,"lat":45.2624,"lon":5.3404,"fibre_pct":95.2},{"code_insee":"38087","nom":"Chasse-sur-Rhône","codes_postaux":["38670"],"code_dep":"38","code_region":"84","population":6588,"surface_km2":7.89,"lat":45.578,"lon":4.8129,"fibre_pct":98.4},{"code_insee":"38089","nom":"Chassignieu","codes_postaux":["38730"],"code_dep":"38","code_region":"84","population":225,"surface_km2":5.24,"lat":45.5014,"lon":5.5138,"fibre_pct":98.6},{"code_insee":"38090","nom":"Château-Bernard","codes_postaux":["38650"],"code_dep":"38","code_region":"84","population":295,"surface_km2":18.35,"lat":44.9829,"lon":5.565,"fibre_pct":98.9},{"code_insee":"38091","nom":"Châteauvilain","codes_postaux":["38300"],"code_dep":"38","code_region":"84","population":737,"surface_km2":8.94,"lat":45.5142,"lon":5.3318,"fibre_pct":96.1},{"code_insee":"38092","nom":"Châtelus","codes_postaux":["38680"],"code_dep":"38","code_region":"84","population":97,"surface_km2":12.57,"lat":45.0533,"lon":5.3994,"fibre_pct":96.0},{"code_insee":"38093","nom":"Châtenay","codes_postaux":["38980"],"code_dep":"38","code_region":"84","population":433,"surface_km2":4.63,"lat":45.3245,"lon":5.2268,"fibre_pct":99.1},{"code_insee":"38094","nom":"Châtonnay","codes_postaux":["38440"],"code_dep":"38","code_region":"84","population":2009,"surface_km2":31.62,"lat":45.4784,"lon":5.2225,"fibre_pct":98.1},{"code_insee":"38095","nom":"Chatte","codes_postaux":["38160"],"code_dep":"38","code_region":"84","population":2518,"surface_km2":22.86,"lat":45.1419,"lon":5.2815,"fibre_pct":97.9},{"code_insee":"38097","nom":"Chavanoz","codes_postaux":["38230"],"code_dep":"38","code_region":"84","population":5126,"surface_km2":8.28,"lat":45.7696,"lon":5.1719,"fibre_pct":93.5},{"code_insee":"38098","nom":"Chélieu","codes_postaux":["38730"],"code_dep":"38","code_region":"84","population":733,"surface_km2":10.16,"lat":45.5046,"lon":5.4771,"fibre_pct":99.5},{"code_insee":"38099","nom":"Chevrières","codes_postaux":["38160"],"code_dep":"38","code_region":"84","population":742,"surface_km2":16.46,"lat":45.1949,"lon":5.2947,"fibre_pct":98.7},{"code_insee":"38100","nom":"Le Cheylas","codes_postaux":["38570"],"code_dep":"38","code_region":"84","population":2389,"surface_km2":8.5,"lat":45.3798,"lon":6.0046,"fibre_pct":96.1},{"code_insee":"38101","nom":"Cheyssieu","codes_postaux":["38550"],"code_dep":"38","code_region":"84","population":1074,"surface_km2":8.58,"lat":45.4266,"lon":4.8423,"fibre_pct":97.9},{"code_insee":"38102","nom":"Chèzeneuve","codes_postaux":["38300"],"code_dep":"38","code_region":"84","population":654,"surface_km2":6.8,"lat":45.5617,"lon":5.2151,"fibre_pct":90.1},{"code_insee":"38103","nom":"Chichilianne","codes_postaux":["38930"],"code_dep":"38","code_region":"84","population":336,"surface_km2":61.94,"lat":44.8088,"lon":5.5356,"fibre_pct":98.1},{"code_insee":"38104","nom":"Chimilin","codes_postaux":["38490"],"code_dep":"38","code_region":"84","population":1417,"surface_km2":9.7,"lat":45.5723,"lon":5.5884,"fibre_pct":95.0},{"code_insee":"38105","nom":"Chirens","codes_postaux":["38850"],"code_dep":"38","code_region":"84","population":2546,"surface_km2":17.57,"lat":45.4148,"lon":5.5587,"fibre_pct":90.6},{"code_insee":"38106","nom":"Cholonge","codes_postaux":["38220"],"code_dep":"38","code_region":"84","population":339,"surface_km2":9.75,"lat":45.0107,"lon":5.8011,"fibre_pct":91.4},{"code_insee":"38107","nom":"Chonas-l'Amballan","codes_postaux":["38121"],"code_dep":"38","code_region":"84","population":1729,"surface_km2":7.42,"lat":45.4647,"lon":4.8041,"fibre_pct":97.8},{"code_insee":"38108","nom":"Choranche","codes_postaux":["38680"],"code_dep":"38","code_region":"84","population":144,"surface_km2":10.69,"lat":45.0744,"lon":5.399,"fibre_pct":98.8},{"code_insee":"38109","nom":"Chozeau","codes_postaux":["38460"],"code_dep":"38","code_region":"84","population":987,"surface_km2":8.24,"lat":45.6987,"lon":5.2083,"fibre_pct":99.3},{"code_insee":"38110","nom":"Chuzelles","codes_postaux":["38200"],"code_dep":"38","code_region":"84","population":2366,"surface_km2":13.35,"lat":45.577,"lon":4.8792,"fibre_pct":97.4},{"code_insee":"38111","nom":"Claix","codes_postaux":["38640"],"code_dep":"38","code_region":"84","population":7836,"surface_km2":23.47,"lat":45.1187,"lon":5.659,"fibre_pct":94.0},{"code_insee":"38112","nom":"Clavans-en-Haut-Oisans","codes_postaux":["38142"],"code_dep":"38","code_region":"84","population":73,"surface_km2":35.78,"lat":45.1034,"lon":6.1683,"fibre_pct":88.3},{"code_insee":"38113","nom":"Clelles","codes_postaux":["38930"],"code_dep":"38","code_region":"84","population":596,"surface_km2":20.86,"lat":44.8255,"lon":5.6268,"fibre_pct":95.9},{"code_insee":"38114","nom":"Clonas-sur-Varèze","codes_postaux":["38550"],"code_dep":"38","code_region":"84","population":1535,"surface_km2":6.77,"lat":45.4172,"lon":4.7902,"fibre_pct":99.6},{"code_insee":"38115","nom":"Saint-Martin-de-la-Cluze","codes_postaux":["38650"],"code_dep":"38","code_region":"84","population":754,"surface_km2":16.49,"lat":44.9909,"lon":5.6617,"fibre_pct":97.2},{"code_insee":"38116","nom":"Cognet","codes_postaux":["38350"],"code_dep":"38","code_region":"84","population":35,"surface_km2":1.95,"lat":44.8815,"lon":5.7741,"fibre_pct":81.1},{"code_insee":"38117","nom":"Cognin-les-Gorges","codes_postaux":["38470"],"code_dep":"38","code_region":"84","population":615,"surface_km2":12.68,"lat":45.1715,"lon":5.4167,"fibre_pct":93.5},{"code_insee":"38118","nom":"Colombe","codes_postaux":["38690"],"code_dep":"38","code_region":"84","population":1890,"surface_km2":13.27,"lat":45.3934,"lon":5.4488,"fibre_pct":98.0},{"code_insee":"38120","nom":"La Combe-de-Lancey","codes_postaux":["38190"],"code_dep":"38","code_region":"84","population":745,"surface_km2":18.77,"lat":45.1964,"lon":5.9258,"fibre_pct":98.5},{"code_insee":"38124","nom":"Corbelin","codes_postaux":["38630"],"code_dep":"38","code_region":"84","population":2375,"surface_km2":12.12,"lat":45.6004,"lon":5.5502,"fibre_pct":96.7},{"code_insee":"38126","nom":"Corenc","codes_postaux":["38700"],"code_dep":"38","code_region":"84","population":4215,"surface_km2":6.17,"lat":45.2264,"lon":5.7599,"fibre_pct":99.3},{"code_insee":"38127","nom":"Cornillon-en-Trièves","codes_postaux":["38710"],"code_dep":"38","code_region":"84","population":173,"surface_km2":14.05,"lat":44.8405,"lon":5.6991,"fibre_pct":93.5},{"code_insee":"38128","nom":"Corps","codes_postaux":["38970"],"code_dep":"38","code_region":"84","population":421,"surface_km2":11.15,"lat":44.8189,"lon":5.9358,"fibre_pct":95.1},{"code_insee":"38129","nom":"Corrençon-en-Vercors","codes_postaux":["38250"],"code_dep":"38","code_region":"84","population":374,"surface_km2":39.3,"lat":45.0113,"lon":5.5221,"fibre_pct":96.6},{"code_insee":"38130","nom":"La Côte-Saint-André","codes_postaux":["38260"],"code_dep":"38","code_region":"84","population":4873,"surface_km2":28.13,"lat":45.3844,"lon":5.2586,"fibre_pct":89.8},{"code_insee":"38131","nom":"Les Côtes-d'Arey","codes_postaux":["38138"],"code_dep":"38","code_region":"84","population":2023,"surface_km2":24.21,"lat":45.4594,"lon":4.8725,"fibre_pct":94.9},{"code_insee":"38132","nom":"Les Côtes-de-Corps","codes_postaux":["38970"],"code_dep":"38","code_region":"84","population":74,"surface_km2":9.85,"lat":44.8434,"lon":5.9256,"fibre_pct":62.9},{"code_insee":"38133","nom":"Coublevie","codes_postaux":["38500"],"code_dep":"38","code_region":"84","population":5520,"surface_km2":6.98,"lat":45.3573,"lon":5.618,"fibre_pct":95.7},{"code_insee":"38134","nom":"Cour-et-Buis","codes_postaux":["38122"],"code_dep":"38","code_region":"84","population":920,"surface_km2":13.89,"lat":45.4361,"lon":5.0267,"fibre_pct":98.4},{"code_insee":"38135","nom":"Courtenay","codes_postaux":["38510"],"code_dep":"38","code_region":"84","population":1277,"surface_km2":32.22,"lat":45.7396,"lon":5.3887,"fibre_pct":99.1},{"code_insee":"38136","nom":"Crachier","codes_postaux":["38300"],"code_dep":"38","code_region":"84","population":600,"surface_km2":3.71,"lat":45.5462,"lon":5.2194,"fibre_pct":93.8},{"code_insee":"38137","nom":"Cras","codes_postaux":["38210"],"code_dep":"38","code_region":"84","population":407,"surface_km2":5.51,"lat":45.2733,"lon":5.4401,"fibre_pct":99.1},{"code_insee":"38138","nom":"Crémieu","codes_postaux":["38460"],"code_dep":"38","code_region":"84","population":3536,"surface_km2":6.23,"lat":45.7314,"lon":5.2635,"fibre_pct":90.6},{"code_insee":"38139","nom":"Creys-Mépieu","codes_postaux":["38510"],"code_dep":"38","code_region":"84","population":1613,"surface_km2":29.43,"lat":45.7444,"lon":5.4695,"fibre_pct":96.0},{"code_insee":"38140","nom":"Crolles","codes_postaux":["38920"],"code_dep":"38","code_region":"84","population":8609,"surface_km2":14.58,"lat":45.2816,"lon":5.8853,"fibre_pct":96.7},{"code_insee":"38141","nom":"Culin","codes_postaux":["38300"],"code_dep":"38","code_region":"84","population":790,"surface_km2":7.38,"lat":45.5215,"lon":5.2493,"fibre_pct":100.0},{"code_insee":"38144","nom":"Diémoz","codes_postaux":["38790"],"code_dep":"38","code_region":"84","population":2947,"surface_km2":13.89,"lat":45.5911,"lon":5.0893,"fibre_pct":95.2},{"code_insee":"38146","nom":"Dizimieu","codes_postaux":["38460"],"code_dep":"38","code_region":"84","population":835,"surface_km2":9.7,"lat":45.7112,"lon":5.2846,"fibre_pct":99.5},{"code_insee":"38147","nom":"Doissin","codes_postaux":["38730"],"code_dep":"38","code_region":"84","population":876,"surface_km2":8.48,"lat":45.499,"lon":5.4248,"fibre_pct":99.6},{"code_insee":"38148","nom":"Dolomieu","codes_postaux":["38110"],"code_dep":"38","code_region":"84","population":3173,"surface_km2":13.4,"lat":45.6179,"lon":5.4759,"fibre_pct":98.2},{"code_insee":"38149","nom":"Domarin","codes_postaux":["38300"],"code_dep":"38","code_region":"84","population":1659,"surface_km2":3.02,"lat":45.5827,"lon":5.2491,"fibre_pct":88.8},{"code_insee":"38150","nom":"Domène","codes_postaux":["38420"],"code_dep":"38","code_region":"84","population":6835,"surface_km2":5.41,"lat":45.2053,"lon":5.8367,"fibre_pct":95.3},{"code_insee":"38151","nom":"Échirolles","codes_postaux":["38130"],"code_dep":"38","code_region":"84","population":37491,"surface_km2":7.88,"lat":45.1441,"lon":5.7148,"fibre_pct":96.7},{"code_insee":"38152","nom":"Eclose-Badinières","codes_postaux":["38300"],"code_dep":"38","code_region":"84","population":1515,"surface_km2":16.37,"lat":45.4998,"lon":5.2987,"fibre_pct":98.3},{"code_insee":"38153","nom":"Engins","codes_postaux":["38360"],"code_dep":"38","code_region":"84","population":422,"surface_km2":20.9,"lat":45.1928,"lon":5.6175,"fibre_pct":95.6},{"code_insee":"38154","nom":"Entraigues","codes_postaux":["38740"],"code_dep":"38","code_region":"84","population":225,"surface_km2":21.5,"lat":44.8926,"lon":5.9663,"fibre_pct":90.0},{"code_insee":"38155","nom":"Entre-deux-Guiers","codes_postaux":["38380"],"code_dep":"38","code_region":"84","population":1915,"surface_km2":10.49,"lat":45.4119,"lon":5.757,"fibre_pct":99.2},{"code_insee":"38156","nom":"Les Éparres","codes_postaux":["38300"],"code_dep":"38","code_region":"84","population":1028,"surface_km2":7.83,"lat":45.5371,"lon":5.2908,"fibre_pct":96.9},{"code_insee":"38157","nom":"Estrablin","codes_postaux":["38780"],"code_dep":"38","code_region":"84","population":3677,"surface_km2":20.75,"lat":45.5094,"lon":4.9662,"fibre_pct":94.9},{"code_insee":"38158","nom":"Eybens","codes_postaux":["38320"],"code_dep":"38","code_region":"84","population":10493,"surface_km2":4.53,"lat":45.1526,"lon":5.7487,"fibre_pct":99.0},{"code_insee":"38159","nom":"Eydoche","codes_postaux":["38690"],"code_dep":"38","code_region":"84","population":543,"surface_km2":5.69,"lat":45.4439,"lon":5.3355,"fibre_pct":96.9},{"code_insee":"38160","nom":"Eyzin-Pinet","codes_postaux":["38780"],"code_dep":"38","code_region":"84","population":2285,"surface_km2":28.45,"lat":45.4777,"lon":4.9977,"fibre_pct":95.5},{"code_insee":"38161","nom":"Faramans","codes_postaux":["38260"],"code_dep":"38","code_region":"84","population":1143,"surface_km2":10.78,"lat":45.3865,"lon":5.1548,"fibre_pct":94.8},{"code_insee":"38162","nom":"Faverges-de-la-Tour","codes_postaux":["38110"],"code_dep":"38","code_region":"84","population":1487,"surface_km2":7.68,"lat":45.5952,"lon":5.5121,"fibre_pct":98.9},{"code_insee":"38163","nom":"Le Haut-Bréda","codes_postaux":["38580"],"code_dep":"38","code_region":"84","population":456,"surface_km2":118.67,"lat":45.3017,"lon":6.1095,"fibre_pct":85.8},{"code_insee":"38166","nom":"La Flachère","codes_postaux":["38530"],"code_dep":"38","code_region":"84","population":449,"surface_km2":2.89,"lat":45.3994,"lon":5.9615,"fibre_pct":97.2},{"code_insee":"38167","nom":"Flachères","codes_postaux":["38690"],"code_dep":"38","code_region":"84","population":579,"surface_km2":4.94,"lat":45.4686,"lon":5.3159,"fibre_pct":98.7},{"code_insee":"38169","nom":"Fontaine","codes_postaux":["38600"],"code_dep":"38","code_region":"84","population":22020,"surface_km2":6.72,"lat":45.194,"lon":5.6763,"fibre_pct":99.1},{"code_insee":"38170","nom":"Fontanil-Cornillon","codes_postaux":["38120"],"code_dep":"38","code_region":"84","population":3404,"surface_km2":5.31,"lat":45.2554,"lon":5.6614,"fibre_pct":98.0},{"code_insee":"38171","nom":"La Forteresse","codes_postaux":["38590"],"code_dep":"38","code_region":"84","population":338,"surface_km2":9.28,"lat":45.294,"lon":5.4092,"fibre_pct":97.9},{"code_insee":"38172","nom":"Four","codes_postaux":["38080"],"code_dep":"38","code_region":"84","population":1673,"surface_km2":11.86,"lat":45.5726,"lon":5.196,"fibre_pct":99.3},{"code_insee":"38173","nom":"Le Freney-d'Oisans","codes_postaux":["38142"],"code_dep":"38","code_region":"84","population":260,"surface_km2":20.88,"lat":45.0867,"lon":6.1181,"fibre_pct":94.5},{"code_insee":"38174","nom":"La Frette","codes_postaux":["38260"],"code_dep":"38","code_region":"84","population":1083,"surface_km2":12.17,"lat":45.39,"lon":5.3665,"fibre_pct":99.2},{"code_insee":"38175","nom":"Froges","codes_postaux":["38190"],"code_dep":"38","code_region":"84","population":3285,"surface_km2":6.37,"lat":45.2684,"lon":5.9265,"fibre_pct":95.6},{"code_insee":"38176","nom":"Frontonas","codes_postaux":["38290"],"code_dep":"38","code_region":"84","population":2123,"surface_km2":12.74,"lat":45.6496,"lon":5.1844,"fibre_pct":97.9},{"code_insee":"38177","nom":"La Garde","codes_postaux":["38520"],"code_dep":"38","code_region":"84","population":100,"surface_km2":9.11,"lat":45.075,"lon":6.0501,"fibre_pct":78.5},{"code_insee":"38179","nom":"Gières","codes_postaux":["38610"],"code_dep":"38","code_region":"84","population":7376,"surface_km2":7.09,"lat":45.1828,"lon":5.7902,"fibre_pct":91.2},{"code_insee":"38180","nom":"Gillonnay","codes_postaux":["38260"],"code_dep":"38","code_region":"84","population":1009,"surface_km2":14.39,"lat":45.3841,"lon":5.2963,"fibre_pct":97.7},{"code_insee":"38181","nom":"Goncelin","codes_postaux":["38570"],"code_dep":"38","code_region":"84","population":2400,"surface_km2":14.55,"lat":45.3365,"lon":5.9886,"fibre_pct":97.0},{"code_insee":"38182","nom":"Le Grand-Lemps","codes_postaux":["38690"],"code_dep":"38","code_region":"84","population":3083,"surface_km2":12.87,"lat":45.3971,"lon":5.4155,"fibre_pct":97.7},{"code_insee":"38183","nom":"Granieu","codes_postaux":["38490"],"code_dep":"38","code_region":"84","population":519,"surface_km2":3.76,"lat":45.6,"lon":5.5907,"fibre_pct":97.7},{"code_insee":"38184","nom":"Grenay","codes_postaux":["38540"],"code_dep":"38","code_region":"84","population":1628,"surface_km2":6.74,"lat":45.6597,"lon":5.0756,"fibre_pct":91.8},{"code_insee":"38185","nom":"Grenoble","codes_postaux":["38000","38100"],"code_dep":"38","code_region":"84","population":156140,"surface_km2":18.43,"lat":45.1842,"lon":5.7155,"fibre_pct":96.0},{"code_insee":"38186","nom":"Gresse-en-Vercors","codes_postaux":["38650"],"code_dep":"38","code_region":"84","population":351,"surface_km2":80.52,"lat":44.8783,"lon":5.5284,"fibre_pct":97.3},{"code_insee":"38187","nom":"Le Gua","codes_postaux":["38450"],"code_dep":"38","code_region":"84","population":1928,"surface_km2":28.69,"lat":45.0136,"lon":5.6158,"fibre_pct":93.0},{"code_insee":"38188","nom":"Herbeys","codes_postaux":["38320"],"code_dep":"38","code_region":"84","population":1424,"surface_km2":7.95,"lat":45.1437,"lon":5.7968,"fibre_pct":99.2},{"code_insee":"38189","nom":"Heyrieux","codes_postaux":["38540"],"code_dep":"38","code_region":"84","population":4956,"surface_km2":13.99,"lat":45.6275,"lon":5.0579,"fibre_pct":94.0},{"code_insee":"38190","nom":"Hières-sur-Amby","codes_postaux":["38118"],"code_dep":"38","code_region":"84","population":1245,"surface_km2":8.69,"lat":45.8009,"lon":5.2914,"fibre_pct":96.9},{"code_insee":"38191","nom":"Huez","codes_postaux":["38750"],"code_dep":"38","code_region":"84","population":1244,"surface_km2":20.32,"lat":45.0972,"lon":6.0813,"fibre_pct":90.7},{"code_insee":"38192","nom":"Hurtières","codes_postaux":["38570"],"code_dep":"38","code_region":"84","population":233,"surface_km2":3.4,"lat":45.2877,"lon":5.9678,"fibre_pct":97.5},{"code_insee":"38193","nom":"L'Isle-d'Abeau","codes_postaux":["38080"],"code_dep":"38","code_region":"84","population":17515,"surface_km2":12.96,"lat":45.6153,"lon":5.2234,"fibre_pct":99.4},{"code_insee":"38194","nom":"Izeaux","codes_postaux":["38140"],"code_dep":"38","code_region":"84","population":2134,"surface_km2":15.52,"lat":45.3444,"lon":5.4305,"fibre_pct":96.5},{"code_insee":"38195","nom":"Izeron","codes_postaux":["38160"],"code_dep":"38","code_region":"84","population":809,"surface_km2":17.08,"lat":45.1438,"lon":5.4009,"fibre_pct":97.7},{"code_insee":"38197","nom":"Janneyrias","codes_postaux":["38280"],"code_dep":"38","code_region":"84","population":1896,"surface_km2":10.72,"lat":45.7512,"lon":5.1145,"fibre_pct":97.6},{"code_insee":"38198","nom":"Jarcieu","codes_postaux":["38270"],"code_dep":"38","code_region":"84","population":1135,"surface_km2":6.41,"lat":45.3348,"lon":4.9502,"fibre_pct":99.7},{"code_insee":"38199","nom":"Jardin","codes_postaux":["38200"],"code_dep":"38","code_region":"84","population":2178,"surface_km2":9.23,"lat":45.49,"lon":4.9113,"fibre_pct":95.9},{"code_insee":"38200","nom":"Jarrie","codes_postaux":["38560"],"code_dep":"38","code_region":"84","population":3952,"surface_km2":13.36,"lat":45.1114,"lon":5.7491,"fibre_pct":94.1},{"code_insee":"38203","nom":"Laffrey","codes_postaux":["38220"],"code_dep":"38","code_region":"84","population":466,"surface_km2":7.21,"lat":45.0271,"lon":5.7792,"fibre_pct":96.4},{"code_insee":"38204","nom":"Lalley","codes_postaux":["38930"],"code_dep":"38","code_region":"84","population":178,"surface_km2":23.79,"lat":44.7507,"lon":5.6816,"fibre_pct":97.4},{"code_insee":"38205","nom":"Lans-en-Vercors","codes_postaux":["38250"],"code_dep":"38","code_region":"84","population":2751,"surface_km2":39.02,"lat":45.1254,"lon":5.5858,"fibre_pct":96.9},{"code_insee":"38206","nom":"Laval-en-Belledonne","codes_postaux":["38190"],"code_dep":"38","code_region":"84","population":1029,"surface_km2":25.73,"lat":45.2335,"lon":5.9745,"fibre_pct":92.3},{"code_insee":"38207","nom":"Lavaldens","codes_postaux":["38350"],"code_dep":"38","code_region":"84","population":165,"surface_km2":56.8,"lat":44.9891,"lon":5.8987,"fibre_pct":96.1},{"code_insee":"38208","nom":"Lavars","codes_postaux":["38710"],"code_dep":"38","code_region":"84","population":172,"surface_km2":15.39,"lat":44.8534,"lon":5.6827,"fibre_pct":87.9},{"code_insee":"38209","nom":"Lentiol","codes_postaux":["38270"],"code_dep":"38","code_region":"84","population":242,"surface_km2":7.62,"lat":45.2977,"lon":5.1027,"fibre_pct":98.4},{"code_insee":"38210","nom":"Leyrieu","codes_postaux":["38460"],"code_dep":"38","code_region":"84","population":919,"surface_km2":6.53,"lat":45.7556,"lon":5.2572,"fibre_pct":98.8},{"code_insee":"38211","nom":"Lieudieu","codes_postaux":["38440"],"code_dep":"38","code_region":"84","population":345,"surface_km2":6.0,"lat":45.4579,"lon":5.1779,"fibre_pct":98.5},{"code_insee":"38212","nom":"Livet-et-Gavet","codes_postaux":["38220"],"code_dep":"38","code_region":"84","population":1253,"surface_km2":62.11,"lat":45.0977,"lon":5.9107,"fibre_pct":85.8},{"code_insee":"38213","nom":"Longechenal","codes_postaux":["38690"],"code_dep":"38","code_region":"84","population":593,"surface_km2":8.22,"lat":45.4238,"lon":5.3618,"fibre_pct":100.0},{"code_insee":"38214","nom":"Lumbin","codes_postaux":["38660"],"code_dep":"38","code_region":"84","population":2164,"surface_km2":6.62,"lat":45.3031,"lon":5.9104,"fibre_pct":98.9},{"code_insee":"38215","nom":"Luzinay","codes_postaux":["38200"],"code_dep":"38","code_region":"84","population":2416,"surface_km2":19.06,"lat":45.5876,"lon":4.9627,"fibre_pct":99.2},{"code_insee":"38216","nom":"Malleval-en-Vercors","codes_postaux":["38470"],"code_dep":"38","code_region":"84","population":57,"surface_km2":14.16,"lat":45.1538,"lon":5.444,"fibre_pct":100.0},{"code_insee":"38217","nom":"Marcieu","codes_postaux":["38350"],"code_dep":"38","code_region":"84","population":66,"surface_km2":13.29,"lat":44.9206,"lon":5.6971,"fibre_pct":97.4},{"code_insee":"38218","nom":"Marcilloles","codes_postaux":["38260"],"code_dep":"38","code_region":"84","population":1201,"surface_km2":9.48,"lat":45.3505,"lon":5.1774,"fibre_pct":98.5},{"code_insee":"38219","nom":"Marcollin","codes_postaux":["38270"],"code_dep":"38","code_region":"84","population":599,"surface_km2":10.75,"lat":45.3116,"lon":5.0897,"fibre_pct":97.4},{"code_insee":"38221","nom":"Marnans","codes_postaux":["38980"],"code_dep":"38","code_region":"84","population":132,"surface_km2":6.56,"lat":45.2902,"lon":5.2509,"fibre_pct":98.0},{"code_insee":"38222","nom":"Massieu","codes_postaux":["38620"],"code_dep":"38","code_region":"84","population":773,"surface_km2":10.57,"lat":45.438,"lon":5.6017,"fibre_pct":95.6},{"code_insee":"38223","nom":"Maubec","codes_postaux":["38300"],"code_dep":"38","code_region":"84","population":1930,"surface_km2":8.71,"lat":45.5677,"lon":5.2583,"fibre_pct":92.8},{"code_insee":"38224","nom":"Mayres-Savel","codes_postaux":["38350"],"code_dep":"38","code_region":"84","population":94,"surface_km2":13.72,"lat":44.8897,"lon":5.7062,"fibre_pct":82.7},{"code_insee":"38225","nom":"Autrans-Méaudre en Vercors","codes_postaux":["38112","38880"],"code_dep":"38","code_region":"84","population":2936,"surface_km2":77.91,"lat":45.1713,"lon":5.5444,"fibre_pct":94.0},{"code_insee":"38226","nom":"Mens","codes_postaux":["38710"],"code_dep":"38","code_region":"84","population":1415,"surface_km2":28.35,"lat":44.8116,"lon":5.754,"fibre_pct":97.1},{"code_insee":"38228","nom":"Merlas","codes_postaux":["38620"],"code_dep":"38","code_region":"84","population":465,"surface_km2":15.52,"lat":45.44,"lon":5.6536,"fibre_pct":99.7},{"code_insee":"38229","nom":"Meylan","codes_postaux":["38240"],"code_dep":"38","code_region":"84","population":18770,"surface_km2":12.68,"lat":45.2147,"lon":5.7865,"fibre_pct":97.7},{"code_insee":"38230","nom":"Meyrié","codes_postaux":["38300"],"code_dep":"38","code_region":"84","population":1096,"surface_km2":3.48,"lat":45.5606,"lon":5.2834,"fibre_pct":94.3},{"code_insee":"38231","nom":"Meyrieu-les-Étangs","codes_postaux":["38440"],"code_dep":"38","code_region":"84","population":1024,"surface_km2":8.55,"lat":45.5156,"lon":5.2014,"fibre_pct":99.6},{"code_insee":"38232","nom":"Meyssiez","codes_postaux":["38440"],"code_dep":"38","code_region":"84","population":671,"surface_km2":13.93,"lat":45.4633,"lon":5.0608,"fibre_pct":97.3},{"code_insee":"38235","nom":"Miribel-Lanchâtre","codes_postaux":["38450"],"code_dep":"38","code_region":"84","population":445,"surface_km2":9.52,"lat":44.9755,"lon":5.6062,"fibre_pct":98.3},{"code_insee":"38236","nom":"Miribel-les-Échelles","codes_postaux":["38380"],"code_dep":"38","code_region":"84","population":1713,"surface_km2":29.21,"lat":45.4363,"lon":5.7076,"fibre_pct":98.0},{"code_insee":"38237","nom":"Mizoën","codes_postaux":["38142"],"code_dep":"38","code_region":"84","population":187,"surface_km2":20.82,"lat":45.0407,"lon":6.1772,"fibre_pct":95.5},{"code_insee":"38238","nom":"Moidieu-Détourbe","codes_postaux":["38440"],"code_dep":"38","code_region":"84","population":1978,"surface_km2":18.03,"lat":45.5151,"lon":5.0181,"fibre_pct":95.0},{"code_insee":"38239","nom":"Moirans","codes_postaux":["38430"],"code_dep":"38","code_region":"84","population":7818,"surface_km2":20.02,"lat":45.3227,"lon":5.5676,"fibre_pct":95.8},{"code_insee":"38240","nom":"Moissieu-sur-Dolon","codes_postaux":["38270"],"code_dep":"38","code_region":"84","population":747,"surface_km2":14.47,"lat":45.3889,"lon":4.9873,"fibre_pct":95.1},{"code_insee":"38241","nom":"Monestier-d'Ambel","codes_postaux":["38970"],"code_dep":"38","code_region":"84","population":14,"surface_km2":11.23,"lat":44.7681,"lon":5.9188,"fibre_pct":97.7},{"code_insee":"38242","nom":"Monestier-de-Clermont","codes_postaux":["38650"],"code_dep":"38","code_region":"84","population":1478,"surface_km2":5.32,"lat":44.9224,"lon":5.6343,"fibre_pct":97.0},{"code_insee":"38243","nom":"Monestier-du-Percy","codes_postaux":["38930"],"code_dep":"38","code_region":"84","population":254,"surface_km2":15.11,"lat":44.7844,"lon":5.6493,"fibre_pct":99.1},{"code_insee":"38244","nom":"Monsteroux-Milieu","codes_postaux":["38122"],"code_dep":"38","code_region":"84","population":768,"surface_km2":8.17,"lat":45.4344,"lon":4.952,"fibre_pct":96.1},{"code_insee":"38245","nom":"Montagne","codes_postaux":["38160"],"code_dep":"38","code_region":"84","population":273,"surface_km2":8.78,"lat":45.1417,"lon":5.2034,"fibre_pct":94.7},{"code_insee":"38246","nom":"Montagnieu","codes_postaux":["38110"],"code_dep":"38","code_region":"84","population":1179,"surface_km2":8.86,"lat":45.5268,"lon":5.4549,"fibre_pct":100.0},{"code_insee":"38247","nom":"Montalieu-Vercieu","codes_postaux":["38390"],"code_dep":"38","code_region":"84","population":3510,"surface_km2":8.92,"lat":45.8143,"lon":5.4036,"fibre_pct":89.8},{"code_insee":"38248","nom":"Montaud","codes_postaux":["38210"],"code_dep":"38","code_region":"84","population":530,"surface_km2":14.42,"lat":45.2614,"lon":5.5652,"fibre_pct":94.5},{"code_insee":"38249","nom":"Montbonnot-Saint-Martin","codes_postaux":["38330"],"code_dep":"38","code_region":"84","population":5698,"surface_km2":6.61,"lat":45.2213,"lon":5.8148,"fibre_pct":96.6},{"code_insee":"38250","nom":"Montcarra","codes_postaux":["38890"],"code_dep":"38","code_region":"84","population":612,"surface_km2":4.93,"lat":45.6091,"lon":5.4017,"fibre_pct":99.7},{"code_insee":"38252","nom":"Montchaboud","codes_postaux":["38220"],"code_dep":"38","code_region":"84","population":352,"surface_km2":1.98,"lat":45.0916,"lon":5.7603,"fibre_pct":95.9},{"code_insee":"38253","nom":"Les Deux Alpes","codes_postaux":["38520","38860"],"code_dep":"38","code_region":"84","population":1910,"surface_km2":81.75,"lat":44.9885,"lon":6.1349,"fibre_pct":90.4},{"code_insee":"38254","nom":"Monteynard","codes_postaux":["38770"],"code_dep":"38","code_region":"84","population":502,"surface_km2":11.28,"lat":44.9792,"lon":5.7033,"fibre_pct":98.9},{"code_insee":"38255","nom":"Montfalcon","codes_postaux":["38940"],"code_dep":"38","code_region":"84","population":127,"surface_km2":5.74,"lat":45.2604,"lon":5.1716,"fibre_pct":93.1},{"code_insee":"38256","nom":"Montferrat","codes_postaux":["38620"],"code_dep":"38","code_region":"84","population":1846,"surface_km2":13.05,"lat":45.4785,"lon":5.58,"fibre_pct":85.9},{"code_insee":"38257","nom":"Montrevel","codes_postaux":["38690"],"code_dep":"38","code_region":"84","population":452,"surface_km2":9.33,"lat":45.4764,"lon":5.4095,"fibre_pct":100.0},{"code_insee":"38258","nom":"Mont-Saint-Martin","codes_postaux":["38120"],"code_dep":"38","code_region":"84","population":93,"surface_km2":5.16,"lat":45.2816,"lon":5.6827,"fibre_pct":96.6},{"code_insee":"38259","nom":"Montseveroux","codes_postaux":["38122"],"code_dep":"38","code_region":"84","population":999,"surface_km2":16.65,"lat":45.4327,"lon":4.9728,"fibre_pct":96.3},{"code_insee":"38260","nom":"Moras","codes_postaux":["38460"],"code_dep":"38","code_region":"84","population":520,"surface_km2":8.26,"lat":45.6856,"lon":5.2626,"fibre_pct":99.6},{"code_insee":"38261","nom":"Morestel","codes_postaux":["38510"],"code_dep":"38","code_region":"84","population":4340,"surface_km2":8.04,"lat":45.6812,"lon":5.4716,"fibre_pct":96.1},{"code_insee":"38263","nom":"Morette","codes_postaux":["38210"],"code_dep":"38","code_region":"84","population":358,"surface_km2":6.32,"lat":45.2846,"lon":5.4516,"fibre_pct":98.6},{"code_insee":"38264","nom":"La Morte","codes_postaux":["38350"],"code_dep":"38","code_region":"84","population":143,"surface_km2":19.23,"lat":45.0269,"lon":5.867,"fibre_pct":86.4},{"code_insee":"38265","nom":"La Motte-d'Aveillans","codes_postaux":["38770"],"code_dep":"38","code_region":"84","population":1711,"surface_km2":9.91,"lat":44.9459,"lon":5.7391,"fibre_pct":97.9},{"code_insee":"38266","nom":"La Motte-Saint-Martin","codes_postaux":["38770"],"code_dep":"38","code_region":"84","population":448,"surface_km2":15.13,"lat":44.9517,"lon":5.7133,"fibre_pct":100.0},{"code_insee":"38267","nom":"Mottier","codes_postaux":["38260"],"code_dep":"38","code_region":"84","population":825,"surface_km2":10.77,"lat":45.4225,"lon":5.3086,"fibre_pct":96.7},{"code_insee":"38268","nom":"Le Moutaret","codes_postaux":["38580"],"code_dep":"38","code_region":"84","population":250,"surface_km2":5.28,"lat":45.428,"lon":6.0813,"fibre_pct":97.3},{"code_insee":"38269","nom":"La Mure","codes_postaux":["38350"],"code_dep":"38","code_region":"84","population":4963,"surface_km2":8.33,"lat":44.9103,"lon":5.7861,"fibre_pct":90.6},{"code_insee":"38270","nom":"La Murette","codes_postaux":["38140"],"code_dep":"38","code_region":"84","population":1836,"surface_km2":4.25,"lat":45.383,"lon":5.5424,"fibre_pct":95.6},{"code_insee":"38271","nom":"Murianette","codes_postaux":["38420"],"code_dep":"38","code_region":"84","population":910,"surface_km2":6.19,"lat":45.1895,"lon":5.8259,"fibre_pct":91.7},{"code_insee":"38272","nom":"Murinais","codes_postaux":["38160"],"code_dep":"38","code_region":"84","population":412,"surface_km2":8.2,"lat":45.2146,"lon":5.3219,"fibre_pct":96.7},{"code_insee":"38273","nom":"Nantes-en-Ratier","codes_postaux":["38350"],"code_dep":"38","code_region":"84","population":476,"surface_km2":12.0,"lat":44.9294,"lon":5.8285,"fibre_pct":97.2},{"code_insee":"38275","nom":"Serre-Nerpol","codes_postaux":["38470"],"code_dep":"38","code_region":"84","population":307,"surface_km2":13.13,"lat":45.2566,"lon":5.373,"fibre_pct":93.5},{"code_insee":"38276","nom":"Nivolas-Vermelle","codes_postaux":["38300"],"code_dep":"38","code_region":"84","population":2706,"surface_km2":6.19,"lat":45.5638,"lon":5.3084,"fibre_pct":88.4},{"code_insee":"38277","nom":"Notre-Dame-de-Commiers","codes_postaux":["38450"],"code_dep":"38","code_region":"84","population":519,"surface_km2":5.65,"lat":45.0103,"lon":5.7072,"fibre_pct":99.2},{"code_insee":"38278","nom":"Notre-Dame-de-l'Osier","codes_postaux":["38470"],"code_dep":"38","code_region":"84","population":535,"surface_km2":8.54,"lat":45.2384,"lon":5.4112,"fibre_pct":98.7},{"code_insee":"38279","nom":"Notre-Dame-de-Mésage","codes_postaux":["38220"],"code_dep":"38","code_region":"84","population":1129,"surface_km2":4.6,"lat":45.0672,"lon":5.751,"fibre_pct":100.0},{"code_insee":"38280","nom":"Notre-Dame-de-Vaulx","codes_postaux":["38144"],"code_dep":"38","code_region":"84","population":512,"surface_km2":7.92,"lat":44.9939,"lon":5.7398,"fibre_pct":99.7},{"code_insee":"38281","nom":"Noyarey","codes_postaux":["38360"],"code_dep":"38","code_region":"84","population":2365,"surface_km2":17.06,"lat":45.2418,"lon":5.62,"fibre_pct":96.3},{"code_insee":"38282","nom":"Optevoz","codes_postaux":["38460"],"code_dep":"38","code_region":"84","population":875,"surface_km2":12.04,"lat":45.752,"lon":5.3406,"fibre_pct":99.1},{"code_insee":"38283","nom":"Oris-en-Rattier","codes_postaux":["38350"],"code_dep":"38","code_region":"84","population":108,"surface_km2":18.69,"lat":44.9327,"lon":5.8872,"fibre_pct":96.7},{"code_insee":"38284","nom":"Ornacieux-Balbins","codes_postaux":["38260"],"code_dep":"38","code_region":"84","population":876,"surface_km2":12.23,"lat":45.3943,"lon":5.2137,"fibre_pct":99.8},{"code_insee":"38285","nom":"Ornon","codes_postaux":["38520"],"code_dep":"38","code_region":"84","population":143,"surface_km2":23.54,"lat":45.0393,"lon":5.9611,"fibre_pct":99.2},{"code_insee":"38286","nom":"Oulles","codes_postaux":["38520"],"code_dep":"38","code_region":"84","population":17,"surface_km2":14.55,"lat":45.0781,"lon":5.966,"fibre_pct":100.0},{"code_insee":"38287","nom":"Oyeu","codes_postaux":["38690"],"code_dep":"38","code_region":"84","population":1106,"surface_km2":13.73,"lat":45.4283,"lon":5.4787,"fibre_pct":98.8},{"code_insee":"38288","nom":"Oytier-Saint-Oblas","codes_postaux":["38780"],"code_dep":"38","code_region":"84","population":1743,"surface_km2":14.29,"lat":45.5613,"lon":5.0303,"fibre_pct":97.7},{"code_insee":"38289","nom":"Oz","codes_postaux":["38114"],"code_dep":"38","code_region":"84","population":217,"surface_km2":26.93,"lat":45.1282,"lon":6.0752,"fibre_pct":98.5},{"code_insee":"38290","nom":"Pact","codes_postaux":["38270"],"code_dep":"38","code_region":"84","population":863,"surface_km2":9.68,"lat":45.3532,"lon":4.9867,"fibre_pct":98.0},{"code_insee":"38291","nom":"Pajay","codes_postaux":["38260"],"code_dep":"38","code_region":"84","population":1036,"surface_km2":14.35,"lat":45.3626,"lon":5.1279,"fibre_pct":99.1},{"code_insee":"38292","nom":"Villages du Lac de Paladru","codes_postaux":["38730","38850"],"code_dep":"38","code_region":"84","population":2598,"surface_km2":23.17,"lat":45.4743,"lon":5.5339,"fibre_pct":89.9},{"code_insee":"38294","nom":"Panossas","codes_postaux":["38460"],"code_dep":"38","code_region":"84","population":696,"surface_km2":8.06,"lat":45.6772,"lon":5.1902,"fibre_pct":96.9},{"code_insee":"38295","nom":"Parmilieu","codes_postaux":["38390"],"code_dep":"38","code_region":"84","population":723,"surface_km2":12.84,"lat":45.8437,"lon":5.3595,"fibre_pct":96.9},{"code_insee":"38296","nom":"Le Passage","codes_postaux":["38490"],"code_dep":"38","code_region":"84","population":983,"surface_km2":6.57,"lat":45.5265,"lon":5.5157,"fibre_pct":97.8},{"code_insee":"38297","nom":"Arandon-Passins","codes_postaux":["38510"],"code_dep":"38","code_region":"84","population":1864,"surface_km2":26.35,"lat":45.7064,"lon":5.4373,"fibre_pct":97.7},{"code_insee":"38298","nom":"Le Péage-de-Roussillon","codes_postaux":["38550"],"code_dep":"38","code_region":"84","population":6718,"surface_km2":7.45,"lat":45.3723,"lon":4.7825,"fibre_pct":93.1},{"code_insee":"38299","nom":"Pellafol","codes_postaux":["38970"],"code_dep":"38","code_region":"84","population":136,"surface_km2":35.12,"lat":44.7832,"lon":5.8751,"fibre_pct":97.6},{"code_insee":"38300","nom":"Penol","codes_postaux":["38260"],"code_dep":"38","code_region":"84","population":381,"surface_km2":12.11,"lat":45.3691,"lon":5.1625,"fibre_pct":95.4},{"code_insee":"38301","nom":"Le Percy","codes_postaux":["38930"],"code_dep":"38","code_region":"84","population":167,"surface_km2":15.87,"lat":44.7894,"lon":5.6313,"fibre_pct":98.6},{"code_insee":"38303","nom":"La Pierre","codes_postaux":["38570"],"code_dep":"38","code_region":"84","population":664,"surface_km2":3.34,"lat":45.2943,"lon":5.9428,"fibre_pct":97.1},{"code_insee":"38304","nom":"Pierre-Châtel","codes_postaux":["38119"],"code_dep":"38","code_region":"84","population":1475,"surface_km2":12.36,"lat":44.9565,"lon":5.7717,"fibre_pct":97.8},{"code_insee":"38307","nom":"Pisieu","codes_postaux":["38270"],"code_dep":"38","code_region":"84","population":524,"surface_km2":18.83,"lat":45.3858,"lon":5.0723,"fibre_pct":98.5},{"code_insee":"38308","nom":"Plan","codes_postaux":["38590"],"code_dep":"38","code_region":"84","population":300,"surface_km2":6.11,"lat":45.3161,"lon":5.3902,"fibre_pct":93.6},{"code_insee":"38309","nom":"Poisat","codes_postaux":["38320"],"code_dep":"38","code_region":"84","population":2173,"surface_km2":2.53,"lat":45.1535,"lon":5.7701,"fibre_pct":99.6},{"code_insee":"38310","nom":"Poliénas","codes_postaux":["38210"],"code_dep":"38","code_region":"84","population":1111,"surface_km2":13.7,"lat":45.2472,"lon":5.4818,"fibre_pct":91.2},{"code_insee":"38311","nom":"Pommier-de-Beaurepaire","codes_postaux":["38260"],"code_dep":"38","code_region":"84","population":731,"surface_km2":19.22,"lat":45.3882,"lon":5.1134,"fibre_pct":95.7},{"code_insee":"38313","nom":"Ponsonnas","codes_postaux":["38350"],"code_dep":"38","code_region":"84","population":288,"surface_km2":2.95,"lat":44.89,"lon":5.7979,"fibre_pct":98.8},{"code_insee":"38314","nom":"Pontcharra","codes_postaux":["38530"],"code_dep":"38","code_region":"84","population":7350,"surface_km2":15.91,"lat":45.4225,"lon":6.0228,"fibre_pct":93.8},{"code_insee":"38315","nom":"Le Pont-de-Beauvoisin","codes_postaux":["38480"],"code_dep":"38","code_region":"84","population":3602,"surface_km2":7.42,"lat":45.5304,"lon":5.6622,"fibre_pct":88.7},{"code_insee":"38316","nom":"Pont-de-Chéruy","codes_postaux":["38230"],"code_dep":"38","code_region":"84","population":6302,"surface_km2":2.51,"lat":45.7494,"lon":5.1728,"fibre_pct":92.0},{"code_insee":"38317","nom":"Le Pont-de-Claix","codes_postaux":["38800"],"code_dep":"38","code_region":"84","population":10956,"surface_km2":5.7,"lat":45.123,"lon":5.7017,"fibre_pct":94.2},{"code_insee":"38318","nom":"Pont-Évêque","codes_postaux":["38780"],"code_dep":"38","code_region":"84","population":6213,"surface_km2":8.8,"lat":45.5335,"lon":4.9278,"fibre_pct":95.5},{"code_insee":"38319","nom":"Pont-en-Royans","codes_postaux":["38680"],"code_dep":"38","code_region":"84","population":805,"surface_km2":2.89,"lat":45.0622,"lon":5.3452,"fibre_pct":94.0},{"code_insee":"38320","nom":"Porcieu-Amblagnieu","codes_postaux":["38390"],"code_dep":"38","code_region":"84","population":1787,"surface_km2":15.94,"lat":45.8373,"lon":5.3982,"fibre_pct":98.2},{"code_insee":"38321","nom":"Prébois","codes_postaux":["38710"],"code_dep":"38","code_region":"84","population":170,"surface_km2":16.05,"lat":44.7772,"lon":5.7158,"fibre_pct":95.9},{"code_insee":"38322","nom":"Presles","codes_postaux":["38680"],"code_dep":"38","code_region":"84","population":102,"surface_km2":25.53,"lat":45.0927,"lon":5.406,"fibre_pct":61.3},{"code_insee":"38323","nom":"Pressins","codes_postaux":["38480"],"code_dep":"38","code_region":"84","population":1194,"surface_km2":10.18,"lat":45.5271,"lon":5.6318,"fibre_pct":99.7},{"code_insee":"38324","nom":"Primarette","codes_postaux":["38270"],"code_dep":"38","code_region":"84","population":686,"surface_km2":22.05,"lat":45.4056,"lon":5.0319,"fibre_pct":99.5},{"code_insee":"38325","nom":"Proveysieux","codes_postaux":["38120"],"code_dep":"38","code_region":"84","population":522,"surface_km2":20.34,"lat":45.2821,"lon":5.7154,"fibre_pct":98.4},{"code_insee":"38326","nom":"Prunières","codes_postaux":["38350"],"code_dep":"38","code_region":"84","population":381,"surface_km2":8.17,"lat":44.8943,"lon":5.7524,"fibre_pct":96.7},{"code_insee":"38328","nom":"Quaix-en-Chartreuse","codes_postaux":["38950"],"code_dep":"38","code_region":"84","population":943,"surface_km2":18.32,"lat":45.2591,"lon":5.7302,"fibre_pct":98.7},{"code_insee":"38329","nom":"Quet-en-Beaumont","codes_postaux":["38970"],"code_dep":"38","code_region":"84","population":79,"surface_km2":8.16,"lat":44.8352,"lon":5.875,"fibre_pct":95.9},{"code_insee":"38330","nom":"Quincieu","codes_postaux":["38470"],"code_dep":"38","code_region":"84","population":106,"surface_km2":4.75,"lat":45.2771,"lon":5.3898,"fibre_pct":92.3},{"code_insee":"38331","nom":"Réaumont","codes_postaux":["38140"],"code_dep":"38","code_region":"84","population":1019,"surface_km2":5.07,"lat":45.3598,"lon":5.524,"fibre_pct":97.1},{"code_insee":"38332","nom":"Renage","codes_postaux":["38140"],"code_dep":"38","code_region":"84","population":3348,"surface_km2":5.08,"lat":45.3295,"lon":5.4939,"fibre_pct":96.1},{"code_insee":"38333","nom":"Rencurel","codes_postaux":["38680"],"code_dep":"38","code_region":"84","population":358,"surface_km2":34.57,"lat":45.1178,"lon":5.4752,"fibre_pct":91.8},{"code_insee":"38334","nom":"Revel","codes_postaux":["38420"],"code_dep":"38","code_region":"84","population":1312,"surface_km2":29.12,"lat":45.1677,"lon":5.9176,"fibre_pct":98.0},{"code_insee":"38335","nom":"Revel-Tourdan","codes_postaux":["38270"],"code_dep":"38","code_region":"84","population":1050,"surface_km2":11.67,"lat":45.372,"lon":5.0295,"fibre_pct":99.5},{"code_insee":"38336","nom":"Reventin-Vaugris","codes_postaux":["38121"],"code_dep":"38","code_region":"84","population":2035,"surface_km2":18.42,"lat":45.4757,"lon":4.8438,"fibre_pct":97.3},{"code_insee":"38337","nom":"Rives","codes_postaux":["38140"],"code_dep":"38","code_region":"84","population":6549,"surface_km2":11.2,"lat":45.3606,"lon":5.4848,"fibre_pct":92.5},{"code_insee":"38338","nom":"La Rivière","codes_postaux":["38210"],"code_dep":"38","code_region":"84","population":720,"surface_km2":18.29,"lat":45.2236,"lon":5.5117,"fibre_pct":96.1},{"code_insee":"38339","nom":"Roche","codes_postaux":["38090"],"code_dep":"38","code_region":"84","population":2196,"surface_km2":19.48,"lat":45.578,"lon":5.1557,"fibre_pct":96.5},{"code_insee":"38340","nom":"Les Roches-de-Condrieu","codes_postaux":["38370"],"code_dep":"38","code_region":"84","population":2055,"surface_km2":1.01,"lat":45.4532,"lon":4.7656,"fibre_pct":98.5},{"code_insee":"38341","nom":"Rochetoirin","codes_postaux":["38110"],"code_dep":"38","code_region":"84","population":1090,"surface_km2":10.69,"lat":45.5854,"lon":5.414,"fibre_pct":99.4},{"code_insee":"38342","nom":"Roissard","codes_postaux":["38650"],"code_dep":"38","code_region":"84","population":324,"surface_km2":14.5,"lat":44.8826,"lon":5.6334,"fibre_pct":91.6},{"code_insee":"38343","nom":"Romagnieu","codes_postaux":["38480"],"code_dep":"38","code_region":"84","population":1753,"surface_km2":17.28,"lat":45.5653,"lon":5.6446,"fibre_pct":97.6},{"code_insee":"38344","nom":"Roussillon","codes_postaux":["38150"],"code_dep":"38","code_region":"84","population":8595,"surface_km2":11.84,"lat":45.3818,"lon":4.8133,"fibre_pct":92.1},{"code_insee":"38345","nom":"Rovon","codes_postaux":["38470"],"code_dep":"38","code_region":"84","population":605,"surface_km2":11.97,"lat":45.1843,"lon":5.4639,"fibre_pct":97.9},{"code_insee":"38346","nom":"Royas","codes_postaux":["38440"],"code_dep":"38","code_region":"84","population":427,"surface_km2":5.4,"lat":45.5048,"lon":5.1019,"fibre_pct":100.0},{"code_insee":"38347","nom":"Roybon","codes_postaux":["38940"],"code_dep":"38","code_region":"84","population":1091,"surface_km2":67.31,"lat":45.2435,"lon":5.2547,"fibre_pct":90.0},{"code_insee":"38348","nom":"Ruy-Montceau","codes_postaux":["38300"],"code_dep":"38","code_region":"84","population":4805,"surface_km2":21.06,"lat":45.5881,"lon":5.3482,"fibre_pct":92.3},{"code_insee":"38349","nom":"Sablons","codes_postaux":["38550"],"code_dep":"38","code_region":"84","population":2346,"surface_km2":10.27,"lat":45.3204,"lon":4.785,"fibre_pct":96.8},{"code_insee":"38350","nom":"Sainte-Agnès","codes_postaux":["38190"],"code_dep":"38","code_region":"84","population":548,"surface_km2":26.63,"lat":45.2096,"lon":5.9503,"fibre_pct":99.1},{"code_insee":"38351","nom":"Saint-Agnin-sur-Bion","codes_postaux":["38300"],"code_dep":"38","code_region":"84","population":1187,"surface_km2":9.76,"lat":45.537,"lon":5.236,"fibre_pct":95.3},{"code_insee":"38352","nom":"Saint-Alban-de-Roche","codes_postaux":["38080"],"code_dep":"38","code_region":"84","population":2168,"surface_km2":4.43,"lat":45.5889,"lon":5.2243,"fibre_pct":97.7},{"code_insee":"38353","nom":"Saint-Alban-du-Rhône","codes_postaux":["38370"],"code_dep":"38","code_region":"84","population":965,"surface_km2":3.46,"lat":45.4204,"lon":4.755,"fibre_pct":98.3},{"code_insee":"38354","nom":"Saint-Albin-de-Vaulserre","codes_postaux":["38480"],"code_dep":"38","code_region":"84","population":420,"surface_km2":4.99,"lat":45.5022,"lon":5.6985,"fibre_pct":99.2},{"code_insee":"38355","nom":"Saint-Andéol","codes_postaux":["38650"],"code_dep":"38","code_region":"84","population":117,"surface_km2":29.84,"lat":44.9563,"lon":5.5232,"fibre_pct":98.6},{"code_insee":"38356","nom":"Saint-André-en-Royans","codes_postaux":["38680"],"code_dep":"38","code_region":"84","population":342,"surface_km2":10.45,"lat":45.0797,"lon":5.3406,"fibre_pct":97.2},{"code_insee":"38357","nom":"Saint-André-le-Gaz","codes_postaux":["38490"],"code_dep":"38","code_region":"84","population":2754,"surface_km2":8.99,"lat":45.5477,"lon":5.5336,"fibre_pct":98.0},{"code_insee":"38358","nom":"Sainte-Anne-sur-Gervonde","codes_postaux":["38440"],"code_dep":"38","code_region":"84","population":759,"surface_km2":7.9,"lat":45.4998,"lon":5.2354,"fibre_pct":99.5},{"code_insee":"38359","nom":"Saint Antoine l'Abbaye","codes_postaux":["38160"],"code_dep":"38","code_region":"84","population":1263,"surface_km2":36.03,"lat":45.1793,"lon":5.2124,"fibre_pct":97.3},{"code_insee":"38360","nom":"Saint-Appolinard","codes_postaux":["38160"],"code_dep":"38","code_region":"84","population":395,"surface_km2":10.74,"lat":45.1896,"lon":5.259,"fibre_pct":98.6},{"code_insee":"38361","nom":"Saint-Arey","codes_postaux":["38350"],"code_dep":"38","code_region":"84","population":71,"surface_km2":7.01,"lat":44.8879,"lon":5.7449,"fibre_pct":98.6},{"code_insee":"38362","nom":"Saint-Aupre","codes_postaux":["38960"],"code_dep":"38","code_region":"84","population":1182,"surface_km2":12.11,"lat":45.4038,"lon":5.6603,"fibre_pct":96.3},{"code_insee":"38363","nom":"Saint-Barthélemy","codes_postaux":["38270"],"code_dep":"38","code_region":"84","population":923,"surface_km2":7.68,"lat":45.342,"lon":5.0823,"fibre_pct":98.6},{"code_insee":"38364","nom":"Saint-Barthélemy-de-Séchilienne","codes_postaux":["38220"],"code_dep":"38","code_region":"84","population":423,"surface_km2":12.33,"lat":45.0351,"lon":5.8212,"fibre_pct":94.0},{"code_insee":"38365","nom":"Saint-Baudille-de-la-Tour","codes_postaux":["38118"],"code_dep":"38","code_region":"84","population":849,"surface_km2":21.89,"lat":45.7905,"lon":5.347,"fibre_pct":99.6},{"code_insee":"38366","nom":"Saint-Baudille-et-Pipet","codes_postaux":["38710"],"code_dep":"38","code_region":"84","population":256,"surface_km2":35.99,"lat":44.7815,"lon":5.7713,"fibre_pct":98.8},{"code_insee":"38368","nom":"Saint-Blaise-du-Buis","codes_postaux":["38140"],"code_dep":"38","code_region":"84","population":1062,"surface_km2":5.6,"lat":45.3821,"lon":5.5119,"fibre_pct":89.3},{"code_insee":"38369","nom":"Sainte-Blandine","codes_postaux":["38110"],"code_dep":"38","code_region":"84","population":1039,"surface_km2":9.23,"lat":45.545,"lon":5.436,"fibre_pct":99.8},{"code_insee":"38370","nom":"Saint-Bonnet-de-Chavagne","codes_postaux":["38840"],"code_dep":"38","code_region":"84","population":655,"surface_km2":15.18,"lat":45.1179,"lon":5.2284,"fibre_pct":99.4},{"code_insee":"38372","nom":"Saint-Bueil","codes_postaux":["38620"],"code_dep":"38","code_region":"84","population":716,"surface_km2":3.95,"lat":45.475,"lon":5.6807,"fibre_pct":98.0},{"code_insee":"38373","nom":"Saint-Cassien","codes_postaux":["38500"],"code_dep":"38","code_region":"84","population":1154,"surface_km2":5.63,"lat":45.3594,"lon":5.5498,"fibre_pct":98.6},{"code_insee":"38374","nom":"Saint-Chef","codes_postaux":["38890"],"code_dep":"38","code_region":"84","population":3921,"surface_km2":27.54,"lat":45.6401,"lon":5.3619,"fibre_pct":98.7},{"code_insee":"38375","nom":"Saint-Christophe-en-Oisans","codes_postaux":["38520"],"code_dep":"38","code_region":"84","population":99,"surface_km2":237.78,"lat":44.9304,"lon":6.2327,"fibre_pct":42.5},{"code_insee":"38376","nom":"Saint-Christophe-sur-Guiers","codes_postaux":["38380"],"code_dep":"38","code_region":"84","population":847,"surface_km2":23.36,"lat":45.4055,"lon":5.7964,"fibre_pct":99.1},{"code_insee":"38377","nom":"Saint-Clair-de-la-Tour","codes_postaux":["38110"],"code_dep":"38","code_region":"84","population":3628,"surface_km2":9.23,"lat":45.5717,"lon":5.4863,"fibre_pct":97.1},{"code_insee":"38378","nom":"Saint-Clair-du-Rhône","codes_postaux":["38370"],"code_dep":"38","code_region":"84","population":3778,"surface_km2":7.17,"lat":45.4357,"lon":4.7739,"fibre_pct":95.3},{"code_insee":"38379","nom":"Saint-Clair-sur-Galaure","codes_postaux":["38940"],"code_dep":"38","code_region":"84","population":265,"surface_km2":15.3,"lat":45.2698,"lon":5.1493,"fibre_pct":96.0},{"code_insee":"38380","nom":"Saint-Didier-de-Bizonnes","codes_postaux":["38690"],"code_dep":"38","code_region":"84","population":341,"surface_km2":7.22,"lat":45.4599,"lon":5.3437,"fibre_pct":99.4},{"code_insee":"38381","nom":"Saint-Didier-de-la-Tour","codes_postaux":["38110"],"code_dep":"38","code_region":"84","population":2143,"surface_km2":14.66,"lat":45.5446,"lon":5.4877,"fibre_pct":99.1},{"code_insee":"38382","nom":"Saint-Égrève","codes_postaux":["38120"],"code_dep":"38","code_region":"84","population":17986,"surface_km2":10.78,"lat":45.2315,"lon":5.6828,"fibre_pct":99.3},{"code_insee":"38383","nom":"Saint-Étienne-de-Crossey","codes_postaux":["38960"],"code_dep":"38","code_region":"84","population":2619,"surface_km2":13.18,"lat":45.3797,"lon":5.6344,"fibre_pct":92.6},{"code_insee":"38384","nom":"Saint-Étienne-de-Saint-Geoirs","codes_postaux":["38590"],"code_dep":"38","code_region":"84","population":3425,"surface_km2":18.76,"lat":45.3468,"lon":5.3504,"fibre_pct":91.2},{"code_insee":"38386","nom":"Saint-Geoire-en-Valdaine","codes_postaux":["38620"],"code_dep":"38","code_region":"84","population":2392,"surface_km2":16.71,"lat":45.4628,"lon":5.6335,"fibre_pct":95.4},{"code_insee":"38387","nom":"Saint-Geoirs","codes_postaux":["38590"],"code_dep":"38","code_region":"84","population":498,"surface_km2":6.99,"lat":45.3128,"lon":5.3555,"fibre_pct":96.6},{"code_insee":"38388","nom":"Saint-Georges-de-Commiers","codes_postaux":["38450"],"code_dep":"38","code_region":"84","population":2699,"surface_km2":14.2,"lat":45.0356,"lon":5.7218,"fibre_pct":98.0},{"code_insee":"38389","nom":"Saint-Georges-d'Espéranche","codes_postaux":["38790"],"code_dep":"38","code_region":"84","population":3545,"surface_km2":24.68,"lat":45.5628,"lon":5.089,"fibre_pct":98.1},{"code_insee":"38390","nom":"Saint-Gervais","codes_postaux":["38470"],"code_dep":"38","code_region":"84","population":538,"surface_km2":13.27,"lat":45.1881,"lon":5.4959,"fibre_pct":87.9},{"code_insee":"38391","nom":"Saint-Guillaume","codes_postaux":["38650"],"code_dep":"38","code_region":"84","population":238,"surface_km2":13.48,"lat":44.9448,"lon":5.5911,"fibre_pct":98.9},{"code_insee":"38392","nom":"Saint-Hilaire-de-Brens","codes_postaux":["38460"],"code_dep":"38","code_region":"84","population":603,"surface_km2":7.56,"lat":45.677,"lon":5.2913,"fibre_pct":97.3},{"code_insee":"38393","nom":"Saint-Hilaire-de-la-Côte","codes_postaux":["38260"],"code_dep":"38","code_region":"84","population":1600,"surface_km2":13.69,"lat":45.3875,"lon":5.3333,"fibre_pct":97.1},{"code_insee":"38394","nom":"Saint-Hilaire-du-Rosier","codes_postaux":["38840"],"code_dep":"38","code_region":"84","population":2004,"surface_km2":16.38,"lat":45.0931,"lon":5.2466,"fibre_pct":98.5},{"code_insee":"38395","nom":"Plateau-des-Petites-Roches","codes_postaux":["38660"],"code_dep":"38","code_region":"84","population":2433,"surface_km2":36.73,"lat":45.3343,"lon":5.8827,"fibre_pct":94.3},{"code_insee":"38396","nom":"Saint-Honoré","codes_postaux":["38350"],"code_dep":"38","code_region":"84","population":830,"surface_km2":14.66,"lat":44.9571,"lon":5.8217,"fibre_pct":97.6},{"code_insee":"38397","nom":"Saint-Ismier","codes_postaux":["38330"],"code_dep":"38","code_region":"84","population":7165,"surface_km2":14.81,"lat":45.2503,"lon":5.8274,"fibre_pct":96.4},{"code_insee":"38398","nom":"Saint-Jean-d'Avelanne","codes_postaux":["38480"],"code_dep":"38","code_region":"84","population":969,"surface_km2":7.86,"lat":45.5079,"lon":5.6679,"fibre_pct":98.1},{"code_insee":"38399","nom":"Saint-Jean-de-Bournay","codes_postaux":["38440"],"code_dep":"38","code_region":"84","population":4843,"surface_km2":26.87,"lat":45.4964,"lon":5.145,"fibre_pct":97.2},{"code_insee":"38400","nom":"Saint-Jean-de-Moirans","codes_postaux":["38430"],"code_dep":"38","code_region":"84","population":3620,"surface_km2":6.52,"lat":45.3338,"lon":5.5848,"fibre_pct":99.1},{"code_insee":"38401","nom":"Saint-Jean-de-Soudain","codes_postaux":["38110"],"code_dep":"38","code_region":"84","population":1714,"surface_km2":7.55,"lat":45.5842,"lon":5.435,"fibre_pct":97.3},{"code_insee":"38402","nom":"Saint-Jean-de-Vaulx","codes_postaux":["38220"],"code_dep":"38","code_region":"84","population":536,"surface_km2":10.39,"lat":45.0217,"lon":5.7498,"fibre_pct":98.4},{"code_insee":"38403","nom":"Saint-Jean-d'Hérans","codes_postaux":["38710"],"code_dep":"38","code_region":"84","population":318,"surface_km2":17.62,"lat":44.8567,"lon":5.7621,"fibre_pct":97.1},{"code_insee":"38404","nom":"Saint-Jean-le-Vieux","codes_postaux":["38420"],"code_dep":"38","code_region":"84","population":280,"surface_km2":4.7,"lat":45.2087,"lon":5.8766,"fibre_pct":97.2},{"code_insee":"38405","nom":"Saint-Joseph-de-Rivière","codes_postaux":["38134"],"code_dep":"38","code_region":"84","population":1254,"surface_km2":17.48,"lat":45.3652,"lon":5.6937,"fibre_pct":100.0},{"code_insee":"38406","nom":"Saint-Julien-de-l'Herms","codes_postaux":["38122"],"code_dep":"38","code_region":"84","population":165,"surface_km2":9.26,"lat":45.4306,"lon":5.0893,"fibre_pct":100.0},{"code_insee":"38407","nom":"La Sure en Chartreuse","codes_postaux":["38134","38340"],"code_dep":"38","code_region":"84","population":1072,"surface_km2":27.82,"lat":45.3361,"lon":5.6744,"fibre_pct":99.8},{"code_insee":"38408","nom":"Saint-Just-Chaleyssin","codes_postaux":["38540"],"code_dep":"38","code_region":"84","population":2695,"surface_km2":14.06,"lat":45.5867,"lon":5.0077,"fibre_pct":99.4},{"code_insee":"38409","nom":"Saint-Just-de-Claix","codes_postaux":["38680"],"code_dep":"38","code_region":"84","population":1401,"surface_km2":11.62,"lat":45.0822,"lon":5.2757,"fibre_pct":96.6},{"code_insee":"38410","nom":"Saint-Lattier","codes_postaux":["38840"],"code_dep":"38","code_region":"84","population":1486,"surface_km2":18.19,"lat":45.0935,"lon":5.1802,"fibre_pct":97.0},{"code_insee":"38412","nom":"Saint-Laurent-du-Pont","codes_postaux":["38380"],"code_dep":"38","code_region":"84","population":4490,"surface_km2":35.34,"lat":45.3812,"lon":5.7307,"fibre_pct":97.9},{"code_insee":"38413","nom":"Saint-Laurent-en-Beaumont","codes_postaux":["38350"],"code_dep":"38","code_region":"84","population":422,"surface_km2":13.22,"lat":44.8859,"lon":5.8475,"fibre_pct":99.7},{"code_insee":"38414","nom":"Sainte-Luce","codes_postaux":["38970"],"code_dep":"38","code_region":"84","population":42,"surface_km2":8.03,"lat":44.8461,"lon":5.9058,"fibre_pct":100.0},{"code_insee":"38415","nom":"Saint-Marcel-Bel-Accueil","codes_postaux":["38080"],"code_dep":"38","code_region":"84","population":1505,"surface_km2":18.4,"lat":45.6502,"lon":5.2419,"fibre_pct":100.0},{"code_insee":"38416","nom":"Saint-Marcellin","codes_postaux":["38160"],"code_dep":"38","code_region":"84","population":7700,"surface_km2":7.79,"lat":45.1526,"lon":5.3166,"fibre_pct":92.4},{"code_insee":"38417","nom":"Sainte-Marie-d'Alloix","codes_postaux":["38660"],"code_dep":"38","code_region":"84","population":486,"surface_km2":3.06,"lat":45.3853,"lon":5.9735,"fibre_pct":99.1},{"code_insee":"38418","nom":"Sainte-Marie-du-Mont","codes_postaux":["38660"],"code_dep":"38","code_region":"84","population":243,"surface_km2":23.95,"lat":45.4051,"lon":5.9294,"fibre_pct":100.0},{"code_insee":"38419","nom":"Saint-Martin-de-Clelles","codes_postaux":["38930"],"code_dep":"38","code_region":"84","population":184,"surface_km2":14.97,"lat":44.8455,"lon":5.6055,"fibre_pct":100.0},{"code_insee":"38420","nom":"Saint-Martin-de-Vaulserre","codes_postaux":["38480"],"code_dep":"38","code_region":"84","population":246,"surface_km2":3.96,"lat":45.4911,"lon":5.6835,"fibre_pct":100.0},{"code_insee":"38421","nom":"Saint-Martin-d'Hères","codes_postaux":["38400"],"code_dep":"38","code_region":"84","population":37695,"surface_km2":9.52,"lat":45.1782,"lon":5.7646,"fibre_pct":98.7},{"code_insee":"38422","nom":"Saint-Martin-d'Uriage","codes_postaux":["38410"],"code_dep":"38","code_region":"84","population":5587,"surface_km2":35.6,"lat":45.1568,"lon":5.8592,"fibre_pct":97.4},{"code_insee":"38423","nom":"Saint-Martin-le-Vinoux","codes_postaux":["38950"],"code_dep":"38","code_region":"84","population":6078,"surface_km2":9.99,"lat":45.2184,"lon":5.7104,"fibre_pct":98.8},{"code_insee":"38424","nom":"Saint-Maurice-en-Trièves","codes_postaux":["38930"],"code_dep":"38","code_region":"84","population":180,"surface_km2":13.03,"lat":44.7585,"lon":5.6573,"fibre_pct":94.3},{"code_insee":"38425","nom":"Saint-Maurice-l'Exil","codes_postaux":["38550"],"code_dep":"38","code_region":"84","population":6889,"surface_km2":13.44,"lat":45.3911,"lon":4.7774,"fibre_pct":95.9},{"code_insee":"38426","nom":"Saint-Maximin","codes_postaux":["38530"],"code_dep":"38","code_region":"84","population":689,"surface_km2":10.43,"lat":45.425,"lon":6.0493,"fibre_pct":91.5},{"code_insee":"38427","nom":"Saint-Michel-de-Saint-Geoirs","codes_postaux":["38590"],"code_dep":"38","code_region":"84","population":281,"surface_km2":7.16,"lat":45.3008,"lon":5.3587,"fibre_pct":99.4},{"code_insee":"38428","nom":"Saint-Michel-en-Beaumont","codes_postaux":["38350"],"code_dep":"38","code_region":"84","population":32,"surface_km2":7.87,"lat":44.869,"lon":5.9151,"fibre_pct":81.0},{"code_insee":"38429","nom":"Saint-Michel-les-Portes","codes_postaux":["38650"],"code_dep":"38","code_region":"84","population":285,"surface_km2":21.39,"lat":44.8665,"lon":5.584,"fibre_pct":99.6},{"code_insee":"38430","nom":"Saint-Mury-Monteymond","codes_postaux":["38190"],"code_dep":"38","code_region":"84","population":342,"surface_km2":10.97,"lat":45.2091,"lon":5.9353,"fibre_pct":97.6},{"code_insee":"38431","nom":"Saint-Nazaire-les-Eymes","codes_postaux":["38330"],"code_dep":"38","code_region":"84","population":3016,"surface_km2":8.75,"lat":45.2648,"lon":5.8482,"fibre_pct":99.2},{"code_insee":"38432","nom":"Saint-Nicolas-de-Macherin","codes_postaux":["38500"],"code_dep":"38","code_region":"84","population":937,"surface_km2":10.64,"lat":45.4057,"lon":5.6152,"fibre_pct":95.2},{"code_insee":"38433","nom":"Saint-Nizier-du-Moucherotte","codes_postaux":["38250"],"code_dep":"38","code_region":"84","population":1162,"surface_km2":11.41,"lat":45.1638,"lon":5.6306,"fibre_pct":90.3},{"code_insee":"38434","nom":"Saint-Ondras","codes_postaux":["38490"],"code_dep":"38","code_region":"84","population":668,"surface_km2":8.23,"lat":45.5185,"lon":5.5452,"fibre_pct":98.3},{"code_insee":"38436","nom":"Saint-Paul-de-Varces","codes_postaux":["38760"],"code_dep":"38","code_region":"84","population":2218,"surface_km2":19.95,"lat":45.0646,"lon":5.6319,"fibre_pct":90.4},{"code_insee":"38437","nom":"Saint-Paul-d'Izeaux","codes_postaux":["38140"],"code_dep":"38","code_region":"84","population":307,"surface_km2":7.7,"lat":45.313,"lon":5.4333,"fibre_pct":99.4},{"code_insee":"38438","nom":"Saint-Paul-lès-Monestier","codes_postaux":["38650"],"code_dep":"38","code_region":"84","population":288,"surface_km2":13.89,"lat":44.9304,"lon":5.6127,"fibre_pct":98.1},{"code_insee":"38439","nom":"Crêts en Belledonne","codes_postaux":["38570","38830"],"code_dep":"38","code_region":"84","population":3470,"surface_km2":33.46,"lat":45.3569,"lon":6.0314,"fibre_pct":96.0},{"code_insee":"38440","nom":"Saint-Pierre-de-Bressieux","codes_postaux":["38870"],"code_dep":"38","code_region":"84","population":786,"surface_km2":23.25,"lat":45.3034,"lon":5.2968,"fibre_pct":95.8},{"code_insee":"38442","nom":"Saint-Pierre-de-Chartreuse","codes_postaux":["38380"],"code_dep":"38","code_region":"84","population":1003,"surface_km2":79.8,"lat":45.3312,"lon":5.7933,"fibre_pct":93.6},{"code_insee":"38443","nom":"Saint-Pierre-de-Chérennes","codes_postaux":["38160"],"code_dep":"38","code_region":"84","population":461,"surface_km2":11.85,"lat":45.1234,"lon":5.39,"fibre_pct":89.7},{"code_insee":"38444","nom":"Saint-Pierre-de-Méaroz","codes_postaux":["38350"],"code_dep":"38","code_region":"84","population":114,"surface_km2":4.67,"lat":44.8725,"lon":5.8178,"fibre_pct":96.6},{"code_insee":"38445","nom":"Saint-Pierre-de-Mésage","codes_postaux":["38220"],"code_dep":"38","code_region":"84","population":784,"surface_km2":7.05,"lat":45.0491,"lon":5.7669,"fibre_pct":99.4},{"code_insee":"38446","nom":"Saint-Pierre-d'Entremont","codes_postaux":["38380"],"code_dep":"38","code_region":"84","population":581,"surface_km2":32.54,"lat":45.3835,"lon":5.8523,"fibre_pct":95.6},{"code_insee":"38448","nom":"Saint-Prim","codes_postaux":["38370"],"code_dep":"38","code_region":"84","population":1478,"surface_km2":7.32,"lat":45.4441,"lon":4.8067,"fibre_pct":98.4},{"code_insee":"38449","nom":"Saint-Quentin-Fallavier","codes_postaux":["38070"],"code_dep":"38","code_region":"84","population":6189,"surface_km2":23.63,"lat":45.6392,"lon":5.1128,"fibre_pct":96.2},{"code_insee":"38450","nom":"Saint-Quentin-sur-Isère","codes_postaux":["38210"],"code_dep":"38","code_region":"84","population":1466,"surface_km2":19.42,"lat":45.275,"lon":5.554,"fibre_pct":95.0},{"code_insee":"38451","nom":"Saint-Romain-de-Jalionas","codes_postaux":["38460"],"code_dep":"38","code_region":"84","population":3417,"surface_km2":13.66,"lat":45.7527,"lon":5.2227,"fibre_pct":90.3},{"code_insee":"38452","nom":"Saint-Romain-de-Surieu","codes_postaux":["38150"],"code_dep":"38","code_region":"84","population":468,"surface_km2":4.76,"lat":45.3912,"lon":4.8898,"fibre_pct":98.5},{"code_insee":"38453","nom":"Saint-Romans","codes_postaux":["38160"],"code_dep":"38","code_region":"84","population":1897,"surface_km2":17.12,"lat":45.1049,"lon":5.3178,"fibre_pct":98.2},{"code_insee":"38454","nom":"Saint-Sauveur","codes_postaux":["38160"],"code_dep":"38","code_region":"84","population":2127,"surface_km2":9.36,"lat":45.1433,"lon":5.3457,"fibre_pct":96.1},{"code_insee":"38455","nom":"Saint-Savin","codes_postaux":["38300"],"code_dep":"38","code_region":"84","population":4323,"surface_km2":24.84,"lat":45.6282,"lon":5.3216,"fibre_pct":96.7},{"code_insee":"38456","nom":"Châtel-en-Trièves","codes_postaux":["38710"],"code_dep":"38","code_region":"84","population":491,"surface_km2":47.81,"lat":44.8244,"lon":5.8308,"fibre_pct":96.9},{"code_insee":"38457","nom":"Saint-Siméon-de-Bressieux","codes_postaux":["38870"],"code_dep":"38","code_region":"84","population":3186,"surface_km2":18.87,"lat":45.321,"lon":5.266,"fibre_pct":92.4},{"code_insee":"38458","nom":"Saint-Sorlin-de-Morestel","codes_postaux":["38510"],"code_dep":"38","code_region":"84","population":610,"surface_km2":5.47,"lat":45.632,"lon":5.4716,"fibre_pct":99.1},{"code_insee":"38459","nom":"Saint-Sorlin-de-Vienne","codes_postaux":["38200"],"code_dep":"38","code_region":"84","population":964,"surface_km2":9.94,"lat":45.4756,"lon":4.9391,"fibre_pct":95.2},{"code_insee":"38460","nom":"Saint-Sulpice-des-Rivoires","codes_postaux":["38620"],"code_dep":"38","code_region":"84","population":425,"surface_km2":7.16,"lat":45.4681,"lon":5.6019,"fibre_pct":94.9},{"code_insee":"38462","nom":"Saint-Théoffrey","codes_postaux":["38119"],"code_dep":"38","code_region":"84","population":612,"surface_km2":7.55,"lat":44.9951,"lon":5.7764,"fibre_pct":94.5},{"code_insee":"38463","nom":"Saint-Vérand","codes_postaux":["38160"],"code_dep":"38","code_region":"84","population":1711,"surface_km2":17.78,"lat":45.1816,"lon":5.3426,"fibre_pct":96.6},{"code_insee":"38464","nom":"Saint-Victor-de-Cessieu","codes_postaux":["38110"],"code_dep":"38","code_region":"84","population":2148,"surface_km2":12.3,"lat":45.5379,"lon":5.3814,"fibre_pct":98.5},{"code_insee":"38465","nom":"Saint-Victor-de-Morestel","codes_postaux":["38510"],"code_dep":"38","code_region":"84","population":1168,"surface_km2":13.22,"lat":45.7042,"lon":5.4956,"fibre_pct":99.6},{"code_insee":"38466","nom":"Saint-Vincent-de-Mercuze","codes_postaux":["38660"],"code_dep":"38","code_region":"84","population":1532,"surface_km2":7.82,"lat":45.374,"lon":5.957,"fibre_pct":99.6},{"code_insee":"38467","nom":"Salagnon","codes_postaux":["38890"],"code_dep":"38","code_region":"84","population":1508,"surface_km2":8.29,"lat":45.6717,"lon":5.3523,"fibre_pct":99.7},{"code_insee":"38468","nom":"Salaise-sur-Sanne","codes_postaux":["38150"],"code_dep":"38","code_region":"84","population":4606,"surface_km2":16.19,"lat":45.3432,"lon":4.8028,"fibre_pct":95.4},{"code_insee":"38469","nom":"La Salette-Fallavaux","codes_postaux":["38970"],"code_dep":"38","code_region":"84","population":81,"surface_km2":22.46,"lat":44.8422,"lon":5.9877,"fibre_pct":74.3},{"code_insee":"38470","nom":"La Salle-en-Beaumont","codes_postaux":["38350"],"code_dep":"38","code_region":"84","population":355,"surface_km2":9.26,"lat":44.8581,"lon":5.8639,"fibre_pct":95.0},{"code_insee":"38471","nom":"Le Sappey-en-Chartreuse","codes_postaux":["38700"],"code_dep":"38","code_region":"84","population":1191,"surface_km2":15.01,"lat":45.2617,"lon":5.7868,"fibre_pct":89.9},{"code_insee":"38472","nom":"Sarcenas","codes_postaux":["38700"],"code_dep":"38","code_region":"84","population":261,"surface_km2":7.94,"lat":45.2828,"lon":5.7632,"fibre_pct":100.0},{"code_insee":"38473","nom":"Sardieu","codes_postaux":["38260"],"code_dep":"38","code_region":"84","population":1193,"surface_km2":11.23,"lat":45.3601,"lon":5.2192,"fibre_pct":98.2},{"code_insee":"38474","nom":"Sassenage","codes_postaux":["38360"],"code_dep":"38","code_region":"84","population":11646,"surface_km2":13.32,"lat":45.2141,"lon":5.6541,"fibre_pct":99.1},{"code_insee":"38475","nom":"Satolas-et-Bonce","codes_postaux":["38290"],"code_dep":"38","code_region":"84","population":2532,"surface_km2":16.79,"lat":45.6821,"lon":5.1218,"fibre_pct":90.2},{"code_insee":"38476","nom":"Savas-Mépin","codes_postaux":["38440"],"code_dep":"38","code_region":"84","population":883,"surface_km2":10.45,"lat":45.5029,"lon":5.0638,"fibre_pct":84.5},{"code_insee":"38478","nom":"Séchilienne","codes_postaux":["38220"],"code_dep":"38","code_region":"84","population":993,"surface_km2":20.37,"lat":45.0733,"lon":5.8326,"fibre_pct":94.8},{"code_insee":"38479","nom":"Porte-des-Bonnevaux","codes_postaux":["38260"],"code_dep":"38","code_region":"84","population":2099,"surface_km2":44.08,"lat":45.432,"lon":5.2153,"fibre_pct":98.3},{"code_insee":"38480","nom":"Septème","codes_postaux":["38780"],"code_dep":"38","code_region":"84","population":2186,"surface_km2":21.82,"lat":45.5514,"lon":4.9881,"fibre_pct":94.6},{"code_insee":"38481","nom":"Sérézin-de-la-Tour","codes_postaux":["38300"],"code_dep":"38","code_region":"84","population":1135,"surface_km2":9.43,"lat":45.5554,"lon":5.3483,"fibre_pct":95.5},{"code_insee":"38483","nom":"Sermérieu","codes_postaux":["38510"],"code_dep":"38","code_region":"84","population":1638,"surface_km2":17.37,"lat":45.6689,"lon":5.4123,"fibre_pct":98.9},{"code_insee":"38484","nom":"Serpaize","codes_postaux":["38200"],"code_dep":"38","code_region":"84","population":2091,"surface_km2":11.43,"lat":45.5581,"lon":4.9211,"fibre_pct":91.2},{"code_insee":"38485","nom":"Seyssinet-Pariset","codes_postaux":["38170"],"code_dep":"38","code_region":"84","population":11739,"surface_km2":10.78,"lat":45.1721,"lon":5.6701,"fibre_pct":99.7},{"code_insee":"38486","nom":"Seyssins","codes_postaux":["38180"],"code_dep":"38","code_region":"84","population":8092,"surface_km2":8.0,"lat":45.1578,"lon":5.6697,"fibre_pct":99.3},{"code_insee":"38487","nom":"Seyssuel","codes_postaux":["38200"],"code_dep":"38","code_region":"84","population":2248,"surface_km2":9.68,"lat":45.5624,"lon":4.841,"fibre_pct":98.5},{"code_insee":"38488","nom":"Siccieu-Saint-Julien-et-Carisieu","codes_postaux":["38460"],"code_dep":"38","code_region":"84","population":609,"surface_km2":14.24,"lat":45.7286,"lon":5.3089,"fibre_pct":99.0},{"code_insee":"38489","nom":"Siévoz","codes_postaux":["38350"],"code_dep":"38","code_region":"84","population":132,"surface_km2":7.41,"lat":44.9045,"lon":5.8503,"fibre_pct":100.0},{"code_insee":"38490","nom":"Sillans","codes_postaux":["38590"],"code_dep":"38","code_region":"84","population":1919,"surface_km2":12.87,"lat":45.3473,"lon":5.3924,"fibre_pct":99.2},{"code_insee":"38492","nom":"Sinard","codes_postaux":["38650"],"code_dep":"38","code_region":"84","population":724,"surface_km2":10.91,"lat":44.9438,"lon":5.6558,"fibre_pct":95.5},{"code_insee":"38494","nom":"Soleymieu","codes_postaux":["38460"],"code_dep":"38","code_region":"84","population":895,"surface_km2":13.34,"lat":45.7031,"lon":5.3622,"fibre_pct":98.4},{"code_insee":"38495","nom":"La Sône","codes_postaux":["38840"],"code_dep":"38","code_region":"84","population":634,"surface_km2":3.05,"lat":45.1173,"lon":5.2782,"fibre_pct":90.3},{"code_insee":"38496","nom":"Sonnay","codes_postaux":["38150"],"code_dep":"38","code_region":"84","population":1234,"surface_km2":14.17,"lat":45.3563,"lon":4.9163,"fibre_pct":99.2},{"code_insee":"38497","nom":"Sousville","codes_postaux":["38350"],"code_dep":"38","code_region":"84","population":141,"surface_km2":2.96,"lat":44.9119,"lon":5.8066,"fibre_pct":93.8},{"code_insee":"38498","nom":"Succieu","codes_postaux":["38300"],"code_dep":"38","code_region":"84","population":777,"surface_km2":8.45,"lat":45.5285,"lon":5.3416,"fibre_pct":99.5},{"code_insee":"38499","nom":"Susville","codes_postaux":["38350"],"code_dep":"38","code_region":"84","population":1134,"surface_km2":10.02,"lat":44.928,"lon":5.7607,"fibre_pct":95.2},{"code_insee":"38500","nom":"Têche","codes_postaux":["38470"],"code_dep":"38","code_region":"84","population":596,"surface_km2":5.05,"lat":45.1806,"lon":5.3763,"fibre_pct":98.3},{"code_insee":"38501","nom":"Tencin","codes_postaux":["38570"],"code_dep":"38","code_region":"84","population":2180,"surface_km2":6.8,"lat":45.3103,"lon":5.9617,"fibre_pct":93.4},{"code_insee":"38503","nom":"La Terrasse","codes_postaux":["38660"],"code_dep":"38","code_region":"84","population":2470,"surface_km2":9.08,"lat":45.3237,"lon":5.9319,"fibre_pct":93.7},{"code_insee":"38504","nom":"Theys","codes_postaux":["38570"],"code_dep":"38","code_region":"84","population":2011,"surface_km2":36.11,"lat":45.2958,"lon":6.0067,"fibre_pct":95.4},{"code_insee":"38505","nom":"Thodure","codes_postaux":["38260"],"code_dep":"38","code_region":"84","population":795,"surface_km2":14.55,"lat":45.3154,"lon":5.1558,"fibre_pct":94.9},{"code_insee":"38507","nom":"Tignieu-Jameyzieu","codes_postaux":["38230"],"code_dep":"38","code_region":"84","population":8031,"surface_km2":13.41,"lat":45.7321,"lon":5.183,"fibre_pct":94.3},{"code_insee":"38508","nom":"Torchefelon","codes_postaux":["38690"],"code_dep":"38","code_region":"84","population":838,"surface_km2":8.77,"lat":45.5172,"lon":5.3984,"fibre_pct":98.4},{"code_insee":"38509","nom":"La Tour-du-Pin","codes_postaux":["38110"],"code_dep":"38","code_region":"84","population":8111,"surface_km2":4.8,"lat":45.5743,"lon":5.4459,"fibre_pct":97.0},{"code_insee":"38511","nom":"Le Touvet","codes_postaux":["38660"],"code_dep":"38","code_region":"84","population":3116,"surface_km2":11.84,"lat":45.3512,"lon":5.9481,"fibre_pct":91.7},{"code_insee":"38512","nom":"Tramolé","codes_postaux":["38300"],"code_dep":"38","code_region":"84","population":810,"surface_km2":7.07,"lat":45.5153,"lon":5.2656,"fibre_pct":98.9},{"code_insee":"38513","nom":"Treffort","codes_postaux":["38650"],"code_dep":"38","code_region":"84","population":249,"surface_km2":12.79,"lat":44.9008,"lon":5.6591,"fibre_pct":95.7},{"code_insee":"38514","nom":"Tréminis","codes_postaux":["38710"],"code_dep":"38","code_region":"84","population":198,"surface_km2":49.47,"lat":44.7317,"lon":5.7669,"fibre_pct":97.4},{"code_insee":"38515","nom":"Trept","codes_postaux":["38460"],"code_dep":"38","code_region":"84","population":2095,"surface_km2":15.9,"lat":45.6864,"lon":5.3239,"fibre_pct":97.7},{"code_insee":"38516","nom":"La Tronche","codes_postaux":["38700"],"code_dep":"38","code_region":"84","population":6424,"surface_km2":6.46,"lat":45.2117,"lon":5.7443,"fibre_pct":97.7},{"code_insee":"38517","nom":"Tullins","codes_postaux":["38210"],"code_dep":"38","code_region":"84","population":7624,"surface_km2":29.34,"lat":45.2924,"lon":5.4874,"fibre_pct":86.6},{"code_insee":"38518","nom":"Valbonnais","codes_postaux":["38740"],"code_dep":"38","code_region":"84","population":520,"surface_km2":24.23,"lat":44.9029,"lon":5.9066,"fibre_pct":91.8},{"code_insee":"38519","nom":"Valencin","codes_postaux":["38540"],"code_dep":"38","code_region":"84","population":2878,"surface_km2":9.58,"lat":45.6058,"lon":5.0259,"fibre_pct":97.7},{"code_insee":"38520","nom":"Valencogne","codes_postaux":["38730"],"code_dep":"38","code_region":"84","population":666,"surface_km2":7.68,"lat":45.4893,"lon":5.5344,"fibre_pct":98.3},{"code_insee":"38521","nom":"La Valette","codes_postaux":["38350"],"code_dep":"38","code_region":"84","population":66,"surface_km2":7.9,"lat":44.9411,"lon":5.8546,"fibre_pct":100.0},{"code_insee":"38522","nom":"Valjouffrey","codes_postaux":["38740"],"code_dep":"38","code_region":"84","population":167,"surface_km2":126.58,"lat":44.8776,"lon":6.0948,"fibre_pct":85.2},{"code_insee":"38523","nom":"Varacieux","codes_postaux":["38470"],"code_dep":"38","code_region":"84","population":881,"surface_km2":18.51,"lat":45.2277,"lon":5.3409,"fibre_pct":92.8},{"code_insee":"38524","nom":"Varces-Allières-et-Risset","codes_postaux":["38760"],"code_dep":"38","code_region":"84","population":8542,"surface_km2":20.91,"lat":45.0884,"lon":5.6699,"fibre_pct":97.3},{"code_insee":"38525","nom":"Vasselin","codes_postaux":["38890"],"code_dep":"38","code_region":"84","population":458,"surface_km2":3.87,"lat":45.6293,"lon":5.4504,"fibre_pct":91.4},{"code_insee":"38526","nom":"Vatilieu","codes_postaux":["38470"],"code_dep":"38","code_region":"84","population":373,"surface_km2":9.36,"lat":45.2594,"lon":5.4109,"fibre_pct":98.4},{"code_insee":"38527","nom":"Vaujany","codes_postaux":["38114"],"code_dep":"38","code_region":"84","population":357,"surface_km2":74.41,"lat":45.1884,"lon":6.0995,"fibre_pct":95.8},{"code_insee":"38528","nom":"Vaulnaveys-le-Bas","codes_postaux":["38410"],"code_dep":"38","code_region":"84","population":1398,"surface_km2":11.9,"lat":45.1002,"lon":5.8123,"fibre_pct":98.9},{"code_insee":"38529","nom":"Vaulnaveys-le-Haut","codes_postaux":["38410"],"code_dep":"38","code_region":"84","population":4006,"surface_km2":16.68,"lat":45.1159,"lon":5.8354,"fibre_pct":97.3},{"code_insee":"38530","nom":"Vaulx-Milieu","codes_postaux":["38090"],"code_dep":"38","code_region":"84","population":2472,"surface_km2":9.04,"lat":45.6174,"lon":5.1868,"fibre_pct":93.8},{"code_insee":"38531","nom":"Velanne","codes_postaux":["38620"],"code_dep":"38","code_region":"84","population":572,"surface_km2":8.12,"lat":45.4888,"lon":5.6441,"fibre_pct":100.0},{"code_insee":"38532","nom":"Vénérieu","codes_postaux":["38460"],"code_dep":"38","code_region":"84","population":968,"surface_km2":5.93,"lat":45.6593,"lon":5.2785,"fibre_pct":99.8},{"code_insee":"38533","nom":"Venon","codes_postaux":["38610"],"code_dep":"38","code_region":"84","population":841,"surface_km2":4.29,"lat":45.1742,"lon":5.8112,"fibre_pct":99.4},{"code_insee":"38535","nom":"Vernas","codes_postaux":["38460"],"code_dep":"38","code_region":"84","population":268,"surface_km2":5.89,"lat":45.7769,"lon":5.2647,"fibre_pct":97.1},{"code_insee":"38536","nom":"Vernioz","codes_postaux":["38150"],"code_dep":"38","code_region":"84","population":1521,"surface_km2":11.35,"lat":45.4345,"lon":4.8946,"fibre_pct":97.3},{"code_insee":"38537","nom":"La Verpillière","codes_postaux":["38290"],"code_dep":"38","code_region":"84","population":7786,"surface_km2":6.71,"lat":45.6376,"lon":5.1494,"fibre_pct":85.9},{"code_insee":"38538","nom":"Le Versoud","codes_postaux":["38420"],"code_dep":"38","code_region":"84","population":4900,"surface_km2":6.16,"lat":45.22,"lon":5.8598,"fibre_pct":98.6},{"code_insee":"38539","nom":"Vertrieu","codes_postaux":["38390"],"code_dep":"38","code_region":"84","population":608,"surface_km2":4.45,"lat":45.8692,"lon":5.3703,"fibre_pct":98.9},{"code_insee":"38540","nom":"Veurey-Voroize","codes_postaux":["38113"],"code_dep":"38","code_region":"84","population":1427,"surface_km2":12.54,"lat":45.2713,"lon":5.6042,"fibre_pct":93.1},{"code_insee":"38542","nom":"Veyssilieu","codes_postaux":["38460"],"code_dep":"38","code_region":"84","population":328,"surface_km2":6.57,"lat":45.6805,"lon":5.2283,"fibre_pct":96.6},{"code_insee":"38543","nom":"Vézeronce-Curtin","codes_postaux":["38510"],"code_dep":"38","code_region":"84","population":2241,"surface_km2":14.65,"lat":45.6534,"lon":5.469,"fibre_pct":98.8},{"code_insee":"38544","nom":"Vienne","codes_postaux":["38200"],"code_dep":"38","code_region":"84","population":31778,"surface_km2":22.6,"lat":45.5221,"lon":4.8803,"fibre_pct":97.9},{"code_insee":"38545","nom":"Vif","codes_postaux":["38450"],"code_dep":"38","code_region":"84","population":8530,"surface_km2":27.34,"lat":45.043,"lon":5.6712,"fibre_pct":93.3},{"code_insee":"38546","nom":"Vignieu","codes_postaux":["38890"],"code_dep":"38","code_region":"84","population":1024,"surface_km2":9.42,"lat":45.6315,"lon":5.4227,"fibre_pct":97.9},{"code_insee":"38547","nom":"Villard-Bonnot","codes_postaux":["38190"],"code_dep":"38","code_region":"84","population":7509,"surface_km2":5.95,"lat":45.2455,"lon":5.8837,"fibre_pct":97.0},{"code_insee":"38548","nom":"Villard-de-Lans","codes_postaux":["38250"],"code_dep":"38","code_region":"84","population":4328,"surface_km2":67.14,"lat":45.051,"lon":5.5392,"fibre_pct":92.0},{"code_insee":"38549","nom":"Villard-Notre-Dame","codes_postaux":["38520"],"code_dep":"38","code_region":"84","population":25,"surface_km2":14.13,"lat":45.0104,"lon":6.0326,"fibre_pct":0.0},{"code_insee":"38550","nom":"Villard-Reculas","codes_postaux":["38114"],"code_dep":"38","code_region":"84","population":76,"surface_km2":5.03,"lat":45.0924,"lon":6.0391,"fibre_pct":84.1},{"code_insee":"38551","nom":"Villard-Reymond","codes_postaux":["38520"],"code_dep":"38","code_region":"84","population":46,"surface_km2":10.99,"lat":45.0279,"lon":6.0068,"fibre_pct":0.0},{"code_insee":"38552","nom":"Villard-Saint-Christophe","codes_postaux":["38119"],"code_dep":"38","code_region":"84","population":397,"surface_km2":14.34,"lat":44.9829,"lon":5.8233,"fibre_pct":94.2},{"code_insee":"38553","nom":"Villefontaine","codes_postaux":["38090"],"code_dep":"38","code_region":"84","population":19445,"surface_km2":10.4,"lat":45.6161,"lon":5.1549,"fibre_pct":90.4},{"code_insee":"38554","nom":"Villemoirieu","codes_postaux":["38460"],"code_dep":"38","code_region":"84","population":1925,"surface_km2":13.34,"lat":45.7138,"lon":5.2348,"fibre_pct":93.7},{"code_insee":"38555","nom":"Villeneuve-de-Marc","codes_postaux":["38440"],"code_dep":"38","code_region":"84","population":1154,"surface_km2":26.3,"lat":45.4627,"lon":5.1202,"fibre_pct":99.0},{"code_insee":"38556","nom":"Ville-sous-Anjou","codes_postaux":["38150"],"code_dep":"38","code_region":"84","population":1175,"surface_km2":18.29,"lat":45.3764,"lon":4.8638,"fibre_pct":98.6},{"code_insee":"38557","nom":"Villette-d'Anthon","codes_postaux":["38280"],"code_dep":"38","code_region":"84","population":5268,"surface_km2":22.86,"lat":45.7878,"lon":5.1019,"fibre_pct":97.4},{"code_insee":"38558","nom":"Villette-de-Vienne","codes_postaux":["38200"],"code_dep":"38","code_region":"84","population":2025,"surface_km2":11.01,"lat":45.5883,"lon":4.9109,"fibre_pct":98.9},{"code_insee":"38559","nom":"Vinay","codes_postaux":["38470"],"code_dep":"38","code_region":"84","population":4438,"surface_km2":16.06,"lat":45.2144,"lon":5.4078,"fibre_pct":93.3},{"code_insee":"38560","nom":"Val-de-Virieu","codes_postaux":["38730"],"code_dep":"38","code_region":"84","population":1528,"surface_km2":16.25,"lat":45.476,"lon":5.4716,"fibre_pct":92.6},{"code_insee":"38561","nom":"Viriville","codes_postaux":["38980"],"code_dep":"38","code_region":"84","population":1713,"surface_km2":30.48,"lat":45.3056,"lon":5.2082,"fibre_pct":89.3},{"code_insee":"38562","nom":"Vizille","codes_postaux":["38220"],"code_dep":"38","code_region":"84","population":7292,"surface_km2":10.81,"lat":45.0728,"lon":5.7813,"fibre_pct":88.6},{"code_insee":"38563","nom":"Voiron","codes_postaux":["38500"],"code_dep":"38","code_region":"84","population":21847,"surface_km2":22.09,"lat":45.3805,"lon":5.5869,"fibre_pct":96.1},{"code_insee":"38564","nom":"Voissant","codes_postaux":["38620"],"code_dep":"38","code_region":"84","population":246,"surface_km2":3.93,"lat":45.4807,"lon":5.7045,"fibre_pct":97.3},{"code_insee":"38565","nom":"Voreppe","codes_postaux":["38340"],"code_dep":"38","code_region":"84","population":9922,"surface_km2":28.94,"lat":45.2861,"lon":5.6417,"fibre_pct":96.3},{"code_insee":"38566","nom":"Vourey","codes_postaux":["38210"],"code_dep":"38","code_region":"84","population":1688,"surface_km2":6.86,"lat":45.3153,"lon":5.5205,"fibre_pct":98.6},{"code_insee":"38567","nom":"Chamrousse","codes_postaux":["38410"],"code_dep":"38","code_region":"84","population":453,"surface_km2":12.23,"lat":45.1177,"lon":5.9009,"fibre_pct":69.5}]