[{"code_insee":"40001","nom":"Aire-sur-l'Adour","codes_postaux":["40800"],"code_dep":"40","code_region":"75","population":6211,"surface_km2":58.0,"lat":43.6932,"lon":-0.2561,"fibre_pct":95.5,"vivrescore":100},{"code_insee":"40002","nom":"Amou","codes_postaux":["40330"],"code_dep":"40","code_region":"75","population":1550,"surface_km2":27.48,"lat":43.5891,"lon":-0.7464,"fibre_pct":88.7,"vivrescore":80},{"code_insee":"40003","nom":"Angoumé","codes_postaux":["40990"],"code_dep":"40","code_region":"75","population":261,"surface_km2":7.87,"lat":43.7067,"lon":-1.1396,"fibre_pct":100.0,"vivrescore":100},{"code_insee":"40004","nom":"Angresse","codes_postaux":["40150"],"code_dep":"40","code_region":"75","population":2277,"surface_km2":7.72,"lat":43.6591,"lon":-1.3624,"fibre_pct":86.0,"vivrescore":80},{"code_insee":"40005","nom":"Arboucave","codes_postaux":["40320"],"code_dep":"40","code_region":"75","population":220,"surface_km2":9.96,"lat":43.6063,"lon":-0.4412,"fibre_pct":98.4,"vivrescore":100},{"code_insee":"40006","nom":"Arengosse","codes_postaux":["40110"],"code_dep":"40","code_region":"75","population":711,"surface_km2":62.79,"lat":44.0299,"lon":-0.7811,"fibre_pct":100.0,"vivrescore":100},{"code_insee":"40007","nom":"Argelos","codes_postaux":["40700"],"code_dep":"40","code_region":"75","population":160,"surface_km2":6.52,"lat":43.5813,"lon":-0.6196,"fibre_pct":100.0,"vivrescore":100},{"code_insee":"40008","nom":"Argelouse","codes_postaux":["40430"],"code_dep":"40","code_region":"75","population":92,"surface_km2":22.82,"lat":44.3728,"lon":-0.6359,"fibre_pct":95.9,"vivrescore":100},{"code_insee":"40011","nom":"Arsague","codes_postaux":["40330"],"code_dep":"40","code_region":"75","population":348,"surface_km2":7.26,"lat":43.581,"lon":-0.789,"fibre_pct":98.9,"vivrescore":100},{"code_insee":"40012","nom":"Artassenx","codes_postaux":["40090"],"code_dep":"40","code_region":"75","population":262,"surface_km2":5.48,"lat":43.8461,"lon":-0.395,"fibre_pct":85.7,"vivrescore":80},{"code_insee":"40013","nom":"Arthez-d'Armagnac","codes_postaux":["40190"],"code_dep":"40","code_region":"75","population":92,"surface_km2":11.18,"lat":43.8951,"lon":-0.246,"fibre_pct":100.0,"vivrescore":100},{"code_insee":"40014","nom":"Arue","codes_postaux":["40120"],"code_dep":"40","code_region":"75","population":356,"surface_km2":48.76,"lat":44.051,"lon":-0.3607,"fibre_pct":99.6,"vivrescore":100},{"code_insee":"40015","nom":"Arx","codes_postaux":["40310"],"code_dep":"40","code_region":"75","population":57,"surface_km2":24.36,"lat":44.1087,"lon":0.0843,"fibre_pct":100.0,"vivrescore":100},{"code_insee":"40016","nom":"Aubagnan","codes_postaux":["40700"],"code_dep":"40","code_region":"75","population":277,"surface_km2":3.43,"lat":43.6648,"lon":-0.4996,"fibre_pct":100.0,"vivrescore":100},{"code_insee":"40017","nom":"Audignon","codes_postaux":["40500"],"code_dep":"40","code_region":"75","population":386,"surface_km2":9.38,"lat":43.7242,"lon":-0.5935,"fibre_pct":92.2,"vivrescore":80},{"code_insee":"40018","nom":"Audon","codes_postaux":["40400"],"code_dep":"40","code_region":"75","population":409,"surface_km2":7.54,"lat":43.7996,"lon":-0.828,"fibre_pct":98.7,"vivrescore":100},{"code_insee":"40019","nom":"Aureilhan","codes_postaux":["40200"],"code_dep":"40","code_region":"75","population":1146,"surface_km2":11.55,"lat":44.2094,"lon":-1.192,"fibre_pct":89.5,"vivrescore":80},{"code_insee":"40020","nom":"Aurice","codes_postaux":["40500"],"code_dep":"40","code_region":"75","population":633,"surface_km2":17.52,"lat":43.7993,"lon":-0.6022,"fibre_pct":99.4,"vivrescore":100},{"code_insee":"40021","nom":"Azur","codes_postaux":["40140"],"code_dep":"40","code_region":"75","population":988,"surface_km2":16.94,"lat":43.7996,"lon":-1.2919,"fibre_pct":90.0,"vivrescore":80},{"code_insee":"40022","nom":"Bahus-Soubiran","codes_postaux":["40320"],"code_dep":"40","code_region":"75","population":394,"surface_km2":14.73,"lat":43.6744,"lon":-0.3456,"fibre_pct":94.9,"vivrescore":80},{"code_insee":"40023","nom":"Baigts","codes_postaux":["40380"],"code_dep":"40","code_region":"75","population":331,"surface_km2":11.67,"lat":43.6897,"lon":-0.7922,"fibre_pct":99.5,"vivrescore":100},{"code_insee":"40024","nom":"Banos","codes_postaux":["40500"],"code_dep":"40","code_region":"75","population":271,"surface_km2":5.77,"lat":43.7318,"lon":-0.6184,"fibre_pct":96.9,"vivrescore":100},{"code_insee":"40025","nom":"Bascons","codes_postaux":["40090"],"code_dep":"40","code_region":"75","population":855,"surface_km2":18.69,"lat":43.8337,"lon":-0.4233,"fibre_pct":99.4,"vivrescore":100},{"code_insee":"40026","nom":"Bas-Mauco","codes_postaux":["40500"],"code_dep":"40","code_region":"75","population":421,"surface_km2":11.51,"lat":43.7958,"lon":-0.5516,"fibre_pct":94.4,"vivrescore":80},{"code_insee":"40027","nom":"Bassercles","codes_postaux":["40700"],"code_dep":"40","code_region":"75","population":151,"surface_km2":6.68,"lat":43.5606,"lon":-0.6111,"fibre_pct":98.7,"vivrescore":100},{"code_insee":"40028","nom":"Bastennes","codes_postaux":["40360"],"code_dep":"40","code_region":"75","population":237,"surface_km2":7.32,"lat":43.6504,"lon":-0.7802,"fibre_pct":97.3,"vivrescore":100},{"code_insee":"40029","nom":"Bats","codes_postaux":["40320"],"code_dep":"40","code_region":"75","population":328,"surface_km2":7.39,"lat":43.6533,"lon":-0.4666,"fibre_pct":100.0,"vivrescore":100},{"code_insee":"40030","nom":"Baudignan","codes_postaux":["40310"],"code_dep":"40","code_region":"75","population":50,"surface_km2":23.58,"lat":44.0913,"lon":0.0404,"fibre_pct":100.0,"vivrescore":100},{"code_insee":"40031","nom":"Bégaar","codes_postaux":["40400"],"code_dep":"40","code_region":"75","population":1251,"surface_km2":27.65,"lat":43.8305,"lon":-0.869,"fibre_pct":100.0,"vivrescore":100},{"code_insee":"40032","nom":"Belhade","codes_postaux":["40410"],"code_dep":"40","code_region":"75","population":227,"surface_km2":28.69,"lat":44.3654,"lon":-0.6779,"fibre_pct":99.4,"vivrescore":100},{"code_insee":"40033","nom":"Bélis","codes_postaux":["40120"],"code_dep":"40","code_region":"75","population":166,"surface_km2":20.34,"lat":44.064,"lon":-0.4688,"fibre_pct":100.0,"vivrescore":100},{"code_insee":"40034","nom":"Bélus","codes_postaux":["40300"],"code_dep":"40","code_region":"75","population":615,"surface_km2":11.88,"lat":43.5922,"lon":-1.1184,"fibre_pct":97.8,"vivrescore":100},{"code_insee":"40035","nom":"Bénesse-lès-Dax","codes_postaux":["40180"],"code_dep":"40","code_region":"75","population":598,"surface_km2":6.01,"lat":43.6422,"lon":-1.0393,"fibre_pct":99.7,"vivrescore":100},{"code_insee":"40036","nom":"Bénesse-Maremne","codes_postaux":["40230"],"code_dep":"40","code_region":"75","population":3780,"surface_km2":18.71,"lat":43.634,"lon":-1.3679,"fibre_pct":87.6,"vivrescore":80},{"code_insee":"40037","nom":"Benquet","codes_postaux":["40280"],"code_dep":"40","code_region":"75","population":1913,"surface_km2":29.51,"lat":43.8207,"lon":-0.5069,"fibre_pct":95.4,"vivrescore":100},{"code_insee":"40038","nom":"Bergouey","codes_postaux":["40250"],"code_dep":"40","code_region":"75","population":110,"surface_km2":4.42,"lat":43.6684,"lon":-0.7232,"fibre_pct":100.0,"vivrescore":100},{"code_insee":"40039","nom":"Betbezer-d'Armagnac","codes_postaux":["40240"],"code_dep":"40","code_region":"75","population":124,"surface_km2":7.99,"lat":43.9754,"lon":-0.165,"fibre_pct":89.0,"vivrescore":80},{"code_insee":"40040","nom":"Beylongue","codes_postaux":["40370"],"code_dep":"40","code_region":"75","population":400,"surface_km2":37.55,"lat":43.9201,"lon":-0.82,"fibre_pct":96.7,"vivrescore":100},{"code_insee":"40041","nom":"Beyries","codes_postaux":["40700"],"code_dep":"40","code_region":"75","population":121,"surface_km2":4.3,"lat":43.5669,"lon":-0.6423,"fibre_pct":100.0,"vivrescore":100},{"code_insee":"40042","nom":"Biarrotte","codes_postaux":["40390"],"code_dep":"40","code_region":"75","population":347,"surface_km2":4.96,"lat":43.5562,"lon":-1.275,"fibre_pct":100.0,"vivrescore":100},{"code_insee":"40043","nom":"Bias","codes_postaux":["40170"],"code_dep":"40","code_region":"75","population":809,"surface_km2":20.92,"lat":44.1347,"lon":-1.2379,"fibre_pct":99.2,"vivrescore":100},{"code_insee":"40044","nom":"Biaudos","codes_postaux":["40390"],"code_dep":"40","code_region":"75","population":1041,"surface_km2":15.59,"lat":43.5432,"lon":-1.3086,"fibre_pct":97.0,"vivrescore":100},{"code_insee":"40046","nom":"Biscarrosse","codes_postaux":["40600"],"code_dep":"40","code_region":"75","population":15836,"surface_km2":193.51,"lat":44.4077,"lon":-1.1525,"fibre_pct":95.1,"vivrescore":100},{"code_insee":"40047","nom":"Bonnegarde","codes_postaux":["40330"],"code_dep":"40","code_region":"75","population":254,"surface_km2":9.71,"lat":43.5635,"lon":-0.7108,"fibre_pct":98.7,"vivrescore":100},{"code_insee":"40049","nom":"Bordères-et-Lamensans","codes_postaux":["40270"],"code_dep":"40","code_region":"75","population":359,"surface_km2":15.0,"lat":43.7763,"lon":-0.3613,"fibre_pct":93.7,"vivrescore":80},{"code_insee":"40050","nom":"Bostens","codes_postaux":["40090"],"code_dep":"40","code_region":"75","population":206,"surface_km2":7.78,"lat":43.9703,"lon":-0.3675,"fibre_pct":92.6,"vivrescore":80},{"code_insee":"40051","nom":"Bougue","codes_postaux":["40090"],"code_dep":"40","code_region":"75","population":833,"surface_km2":22.08,"lat":43.9018,"lon":-0.4033,"fibre_pct":97.0,"vivrescore":100},{"code_insee":"40052","nom":"Bourdalat","codes_postaux":["40190"],"code_dep":"40","code_region":"75","population":204,"surface_km2":14.17,"lat":43.8321,"lon":-0.2191,"fibre_pct":100.0,"vivrescore":100},{"code_insee":"40053","nom":"Bourriot-Bergonce","codes_postaux":["40120"],"code_dep":"40","code_region":"75","population":326,"surface_km2":82.97,"lat":44.153,"lon":-0.2091,"fibre_pct":98.8,"vivrescore":100},{"code_insee":"40054","nom":"Brassempouy","codes_postaux":["40330"],"code_dep":"40","code_region":"75","population":279,"surface_km2":10.86,"lat":43.6347,"lon":-0.702,"fibre_pct":98.0,"vivrescore":100},{"code_insee":"40055","nom":"Bretagne-de-Marsan","codes_postaux":["40280"],"code_dep":"40","code_region":"75","population":1618,"surface_km2":13.14,"lat":43.8359,"lon":-0.4655,"fibre_pct":96.0,"vivrescore":100},{"code_insee":"40056","nom":"Brocas","codes_postaux":["40420"],"code_dep":"40","code_region":"75","population":721,"surface_km2":53.31,"lat":44.0533,"lon":-0.5446,"fibre_pct":86.4,"vivrescore":80},{"code_insee":"40057","nom":"Buanes","codes_postaux":["40320"],"code_dep":"40","code_region":"75","population":236,"surface_km2":6.67,"lat":43.7147,"lon":-0.4232,"fibre_pct":100.0,"vivrescore":100},{"code_insee":"40058","nom":"Cachen","codes_postaux":["40120"],"code_dep":"40","code_region":"75","population":233,"surface_km2":35.81,"lat":44.0863,"lon":-0.4163,"fibre_pct":99.4,"vivrescore":100},{"code_insee":"40059","nom":"Cagnotte","codes_postaux":["40300"],"code_dep":"40","code_region":"75","population":784,"surface_km2":14.54,"lat":43.6055,"lon":-1.0757,"fibre_pct":91.2,"vivrescore":80},{"code_insee":"40060","nom":"Callen","codes_postaux":["40430"],"code_dep":"40","code_region":"75","population":153,"surface_km2":87.42,"lat":44.2743,"lon":-0.4688,"fibre_pct":85.6,"vivrescore":80},{"code_insee":"40061","nom":"Campagne","codes_postaux":["40090"],"code_dep":"40","code_region":"75","population":1061,"surface_km2":33.95,"lat":43.8665,"lon":-0.6436,"fibre_pct":98.4,"vivrescore":100},{"code_insee":"40062","nom":"Campet-et-Lamolère","codes_postaux":["40090"],"code_dep":"40","code_region":"75","population":506,"surface_km2":18.74,"lat":43.9163,"lon":-0.5823,"fibre_pct":89.3,"vivrescore":80},{"code_insee":"40063","nom":"Candresse","codes_postaux":["40180"],"code_dep":"40","code_region":"75","population":872,"surface_km2":8.53,"lat":43.7108,"lon":-0.9775,"fibre_pct":99.8,"vivrescore":100},{"code_insee":"40064","nom":"Canenx-et-Réaut","codes_postaux":["40090"],"code_dep":"40","code_region":"75","population":179,"surface_km2":28.63,"lat":44.0024,"lon":-0.4602,"fibre_pct":100.0,"vivrescore":100},{"code_insee":"40065","nom":"Capbreton","codes_postaux":["40130"],"code_dep":"40","code_region":"75","population":9184,"surface_km2":21.23,"lat":43.6311,"lon":-1.4289,"fibre_pct":97.5,"vivrescore":100},{"code_insee":"40066","nom":"Carcarès-Sainte-Croix","codes_postaux":["40400"],"code_dep":"40","code_region":"75","population":533,"surface_km2":15.57,"lat":43.8568,"lon":-0.7602,"fibre_pct":97.7,"vivrescore":100},{"code_insee":"40067","nom":"Carcen-Ponson","codes_postaux":["40400"],"code_dep":"40","code_region":"75","population":628,"surface_km2":36.91,"lat":43.8668,"lon":-0.8182,"fibre_pct":97.3,"vivrescore":100},{"code_insee":"40068","nom":"Cassen","codes_postaux":["40380"],"code_dep":"40","code_region":"75","population":624,"surface_km2":5.94,"lat":43.7577,"lon":-0.8675,"fibre_pct":83.7,"vivrescore":80},{"code_insee":"40069","nom":"Castaignos-Souslens","codes_postaux":["40700"],"code_dep":"40","code_region":"75","population":428,"surface_km2":7.57,"lat":43.5864,"lon":-0.6458,"fibre_pct":99.5,"vivrescore":100},{"code_insee":"40070","nom":"Castandet","codes_postaux":["40270"],"code_dep":"40","code_region":"75","population":425,"surface_km2":16.81,"lat":43.8127,"lon":-0.3582,"fibre_pct":94.4,"vivrescore":80},{"code_insee":"40071","nom":"Castelnau-Chalosse","codes_postaux":["40360"],"code_dep":"40","code_region":"75","population":593,"surface_km2":10.65,"lat":43.659,"lon":-0.8517,"fibre_pct":96.4,"vivrescore":100},{"code_insee":"40072","nom":"Castelnau-Tursan","codes_postaux":["40320"],"code_dep":"40","code_region":"75","population":182,"surface_km2":9.36,"lat":43.6522,"lon":-0.4018,"fibre_pct":99.2,"vivrescore":100},{"code_insee":"40073","nom":"Castelner","codes_postaux":["40700"],"code_dep":"40","code_region":"75","population":120,"surface_km2":5.68,"lat":43.5529,"lon":-0.5912,"fibre_pct":100.0,"vivrescore":100},{"code_insee":"40074","nom":"Castel-Sarrazin","codes_postaux":["40330"],"code_dep":"40","code_region":"75","population":559,"surface_km2":12.16,"lat":43.6154,"lon":-0.7859,"fibre_pct":99.6,"vivrescore":100},{"code_insee":"40075","nom":"Castets","codes_postaux":["40260"],"code_dep":"40","code_region":"75","population":2516,"surface_km2":90.92,"lat":43.8806,"lon":-1.1487,"fibre_pct":97.5,"vivrescore":100},{"code_insee":"40076","nom":"Cauna","codes_postaux":["40500"],"code_dep":"40","code_region":"75","population":418,"surface_km2":12.85,"lat":43.7885,"lon":-0.6448,"fibre_pct":97.6,"vivrescore":100},{"code_insee":"40077","nom":"Cauneille","codes_postaux":["40300"],"code_dep":"40","code_region":"75","population":804,"surface_km2":15.24,"lat":43.563,"lon":-1.0678,"fibre_pct":93.1,"vivrescore":80},{"code_insee":"40078","nom":"Caupenne","codes_postaux":["40250"],"code_dep":"40","code_region":"75","population":402,"surface_km2":15.22,"lat":43.6878,"lon":-0.7538,"fibre_pct":91.8,"vivrescore":80},{"code_insee":"40079","nom":"Cazalis","codes_postaux":["40700"],"code_dep":"40","code_region":"75","population":136,"surface_km2":5.15,"lat":43.6239,"lon":-0.6675,"fibre_pct":100.0,"vivrescore":100},{"code_insee":"40080","nom":"Cazères-sur-l'Adour","codes_postaux":["40270"],"code_dep":"40","code_region":"75","population":1128,"surface_km2":30.52,"lat":43.7729,"lon":-0.2777,"fibre_pct":99.0,"vivrescore":100},{"code_insee":"40081","nom":"Cère","codes_postaux":["40090"],"code_dep":"40","code_region":"75","population":420,"surface_km2":39.92,"lat":43.9933,"lon":-0.5468,"fibre_pct":98.2,"vivrescore":100},{"code_insee":"40082","nom":"Classun","codes_postaux":["40320"],"code_dep":"40","code_region":"75","population":242,"surface_km2":8.92,"lat":43.7157,"lon":-0.39,"fibre_pct":97.8,"vivrescore":100},{"code_insee":"40083","nom":"Clèdes","codes_postaux":["40320"],"code_dep":"40","code_region":"75","population":115,"surface_km2":6.85,"lat":43.609,"lon":-0.3734,"fibre_pct":94.6,"vivrescore":80},{"code_insee":"40084","nom":"Clermont","codes_postaux":["40180"],"code_dep":"40","code_region":"75","population":736,"surface_km2":14.92,"lat":43.6475,"lon":-0.9188,"fibre_pct":96.2,"vivrescore":100},{"code_insee":"40085","nom":"Commensacq","codes_postaux":["40210"],"code_dep":"40","code_region":"75","population":440,"surface_km2":71.45,"lat":44.2082,"lon":-0.8272,"fibre_pct":98.3,"vivrescore":100},{"code_insee":"40086","nom":"Coudures","codes_postaux":["40500"],"code_dep":"40","code_region":"75","population":571,"surface_km2":11.76,"lat":43.6882,"lon":-0.5052,"fibre_pct":100.0,"vivrescore":100},{"code_insee":"40087","nom":"Créon-d'Armagnac","codes_postaux":["40240"],"code_dep":"40","code_region":"75","population":331,"surface_km2":21.39,"lat":43.9948,"lon":-0.0744,"fibre_pct":100.0,"vivrescore":100},{"code_insee":"40088","nom":"Dax","codes_postaux":["40100"],"code_dep":"40","code_region":"75","population":22109,"surface_km2":19.71,"lat":43.7025,"lon":-1.0637,"fibre_pct":96.9,"vivrescore":100},{"code_insee":"40089","nom":"Doazit","codes_postaux":["40700"],"code_dep":"40","code_region":"75","population":839,"surface_km2":22.52,"lat":43.6939,"lon":-0.6496,"fibre_pct":98.6,"vivrescore":100},{"code_insee":"40090","nom":"Donzacq","codes_postaux":["40360"],"code_dep":"40","code_region":"75","population":452,"surface_km2":11.74,"lat":43.6529,"lon":-0.8057,"fibre_pct":100.0,"vivrescore":100},{"code_insee":"40091","nom":"Duhort-Bachen","codes_postaux":["40800"],"code_dep":"40","code_region":"75","population":700,"surface_km2":34.25,"lat":43.7158,"lon":-0.3182,"fibre_pct":88.4,"vivrescore":80},{"code_insee":"40092","nom":"Dumes","codes_postaux":["40500"],"code_dep":"40","code_region":"75","population":265,"surface_km2":2.47,"lat":43.7024,"lon":-0.5835,"fibre_pct":96.1,"vivrescore":100},{"code_insee":"40093","nom":"Escalans","codes_postaux":["40310"],"code_dep":"40","code_region":"75","population":215,"surface_km2":30.23,"lat":44.0023,"lon":0.0374,"fibre_pct":98.8,"vivrescore":100},{"code_insee":"40094","nom":"Escource","codes_postaux":["40210"],"code_dep":"40","code_region":"75","population":824,"surface_km2":103.5,"lat":44.1639,"lon":-1.0361,"fibre_pct":97.6,"vivrescore":100},{"code_insee":"40095","nom":"Estibeaux","codes_postaux":["40290"],"code_dep":"40","code_region":"75","population":699,"surface_km2":16.81,"lat":43.6066,"lon":-0.9122,"fibre_pct":100.0,"vivrescore":100},{"code_insee":"40096","nom":"Estigarde","codes_postaux":["40240"],"code_dep":"40","code_region":"75","population":100,"surface_km2":29.42,"lat":44.0431,"lon":-0.1165,"fibre_pct":100.0,"vivrescore":100},{"code_insee":"40097","nom":"Eugénie-les-Bains","codes_postaux":["40320"],"code_dep":"40","code_region":"75","population":498,"surface_km2":11.04,"lat":43.6919,"lon":-0.3811,"fibre_pct":78.7,"vivrescore":60},{"code_insee":"40098","nom":"Eyres-Moncube","codes_postaux":["40500"],"code_dep":"40","code_region":"75","population":345,"surface_km2":12.23,"lat":43.715,"lon":-0.5497,"fibre_pct":100.0,"vivrescore":100},{"code_insee":"40099","nom":"Fargues","codes_postaux":["40500"],"code_dep":"40","code_region":"75","population":314,"surface_km2":11.89,"lat":43.7235,"lon":-0.4543,"fibre_pct":100.0,"vivrescore":100},{"code_insee":"40100","nom":"Le Frêche","codes_postaux":["40190"],"code_dep":"40","code_region":"75","population":367,"surface_km2":23.57,"lat":43.9246,"lon":-0.2493,"fibre_pct":100.0,"vivrescore":100},{"code_insee":"40101","nom":"Gaas","codes_postaux":["40350"],"code_dep":"40","code_region":"75","population":470,"surface_km2":9.2,"lat":43.6103,"lon":-1.042,"fibre_pct":97.6,"vivrescore":100},{"code_insee":"40102","nom":"Gabarret","codes_postaux":["40310"],"code_dep":"40","code_region":"75","population":1283,"surface_km2":16.96,"lat":43.9871,"lon":-0.0049,"fibre_pct":96.8,"vivrescore":100},{"code_insee":"40103","nom":"Gaillères","codes_postaux":["40090"],"code_dep":"40","code_region":"75","population":653,"surface_km2":14.06,"lat":43.9383,"lon":-0.3772,"fibre_pct":95.5,"vivrescore":100},{"code_insee":"40104","nom":"Gamarde-les-Bains","codes_postaux":["40380"],"code_dep":"40","code_region":"75","population":1583,"surface_km2":19.04,"lat":43.7275,"lon":-0.8715,"fibre_pct":95.2,"vivrescore":100},{"code_insee":"40105","nom":"Garein","codes_postaux":["40420"],"code_dep":"40","code_region":"75","population":424,"surface_km2":56.7,"lat":44.0521,"lon":-0.6514,"fibre_pct":87.3,"vivrescore":80},{"code_insee":"40106","nom":"Garrey","codes_postaux":["40180"],"code_dep":"40","code_region":"75","population":215,"surface_km2":4.97,"lat":43.6693,"lon":-0.8988,"fibre_pct":100.0,"vivrescore":100},{"code_insee":"40108","nom":"Gastes","codes_postaux":["40160"],"code_dep":"40","code_region":"75","population":925,"surface_km2":43.57,"lat":44.3117,"lon":-1.1996,"fibre_pct":88.1,"vivrescore":80},{"code_insee":"40109","nom":"Gaujacq","codes_postaux":["40330"],"code_dep":"40","code_region":"75","population":437,"surface_km2":16.15,"lat":43.6394,"lon":-0.7429,"fibre_pct":99.6,"vivrescore":100},{"code_insee":"40110","nom":"Geaune","codes_postaux":["40320"],"code_dep":"40","code_region":"75","population":767,"surface_km2":10.51,"lat":43.6322,"lon":-0.3698,"fibre_pct":93.8,"vivrescore":80},{"code_insee":"40111","nom":"Geloux","codes_postaux":["40090"],"code_dep":"40","code_region":"75","population":719,"surface_km2":52.15,"lat":43.9784,"lon":-0.6374,"fibre_pct":99.7,"vivrescore":100},{"code_insee":"40112","nom":"Gibret","codes_postaux":["40380"],"code_dep":"40","code_region":"75","population":92,"surface_km2":2.58,"lat":43.6812,"lon":-0.8225,"fibre_pct":99.7,"vivrescore":100},{"code_insee":"40113","nom":"Goos","codes_postaux":["40180"],"code_dep":"40","code_region":"75","population":531,"surface_km2":10.53,"lat":43.7316,"lon":-0.9182,"fibre_pct":96.0,"vivrescore":100},{"code_insee":"40114","nom":"Gourbera","codes_postaux":["40990"],"code_dep":"40","code_region":"75","population":364,"surface_km2":27.65,"lat":43.8068,"lon":-1.0422,"fibre_pct":93.0,"vivrescore":80},{"code_insee":"40115","nom":"Gousse","codes_postaux":["40465"],"code_dep":"40","code_region":"75","population":275,"surface_km2":4.14,"lat":43.7752,"lon":-0.9092,"fibre_pct":90.3,"vivrescore":80},{"code_insee":"40116","nom":"Gouts","codes_postaux":["40400"],"code_dep":"40","code_region":"75","population":271,"surface_km2":10.96,"lat":43.7757,"lon":-0.7833,"fibre_pct":91.9,"vivrescore":80},{"code_insee":"40117","nom":"Grenade-sur-l'Adour","codes_postaux":["40270"],"code_dep":"40","code_region":"75","population":2398,"surface_km2":19.87,"lat":43.7902,"lon":-0.4232,"fibre_pct":98.8,"vivrescore":100},{"code_insee":"40118","nom":"Habas","codes_postaux":["40290"],"code_dep":"40","code_region":"75","population":1489,"surface_km2":18.79,"lat":43.5651,"lon":-0.932,"fibre_pct":90.3,"vivrescore":80},{"code_insee":"40119","nom":"Hagetmau","codes_postaux":["40700"],"code_dep":"40","code_region":"75","population":4624,"surface_km2":28.61,"lat":43.6498,"lon":-0.5866,"fibre_pct":97.4,"vivrescore":100},{"code_insee":"40120","nom":"Hastingues","codes_postaux":["40300"],"code_dep":"40","code_region":"75","population":609,"surface_km2":14.54,"lat":43.5103,"lon":-1.1412,"fibre_pct":98.9,"vivrescore":100},{"code_insee":"40121","nom":"Hauriet","codes_postaux":["40250"],"code_dep":"40","code_region":"75","population":271,"surface_km2":7.54,"lat":43.7327,"lon":-0.6958,"fibre_pct":99.4,"vivrescore":100},{"code_insee":"40122","nom":"Haut-Mauco","codes_postaux":["40280"],"code_dep":"40","code_region":"75","population":1001,"surface_km2":18.87,"lat":43.8258,"lon":-0.5661,"fibre_pct":87.0,"vivrescore":80},{"code_insee":"40123","nom":"Herm","codes_postaux":["40990"],"code_dep":"40","code_region":"75","population":1185,"surface_km2":52.37,"lat":43.8013,"lon":-1.1332,"fibre_pct":100.0,"vivrescore":100},{"code_insee":"40124","nom":"Herré","codes_postaux":["40310"],"code_dep":"40","code_region":"75","population":143,"surface_km2":23.06,"lat":44.0203,"lon":-0.0381,"fibre_pct":100.0,"vivrescore":100},{"code_insee":"40125","nom":"Heugas","codes_postaux":["40180"],"code_dep":"40","code_region":"75","population":1398,"surface_km2":19.01,"lat":43.6416,"lon":-1.0848,"fibre_pct":95.7,"vivrescore":100},{"code_insee":"40126","nom":"Hinx","codes_postaux":["40180"],"code_dep":"40","code_region":"75","population":1894,"surface_km2":14.68,"lat":43.71,"lon":-0.9339,"fibre_pct":90.1,"vivrescore":80},{"code_insee":"40127","nom":"Hontanx","codes_postaux":["40190"],"code_dep":"40","code_region":"75","population":608,"surface_km2":30.8,"lat":43.8197,"lon":-0.27,"fibre_pct":91.2,"vivrescore":80},{"code_insee":"40128","nom":"Horsarrieu","codes_postaux":["40700"],"code_dep":"40","code_region":"75","population":717,"surface_km2":11.07,"lat":43.6908,"lon":-0.6025,"fibre_pct":97.8,"vivrescore":100},{"code_insee":"40129","nom":"Josse","codes_postaux":["40230"],"code_dep":"40","code_region":"75","population":1018,"surface_km2":9.39,"lat":43.6419,"lon":-1.2373,"fibre_pct":99.8,"vivrescore":100},{"code_insee":"40130","nom":"Labastide-Chalosse","codes_postaux":["40700"],"code_dep":"40","code_region":"75","population":172,"surface_km2":4.58,"lat":43.6146,"lon":-0.6031,"fibre_pct":98.8,"vivrescore":100},{"code_insee":"40131","nom":"Labastide-d'Armagnac","codes_postaux":["40240"],"code_dep":"40","code_region":"75","population":673,"surface_km2":32.15,"lat":43.9467,"lon":-0.1589,"fibre_pct":95.2,"vivrescore":100},{"code_insee":"40132","nom":"Labatut","codes_postaux":["40300"],"code_dep":"40","code_region":"75","population":1430,"surface_km2":21.24,"lat":43.5544,"lon":-0.9926,"fibre_pct":88.1,"vivrescore":80},{"code_insee":"40133","nom":"Labenne","codes_postaux":["40530"],"code_dep":"40","code_region":"75","population":7183,"surface_km2":24.6,"lat":43.5982,"lon":-1.4371,"fibre_pct":95.6,"vivrescore":100},{"code_insee":"40134","nom":"Labouheyre","codes_postaux":["40210"],"code_dep":"40","code_region":"75","population":2906,"surface_km2":36.32,"lat":44.2243,"lon":-0.9107,"fibre_pct":99.7,"vivrescore":100},{"code_insee":"40135","nom":"Labrit","codes_postaux":["40420"],"code_dep":"40","code_region":"75","population":842,"surface_km2":72.54,"lat":44.1269,"lon":-0.5557,"fibre_pct":95.9,"vivrescore":100},{"code_insee":"40136","nom":"Lacajunte","codes_postaux":["40320"],"code_dep":"40","code_region":"75","population":144,"surface_km2":5.66,"lat":43.5897,"lon":-0.4204,"fibre_pct":92.0,"vivrescore":80},{"code_insee":"40137","nom":"Lacquy","codes_postaux":["40120"],"code_dep":"40","code_region":"75","population":289,"surface_km2":19.23,"lat":43.9584,"lon":-0.2848,"fibre_pct":89.4,"vivrescore":80},{"code_insee":"40138","nom":"Lacrabe","codes_postaux":["40700"],"code_dep":"40","code_region":"75","population":287,"surface_km2":6.34,"lat":43.6107,"lon":-0.5918,"fibre_pct":92.0,"vivrescore":80},{"code_insee":"40139","nom":"Laglorieuse","codes_postaux":["40090"],"code_dep":"40","code_region":"75","population":626,"surface_km2":11.66,"lat":43.8632,"lon":-0.3957,"fibre_pct":100.0,"vivrescore":100},{"code_insee":"40140","nom":"Lagrange","codes_postaux":["40240"],"code_dep":"40","code_region":"75","population":185,"surface_km2":21.23,"lat":43.9661,"lon":-0.0866,"fibre_pct":89.8,"vivrescore":80},{"code_insee":"40141","nom":"Lahosse","codes_postaux":["40250"],"code_dep":"40","code_region":"75","population":288,"surface_km2":8.06,"lat":43.7126,"lon":-0.7864,"fibre_pct":97.9,"vivrescore":100},{"code_insee":"40142","nom":"Laluque","codes_postaux":["40465"],"code_dep":"40","code_region":"75","population":1102,"surface_km2":52.62,"lat":43.8533,"lon":-0.9816,"fibre_pct":89.2,"vivrescore":80},{"code_insee":"40143","nom":"Lamothe","codes_postaux":["40250"],"code_dep":"40","code_region":"75","population":308,"surface_km2":12.69,"lat":43.7961,"lon":-0.6612,"fibre_pct":99.4,"vivrescore":100},{"code_insee":"40144","nom":"Larbey","codes_postaux":["40250"],"code_dep":"40","code_region":"75","population":237,"surface_km2":6.02,"lat":43.7038,"lon":-0.7288,"fibre_pct":100.0,"vivrescore":100},{"code_insee":"40145","nom":"Larrivière-Saint-Savin","codes_postaux":["40270"],"code_dep":"40","code_region":"75","population":583,"surface_km2":16.84,"lat":43.7554,"lon":-0.4287,"fibre_pct":100.0,"vivrescore":100},{"code_insee":"40146","nom":"Latrille","codes_postaux":["40800"],"code_dep":"40","code_region":"75","population":168,"surface_km2":6.88,"lat":43.6275,"lon":-0.2903,"fibre_pct":100.0,"vivrescore":100},{"code_insee":"40147","nom":"Laurède","codes_postaux":["40250"],"code_dep":"40","code_region":"75","population":367,"surface_km2":5.7,"lat":43.7566,"lon":-0.7902,"fibre_pct":99.0,"vivrescore":100},{"code_insee":"40148","nom":"Lauret","codes_postaux":["40320"],"code_dep":"40","code_region":"75","population":76,"surface_km2":7.37,"lat":43.5641,"lon":-0.3271,"fibre_pct":84.4,"vivrescore":80},{"code_insee":"40149","nom":"Lencouacq","codes_postaux":["40120"],"code_dep":"40","code_region":"75","population":378,"surface_km2":98.2,"lat":44.1482,"lon":-0.3856,"fibre_pct":100.0,"vivrescore":100},{"code_insee":"40150","nom":"Léon","codes_postaux":["40550"],"code_dep":"40","code_region":"75","population":2306,"surface_km2":66.77,"lat":43.8474,"lon":-1.2768,"fibre_pct":75.8,"vivrescore":60},{"code_insee":"40151","nom":"Lesgor","codes_postaux":["40400"],"code_dep":"40","code_region":"75","population":427,"surface_km2":28.42,"lat":43.8592,"lon":-0.9089,"fibre_pct":99.1,"vivrescore":100},{"code_insee":"40152","nom":"Lesperon","codes_postaux":["40260"],"code_dep":"40","code_region":"75","population":1043,"surface_km2":103.97,"lat":43.9654,"lon":-1.0835,"fibre_pct":99.9,"vivrescore":100},{"code_insee":"40153","nom":"Le Leuy","codes_postaux":["40250"],"code_dep":"40","code_region":"75","population":225,"surface_km2":9.52,"lat":43.8188,"lon":-0.6526,"fibre_pct":92.6,"vivrescore":80},{"code_insee":"40154","nom":"Lévignacq","codes_postaux":["40170"],"code_dep":"40","code_region":"75","population":362,"surface_km2":42.54,"lat":44.0128,"lon":-1.1452,"fibre_pct":99.7,"vivrescore":100},{"code_insee":"40155","nom":"Linxe","codes_postaux":["40260"],"code_dep":"40","code_region":"75","population":1552,"surface_km2":81.38,"lat":43.9287,"lon":-1.2195,"fibre_pct":97.6,"vivrescore":100},{"code_insee":"40156","nom":"Liposthey","codes_postaux":["40410"],"code_dep":"40","code_region":"75","population":603,"surface_km2":24.2,"lat":44.304,"lon":-0.8829,"fibre_pct":98.8,"vivrescore":100},{"code_insee":"40157","nom":"Lit-et-Mixe","codes_postaux":["40170"],"code_dep":"40","code_region":"75","population":1719,"surface_km2":110.43,"lat":44.0273,"lon":-1.2704,"fibre_pct":97.0,"vivrescore":100},{"code_insee":"40158","nom":"Losse","codes_postaux":["40240"],"code_dep":"40","code_region":"75","population":286,"surface_km2":103.03,"lat":44.0948,"lon":-0.0933,"fibre_pct":98.9,"vivrescore":100},{"code_insee":"40159","nom":"Louer","codes_postaux":["40380"],"code_dep":"40","code_region":"75","population":335,"surface_km2":2.84,"lat":43.7558,"lon":-0.89,"fibre_pct":100.0,"vivrescore":100},{"code_insee":"40160","nom":"Lourquen","codes_postaux":["40250"],"code_dep":"40","code_region":"75","population":193,"surface_km2":5.91,"lat":43.7324,"lon":-0.7944,"fibre_pct":100.0,"vivrescore":100},{"code_insee":"40161","nom":"Lubbon","codes_postaux":["40240"],"code_dep":"40","code_region":"75","population":85,"surface_km2":48.2,"lat":44.1097,"lon":-0.0127,"fibre_pct":100.0,"vivrescore":100},{"code_insee":"40162","nom":"Lucbardez-et-Bargues","codes_postaux":["40090"],"code_dep":"40","code_region":"75","population":561,"surface_km2":21.65,"lat":43.9746,"lon":-0.4143,"fibre_pct":89.0,"vivrescore":80},{"code_insee":"40163","nom":"Lüe","codes_postaux":["40210"],"code_dep":"40","code_region":"75","population":621,"surface_km2":96.68,"lat":44.2337,"lon":-0.9858,"fibre_pct":91.6,"vivrescore":80},{"code_insee":"40164","nom":"Retjons","codes_postaux":["40120"],"code_dep":"40","code_region":"75","population":301,"surface_km2":78.33,"lat":44.1399,"lon":-0.2929,"fibre_pct":99.5,"vivrescore":100},{"code_insee":"40165","nom":"Luglon","codes_postaux":["40630"],"code_dep":"40","code_region":"75","population":373,"surface_km2":41.45,"lat":44.0807,"lon":-0.7306,"fibre_pct":99.6,"vivrescore":100},{"code_insee":"40166","nom":"Lussagnet","codes_postaux":["40270"],"code_dep":"40","code_region":"75","population":80,"surface_km2":8.46,"lat":43.772,"lon":-0.2345,"fibre_pct":100.0,"vivrescore":100},{"code_insee":"40167","nom":"Luxey","codes_postaux":["40430"],"code_dep":"40","code_region":"75","population":654,"surface_km2":160.27,"lat":44.2382,"lon":-0.5061,"fibre_pct":98.6,"vivrescore":100},{"code_insee":"40168","nom":"Magescq","codes_postaux":["40140"],"code_dep":"40","code_region":"75","population":2698,"surface_km2":77.19,"lat":43.7753,"lon":-1.1841,"fibre_pct":90.5,"vivrescore":80},{"code_insee":"40169","nom":"Maillas","codes_postaux":["40120"],"code_dep":"40","code_region":"75","population":125,"surface_km2":63.37,"lat":44.212,"lon":-0.1786,"fibre_pct":90.3,"vivrescore":80},{"code_insee":"40170","nom":"Maillères","codes_postaux":["40120"],"code_dep":"40","code_region":"75","population":230,"surface_km2":15.09,"lat":44.0217,"lon":-0.4432,"fibre_pct":100.0,"vivrescore":100},{"code_insee":"40171","nom":"Mano","codes_postaux":["40410"],"code_dep":"40","code_region":"75","population":149,"surface_km2":32.56,"lat":44.4288,"lon":-0.6703,"fibre_pct":100.0,"vivrescore":100},{"code_insee":"40172","nom":"Mant","codes_postaux":["40700"],"code_dep":"40","code_region":"75","population":268,"surface_km2":19.59,"lat":43.5931,"lon":-0.5027,"fibre_pct":91.9,"vivrescore":80},{"code_insee":"40173","nom":"Marpaps","codes_postaux":["40330"],"code_dep":"40","code_region":"75","population":129,"surface_km2":6.91,"lat":43.5732,"lon":-0.6813,"fibre_pct":100.0,"vivrescore":100},{"code_insee":"40174","nom":"Mauries","codes_postaux":["40320"],"code_dep":"40","code_region":"75","population":84,"surface_km2":5.51,"lat":43.6138,"lon":-0.3347,"fibre_pct":100.0,"vivrescore":100},{"code_insee":"40175","nom":"Maurrin","codes_postaux":["40270"],"code_dep":"40","code_region":"75","population":467,"surface_km2":13.52,"lat":43.821,"lon":-0.3648,"fibre_pct":89.3,"vivrescore":80},{"code_insee":"40176","nom":"Mauvezin-d'Armagnac","codes_postaux":["40240"],"code_dep":"40","code_region":"75","population":105,"surface_km2":4.73,"lat":43.9591,"lon":-0.1323,"fibre_pct":100.0,"vivrescore":100},{"code_insee":"40177","nom":"Maylis","codes_postaux":["40250"],"code_dep":"40","code_region":"75","population":294,"surface_km2":12.28,"lat":43.6948,"lon":-0.7047,"fibre_pct":100.0,"vivrescore":100},{"code_insee":"40178","nom":"Mazerolles","codes_postaux":["40090"],"code_dep":"40","code_region":"75","population":715,"surface_km2":15.95,"lat":43.8848,"lon":-0.4334,"fibre_pct":92.0,"vivrescore":80},{"code_insee":"40179","nom":"Mées","codes_postaux":["40990"],"code_dep":"40","code_region":"75","population":2036,"surface_km2":15.21,"lat":43.7106,"lon":-1.1291,"fibre_pct":99.3,"vivrescore":100},{"code_insee":"40180","nom":"Meilhan","codes_postaux":["40400"],"code_dep":"40","code_region":"75","population":1237,"surface_km2":39.02,"lat":43.8685,"lon":-0.6966,"fibre_pct":99.8,"vivrescore":100},{"code_insee":"40181","nom":"Messanges","codes_postaux":["40660"],"code_dep":"40","code_region":"75","population":1086,"surface_km2":34.14,"lat":43.8086,"lon":-1.3629,"fibre_pct":82.8,"vivrescore":80},{"code_insee":"40182","nom":"Mézos","codes_postaux":["40170"],"code_dep":"40","code_region":"75","population":868,"surface_km2":88.99,"lat":44.0848,"lon":-1.141,"fibre_pct":99.1,"vivrescore":100},{"code_insee":"40183","nom":"Mimbaste","codes_postaux":["40350"],"code_dep":"40","code_region":"75","population":1001,"surface_km2":20.65,"lat":43.6499,"lon":-0.9551,"fibre_pct":100.0,"vivrescore":100},{"code_insee":"40184","nom":"Mimizan","codes_postaux":["40200"],"code_dep":"40","code_region":"75","population":7673,"surface_km2":116.19,"lat":44.1996,"lon":-1.2323,"fibre_pct":95.3,"vivrescore":100},{"code_insee":"40185","nom":"Miramont-Sensacq","codes_postaux":["40320"],"code_dep":"40","code_region":"75","population":342,"surface_km2":25.59,"lat":43.5969,"lon":-0.327,"fibre_pct":96.7,"vivrescore":100},{"code_insee":"40186","nom":"Misson","codes_postaux":["40290"],"code_dep":"40","code_region":"75","population":828,"surface_km2":14.57,"lat":43.5872,"lon":-0.9608,"fibre_pct":100.0,"vivrescore":100},{"code_insee":"40187","nom":"Moliets-et-Maa","codes_postaux":["40660"],"code_dep":"40","code_region":"75","population":1299,"surface_km2":27.92,"lat":43.8626,"lon":-1.3589,"fibre_pct":71.3,"vivrescore":60},{"code_insee":"40188","nom":"Momuy","codes_postaux":["40700"],"code_dep":"40","code_region":"75","population":487,"surface_km2":13.41,"lat":43.617,"lon":-0.6458,"fibre_pct":98.5,"vivrescore":100},{"code_insee":"40189","nom":"Monget","codes_postaux":["40700"],"code_dep":"40","code_region":"75","population":77,"surface_km2":5.73,"lat":43.5582,"lon":-0.5348,"fibre_pct":100.0,"vivrescore":100},{"code_insee":"40190","nom":"Monségur","codes_postaux":["40700"],"code_dep":"40","code_region":"75","population":395,"surface_km2":19.86,"lat":43.613,"lon":-0.544,"fibre_pct":96.3,"vivrescore":100},{"code_insee":"40191","nom":"Montaut","codes_postaux":["40500"],"code_dep":"40","code_region":"75","population":594,"surface_km2":14.12,"lat":43.7277,"lon":-0.6572,"fibre_pct":99.7,"vivrescore":100},{"code_insee":"40192","nom":"Mont-de-Marsan","codes_postaux":["40000"],"code_dep":"40","code_region":"75","population":31592,"surface_km2":36.6,"lat":43.8931,"lon":-0.5009,"fibre_pct":96.7,"vivrescore":100},{"code_insee":"40193","nom":"Montégut","codes_postaux":["40190"],"code_dep":"40","code_region":"75","population":79,"surface_km2":4.78,"lat":43.8747,"lon":-0.2042,"fibre_pct":100.0,"vivrescore":100},{"code_insee":"40194","nom":"Montfort-en-Chalosse","codes_postaux":["40380"],"code_dep":"40","code_region":"75","population":1242,"surface_km2":11.58,"lat":43.7065,"lon":-0.8367,"fibre_pct":98.9,"vivrescore":100},{"code_insee":"40195","nom":"Montgaillard","codes_postaux":["40500"],"code_dep":"40","code_region":"75","population":602,"surface_km2":20.62,"lat":43.7572,"lon":-0.4822,"fibre_pct":99.7,"vivrescore":100},{"code_insee":"40196","nom":"Montsoué","codes_postaux":["40500"],"code_dep":"40","code_region":"75","population":566,"surface_km2":18.0,"lat":43.7327,"lon":-0.5037,"fibre_pct":99.3,"vivrescore":100},{"code_insee":"40197","nom":"Morcenx-la-Nouvelle","codes_postaux":["40110"],"code_dep":"40","code_region":"75","population":5022,"surface_km2":138.38,"lat":44.0318,"lon":-0.9147,"fibre_pct":93.3,"vivrescore":80},{"code_insee":"40198","nom":"Morganx","codes_postaux":["40700"],"code_dep":"40","code_region":"75","population":165,"surface_km2":5.27,"lat":43.6043,"lon":-0.5708,"fibre_pct":100.0,"vivrescore":100},{"code_insee":"40199","nom":"Mouscardès","codes_postaux":["40290"],"code_dep":"40","code_region":"75","population":265,"surface_km2":9.11,"lat":43.5955,"lon":-0.8883,"fibre_pct":100.0,"vivrescore":100},{"code_insee":"40200","nom":"Moustey","codes_postaux":["40410"],"code_dep":"40","code_region":"75","population":798,"surface_km2":67.64,"lat":44.387,"lon":-0.7703,"fibre_pct":94.5,"vivrescore":80},{"code_insee":"40201","nom":"Mugron","codes_postaux":["40250"],"code_dep":"40","code_region":"75","population":1348,"surface_km2":16.54,"lat":43.7404,"lon":-0.7479,"fibre_pct":96.6,"vivrescore":100},{"code_insee":"40202","nom":"Narrosse","codes_postaux":["40180"],"code_dep":"40","code_region":"75","population":3387,"surface_km2":10.55,"lat":43.6924,"lon":-1.005,"fibre_pct":100.0,"vivrescore":100},{"code_insee":"40203","nom":"Nassiet","codes_postaux":["40330"],"code_dep":"40","code_region":"75","population":330,"surface_km2":11.87,"lat":43.5987,"lon":-0.6863,"fibre_pct":100.0,"vivrescore":100},{"code_insee":"40204","nom":"Nerbis","codes_postaux":["40250"],"code_dep":"40","code_region":"75","population":267,"surface_km2":4.24,"lat":43.7498,"lon":-0.7229,"fibre_pct":100.0,"vivrescore":100},{"code_insee":"40205","nom":"Nousse","codes_postaux":["40380"],"code_dep":"40","code_region":"75","population":252,"surface_km2":3.86,"lat":43.7208,"lon":-0.8224,"fibre_pct":100.0,"vivrescore":100},{"code_insee":"40206","nom":"Oeyregave","codes_postaux":["40300"],"code_dep":"40","code_region":"75","population":321,"surface_km2":7.99,"lat":43.5264,"lon":-1.1001,"fibre_pct":99.5,"vivrescore":100},{"code_insee":"40207","nom":"Oeyreluy","codes_postaux":["40180"],"code_dep":"40","code_region":"75","population":1493,"surface_km2":5.67,"lat":43.6749,"lon":-1.0792,"fibre_pct":99.7,"vivrescore":100},{"code_insee":"40208","nom":"Onard","codes_postaux":["40380"],"code_dep":"40","code_region":"75","population":381,"surface_km2":6.13,"lat":43.7778,"lon":-0.8298,"fibre_pct":100.0,"vivrescore":100},{"code_insee":"40209","nom":"Ondres","codes_postaux":["40440"],"code_dep":"40","code_region":"75","population":6533,"surface_km2":15.26,"lat":43.5624,"lon":-1.4581,"fibre_pct":95.4,"vivrescore":100},{"code_insee":"40210","nom":"Onesse-Laharie","codes_postaux":["40110"],"code_dep":"40","code_region":"75","population":1079,"surface_km2":132.51,"lat":44.063,"lon":-1.0224,"fibre_pct":96.1,"vivrescore":100},{"code_insee":"40211","nom":"Orist","codes_postaux":["40300"],"code_dep":"40","code_region":"75","population":814,"surface_km2":14.99,"lat":43.6328,"lon":-1.1737,"fibre_pct":95.1,"vivrescore":100},{"code_insee":"40212","nom":"Orthevielle","codes_postaux":["40300"],"code_dep":"40","code_region":"75","population":1073,"surface_km2":13.97,"lat":43.5675,"lon":-1.1448,"fibre_pct":92.2,"vivrescore":80},{"code_insee":"40213","nom":"Orx","codes_postaux":["40230"],"code_dep":"40","code_region":"75","population":647,"surface_km2":12.03,"lat":43.6046,"lon":-1.3686,"fibre_pct":99.0,"vivrescore":100},{"code_insee":"40214","nom":"Ossages","codes_postaux":["40290"],"code_dep":"40","code_region":"75","population":492,"surface_km2":14.34,"lat":43.5582,"lon":-0.8788,"fibre_pct":99.6,"vivrescore":100},{"code_insee":"40215","nom":"Ousse-Suzan","codes_postaux":["40110"],"code_dep":"40","code_region":"75","population":297,"surface_km2":24.53,"lat":43.9492,"lon":-0.7523,"fibre_pct":99.5,"vivrescore":100},{"code_insee":"40216","nom":"Ozourt","codes_postaux":["40380"],"code_dep":"40","code_region":"75","population":204,"surface_km2":3.98,"lat":43.6569,"lon":-0.879,"fibre_pct":100.0,"vivrescore":100},{"code_insee":"40217","nom":"Parentis-en-Born","codes_postaux":["40160"],"code_dep":"40","code_region":"75","population":7586,"surface_km2":124.58,"lat":44.3527,"lon":-1.0879,"fibre_pct":94.2,"vivrescore":80},{"code_insee":"40218","nom":"Parleboscq","codes_postaux":["40310"],"code_dep":"40","code_region":"75","population":451,"surface_km2":40.22,"lat":43.9365,"lon":0.0263,"fibre_pct":99.7,"vivrescore":100},{"code_insee":"40219","nom":"Payros-Cazautets","codes_postaux":["40320"],"code_dep":"40","code_region":"75","population":105,"surface_km2":6.37,"lat":43.627,"lon":-0.3975,"fibre_pct":100.0,"vivrescore":100},{"code_insee":"40220","nom":"Pécorade","codes_postaux":["40320"],"code_dep":"40","code_region":"75","population":133,"surface_km2":4.2,"lat":43.6495,"lon":-0.3588,"fibre_pct":89.9,"vivrescore":80},{"code_insee":"40221","nom":"Perquie","codes_postaux":["40190"],"code_dep":"40","code_region":"75","population":342,"surface_km2":26.39,"lat":43.8677,"lon":-0.2563,"fibre_pct":100.0,"vivrescore":100},{"code_insee":"40222","nom":"Pey","codes_postaux":["40300"],"code_dep":"40","code_region":"75","population":838,"surface_km2":14.06,"lat":43.6176,"lon":-1.2044,"fibre_pct":90.8,"vivrescore":80},{"code_insee":"40223","nom":"Peyre","codes_postaux":["40700"],"code_dep":"40","code_region":"75","population":241,"surface_km2":10.34,"lat":43.5711,"lon":-0.5566,"fibre_pct":96.9,"vivrescore":100},{"code_insee":"40224","nom":"Peyrehorade","codes_postaux":["40300"],"code_dep":"40","code_region":"75","population":3700,"surface_km2":16.21,"lat":43.5612,"lon":-1.1106,"fibre_pct":98.2,"vivrescore":100},{"code_insee":"40225","nom":"Philondenx","codes_postaux":["40320"],"code_dep":"40","code_region":"75","population":187,"surface_km2":9.77,"lat":43.5693,"lon":-0.4291,"fibre_pct":99.6,"vivrescore":100},{"code_insee":"40226","nom":"Pimbo","codes_postaux":["40320"],"code_dep":"40","code_region":"75","population":195,"surface_km2":10.94,"lat":43.5799,"lon":-0.3744,"fibre_pct":100.0,"vivrescore":100},{"code_insee":"40227","nom":"Pissos","codes_postaux":["40410"],"code_dep":"40","code_region":"75","population":1505,"surface_km2":141.22,"lat":44.3012,"lon":-0.7906,"fibre_pct":92.3,"vivrescore":80},{"code_insee":"40228","nom":"Pomarez","codes_postaux":["40360"],"code_dep":"40","code_region":"75","population":1642,"surface_km2":30.79,"lat":43.6208,"lon":-0.8394,"fibre_pct":92.5,"vivrescore":80},{"code_insee":"40229","nom":"Pontenx-les-Forges","codes_postaux":["40200"],"code_dep":"40","code_region":"75","population":1775,"surface_km2":80.86,"lat":44.2554,"lon":-1.0914,"fibre_pct":98.1,"vivrescore":100},{"code_insee":"40230","nom":"Pontonx-sur-l'Adour","codes_postaux":["40465"],"code_dep":"40","code_region":"75","population":3021,"surface_km2":49.29,"lat":43.7927,"lon":-0.9367,"fibre_pct":96.5,"vivrescore":100},{"code_insee":"40231","nom":"Port-de-Lanne","codes_postaux":["40300"],"code_dep":"40","code_region":"75","population":1232,"surface_km2":12.75,"lat":43.5758,"lon":-1.1857,"fibre_pct":99.1,"vivrescore":100},{"code_insee":"40232","nom":"Poudenx","codes_postaux":["40700"],"code_dep":"40","code_region":"75","population":219,"surface_km2":7.48,"lat":43.5819,"lon":-0.5918,"fibre_pct":100.0,"vivrescore":100},{"code_insee":"40233","nom":"Pouillon","codes_postaux":["40350"],"code_dep":"40","code_region":"75","population":3134,"surface_km2":49.68,"lat":43.6067,"lon":-1,"fibre_pct":97.9,"vivrescore":100},{"code_insee":"40234","nom":"Pouydesseaux","codes_postaux":["40120"],"code_dep":"40","code_region":"75","population":869,"surface_km2":33.97,"lat":43.9882,"lon":-0.352,"fibre_pct":98.7,"vivrescore":100},{"code_insee":"40235","nom":"Poyanne","codes_postaux":["40380"],"code_dep":"40","code_region":"75","population":693,"surface_km2":10.84,"lat":43.7547,"lon":-0.817,"fibre_pct":99.7,"vivrescore":100},{"code_insee":"40236","nom":"Poyartin","codes_postaux":["40380"],"code_dep":"40","code_region":"75","population":776,"surface_km2":13.06,"lat":43.6884,"lon":-0.8589,"fibre_pct":85.3,"vivrescore":80},{"code_insee":"40237","nom":"Préchacq-les-Bains","codes_postaux":["40465"],"code_dep":"40","code_region":"75","population":808,"surface_km2":8.68,"lat":43.7551,"lon":-0.9191,"fibre_pct":91.7,"vivrescore":80},{"code_insee":"40238","nom":"Pujo-le-Plan","codes_postaux":["40190"],"code_dep":"40","code_region":"75","population":641,"surface_km2":18.69,"lat":43.8608,"lon":-0.3444,"fibre_pct":98.8,"vivrescore":100},{"code_insee":"40239","nom":"Puyol-Cazalet","codes_postaux":["40320"],"code_dep":"40","code_region":"75","population":105,"surface_km2":4.65,"lat":43.6059,"lon":-0.4034,"fibre_pct":100.0,"vivrescore":100},{"code_insee":"40240","nom":"Renung","codes_postaux":["40270"],"code_dep":"40","code_region":"75","population":483,"surface_km2":22.26,"lat":43.7417,"lon":-0.3663,"fibre_pct":100.0,"vivrescore":100},{"code_insee":"40242","nom":"Rimbez-et-Baudiets","codes_postaux":["40310"],"code_dep":"40","code_region":"75","population":104,"surface_km2":32.91,"lat":44.0594,"lon":0.0473,"fibre_pct":89.6,"vivrescore":80},{"code_insee":"40243","nom":"Rion-des-Landes","codes_postaux":["40370"],"code_dep":"40","code_region":"75","population":3142,"surface_km2":133.94,"lat":43.9318,"lon":-0.9436,"fibre_pct":98.9,"vivrescore":100},{"code_insee":"40244","nom":"Rivière-Saas-et-Gourby","codes_postaux":["40180"],"code_dep":"40","code_region":"75","population":1476,"surface_km2":27.46,"lat":43.6963,"lon":-1.1756,"fibre_pct":99.9,"vivrescore":100},{"code_insee":"40245","nom":"Roquefort","codes_postaux":["40120"],"code_dep":"40","code_region":"75","population":1990,"surface_km2":12.14,"lat":44.0378,"lon":-0.3287,"fibre_pct":95.0,"vivrescore":100},{"code_insee":"40246","nom":"Sabres","codes_postaux":["40630"],"code_dep":"40","code_region":"75","population":1213,"surface_km2":162.1,"lat":44.1532,"lon":-0.7332,"fibre_pct":95.2,"vivrescore":100},{"code_insee":"40247","nom":"Saint-Agnet","codes_postaux":["40800"],"code_dep":"40","code_region":"75","population":179,"surface_km2":7.85,"lat":43.6049,"lon":-0.2701,"fibre_pct":91.4,"vivrescore":80},{"code_insee":"40248","nom":"Saint-André-de-Seignanx","codes_postaux":["40390"],"code_dep":"40","code_region":"75","population":1945,"surface_km2":19.7,"lat":43.5621,"lon":-1.3619,"fibre_pct":96.1,"vivrescore":100},{"code_insee":"40249","nom":"Saint-Aubin","codes_postaux":["40250"],"code_dep":"40","code_region":"75","population":498,"surface_km2":9.65,"lat":43.7184,"lon":-0.7246,"fibre_pct":100.0,"vivrescore":100},{"code_insee":"40250","nom":"Saint-Avit","codes_postaux":["40090"],"code_dep":"40","code_region":"75","population":684,"surface_km2":40.73,"lat":43.9439,"lon":-0.4527,"fibre_pct":92.6,"vivrescore":80},{"code_insee":"40251","nom":"Saint-Barthélemy","codes_postaux":["40390"],"code_dep":"40","code_region":"75","population":412,"surface_km2":5.69,"lat":43.5201,"lon":-1.3269,"fibre_pct":97.4,"vivrescore":100},{"code_insee":"40252","nom":"Sainte-Colombe","codes_postaux":["40700"],"code_dep":"40","code_region":"75","population":633,"surface_km2":12.89,"lat":43.6805,"lon":-0.5578,"fibre_pct":98.5,"vivrescore":100},{"code_insee":"40253","nom":"Saint-Cricq-Chalosse","codes_postaux":["40700"],"code_dep":"40","code_region":"75","population":614,"surface_km2":20.4,"lat":43.6561,"lon":-0.6737,"fibre_pct":100.0,"vivrescore":100},{"code_insee":"40254","nom":"Saint-Cricq-du-Gave","codes_postaux":["40300"],"code_dep":"40","code_region":"75","population":445,"surface_km2":8.58,"lat":43.5245,"lon":-1.0161,"fibre_pct":99.6,"vivrescore":100},{"code_insee":"40255","nom":"Saint-Cricq-Villeneuve","codes_postaux":["40190"],"code_dep":"40","code_region":"75","population":472,"surface_km2":15.67,"lat":43.9035,"lon":-0.3507,"fibre_pct":89.9,"vivrescore":80},{"code_insee":"40256","nom":"Saint-Étienne-d'Orthe","codes_postaux":["40300"],"code_dep":"40","code_region":"75","population":740,"surface_km2":11.18,"lat":43.5902,"lon":-1.1903,"fibre_pct":99.7,"vivrescore":100},{"code_insee":"40257","nom":"Sainte-Eulalie-en-Born","codes_postaux":["40200"],"code_dep":"40","code_region":"75","population":1443,"surface_km2":71.48,"lat":44.2725,"lon":-1.2121,"fibre_pct":97.9,"vivrescore":100},{"code_insee":"40258","nom":"Sainte-Foy","codes_postaux":["40190"],"code_dep":"40","code_region":"75","population":251,"surface_km2":9.18,"lat":43.9315,"lon":-0.3238,"fibre_pct":100.0,"vivrescore":100},{"code_insee":"40259","nom":"Saint-Gein","codes_postaux":["40190"],"code_dep":"40","code_region":"75","population":409,"surface_km2":17.97,"lat":43.832,"lon":-0.3039,"fibre_pct":95.9,"vivrescore":100},{"code_insee":"40260","nom":"Saint-Geours-d'Auribat","codes_postaux":["40380"],"code_dep":"40","code_region":"75","population":409,"surface_km2":5.59,"lat":43.7547,"lon":-0.8393,"fibre_pct":83.6,"vivrescore":80},{"code_insee":"40261","nom":"Saint-Geours-de-Maremne","codes_postaux":["40230"],"code_dep":"40","code_region":"75","population":3089,"surface_km2":43.18,"lat":43.6854,"lon":-1.2348,"fibre_pct":94.9,"vivrescore":80},{"code_insee":"40262","nom":"Saint-Gor","codes_postaux":["40120"],"code_dep":"40","code_region":"75","population":308,"surface_km2":53.91,"lat":44.0752,"lon":-0.2367,"fibre_pct":100.0,"vivrescore":100},{"code_insee":"40263","nom":"Saint-Jean-de-Lier","codes_postaux":["40380"],"code_dep":"40","code_region":"75","population":405,"surface_km2":8.13,"lat":43.7855,"lon":-0.8796,"fibre_pct":100.0,"vivrescore":100},{"code_insee":"40264","nom":"Saint-Jean-de-Marsacq","codes_postaux":["40230"],"code_dep":"40","code_region":"75","population":1840,"surface_km2":26.25,"lat":43.6161,"lon":-1.2545,"fibre_pct":99.9,"vivrescore":100},{"code_insee":"40265","nom":"Saint-Julien-d'Armagnac","codes_postaux":["40240"],"code_dep":"40","code_region":"75","population":108,"surface_km2":14.81,"lat":43.993,"lon":-0.1387,"fibre_pct":98.1,"vivrescore":100},{"code_insee":"40266","nom":"Saint-Julien-en-Born","codes_postaux":["40170"],"code_dep":"40","code_region":"75","population":1781,"surface_km2":73.02,"lat":44.0854,"lon":-1.2551,"fibre_pct":92.7,"vivrescore":80},{"code_insee":"40267","nom":"Saint-Justin","codes_postaux":["40240"],"code_dep":"40","code_region":"75","population":1008,"surface_km2":66.27,"lat":43.9907,"lon":-0.2265,"fibre_pct":94.4,"vivrescore":80},{"code_insee":"40268","nom":"Saint-Laurent-de-Gosse","codes_postaux":["40390"],"code_dep":"40","code_region":"75","population":745,"surface_km2":17.61,"lat":43.5233,"lon":-1.2851,"fibre_pct":96.8,"vivrescore":100},{"code_insee":"40269","nom":"Saint-Lon-les-Mines","codes_postaux":["40300"],"code_dep":"40","code_region":"75","population":1246,"surface_km2":21.82,"lat":43.6188,"lon":-1.1353,"fibre_pct":98.8,"vivrescore":100},{"code_insee":"40270","nom":"Saint-Loubouer","codes_postaux":["40320"],"code_dep":"40","code_region":"75","population":442,"surface_km2":16.93,"lat":43.684,"lon":-0.4121,"fibre_pct":95.2,"vivrescore":100},{"code_insee":"40271","nom":"Sainte-Marie-de-Gosse","codes_postaux":["40390"],"code_dep":"40","code_region":"75","population":1241,"surface_km2":26.56,"lat":43.5497,"lon":-1.2301,"fibre_pct":99.8,"vivrescore":100},{"code_insee":"40272","nom":"Saint-Martin-de-Hinx","codes_postaux":["40390"],"code_dep":"40","code_region":"75","population":1808,"surface_km2":25.69,"lat":43.5803,"lon":-1.2684,"fibre_pct":99.0,"vivrescore":100},{"code_insee":"40273","nom":"Saint-Martin-de-Seignanx","codes_postaux":["40390"],"code_dep":"40","code_region":"75","population":6238,"surface_km2":45.77,"lat":43.5378,"lon":-1.3829,"fibre_pct":98.6,"vivrescore":100},{"code_insee":"40274","nom":"Saint-Martin-d'Oney","codes_postaux":["40090"],"code_dep":"40","code_region":"75","population":1367,"surface_km2":34.42,"lat":43.9293,"lon":-0.6497,"fibre_pct":96.6,"vivrescore":100},{"code_insee":"40275","nom":"Saint-Maurice-sur-Adour","codes_postaux":["40270"],"code_dep":"40","code_region":"75","population":625,"surface_km2":9.57,"lat":43.7932,"lon":-0.4691,"fibre_pct":90.5,"vivrescore":80},{"code_insee":"40276","nom":"Saint-Michel-Escalus","codes_postaux":["40550"],"code_dep":"40","code_region":"75","population":332,"surface_km2":17.7,"lat":43.8752,"lon":-1.2475,"fibre_pct":100.0,"vivrescore":100},{"code_insee":"40277","nom":"Saint-Pandelon","codes_postaux":["40180"],"code_dep":"40","code_region":"75","population":749,"surface_km2":9.18,"lat":43.6676,"lon":-1.0416,"fibre_pct":100.0,"vivrescore":100},{"code_insee":"40278","nom":"Saint-Paul-en-Born","codes_postaux":["40200"],"code_dep":"40","code_region":"75","population":975,"surface_km2":43.51,"lat":44.2083,"lon":-1.155,"fibre_pct":95.2,"vivrescore":100},{"code_insee":"40279","nom":"Saint-Paul-lès-Dax","codes_postaux":["40990"],"code_dep":"40","code_region":"75","population":14481,"surface_km2":58.31,"lat":43.7485,"lon":-1.0941,"fibre_pct":94.7,"vivrescore":80},{"code_insee":"40280","nom":"Saint-Perdon","codes_postaux":["40090"],"code_dep":"40","code_region":"75","population":1732,"surface_km2":30.29,"lat":43.8734,"lon":-0.6038,"fibre_pct":99.5,"vivrescore":100},{"code_insee":"40281","nom":"Saint-Pierre-du-Mont","codes_postaux":["40280"],"code_dep":"40","code_region":"75","population":10092,"surface_km2":26.41,"lat":43.8725,"lon":-0.52,"fibre_pct":97.5,"vivrescore":100},{"code_insee":"40282","nom":"Saint-Sever","codes_postaux":["40500"],"code_dep":"40","code_region":"75","population":5043,"surface_km2":46.86,"lat":43.7646,"lon":-0.5612,"fibre_pct":90.2,"vivrescore":80},{"code_insee":"40283","nom":"Saint-Vincent-de-Paul","codes_postaux":["40990"],"code_dep":"40","code_region":"75","population":3402,"surface_km2":32.57,"lat":43.7726,"lon":-0.9965,"fibre_pct":96.3,"vivrescore":100},{"code_insee":"40284","nom":"Saint-Vincent-de-Tyrosse","codes_postaux":["40230"],"code_dep":"40","code_region":"75","population":8014,"surface_km2":20.85,"lat":43.663,"lon":-1.3013,"fibre_pct":87.3,"vivrescore":80},{"code_insee":"40285","nom":"Saint-Yaguen","codes_postaux":["40400"],"code_dep":"40","code_region":"75","population":625,"surface_km2":37.92,"lat":43.9019,"lon":-0.7411,"fibre_pct":99.4,"vivrescore":100},{"code_insee":"40286","nom":"Samadet","codes_postaux":["40320"],"code_dep":"40","code_region":"75","population":1123,"surface_km2":26.21,"lat":43.6299,"lon":-0.4896,"fibre_pct":98.6,"vivrescore":100},{"code_insee":"40287","nom":"Sanguinet","codes_postaux":["40460"],"code_dep":"40","code_region":"75","population":4741,"surface_km2":100.59,"lat":44.4776,"lon":-1.0903,"fibre_pct":96.7,"vivrescore":100},{"code_insee":"40288","nom":"Sarbazan","codes_postaux":["40120"],"code_dep":"40","code_region":"75","population":1167,"surface_km2":22.69,"lat":44.0125,"lon":-0.3202,"fibre_pct":96.8,"vivrescore":100},{"code_insee":"40289","nom":"Sarraziet","codes_postaux":["40500"],"code_dep":"40","code_region":"75","population":235,"surface_km2":7.1,"lat":43.7062,"lon":-0.4986,"fibre_pct":95.6,"vivrescore":100},{"code_insee":"40290","nom":"Sarron","codes_postaux":["40800"],"code_dep":"40","code_region":"75","population":104,"surface_km2":3.94,"lat":43.5865,"lon":-0.2672,"fibre_pct":83.8,"vivrescore":80},{"code_insee":"40291","nom":"Saubion","codes_postaux":["40230"],"code_dep":"40","code_region":"75","population":1826,"surface_km2":7.72,"lat":43.673,"lon":-1.3323,"fibre_pct":98.7,"vivrescore":100},{"code_insee":"40292","nom":"Saubrigues","codes_postaux":["40230"],"code_dep":"40","code_region":"75","population":1659,"surface_km2":21.54,"lat":43.609,"lon":-1.3246,"fibre_pct":99.6,"vivrescore":100},{"code_insee":"40293","nom":"Saubusse","codes_postaux":["40180"],"code_dep":"40","code_region":"75","population":1093,"surface_km2":10.39,"lat":43.6737,"lon":-1.1815,"fibre_pct":98.2,"vivrescore":100},{"code_insee":"40294","nom":"Saugnac-et-Cambran","codes_postaux":["40180"],"code_dep":"40","code_region":"75","population":1560,"surface_km2":13.38,"lat":43.6717,"lon":-0.9904,"fibre_pct":97.7,"vivrescore":100},{"code_insee":"40295","nom":"Saugnac-et-Muret","codes_postaux":["40410"],"code_dep":"40","code_region":"75","population":1382,"surface_km2":110.02,"lat":44.3893,"lon":-0.8494,"fibre_pct":99.5,"vivrescore":100},{"code_insee":"40296","nom":"Seignosse","codes_postaux":["40510"],"code_dep":"40","code_region":"75","population":4056,"surface_km2":36.6,"lat":43.7055,"lon":-1.3939,"fibre_pct":73.1,"vivrescore":60},{"code_insee":"40297","nom":"Le Sen","codes_postaux":["40420"],"code_dep":"40","code_region":"75","population":215,"surface_km2":50.93,"lat":44.139,"lon":-0.5067,"fibre_pct":100.0,"vivrescore":100},{"code_insee":"40298","nom":"Serres-Gaston","codes_postaux":["40700"],"code_dep":"40","code_region":"75","population":405,"surface_km2":8.96,"lat":43.6709,"lon":-0.5198,"fibre_pct":86.2,"vivrescore":80},{"code_insee":"40299","nom":"Serreslous-et-Arribans","codes_postaux":["40700"],"code_dep":"40","code_region":"75","population":196,"surface_km2":5.5,"lat":43.663,"lon":-0.6446,"fibre_pct":100.0,"vivrescore":100},{"code_insee":"40300","nom":"Seyresse","codes_postaux":["40180"],"code_dep":"40","code_region":"75","population":1029,"surface_km2":2.23,"lat":43.6809,"lon":-1.0612,"fibre_pct":97.2,"vivrescore":100},{"code_insee":"40301","nom":"Siest","codes_postaux":["40180"],"code_dep":"40","code_region":"75","population":135,"surface_km2":2.95,"lat":43.6499,"lon":-1.1331,"fibre_pct":99.4,"vivrescore":100},{"code_insee":"40303","nom":"Solférino","codes_postaux":["40210"],"code_dep":"40","code_region":"75","population":374,"surface_km2":98.46,"lat":44.1155,"lon":-0.907,"fibre_pct":100.0,"vivrescore":100},{"code_insee":"40304","nom":"Soorts-Hossegor","codes_postaux":["40150"],"code_dep":"40","code_region":"75","population":3817,"surface_km2":14.48,"lat":43.6679,"lon":-1.4084,"fibre_pct":86.8,"vivrescore":80},{"code_insee":"40305","nom":"Sorbets","codes_postaux":["40320"],"code_dep":"40","code_region":"75","population":198,"surface_km2":11.96,"lat":43.6418,"lon":-0.3311,"fibre_pct":100.0,"vivrescore":100},{"code_insee":"40306","nom":"Sorde-l'Abbaye","codes_postaux":["40300"],"code_dep":"40","code_region":"75","population":645,"surface_km2":16.32,"lat":43.5238,"lon":-1.0422,"fibre_pct":98.0,"vivrescore":100},{"code_insee":"40307","nom":"Sore","codes_postaux":["40430"],"code_dep":"40","code_region":"75","population":1179,"surface_km2":148.15,"lat":44.3073,"lon":-0.6021,"fibre_pct":96.8,"vivrescore":100},{"code_insee":"40308","nom":"Sort-en-Chalosse","codes_postaux":["40180"],"code_dep":"40","code_region":"75","population":885,"surface_km2":15.56,"lat":43.6797,"lon":-0.9225,"fibre_pct":91.9,"vivrescore":80},{"code_insee":"40309","nom":"Souprosse","codes_postaux":["40250"],"code_dep":"40","code_region":"75","population":1184,"surface_km2":42.51,"lat":43.7927,"lon":-0.7195,"fibre_pct":99.4,"vivrescore":100},{"code_insee":"40310","nom":"Soustons","codes_postaux":["40140"],"code_dep":"40","code_region":"75","population":8701,"surface_km2":107.96,"lat":43.754,"lon":-1.3305,"fibre_pct":75.8,"vivrescore":60},{"code_insee":"40311","nom":"Taller","codes_postaux":["40260"],"code_dep":"40","code_region":"75","population":693,"surface_km2":41.29,"lat":43.88,"lon":-1.0621,"fibre_pct":97.3,"vivrescore":100},{"code_insee":"40312","nom":"Tarnos","codes_postaux":["40220"],"code_dep":"40","code_region":"75","population":12957,"surface_km2":26.98,"lat":43.5338,"lon":-1.4717,"fibre_pct":96.5,"vivrescore":100},{"code_insee":"40313","nom":"Tartas","codes_postaux":["40400"],"code_dep":"40","code_region":"75","population":3169,"surface_km2":30.4,"lat":43.8156,"lon":-0.7791,"fibre_pct":95.9,"vivrescore":100},{"code_insee":"40314","nom":"Tercis-les-Bains","codes_postaux":["40180"],"code_dep":"40","code_region":"75","population":1359,"surface_km2":10.24,"lat":43.6708,"lon":-1.1136,"fibre_pct":96.3,"vivrescore":100},{"code_insee":"40315","nom":"Téthieu","codes_postaux":["40990"],"code_dep":"40","code_region":"75","population":758,"surface_km2":11.01,"lat":43.7476,"lon":-0.9597,"fibre_pct":89.8,"vivrescore":80},{"code_insee":"40316","nom":"Tilh","codes_postaux":["40360"],"code_dep":"40","code_region":"75","population":832,"surface_km2":23.04,"lat":43.5819,"lon":-0.8336,"fibre_pct":99.8,"vivrescore":100},{"code_insee":"40317","nom":"Tosse","codes_postaux":["40230"],"code_dep":"40","code_region":"75","population":3556,"surface_km2":17.96,"lat":43.6952,"lon":-1.316,"fibre_pct":85.3,"vivrescore":80},{"code_insee":"40318","nom":"Toulouzette","codes_postaux":["40250"],"code_dep":"40","code_region":"75","population":309,"surface_km2":11.68,"lat":43.7557,"lon":-0.6762,"fibre_pct":100.0,"vivrescore":100},{"code_insee":"40319","nom":"Trensacq","codes_postaux":["40630"],"code_dep":"40","code_region":"75","population":284,"surface_km2":79.43,"lat":44.232,"lon":-0.7015,"fibre_pct":98.5,"vivrescore":100},{"code_insee":"40320","nom":"Uchacq-et-Parentis","codes_postaux":["40090"],"code_dep":"40","code_region":"75","population":626,"surface_km2":38.6,"lat":43.945,"lon":-0.5476,"fibre_pct":97.8,"vivrescore":100},{"code_insee":"40321","nom":"Urgons","codes_postaux":["40320"],"code_dep":"40","code_region":"75","population":244,"surface_km2":11.59,"lat":43.6397,"lon":-0.432,"fibre_pct":100.0,"vivrescore":100},{"code_insee":"40322","nom":"Uza","codes_postaux":["40170"],"code_dep":"40","code_region":"75","population":180,"surface_km2":12.88,"lat":44.0295,"lon":-1.1993,"fibre_pct":100.0,"vivrescore":100},{"code_insee":"40323","nom":"Vert","codes_postaux":["40420"],"code_dep":"40","code_region":"75","population":235,"surface_km2":39.95,"lat":44.0955,"lon":-0.6138,"fibre_pct":90.2,"vivrescore":80},{"code_insee":"40324","nom":"Vicq-d'Auribat","codes_postaux":["40380"],"code_dep":"40","code_region":"75","population":243,"surface_km2":4.24,"lat":43.7836,"lon":-0.8576,"fibre_pct":96.8,"vivrescore":100},{"code_insee":"40325","nom":"Vielle-Tursan","codes_postaux":["40320"],"code_dep":"40","code_region":"75","population":283,"surface_km2":12.83,"lat":43.6857,"lon":-0.4639,"fibre_pct":99.5,"vivrescore":100},{"code_insee":"40326","nom":"Vielle-Saint-Girons","codes_postaux":["40560"],"code_dep":"40","code_region":"75","population":1518,"surface_km2":74.65,"lat":43.9429,"lon":-1.3219,"fibre_pct":95.5,"vivrescore":100},{"code_insee":"40327","nom":"Vielle-Soubiran","codes_postaux":["40240"],"code_dep":"40","code_region":"75","population":226,"surface_km2":32.95,"lat":44.0549,"lon":-0.1715,"fibre_pct":100.0,"vivrescore":100},{"code_insee":"40328","nom":"Vieux-Boucau-les-Bains","codes_postaux":["40480"],"code_dep":"40","code_region":"75","population":1685,"surface_km2":4.38,"lat":43.7885,"lon":-1.3946,"fibre_pct":69.9,"vivrescore":60},{"code_insee":"40329","nom":"Le Vignau","codes_postaux":["40270"],"code_dep":"40","code_region":"75","population":522,"surface_km2":11.07,"lat":43.7799,"lon":-0.2845,"fibre_pct":87.2,"vivrescore":80},{"code_insee":"40330","nom":"Villenave","codes_postaux":["40110"],"code_dep":"40","code_region":"75","population":312,"surface_km2":27.54,"lat":43.9681,"lon":-0.8227,"fibre_pct":83.9,"vivrescore":80},{"code_insee":"40331","nom":"Villeneuve-de-Marsan","codes_postaux":["40190"],"code_dep":"40","code_region":"75","population":2508,"surface_km2":23.2,"lat":43.9087,"lon":-0.3057,"fibre_pct":99.0,"vivrescore":100},{"code_insee":"40332","nom":"Ychoux","codes_postaux":["40160"],"code_dep":"40","code_region":"75","population":2338,"surface_km2":111.3,"lat":44.3545,"lon":-0.9643,"fibre_pct":99.7,"vivrescore":100},{"code_insee":"40333","nom":"Ygos-Saint-Saturnin","codes_postaux":["40110"],"code_dep":"40","code_region":"75","population":1334,"surface_km2":58.49,"lat":43.9934,"lon":-0.7297,"fibre_pct":97.6,"vivrescore":100},{"code_insee":"40334","nom":"Yzosse","codes_postaux":["40180"],"code_dep":"40","code_region":"75","population":386,"surface_km2":5.43,"lat":43.7189,"lon":-1.015,"fibre_pct":100.0,"vivrescore":100}]