[{"code_insee":"41001","nom":"Ambloy","codes_postaux":["41310"],"code_dep":"41","code_region":"24","population":187,"surface_km2":13.21,"lat":47.7094,"lon":0.9704,"fibre_pct":100.0,"vivrescore":100},{"code_insee":"41002","nom":"Angé","codes_postaux":["41400"],"code_dep":"41","code_region":"24","population":795,"surface_km2":17.36,"lat":47.3142,"lon":1.242,"fibre_pct":100.0,"vivrescore":100},{"code_insee":"41003","nom":"Areines","codes_postaux":["41100"],"code_dep":"41","code_region":"24","population":572,"surface_km2":4.86,"lat":47.7976,"lon":1.1021,"fibre_pct":100.0,"vivrescore":100},{"code_insee":"41004","nom":"Artins","codes_postaux":["41800"],"code_dep":"41","code_region":"24","population":266,"surface_km2":11.96,"lat":47.7496,"lon":0.7534,"fibre_pct":100.0,"vivrescore":100},{"code_insee":"41006","nom":"Autainville","codes_postaux":["41240"],"code_dep":"41","code_region":"24","population":421,"surface_km2":25.22,"lat":47.8841,"lon":1.4221,"fibre_pct":98.9,"vivrescore":100},{"code_insee":"41007","nom":"Authon","codes_postaux":["41310"],"code_dep":"41","code_region":"24","population":753,"surface_km2":32.31,"lat":47.6378,"lon":0.8907,"fibre_pct":99.2,"vivrescore":100},{"code_insee":"41008","nom":"Avaray","codes_postaux":["41500"],"code_dep":"41","code_region":"24","population":672,"surface_km2":13.95,"lat":47.7221,"lon":1.5491,"fibre_pct":99.8,"vivrescore":100},{"code_insee":"41009","nom":"Averdon","codes_postaux":["41330"],"code_dep":"41","code_region":"24","population":677,"surface_km2":29.31,"lat":47.6875,"lon":1.3038,"fibre_pct":76.4,"vivrescore":60},{"code_insee":"41010","nom":"Azé","codes_postaux":["41100"],"code_dep":"41","code_region":"24","population":971,"surface_km2":31.9,"lat":47.8587,"lon":0.9986,"fibre_pct":99.5,"vivrescore":100},{"code_insee":"41012","nom":"Baillou","codes_postaux":["41170"],"code_dep":"41","code_region":"24","population":210,"surface_km2":19.57,"lat":47.9819,"lon":0.8534,"fibre_pct":100.0,"vivrescore":100},{"code_insee":"41013","nom":"Bauzy","codes_postaux":["41250"],"code_dep":"41","code_region":"24","population":270,"surface_km2":25.8,"lat":47.5244,"lon":1.6099,"fibre_pct":100.0,"vivrescore":100},{"code_insee":"41014","nom":"Beauchêne","codes_postaux":["41170"],"code_dep":"41","code_region":"24","population":172,"surface_km2":10.01,"lat":47.9405,"lon":0.9709,"fibre_pct":100.0,"vivrescore":100},{"code_insee":"41016","nom":"Billy","codes_postaux":["41130"],"code_dep":"41","code_region":"24","population":1118,"surface_km2":26.56,"lat":47.3142,"lon":1.5523,"fibre_pct":100.0,"vivrescore":100},{"code_insee":"41017","nom":"Binas","codes_postaux":["41240"],"code_dep":"41","code_region":"24","population":674,"surface_km2":26.29,"lat":47.9021,"lon":1.4592,"fibre_pct":100.0,"vivrescore":100},{"code_insee":"41018","nom":"Blois","codes_postaux":["41000"],"code_dep":"41","code_region":"24","population":47219,"surface_km2":37.62,"lat":47.5813,"lon":1.3049,"fibre_pct":96.3,"vivrescore":100},{"code_insee":"41019","nom":"Boisseau","codes_postaux":["41290"],"code_dep":"41","code_region":"24","population":110,"surface_km2":8.15,"lat":47.7744,"lon":1.3065,"fibre_pct":100.0,"vivrescore":100},{"code_insee":"41020","nom":"Bonneveau","codes_postaux":["41800"],"code_dep":"41","code_region":"24","population":454,"surface_km2":11.0,"lat":47.8135,"lon":0.7593,"fibre_pct":100.0,"vivrescore":100},{"code_insee":"41022","nom":"Bouffry","codes_postaux":["41270"],"code_dep":"41","code_region":"24","population":137,"surface_km2":18.46,"lat":48.0084,"lon":1.0889,"fibre_pct":100.0,"vivrescore":100},{"code_insee":"41024","nom":"Boursay","codes_postaux":["41270"],"code_dep":"41","code_region":"24","population":179,"surface_km2":22.61,"lat":48.0185,"lon":0.9812,"fibre_pct":100.0,"vivrescore":100},{"code_insee":"41025","nom":"Bracieux","codes_postaux":["41250"],"code_dep":"41","code_region":"24","population":1343,"surface_km2":2.96,"lat":47.5504,"lon":1.5437,"fibre_pct":100.0,"vivrescore":100},{"code_insee":"41026","nom":"Brévainville","codes_postaux":["41160"],"code_dep":"41","code_region":"24","population":159,"surface_km2":16.2,"lat":47.9477,"lon":1.2612,"fibre_pct":91.8,"vivrescore":80},{"code_insee":"41027","nom":"Briou","codes_postaux":["41370"],"code_dep":"41","code_region":"24","population":143,"surface_km2":10.2,"lat":47.8165,"lon":1.4726,"fibre_pct":100.0,"vivrescore":100},{"code_insee":"41028","nom":"Busloup","codes_postaux":["41160"],"code_dep":"41","code_region":"24","population":494,"surface_km2":19.02,"lat":47.9033,"lon":1.139,"fibre_pct":100.0,"vivrescore":100},{"code_insee":"41029","nom":"Candé-sur-Beuvron","codes_postaux":["41120"],"code_dep":"41","code_region":"24","population":1463,"surface_km2":14.52,"lat":47.5062,"lon":1.2677,"fibre_pct":97.6,"vivrescore":100},{"code_insee":"41030","nom":"Cellé","codes_postaux":["41360"],"code_dep":"41","code_region":"24","population":225,"surface_km2":12.68,"lat":47.8331,"lon":0.8005,"fibre_pct":100.0,"vivrescore":100},{"code_insee":"41031","nom":"Cellettes","codes_postaux":["41120"],"code_dep":"41","code_region":"24","population":2715,"surface_km2":20.98,"lat":47.5263,"lon":1.3814,"fibre_pct":96.0,"vivrescore":100},{"code_insee":"41032","nom":"Chailles","codes_postaux":["41120"],"code_dep":"41","code_region":"24","population":2726,"surface_km2":18.53,"lat":47.5392,"lon":1.3128,"fibre_pct":97.9,"vivrescore":100},{"code_insee":"41034","nom":"Chambord","codes_postaux":["41250"],"code_dep":"41","code_region":"24","population":102,"surface_km2":54.64,"lat":47.6208,"lon":1.5374,"fibre_pct":98.0,"vivrescore":100},{"code_insee":"41035","nom":"Champigny-en-Beauce","codes_postaux":["41330"],"code_dep":"41","code_region":"24","population":594,"surface_km2":22.48,"lat":47.7193,"lon":1.2581,"fibre_pct":99.1,"vivrescore":100},{"code_insee":"41036","nom":"Chaon","codes_postaux":["41600"],"code_dep":"41","code_region":"24","population":435,"surface_km2":31.9,"lat":47.6099,"lon":2.1668,"fibre_pct":100.0,"vivrescore":100},{"code_insee":"41037","nom":"La Chapelle-Enchérie","codes_postaux":["41290"],"code_dep":"41","code_region":"24","population":212,"surface_km2":10.81,"lat":47.8261,"lon":1.2103,"fibre_pct":100.0,"vivrescore":100},{"code_insee":"41038","nom":"La Chapelle-Montmartin","codes_postaux":["41320"],"code_dep":"41","code_region":"24","population":407,"surface_km2":10.96,"lat":47.2572,"lon":1.7558,"fibre_pct":98.4,"vivrescore":100},{"code_insee":"41039","nom":"La Chapelle-Saint-Martin-en-Plaine","codes_postaux":["41500"],"code_dep":"41","code_region":"24","population":687,"surface_km2":22.84,"lat":47.7361,"lon":1.4166,"fibre_pct":96.9,"vivrescore":100},{"code_insee":"41040","nom":"La Chapelle-Vendômoise","codes_postaux":["41330"],"code_dep":"41","code_region":"24","population":795,"surface_km2":13.21,"lat":47.6768,"lon":1.2353,"fibre_pct":100.0,"vivrescore":100},{"code_insee":"41041","nom":"La Chapelle-Vicomtesse","codes_postaux":["41270"],"code_dep":"41","code_region":"24","population":164,"surface_km2":15.42,"lat":47.9833,"lon":1.0443,"fibre_pct":100.0,"vivrescore":100},{"code_insee":"41042","nom":"Châteauvieux","codes_postaux":["41110"],"code_dep":"41","code_region":"24","population":514,"surface_km2":33.62,"lat":47.219,"lon":1.3623,"fibre_pct":100.0,"vivrescore":100},{"code_insee":"41043","nom":"Châtillon-sur-Cher","codes_postaux":["41130"],"code_dep":"41","code_region":"24","population":1700,"surface_km2":29.79,"lat":47.2895,"lon":1.4812,"fibre_pct":100.0,"vivrescore":100},{"code_insee":"41044","nom":"Châtres-sur-Cher","codes_postaux":["41320"],"code_dep":"41","code_region":"24","population":1132,"surface_km2":35.32,"lat":47.2957,"lon":1.926,"fibre_pct":99.5,"vivrescore":100},{"code_insee":"41045","nom":"Chaumont-sur-Loire","codes_postaux":["41150"],"code_dep":"41","code_region":"24","population":1096,"surface_km2":26.77,"lat":47.4647,"lon":1.1966,"fibre_pct":99.3,"vivrescore":100},{"code_insee":"41046","nom":"Chaumont-sur-Tharonne","codes_postaux":["41600"],"code_dep":"41","code_region":"24","population":1042,"surface_km2":80.43,"lat":47.6212,"lon":1.9216,"fibre_pct":52.8,"vivrescore":40},{"code_insee":"41047","nom":"La Chaussée-Saint-Victor","codes_postaux":["41260"],"code_dep":"41","code_region":"24","population":4471,"surface_km2":6.72,"lat":47.6097,"lon":1.3599,"fibre_pct":95.1,"vivrescore":100},{"code_insee":"41048","nom":"Chauvigny-du-Perche","codes_postaux":["41270"],"code_dep":"41","code_region":"24","population":230,"surface_km2":24.07,"lat":47.9589,"lon":1.086,"fibre_pct":100.0,"vivrescore":100},{"code_insee":"41049","nom":"Chémery","codes_postaux":["41700"],"code_dep":"41","code_region":"24","population":925,"surface_km2":35.67,"lat":47.3597,"lon":1.4848,"fibre_pct":100.0,"vivrescore":100},{"code_insee":"41050","nom":"Cheverny","codes_postaux":["41700"],"code_dep":"41","code_region":"24","population":910,"surface_km2":33.07,"lat":47.4802,"lon":1.4579,"fibre_pct":87.1,"vivrescore":80},{"code_insee":"41051","nom":"Chissay-en-Touraine","codes_postaux":["41400"],"code_dep":"41","code_region":"24","population":1100,"surface_km2":18.31,"lat":47.3573,"lon":1.1369,"fibre_pct":100.0,"vivrescore":100},{"code_insee":"41052","nom":"Chitenay","codes_postaux":["41120"],"code_dep":"41","code_region":"24","population":1132,"surface_km2":15.86,"lat":47.4917,"lon":1.3639,"fibre_pct":97.5,"vivrescore":100},{"code_insee":"41053","nom":"Choue","codes_postaux":["41170"],"code_dep":"41","code_region":"24","population":512,"surface_km2":36.59,"lat":47.9918,"lon":0.9344,"fibre_pct":100.0,"vivrescore":100},{"code_insee":"41054","nom":"Choussy","codes_postaux":["41700"],"code_dep":"41","code_region":"24","population":351,"surface_km2":15.56,"lat":47.364,"lon":1.3491,"fibre_pct":100.0,"vivrescore":100},{"code_insee":"41055","nom":"Valloire-sur-Cisse","codes_postaux":["41150"],"code_dep":"41","code_region":"24","population":2385,"surface_km2":40.23,"lat":47.53,"lon":1.2126,"fibre_pct":99.2,"vivrescore":100},{"code_insee":"41057","nom":"Conan","codes_postaux":["41290"],"code_dep":"41","code_region":"24","population":159,"surface_km2":15.37,"lat":47.7359,"lon":1.2954,"fibre_pct":100.0,"vivrescore":100},{"code_insee":"41058","nom":"Concriers","codes_postaux":["41370"],"code_dep":"41","code_region":"24","population":184,"surface_km2":4.84,"lat":47.7784,"lon":1.4824,"fibre_pct":100.0,"vivrescore":100},{"code_insee":"41059","nom":"Le Controis-en-Sologne","codes_postaux":["41120","41400","41700"],"code_dep":"41","code_region":"24","population":6860,"surface_km2":100.7,"lat":47.4327,"lon":1.3851,"fibre_pct":99.6,"vivrescore":100},{"code_insee":"41060","nom":"Cormenon","codes_postaux":["41170"],"code_dep":"41","code_region":"24","population":679,"surface_km2":5.63,"lat":47.9625,"lon":0.909,"fibre_pct":96.7,"vivrescore":100},{"code_insee":"41061","nom":"Cormeray","codes_postaux":["41120"],"code_dep":"41","code_region":"24","population":1558,"surface_km2":10.33,"lat":47.4871,"lon":1.4062,"fibre_pct":92.2,"vivrescore":80},{"code_insee":"41062","nom":"Couddes","codes_postaux":["41700"],"code_dep":"41","code_region":"24","population":530,"surface_km2":18.71,"lat":47.3638,"lon":1.4045,"fibre_pct":100.0,"vivrescore":100},{"code_insee":"41063","nom":"Couffy","codes_postaux":["41110"],"code_dep":"41","code_region":"24","population":506,"surface_km2":14.97,"lat":47.248,"lon":1.4373,"fibre_pct":100.0,"vivrescore":100},{"code_insee":"41065","nom":"Coulommiers-la-Tour","codes_postaux":["41100"],"code_dep":"41","code_region":"24","population":575,"surface_km2":12.15,"lat":47.78,"lon":1.1356,"fibre_pct":100.0,"vivrescore":100},{"code_insee":"41066","nom":"Courbouzon","codes_postaux":["41500"],"code_dep":"41","code_region":"24","population":420,"surface_km2":7.73,"lat":47.6941,"lon":1.537,"fibre_pct":100.0,"vivrescore":100},{"code_insee":"41067","nom":"Cour-Cheverny","codes_postaux":["41700"],"code_dep":"41","code_region":"24","population":2831,"surface_km2":29.65,"lat":47.5057,"lon":1.4725,"fibre_pct":87.5,"vivrescore":80},{"code_insee":"41068","nom":"Courmemin","codes_postaux":["41230"],"code_dep":"41","code_region":"24","population":502,"surface_km2":26.08,"lat":47.4715,"lon":1.6284,"fibre_pct":100.0,"vivrescore":100},{"code_insee":"41069","nom":"Cour-sur-Loire","codes_postaux":["41500"],"code_dep":"41","code_region":"24","population":259,"surface_km2":5.95,"lat":47.6584,"lon":1.4161,"fibre_pct":100.0,"vivrescore":100},{"code_insee":"41070","nom":"Vallée-de-Ronsard","codes_postaux":["41800"],"code_dep":"41","code_region":"24","population":531,"surface_km2":20.02,"lat":47.7464,"lon":0.6659,"fibre_pct":100.0,"vivrescore":100},{"code_insee":"41071","nom":"Crouy-sur-Cosson","codes_postaux":["41220"],"code_dep":"41","code_region":"24","population":507,"surface_km2":28.26,"lat":47.6598,"lon":1.6204,"fibre_pct":100.0,"vivrescore":100},{"code_insee":"41072","nom":"Crucheray","codes_postaux":["41100"],"code_dep":"41","code_region":"24","population":427,"surface_km2":25.63,"lat":47.7331,"lon":1.0918,"fibre_pct":100.0,"vivrescore":100},{"code_insee":"41073","nom":"Danzé","codes_postaux":["41160"],"code_dep":"41","code_region":"24","population":671,"surface_km2":42.73,"lat":47.904,"lon":1.0091,"fibre_pct":99.0,"vivrescore":100},{"code_insee":"41074","nom":"Dhuizon","codes_postaux":["41220"],"code_dep":"41","code_region":"24","population":1195,"surface_km2":45.77,"lat":47.5849,"lon":1.6825,"fibre_pct":96.7,"vivrescore":100},{"code_insee":"41075","nom":"Droué","codes_postaux":["41270"],"code_dep":"41","code_region":"24","population":999,"surface_km2":24.43,"lat":48.029,"lon":1.0685,"fibre_pct":100.0,"vivrescore":100},{"code_insee":"41077","nom":"Épiais","codes_postaux":["41290"],"code_dep":"41","code_region":"24","population":115,"surface_km2":8.69,"lat":47.812,"lon":1.2489,"fibre_pct":100.0,"vivrescore":100},{"code_insee":"41078","nom":"Épuisay","codes_postaux":["41360"],"code_dep":"41","code_region":"24","population":787,"surface_km2":23.72,"lat":47.8971,"lon":0.9297,"fibre_pct":100.0,"vivrescore":100},{"code_insee":"41079","nom":"Les Essarts","codes_postaux":["41800"],"code_dep":"41","code_region":"24","population":108,"surface_km2":4.51,"lat":47.7322,"lon":0.7148,"fibre_pct":100.0,"vivrescore":100},{"code_insee":"41080","nom":"Faverolles-sur-Cher","codes_postaux":["41400"],"code_dep":"41","code_region":"24","population":1408,"surface_km2":15.51,"lat":47.3132,"lon":1.1873,"fibre_pct":100.0,"vivrescore":100},{"code_insee":"41081","nom":"Faye","codes_postaux":["41100"],"code_dep":"41","code_region":"24","population":216,"surface_km2":8.82,"lat":47.8061,"lon":1.1887,"fibre_pct":100.0,"vivrescore":100},{"code_insee":"41083","nom":"La Ferté-Beauharnais","codes_postaux":["41210"],"code_dep":"41","code_region":"24","population":561,"surface_km2":2.51,"lat":47.5393,"lon":1.8548,"fibre_pct":100.0,"vivrescore":100},{"code_insee":"41084","nom":"La Ferté-Imbault","codes_postaux":["41300"],"code_dep":"41","code_region":"24","population":947,"surface_km2":51.39,"lat":47.4012,"lon":1.9601,"fibre_pct":100.0,"vivrescore":100},{"code_insee":"41085","nom":"La Ferté-Saint-Cyr","codes_postaux":["41220"],"code_dep":"41","code_region":"24","population":1093,"surface_km2":59.39,"lat":47.6598,"lon":1.6855,"fibre_pct":100.0,"vivrescore":100},{"code_insee":"41086","nom":"Fontaines-en-Sologne","codes_postaux":["41250"],"code_dep":"41","code_region":"24","population":661,"surface_km2":50.59,"lat":47.4894,"lon":1.5466,"fibre_pct":100.0,"vivrescore":100},{"code_insee":"41087","nom":"Fontaine-les-Coteaux","codes_postaux":["41800"],"code_dep":"41","code_region":"24","population":342,"surface_km2":22.09,"lat":47.7976,"lon":0.8316,"fibre_pct":100.0,"vivrescore":100},{"code_insee":"41088","nom":"Fontaine-Raoul","codes_postaux":["41270"],"code_dep":"41","code_region":"24","population":231,"surface_km2":21.99,"lat":47.9749,"lon":1.1324,"fibre_pct":100.0,"vivrescore":100},{"code_insee":"41089","nom":"La Fontenelle","codes_postaux":["41270"],"code_dep":"41","code_region":"24","population":204,"surface_km2":20.04,"lat":48.0536,"lon":1.0167,"fibre_pct":100.0,"vivrescore":100},{"code_insee":"41090","nom":"Fortan","codes_postaux":["41360"],"code_dep":"41","code_region":"24","population":255,"surface_km2":5.95,"lat":47.8431,"lon":0.9138,"fibre_pct":100.0,"vivrescore":100},{"code_insee":"41091","nom":"Fossé","codes_postaux":["41330"],"code_dep":"41","code_region":"24","population":1254,"surface_km2":10.2,"lat":47.6333,"lon":1.275,"fibre_pct":97.7,"vivrescore":100},{"code_insee":"41093","nom":"Françay","codes_postaux":["41190"],"code_dep":"41","code_region":"24","population":271,"surface_km2":20.49,"lat":47.6168,"lon":1.1129,"fibre_pct":100.0,"vivrescore":100},{"code_insee":"41094","nom":"Fresnes","codes_postaux":["41700"],"code_dep":"41","code_region":"24","population":1200,"surface_km2":16.35,"lat":47.4402,"lon":1.4143,"fibre_pct":100.0,"vivrescore":100},{"code_insee":"41095","nom":"Fréteval","codes_postaux":["41160"],"code_dep":"41","code_region":"24","population":1063,"surface_km2":20.59,"lat":47.8869,"lon":1.201,"fibre_pct":98.7,"vivrescore":100},{"code_insee":"41096","nom":"Le Gault-du-Perche","codes_postaux":["41270"],"code_dep":"41","code_region":"24","population":320,"surface_km2":28.28,"lat":48.0996,"lon":0.9853,"fibre_pct":100.0,"vivrescore":100},{"code_insee":"41097","nom":"Gièvres","codes_postaux":["41130"],"code_dep":"41","code_region":"24","population":2268,"surface_km2":38.25,"lat":47.2898,"lon":1.67,"fibre_pct":100.0,"vivrescore":100},{"code_insee":"41098","nom":"Gombergean","codes_postaux":["41310"],"code_dep":"41","code_region":"24","population":167,"surface_km2":12.15,"lat":47.6517,"lon":1.0678,"fibre_pct":100.0,"vivrescore":100},{"code_insee":"41099","nom":"Gy-en-Sologne","codes_postaux":["41230"],"code_dep":"41","code_region":"24","population":475,"surface_km2":35.97,"lat":47.3451,"lon":1.594,"fibre_pct":100.0,"vivrescore":100},{"code_insee":"41100","nom":"Les Hayes","codes_postaux":["41800"],"code_dep":"41","code_region":"24","population":175,"surface_km2":15.84,"lat":47.7007,"lon":0.776,"fibre_pct":100.0,"vivrescore":100},{"code_insee":"41101","nom":"Herbault","codes_postaux":["41190"],"code_dep":"41","code_region":"24","population":1133,"surface_km2":13.22,"lat":47.6126,"lon":1.1576,"fibre_pct":99.2,"vivrescore":100},{"code_insee":"41102","nom":"Houssay","codes_postaux":["41800"],"code_dep":"41","code_region":"24","population":365,"surface_km2":16.88,"lat":47.7424,"lon":0.9484,"fibre_pct":100.0,"vivrescore":100},{"code_insee":"41103","nom":"Huisseau-en-Beauce","codes_postaux":["41310"],"code_dep":"41","code_region":"24","population":406,"surface_km2":9.01,"lat":47.7246,"lon":1.0108,"fibre_pct":100.0,"vivrescore":100},{"code_insee":"41104","nom":"Huisseau-sur-Cosson","codes_postaux":["41350"],"code_dep":"41","code_region":"24","population":2290,"surface_km2":22.75,"lat":47.6001,"lon":1.458,"fibre_pct":99.0,"vivrescore":100},{"code_insee":"41105","nom":"Josnes","codes_postaux":["41370"],"code_dep":"41","code_region":"24","population":878,"surface_km2":20.69,"lat":47.7945,"lon":1.5314,"fibre_pct":100.0,"vivrescore":100},{"code_insee":"41106","nom":"Lamotte-Beuvron","codes_postaux":["41600"],"code_dep":"41","code_region":"24","population":4504,"surface_km2":23.35,"lat":47.6043,"lon":2.0265,"fibre_pct":99.0,"vivrescore":100},{"code_insee":"41107","nom":"Lancé","codes_postaux":["41310"],"code_dep":"41","code_region":"24","population":471,"surface_km2":18.2,"lat":47.6863,"lon":1.0678,"fibre_pct":100.0,"vivrescore":100},{"code_insee":"41108","nom":"Lancôme","codes_postaux":["41190"],"code_dep":"41","code_region":"24","population":123,"surface_km2":9.96,"lat":47.6524,"lon":1.1327,"fibre_pct":100.0,"vivrescore":100},{"code_insee":"41109","nom":"Landes-le-Gaulois","codes_postaux":["41190"],"code_dep":"41","code_region":"24","population":721,"surface_km2":24.25,"lat":47.6577,"lon":1.1722,"fibre_pct":98.9,"vivrescore":100},{"code_insee":"41110","nom":"Langon-sur-Cher","codes_postaux":["41320"],"code_dep":"41","code_region":"24","population":821,"surface_km2":38.74,"lat":47.3099,"lon":1.845,"fibre_pct":97.4,"vivrescore":100},{"code_insee":"41112","nom":"Lassay-sur-Croisne","codes_postaux":["41230"],"code_dep":"41","code_region":"24","population":241,"surface_km2":18.64,"lat":47.3678,"lon":1.6304,"fibre_pct":98.0,"vivrescore":100},{"code_insee":"41113","nom":"Lavardin","codes_postaux":["41800"],"code_dep":"41","code_region":"24","population":179,"surface_km2":6.9,"lat":47.7372,"lon":0.8847,"fibre_pct":98.4,"vivrescore":100},{"code_insee":"41114","nom":"Lestiou","codes_postaux":["41500"],"code_dep":"41","code_region":"24","population":291,"surface_km2":8.36,"lat":47.7498,"lon":1.5665,"fibre_pct":100.0,"vivrescore":100},{"code_insee":"41115","nom":"Lignières","codes_postaux":["41160"],"code_dep":"41","code_region":"24","population":412,"surface_km2":15.87,"lat":47.8655,"lon":1.1967,"fibre_pct":99.6,"vivrescore":100},{"code_insee":"41116","nom":"Lisle","codes_postaux":["41100"],"code_dep":"41","code_region":"24","population":181,"surface_km2":6.65,"lat":47.8702,"lon":1.1078,"fibre_pct":100.0,"vivrescore":100},{"code_insee":"41118","nom":"Loreux","codes_postaux":["41200"],"code_dep":"41","code_region":"24","population":238,"surface_km2":32.17,"lat":47.4042,"lon":1.8399,"fibre_pct":99.2,"vivrescore":100},{"code_insee":"41119","nom":"Lorges","codes_postaux":["41370"],"code_dep":"41","code_region":"24","population":359,"surface_km2":13.55,"lat":47.8177,"lon":1.4982,"fibre_pct":100.0,"vivrescore":100},{"code_insee":"41120","nom":"Lunay","codes_postaux":["41360"],"code_dep":"41","code_region":"24","population":1272,"surface_km2":38.55,"lat":47.8097,"lon":0.9029,"fibre_pct":99.4,"vivrescore":100},{"code_insee":"41121","nom":"La Madeleine-Villefrouin","codes_postaux":["41370"],"code_dep":"41","code_region":"24","population":33,"surface_km2":9.74,"lat":47.7788,"lon":1.3907,"fibre_pct":100.0,"vivrescore":100},{"code_insee":"41122","nom":"Maray","codes_postaux":["41320"],"code_dep":"41","code_region":"24","population":221,"surface_km2":28.51,"lat":47.2352,"lon":1.8654,"fibre_pct":97.7,"vivrescore":100},{"code_insee":"41123","nom":"Marchenoir","codes_postaux":["41370"],"code_dep":"41","code_region":"24","population":677,"surface_km2":9.52,"lat":47.8345,"lon":1.4145,"fibre_pct":100.0,"vivrescore":100},{"code_insee":"41124","nom":"Marcilly-en-Beauce","codes_postaux":["41100"],"code_dep":"41","code_region":"24","population":319,"surface_km2":6.37,"lat":47.7541,"lon":1.0051,"fibre_pct":100.0,"vivrescore":100},{"code_insee":"41125","nom":"Marcilly-en-Gault","codes_postaux":["41210"],"code_dep":"41","code_region":"24","population":754,"surface_km2":56.87,"lat":47.4624,"lon":1.8713,"fibre_pct":98.7,"vivrescore":100},{"code_insee":"41126","nom":"Mareuil-sur-Cher","codes_postaux":["41110"],"code_dep":"41","code_region":"24","population":1150,"surface_km2":31.87,"lat":47.2744,"lon":1.3034,"fibre_pct":100.0,"vivrescore":100},{"code_insee":"41127","nom":"La Marolle-en-Sologne","codes_postaux":["41210"],"code_dep":"41","code_region":"24","population":379,"surface_km2":25.18,"lat":47.5808,"lon":1.7933,"fibre_pct":100.0,"vivrescore":100},{"code_insee":"41128","nom":"Marolles","codes_postaux":["41330"],"code_dep":"41","code_region":"24","population":714,"surface_km2":10.03,"lat":47.6532,"lon":1.3084,"fibre_pct":100.0,"vivrescore":100},{"code_insee":"41129","nom":"Maslives","codes_postaux":["41250"],"code_dep":"41","code_region":"24","population":649,"surface_km2":7.33,"lat":47.6328,"lon":1.4867,"fibre_pct":100.0,"vivrescore":100},{"code_insee":"41130","nom":"Maves","codes_postaux":["41500"],"code_dep":"41","code_region":"24","population":671,"surface_km2":33.34,"lat":47.7429,"lon":1.3572,"fibre_pct":99.2,"vivrescore":100},{"code_insee":"41131","nom":"Mazangé","codes_postaux":["41100"],"code_dep":"41","code_region":"24","population":809,"surface_km2":23.85,"lat":47.8405,"lon":0.9493,"fibre_pct":100.0,"vivrescore":100},{"code_insee":"41132","nom":"Méhers","codes_postaux":["41140"],"code_dep":"41","code_region":"24","population":303,"surface_km2":18.41,"lat":47.3315,"lon":1.4573,"fibre_pct":100.0,"vivrescore":100},{"code_insee":"41134","nom":"Menars","codes_postaux":["41500"],"code_dep":"41","code_region":"24","population":609,"surface_km2":4.52,"lat":47.6482,"lon":1.4009,"fibre_pct":94.8,"vivrescore":80},{"code_insee":"41135","nom":"Mennetou-sur-Cher","codes_postaux":["41320"],"code_dep":"41","code_region":"24","population":818,"surface_km2":16.28,"lat":47.2974,"lon":1.8773,"fibre_pct":96.7,"vivrescore":100},{"code_insee":"41136","nom":"Mer","codes_postaux":["41500"],"code_dep":"41","code_region":"24","population":6250,"surface_km2":26.47,"lat":47.7123,"lon":1.5051,"fibre_pct":99.7,"vivrescore":100},{"code_insee":"41137","nom":"Mesland","codes_postaux":["41150"],"code_dep":"41","code_region":"24","population":539,"surface_km2":26.64,"lat":47.5196,"lon":1.0944,"fibre_pct":99.7,"vivrescore":100},{"code_insee":"41138","nom":"Meslay","codes_postaux":["41100"],"code_dep":"41","code_region":"24","population":297,"surface_km2":7.15,"lat":47.8136,"lon":1.1097,"fibre_pct":100.0,"vivrescore":100},{"code_insee":"41139","nom":"Meusnes","codes_postaux":["41130"],"code_dep":"41","code_region":"24","population":1013,"surface_km2":13.49,"lat":47.2419,"lon":1.501,"fibre_pct":100.0,"vivrescore":100},{"code_insee":"41140","nom":"Millançay","codes_postaux":["41200"],"code_dep":"41","code_region":"24","population":716,"surface_km2":61.84,"lat":47.4502,"lon":1.7873,"fibre_pct":99.4,"vivrescore":100},{"code_insee":"41141","nom":"Moisy","codes_postaux":["41160"],"code_dep":"41","code_region":"24","population":337,"surface_km2":17.34,"lat":47.9192,"lon":1.3177,"fibre_pct":100.0,"vivrescore":100},{"code_insee":"41142","nom":"Valencisse","codes_postaux":["41190"],"code_dep":"41","code_region":"24","population":2324,"surface_km2":43.89,"lat":47.5715,"lon":1.1968,"fibre_pct":99.7,"vivrescore":100},{"code_insee":"41143","nom":"Mondoubleau","codes_postaux":["41170"],"code_dep":"41","code_region":"24","population":1297,"surface_km2":4.83,"lat":47.9885,"lon":0.8969,"fibre_pct":93.9,"vivrescore":80},{"code_insee":"41144","nom":"Monteaux","codes_postaux":["41150"],"code_dep":"41","code_region":"24","population":729,"surface_km2":6.23,"lat":47.4842,"lon":1.1084,"fibre_pct":100.0,"vivrescore":100},{"code_insee":"41145","nom":"Monthou-sur-Bièvre","codes_postaux":["41120"],"code_dep":"41","code_region":"24","population":793,"surface_km2":16.71,"lat":47.4652,"lon":1.2611,"fibre_pct":97.3,"vivrescore":100},{"code_insee":"41146","nom":"Monthou-sur-Cher","codes_postaux":["41400"],"code_dep":"41","code_region":"24","population":986,"surface_km2":20.24,"lat":47.3526,"lon":1.2902,"fibre_pct":100.0,"vivrescore":100},{"code_insee":"41147","nom":"Les Montils","codes_postaux":["41120"],"code_dep":"41","code_region":"24","population":1945,"surface_km2":9.36,"lat":47.506,"lon":1.3034,"fibre_pct":95.7,"vivrescore":100},{"code_insee":"41148","nom":"Montlivault","codes_postaux":["41350"],"code_dep":"41","code_region":"24","population":1293,"surface_km2":11.1,"lat":47.6347,"lon":1.4447,"fibre_pct":100.0,"vivrescore":100},{"code_insee":"41149","nom":"Montoire-sur-le-Loir","codes_postaux":["41800"],"code_dep":"41","code_region":"24","population":3646,"surface_km2":21.28,"lat":47.7648,"lon":0.8431,"fibre_pct":99.2,"vivrescore":100},{"code_insee":"41150","nom":"Mont-près-Chambord","codes_postaux":["41250"],"code_dep":"41","code_region":"24","population":3386,"surface_km2":28.51,"lat":47.5565,"lon":1.4469,"fibre_pct":99.7,"vivrescore":100},{"code_insee":"41151","nom":"Montrichard Val de Cher","codes_postaux":["41400"],"code_dep":"41","code_region":"24","population":3611,"surface_km2":19.15,"lat":47.3594,"lon":1.1998,"fibre_pct":97.0,"vivrescore":100},{"code_insee":"41152","nom":"Montrieux-en-Sologne","codes_postaux":["41210"],"code_dep":"41","code_region":"24","population":638,"surface_km2":34.14,"lat":47.556,"lon":1.709,"fibre_pct":99.8,"vivrescore":100},{"code_insee":"41153","nom":"Montrouveau","codes_postaux":["41800"],"code_dep":"41","code_region":"24","population":143,"surface_km2":17.84,"lat":47.7056,"lon":0.7148,"fibre_pct":100.0,"vivrescore":100},{"code_insee":"41154","nom":"Morée","codes_postaux":["41160"],"code_dep":"41","code_region":"24","population":1077,"surface_km2":25.92,"lat":47.9143,"lon":1.2544,"fibre_pct":98.5,"vivrescore":100},{"code_insee":"41155","nom":"Muides-sur-Loire","codes_postaux":["41500"],"code_dep":"41","code_region":"24","population":1264,"surface_km2":9.18,"lat":47.6669,"lon":1.5326,"fibre_pct":100.0,"vivrescore":100},{"code_insee":"41156","nom":"Mulsans","codes_postaux":["41500"],"code_dep":"41","code_region":"24","population":508,"surface_km2":15.94,"lat":47.6924,"lon":1.3812,"fibre_pct":100.0,"vivrescore":100},{"code_insee":"41157","nom":"Mur-de-Sologne","codes_postaux":["41230"],"code_dep":"41","code_region":"24","population":1518,"surface_km2":53.02,"lat":47.4241,"lon":1.6094,"fibre_pct":97.3,"vivrescore":100},{"code_insee":"41158","nom":"Naveil","codes_postaux":["41100"],"code_dep":"41","code_region":"24","population":2442,"surface_km2":13.48,"lat":47.788,"lon":1.0223,"fibre_pct":99.3,"vivrescore":100},{"code_insee":"41159","nom":"Neung-sur-Beuvron","codes_postaux":["41210"],"code_dep":"41","code_region":"24","population":1259,"surface_km2":65.61,"lat":47.537,"lon":1.817,"fibre_pct":98.5,"vivrescore":100},{"code_insee":"41160","nom":"Neuvy","codes_postaux":["41250"],"code_dep":"41","code_region":"24","population":311,"surface_km2":31.38,"lat":47.5669,"lon":1.5871,"fibre_pct":98.2,"vivrescore":100},{"code_insee":"41161","nom":"Nouan-le-Fuzelier","codes_postaux":["41600"],"code_dep":"41","code_region":"24","population":2272,"surface_km2":87.77,"lat":47.5307,"lon":2.03,"fibre_pct":99.5,"vivrescore":100},{"code_insee":"41163","nom":"Nourray","codes_postaux":["41310"],"code_dep":"41","code_region":"24","population":127,"surface_km2":12.22,"lat":47.7193,"lon":1.0526,"fibre_pct":98.8,"vivrescore":100},{"code_insee":"41164","nom":"Noyers-sur-Cher","codes_postaux":["41140"],"code_dep":"41","code_region":"24","population":2631,"surface_km2":22.81,"lat":47.2835,"lon":1.4052,"fibre_pct":98.5,"vivrescore":100},{"code_insee":"41166","nom":"Oisly","codes_postaux":["41700"],"code_dep":"41","code_region":"24","population":392,"surface_km2":10.75,"lat":47.3955,"lon":1.3753,"fibre_pct":100.0,"vivrescore":100},{"code_insee":"41167","nom":"Veuzain-sur-Loire","codes_postaux":["41150"],"code_dep":"41","code_region":"24","population":3333,"surface_km2":38.12,"lat":47.5079,"lon":1.15,"fibre_pct":98.8,"vivrescore":100},{"code_insee":"41168","nom":"Orçay","codes_postaux":["41300"],"code_dep":"41","code_region":"24","population":206,"surface_km2":18.78,"lat":47.3068,"lon":2.1258,"fibre_pct":99.8,"vivrescore":100},{"code_insee":"41171","nom":"Oucques La Nouvelle","codes_postaux":["41290"],"code_dep":"41","code_region":"24","population":1638,"surface_km2":49.63,"lat":47.8104,"lon":1.2756,"fibre_pct":98.4,"vivrescore":100},{"code_insee":"41172","nom":"Ouzouer-le-Doyen","codes_postaux":["41160"],"code_dep":"41","code_region":"24","population":226,"surface_km2":16.38,"lat":47.9428,"lon":1.3368,"fibre_pct":100.0,"vivrescore":100},{"code_insee":"41173","nom":"Beauce la Romaine","codes_postaux":["41160","41240"],"code_dep":"41","code_region":"24","population":3341,"surface_km2":136.76,"lat":47.936,"lon":1.4605,"fibre_pct":99.8,"vivrescore":100},{"code_insee":"41174","nom":"Périgny","codes_postaux":["41100"],"code_dep":"41","code_region":"24","population":166,"surface_km2":10.39,"lat":47.7523,"lon":1.1486,"fibre_pct":97.4,"vivrescore":100},{"code_insee":"41175","nom":"Pezou","codes_postaux":["41100"],"code_dep":"41","code_region":"24","population":1101,"surface_km2":14.08,"lat":47.8681,"lon":1.1477,"fibre_pct":100.0,"vivrescore":100},{"code_insee":"41176","nom":"Pierrefitte-sur-Sauldre","codes_postaux":["41300"],"code_dep":"41","code_region":"24","population":749,"surface_km2":74.83,"lat":47.5321,"lon":2.1309,"fibre_pct":99.7,"vivrescore":100},{"code_insee":"41177","nom":"Le Plessis-Dorin","codes_postaux":["41170"],"code_dep":"41","code_region":"24","population":145,"surface_km2":13.77,"lat":48.0837,"lon":0.8505,"fibre_pct":99.6,"vivrescore":100},{"code_insee":"41178","nom":"Le Plessis-l'Échelle","codes_postaux":["41370"],"code_dep":"41","code_region":"24","population":57,"surface_km2":11.68,"lat":47.81,"lon":1.4298,"fibre_pct":100.0,"vivrescore":100},{"code_insee":"41179","nom":"Le Poislay","codes_postaux":["41270"],"code_dep":"41","code_region":"24","population":201,"surface_km2":16.01,"lat":48.0687,"lon":1.0685,"fibre_pct":100.0,"vivrescore":100},{"code_insee":"41180","nom":"Pontlevoy","codes_postaux":["41400"],"code_dep":"41","code_region":"24","population":1556,"surface_km2":51.35,"lat":47.4023,"lon":1.2315,"fibre_pct":98.2,"vivrescore":100},{"code_insee":"41181","nom":"Pouillé","codes_postaux":["41110"],"code_dep":"41","code_region":"24","population":774,"surface_km2":18.05,"lat":47.3057,"lon":1.2811,"fibre_pct":100.0,"vivrescore":100},{"code_insee":"41182","nom":"Pray","codes_postaux":["41190"],"code_dep":"41","code_region":"24","population":278,"surface_km2":10.61,"lat":47.6866,"lon":1.11,"fibre_pct":100.0,"vivrescore":100},{"code_insee":"41184","nom":"Prunay-Cassereau","codes_postaux":["41310"],"code_dep":"41","code_region":"24","population":577,"surface_km2":32.77,"lat":47.6839,"lon":0.9116,"fibre_pct":100.0,"vivrescore":100},{"code_insee":"41185","nom":"Pruniers-en-Sologne","codes_postaux":["41200"],"code_dep":"41","code_region":"24","population":2245,"surface_km2":44.08,"lat":47.3432,"lon":1.6672,"fibre_pct":100.0,"vivrescore":100},{"code_insee":"41186","nom":"Rahart","codes_postaux":["41160"],"code_dep":"41","code_region":"24","population":300,"surface_km2":14.4,"lat":47.8737,"lon":1.0613,"fibre_pct":100.0,"vivrescore":100},{"code_insee":"41187","nom":"Renay","codes_postaux":["41100"],"code_dep":"41","code_region":"24","population":174,"surface_km2":12.09,"lat":47.8382,"lon":1.1781,"fibre_pct":100.0,"vivrescore":100},{"code_insee":"41188","nom":"Rhodon","codes_postaux":["41290"],"code_dep":"41","code_region":"24","population":113,"surface_km2":7.12,"lat":47.7523,"lon":1.2702,"fibre_pct":100.0,"vivrescore":100},{"code_insee":"41189","nom":"Rilly-sur-Loire","codes_postaux":["41150"],"code_dep":"41","code_region":"24","population":445,"surface_km2":10.21,"lat":47.4577,"lon":1.1409,"fibre_pct":100.0,"vivrescore":100},{"code_insee":"41190","nom":"Rocé","codes_postaux":["41100"],"code_dep":"41","code_region":"24","population":218,"surface_km2":10.27,"lat":47.8119,"lon":1.1517,"fibre_pct":98.3,"vivrescore":100},{"code_insee":"41191","nom":"Roches","codes_postaux":["41370"],"code_dep":"41","code_region":"24","population":63,"surface_km2":8.8,"lat":47.7949,"lon":1.4548,"fibre_pct":89.7,"vivrescore":80},{"code_insee":"41192","nom":"Les Roches-l'Évêque","codes_postaux":["41800"],"code_dep":"41","code_region":"24","population":300,"surface_km2":2.41,"lat":47.7837,"lon":0.8857,"fibre_pct":100.0,"vivrescore":100},{"code_insee":"41193","nom":"Romilly","codes_postaux":["41270"],"code_dep":"41","code_region":"24","population":155,"surface_km2":15.27,"lat":47.9517,"lon":1.0287,"fibre_pct":100.0,"vivrescore":100},{"code_insee":"41194","nom":"Romorantin-Lanthenay","codes_postaux":["41200"],"code_dep":"41","code_region":"24","population":18373,"surface_km2":45.09,"lat":47.3725,"lon":1.7368,"fibre_pct":94.2,"vivrescore":80},{"code_insee":"41195","nom":"Rougeou","codes_postaux":["41230"],"code_dep":"41","code_region":"24","population":150,"surface_km2":7.86,"lat":47.3606,"lon":1.5429,"fibre_pct":100.0,"vivrescore":100},{"code_insee":"41196","nom":"Ruan-sur-Egvonne","codes_postaux":["41270"],"code_dep":"41","code_region":"24","population":80,"surface_km2":11.37,"lat":48.0119,"lon":1.1359,"fibre_pct":100.0,"vivrescore":100},{"code_insee":"41198","nom":"Saint-Aignan","codes_postaux":["41110"],"code_dep":"41","code_region":"24","population":2789,"surface_km2":18.45,"lat":47.2493,"lon":1.335,"fibre_pct":96.5,"vivrescore":100},{"code_insee":"41199","nom":"Saint-Amand-Longpré","codes_postaux":["41310"],"code_dep":"41","code_region":"24","population":1218,"surface_km2":21.45,"lat":47.6804,"lon":0.9883,"fibre_pct":99.8,"vivrescore":100},{"code_insee":"41200","nom":"Sainte-Anne","codes_postaux":["41100"],"code_dep":"41","code_region":"24","population":476,"surface_km2":5.13,"lat":47.7598,"lon":1.0844,"fibre_pct":100.0,"vivrescore":100},{"code_insee":"41201","nom":"Saint-Arnoult","codes_postaux":["41800"],"code_dep":"41","code_region":"24","population":302,"surface_km2":9.61,"lat":47.7065,"lon":0.8708,"fibre_pct":100.0,"vivrescore":100},{"code_insee":"41203","nom":"Saint-Bohaire","codes_postaux":["41330"],"code_dep":"41","code_region":"24","population":500,"surface_km2":13.84,"lat":47.6412,"lon":1.2373,"fibre_pct":98.3,"vivrescore":100},{"code_insee":"41204","nom":"Saint-Claude-de-Diray","codes_postaux":["41350"],"code_dep":"41","code_region":"24","population":1764,"surface_km2":9.13,"lat":47.619,"lon":1.4191,"fibre_pct":99.1,"vivrescore":100},{"code_insee":"41205","nom":"Saint-Cyr-du-Gault","codes_postaux":["41190"],"code_dep":"41","code_region":"24","population":173,"surface_km2":26.18,"lat":47.6152,"lon":1.0319,"fibre_pct":95.4,"vivrescore":100},{"code_insee":"41206","nom":"Saint-Denis-sur-Loire","codes_postaux":["41000"],"code_dep":"41","code_region":"24","population":904,"surface_km2":12.49,"lat":47.6344,"lon":1.3755,"fibre_pct":93.1,"vivrescore":80},{"code_insee":"41207","nom":"Saint-Dyé-sur-Loire","codes_postaux":["41500"],"code_dep":"41","code_region":"24","population":1153,"surface_km2":5.48,"lat":47.6512,"lon":1.4961,"fibre_pct":99.5,"vivrescore":100},{"code_insee":"41208","nom":"Saint-Étienne-des-Guérets","codes_postaux":["41190"],"code_dep":"41","code_region":"24","population":115,"surface_km2":11.56,"lat":47.5964,"lon":1.0586,"fibre_pct":100.0,"vivrescore":100},{"code_insee":"41209","nom":"Saint-Firmin-des-Prés","codes_postaux":["41100"],"code_dep":"41","code_region":"24","population":744,"surface_km2":13.97,"lat":47.8441,"lon":1.1039,"fibre_pct":100.0,"vivrescore":100},{"code_insee":"41211","nom":"Saint-Georges-sur-Cher","codes_postaux":["41400"],"code_dep":"41","code_region":"24","population":2710,"surface_km2":23.76,"lat":47.3027,"lon":1.1346,"fibre_pct":99.7,"vivrescore":100},{"code_insee":"41212","nom":"Saint-Gervais-la-Forêt","codes_postaux":["41350"],"code_dep":"41","code_region":"24","population":3180,"surface_km2":8.98,"lat":47.5642,"lon":1.3582,"fibre_pct":98.4,"vivrescore":100},{"code_insee":"41213","nom":"Saint-Gourgon","codes_postaux":["41310"],"code_dep":"41","code_region":"24","population":96,"surface_km2":10.21,"lat":47.6603,"lon":1.0081,"fibre_pct":100.0,"vivrescore":100},{"code_insee":"41214","nom":"Saint-Hilaire-la-Gravelle","codes_postaux":["41160"],"code_dep":"41","code_region":"24","population":652,"surface_km2":17.51,"lat":47.9308,"lon":1.1785,"fibre_pct":100.0,"vivrescore":100},{"code_insee":"41215","nom":"Saint-Jacques-des-Guérets","codes_postaux":["41800"],"code_dep":"41","code_region":"24","population":99,"surface_km2":1.83,"lat":47.7653,"lon":0.7905,"fibre_pct":100.0,"vivrescore":100},{"code_insee":"41216","nom":"Saint-Jean-Froidmentel","codes_postaux":["41160"],"code_dep":"41","code_region":"24","population":505,"surface_km2":17.2,"lat":47.9622,"lon":1.2089,"fibre_pct":100.0,"vivrescore":100},{"code_insee":"41217","nom":"Saint-Julien-de-Chédon","codes_postaux":["41400"],"code_dep":"41","code_region":"24","population":791,"surface_km2":9.89,"lat":47.3188,"lon":1.2063,"fibre_pct":100.0,"vivrescore":100},{"code_insee":"41218","nom":"Saint-Julien-sur-Cher","codes_postaux":["41320"],"code_dep":"41","code_region":"24","population":742,"surface_km2":16.33,"lat":47.2634,"lon":1.7794,"fibre_pct":99.6,"vivrescore":100},{"code_insee":"41219","nom":"Saint-Laurent-des-Bois","codes_postaux":["41240"],"code_dep":"41","code_region":"24","population":330,"surface_km2":18.38,"lat":47.8581,"lon":1.468,"fibre_pct":100.0,"vivrescore":100},{"code_insee":"41220","nom":"Saint-Laurent-Nouan","codes_postaux":["41220"],"code_dep":"41","code_region":"24","population":4236,"surface_km2":61.26,"lat":47.7056,"lon":1.6332,"fibre_pct":99.4,"vivrescore":100},{"code_insee":"41221","nom":"Saint-Léonard-en-Beauce","codes_postaux":["41370"],"code_dep":"41","code_region":"24","population":634,"surface_km2":40.86,"lat":47.8287,"lon":1.3651,"fibre_pct":100.0,"vivrescore":100},{"code_insee":"41222","nom":"Saint-Loup","codes_postaux":["41320"],"code_dep":"41","code_region":"24","population":354,"surface_km2":15.0,"lat":47.2538,"lon":1.8268,"fibre_pct":99.2,"vivrescore":100},{"code_insee":"41223","nom":"Saint-Lubin-en-Vergonnois","codes_postaux":["41190"],"code_dep":"41","code_region":"24","population":774,"surface_km2":17.12,"lat":47.6182,"lon":1.2155,"fibre_pct":99.0,"vivrescore":100},{"code_insee":"41224","nom":"Saint-Marc-du-Cor","codes_postaux":["41170"],"code_dep":"41","code_region":"24","population":183,"surface_km2":13.0,"lat":47.9677,"lon":0.9696,"fibre_pct":97.3,"vivrescore":100},{"code_insee":"41225","nom":"Saint-Martin-des-Bois","codes_postaux":["41800"],"code_dep":"41","code_region":"24","population":582,"surface_km2":37.11,"lat":47.7251,"lon":0.8292,"fibre_pct":99.8,"vivrescore":100},{"code_insee":"41226","nom":"Saint-Ouen","codes_postaux":["41100"],"code_dep":"41","code_region":"24","population":3041,"surface_km2":11.19,"lat":47.8238,"lon":1.0673,"fibre_pct":99.5,"vivrescore":100},{"code_insee":"41228","nom":"Saint-Rimay","codes_postaux":["41800"],"code_dep":"41","code_region":"24","population":294,"surface_km2":7.34,"lat":47.7683,"lon":0.9194,"fibre_pct":100.0,"vivrescore":100},{"code_insee":"41229","nom":"Saint-Romain-sur-Cher","codes_postaux":["41140"],"code_dep":"41","code_region":"24","population":1473,"surface_km2":31.4,"lat":47.3169,"lon":1.3902,"fibre_pct":99.0,"vivrescore":100},{"code_insee":"41230","nom":"Saint-Sulpice-de-Pommeray","codes_postaux":["41000"],"code_dep":"41","code_region":"24","population":1829,"surface_km2":11.65,"lat":47.6016,"lon":1.265,"fibre_pct":98.5,"vivrescore":100},{"code_insee":"41231","nom":"Saint-Viâtre","codes_postaux":["41210"],"code_dep":"41","code_region":"24","population":1180,"surface_km2":99.81,"lat":47.5119,"lon":1.937,"fibre_pct":99.6,"vivrescore":100},{"code_insee":"41232","nom":"Salbris","codes_postaux":["41300"],"code_dep":"41","code_region":"24","population":4809,"surface_km2":106.52,"lat":47.4194,"lon":2.0427,"fibre_pct":99.2,"vivrescore":100},{"code_insee":"41233","nom":"Sambin","codes_postaux":["41120"],"code_dep":"41","code_region":"24","population":862,"surface_km2":21.15,"lat":47.4311,"lon":1.2722,"fibre_pct":98.4,"vivrescore":100},{"code_insee":"41234","nom":"Santenay","codes_postaux":["41190"],"code_dep":"41","code_region":"24","population":296,"surface_km2":30.53,"lat":47.5658,"lon":1.0998,"fibre_pct":100.0,"vivrescore":100},{"code_insee":"41235","nom":"Sargé-sur-Braye","codes_postaux":["41170"],"code_dep":"41","code_region":"24","population":945,"surface_km2":42.1,"lat":47.9351,"lon":0.8646,"fibre_pct":98.4,"vivrescore":100},{"code_insee":"41236","nom":"Sasnières","codes_postaux":["41310"],"code_dep":"41","code_region":"24","population":88,"surface_km2":7.81,"lat":47.7234,"lon":0.9252,"fibre_pct":100.0,"vivrescore":100},{"code_insee":"41237","nom":"Sassay","codes_postaux":["41700"],"code_dep":"41","code_region":"24","population":1142,"surface_km2":16.82,"lat":47.3922,"lon":1.443,"fibre_pct":99.1,"vivrescore":100},{"code_insee":"41238","nom":"Savigny-sur-Braye","codes_postaux":["41360"],"code_dep":"41","code_region":"24","population":1962,"surface_km2":67.23,"lat":47.8666,"lon":0.838,"fibre_pct":99.4,"vivrescore":100},{"code_insee":"41239","nom":"Seigy","codes_postaux":["41110"],"code_dep":"41","code_region":"24","population":971,"surface_km2":8.11,"lat":47.2558,"lon":1.3751,"fibre_pct":100.0,"vivrescore":100},{"code_insee":"41241","nom":"Selles-Saint-Denis","codes_postaux":["41300"],"code_dep":"41","code_region":"24","population":1334,"surface_km2":51.17,"lat":47.3851,"lon":1.9022,"fibre_pct":99.6,"vivrescore":100},{"code_insee":"41242","nom":"Selles-sur-Cher","codes_postaux":["41130"],"code_dep":"41","code_region":"24","population":4184,"surface_km2":25.74,"lat":47.2778,"lon":1.5628,"fibre_pct":99.1,"vivrescore":100},{"code_insee":"41243","nom":"Selommes","codes_postaux":["41100"],"code_dep":"41","code_region":"24","population":785,"surface_km2":28.08,"lat":47.7652,"lon":1.2101,"fibre_pct":100.0,"vivrescore":100},{"code_insee":"41245","nom":"Séris","codes_postaux":["41500"],"code_dep":"41","code_region":"24","population":388,"surface_km2":17.53,"lat":47.7552,"lon":1.5074,"fibre_pct":100.0,"vivrescore":100},{"code_insee":"41246","nom":"Seur","codes_postaux":["41120"],"code_dep":"41","code_region":"24","population":479,"surface_km2":4.01,"lat":47.514,"lon":1.3374,"fibre_pct":100.0,"vivrescore":100},{"code_insee":"41247","nom":"Soings-en-Sologne","codes_postaux":["41230"],"code_dep":"41","code_region":"24","population":1546,"surface_km2":36.43,"lat":47.4151,"lon":1.5245,"fibre_pct":100.0,"vivrescore":100},{"code_insee":"41248","nom":"Couëtron-au-Perche","codes_postaux":["41170"],"code_dep":"41","code_region":"24","population":1043,"surface_km2":86.12,"lat":48.0573,"lon":0.894,"fibre_pct":99.8,"vivrescore":100},{"code_insee":"41249","nom":"Souesmes","codes_postaux":["41300"],"code_dep":"41","code_region":"24","population":999,"surface_km2":99.82,"lat":47.4596,"lon":2.1632,"fibre_pct":100.0,"vivrescore":100},{"code_insee":"41250","nom":"Sougé","codes_postaux":["41800"],"code_dep":"41","code_region":"24","population":484,"surface_km2":16.99,"lat":47.7812,"lon":0.7231,"fibre_pct":99.5,"vivrescore":100},{"code_insee":"41251","nom":"Souvigny-en-Sologne","codes_postaux":["41600"],"code_dep":"41","code_region":"24","population":495,"surface_km2":41.41,"lat":47.6427,"lon":2.1732,"fibre_pct":98.7,"vivrescore":100},{"code_insee":"41252","nom":"Suèvres","codes_postaux":["41500"],"code_dep":"41","code_region":"24","population":1564,"surface_km2":36.74,"lat":47.685,"lon":1.4552,"fibre_pct":100.0,"vivrescore":100},{"code_insee":"41253","nom":"Talcy","codes_postaux":["41370"],"code_dep":"41","code_region":"24","population":279,"surface_km2":15.22,"lat":47.7697,"lon":1.4425,"fibre_pct":100.0,"vivrescore":100},{"code_insee":"41254","nom":"Le Temple","codes_postaux":["41170"],"code_dep":"41","code_region":"24","population":169,"surface_km2":13.37,"lat":47.9296,"lon":0.9301,"fibre_pct":100.0,"vivrescore":100},{"code_insee":"41255","nom":"Ternay","codes_postaux":["41800"],"code_dep":"41","code_region":"24","population":331,"surface_km2":14.57,"lat":47.7356,"lon":0.7721,"fibre_pct":100.0,"vivrescore":100},{"code_insee":"41256","nom":"Theillay","codes_postaux":["41300"],"code_dep":"41","code_region":"24","population":1258,"surface_km2":96.39,"lat":47.317,"lon":2.0409,"fibre_pct":97.5,"vivrescore":100},{"code_insee":"41258","nom":"Thésée","codes_postaux":["41140"],"code_dep":"41","code_region":"24","population":1152,"surface_km2":17.61,"lat":47.3201,"lon":1.3245,"fibre_pct":83.1,"vivrescore":80},{"code_insee":"41259","nom":"Thoré-la-Rochette","codes_postaux":["41100"],"code_dep":"41","code_region":"24","population":810,"surface_km2":10.78,"lat":47.787,"lon":0.9716,"fibre_pct":100.0,"vivrescore":100},{"code_insee":"41260","nom":"Thoury","codes_postaux":["41220"],"code_dep":"41","code_region":"24","population":430,"surface_km2":15.54,"lat":47.6194,"lon":1.606,"fibre_pct":99.7,"vivrescore":100},{"code_insee":"41261","nom":"Tourailles","codes_postaux":["41190"],"code_dep":"41","code_region":"24","population":129,"surface_km2":7.49,"lat":47.691,"lon":1.1547,"fibre_pct":100.0,"vivrescore":100},{"code_insee":"41262","nom":"Tour-en-Sologne","codes_postaux":["41250"],"code_dep":"41","code_region":"24","population":1140,"surface_km2":26.42,"lat":47.5509,"lon":1.5137,"fibre_pct":99.9,"vivrescore":100},{"code_insee":"41265","nom":"Troo","codes_postaux":["41800"],"code_dep":"41","code_region":"24","population":309,"surface_km2":13.21,"lat":47.7924,"lon":0.7765,"fibre_pct":100.0,"vivrescore":100},{"code_insee":"41266","nom":"Valaire","codes_postaux":["41120"],"code_dep":"41","code_region":"24","population":85,"surface_km2":6.63,"lat":47.4752,"lon":1.2543,"fibre_pct":75.4,"vivrescore":60},{"code_insee":"41267","nom":"Vallières-les-Grandes","codes_postaux":["41400"],"code_dep":"41","code_region":"24","population":943,"surface_km2":40.78,"lat":47.409,"lon":1.1431,"fibre_pct":100.0,"vivrescore":100},{"code_insee":"41268","nom":"Veilleins","codes_postaux":["41230"],"code_dep":"41","code_region":"24","population":145,"surface_km2":46.5,"lat":47.4279,"lon":1.6901,"fibre_pct":100.0,"vivrescore":100},{"code_insee":"41269","nom":"Vendôme","codes_postaux":["41100"],"code_dep":"41","code_region":"24","population":15758,"surface_km2":23.86,"lat":47.7995,"lon":1.0646,"fibre_pct":96.8,"vivrescore":100},{"code_insee":"41271","nom":"Vernou-en-Sologne","codes_postaux":["41230"],"code_dep":"41","code_region":"24","population":550,"surface_km2":54.78,"lat":47.4976,"lon":1.6964,"fibre_pct":100.0,"vivrescore":100},{"code_insee":"41273","nom":"Vievy-le-Rayé","codes_postaux":["41290"],"code_dep":"41","code_region":"24","population":470,"surface_km2":45.12,"lat":47.8681,"lon":1.2936,"fibre_pct":100.0,"vivrescore":100},{"code_insee":"41274","nom":"Villavard","codes_postaux":["41800"],"code_dep":"41","code_region":"24","population":122,"surface_km2":5.22,"lat":47.7519,"lon":0.9057,"fibre_pct":100.0,"vivrescore":100},{"code_insee":"41275","nom":"La Ville-aux-Clercs","codes_postaux":["41160"],"code_dep":"41","code_region":"24","population":1200,"surface_km2":26.76,"lat":47.9185,"lon":1.0977,"fibre_pct":100.0,"vivrescore":100},{"code_insee":"41276","nom":"Villebarou","codes_postaux":["41000"],"code_dep":"41","code_region":"24","population":2584,"surface_km2":9.1,"lat":47.6252,"lon":1.3187,"fibre_pct":96.4,"vivrescore":100},{"code_insee":"41277","nom":"Villebout","codes_postaux":["41270"],"code_dep":"41","code_region":"24","population":118,"surface_km2":11.35,"lat":47.9868,"lon":1.1724,"fibre_pct":100.0,"vivrescore":100},{"code_insee":"41278","nom":"Villechauve","codes_postaux":["41310"],"code_dep":"41","code_region":"24","population":256,"surface_km2":11.09,"lat":47.6476,"lon":0.9439,"fibre_pct":100.0,"vivrescore":100},{"code_insee":"41279","nom":"Villedieu-le-Château","codes_postaux":["41800"],"code_dep":"41","code_region":"24","population":381,"surface_km2":29.68,"lat":47.713,"lon":0.6374,"fibre_pct":98.0,"vivrescore":100},{"code_insee":"41280","nom":"Villefranche-sur-Cher","codes_postaux":["41200"],"code_dep":"41","code_region":"24","population":2678,"surface_km2":27.22,"lat":47.3093,"lon":1.757,"fibre_pct":99.6,"vivrescore":100},{"code_insee":"41281","nom":"Villefrancœur","codes_postaux":["41330"],"code_dep":"41","code_region":"24","population":416,"surface_km2":18.3,"lat":47.6999,"lon":1.2056,"fibre_pct":100.0,"vivrescore":100},{"code_insee":"41282","nom":"Villeherviers","codes_postaux":["41200"],"code_dep":"41","code_region":"24","population":408,"surface_km2":38.92,"lat":47.3583,"lon":1.8187,"fibre_pct":100.0,"vivrescore":100},{"code_insee":"41283","nom":"Villemardy","codes_postaux":["41100"],"code_dep":"41","code_region":"24","population":264,"surface_km2":12.22,"lat":47.724,"lon":1.1894,"fibre_pct":100.0,"vivrescore":100},{"code_insee":"41284","nom":"Villeneuve-Frouville","codes_postaux":["41290"],"code_dep":"41","code_region":"24","population":63,"surface_km2":4.33,"lat":47.7846,"lon":1.3169,"fibre_pct":100.0,"vivrescore":100},{"code_insee":"41285","nom":"Villeny","codes_postaux":["41220"],"code_dep":"41","code_region":"24","population":487,"surface_km2":35.5,"lat":47.6175,"lon":1.751,"fibre_pct":97.7,"vivrescore":100},{"code_insee":"41286","nom":"Villeporcher","codes_postaux":["41310"],"code_dep":"41","code_region":"24","population":146,"surface_km2":12.12,"lat":47.6439,"lon":0.9928,"fibre_pct":100.0,"vivrescore":100},{"code_insee":"41287","nom":"Villerable","codes_postaux":["41100"],"code_dep":"41","code_region":"24","population":485,"surface_km2":16.78,"lat":47.7588,"lon":1.0363,"fibre_pct":100.0,"vivrescore":100},{"code_insee":"41288","nom":"Villerbon","codes_postaux":["41000"],"code_dep":"41","code_region":"24","population":849,"surface_km2":17.32,"lat":47.6643,"lon":1.3607,"fibre_pct":95.6,"vivrescore":100},{"code_insee":"41289","nom":"Villermain","codes_postaux":["41240"],"code_dep":"41","code_region":"24","population":390,"surface_km2":28.97,"lat":47.8579,"lon":1.532,"fibre_pct":100.0,"vivrescore":100},{"code_insee":"41290","nom":"Villeromain","codes_postaux":["41100"],"code_dep":"41","code_region":"24","population":216,"surface_km2":13.04,"lat":47.7199,"lon":1.1463,"fibre_pct":100.0,"vivrescore":100},{"code_insee":"41291","nom":"Villetrun","codes_postaux":["41100"],"code_dep":"41","code_region":"24","population":316,"surface_km2":6.84,"lat":47.786,"lon":1.1635,"fibre_pct":100.0,"vivrescore":100},{"code_insee":"41292","nom":"Villexanton","codes_postaux":["41500"],"code_dep":"41","code_region":"24","population":198,"surface_km2":11.58,"lat":47.7411,"lon":1.4471,"fibre_pct":93.0,"vivrescore":80},{"code_insee":"41293","nom":"Villiersfaux","codes_postaux":["41100"],"code_dep":"41","code_region":"24","population":246,"surface_km2":7.21,"lat":47.7456,"lon":0.9801,"fibre_pct":100.0,"vivrescore":100},{"code_insee":"41294","nom":"Villiers-sur-Loir","codes_postaux":["41100"],"code_dep":"41","code_region":"24","population":1105,"surface_km2":10.01,"lat":47.8076,"lon":0.9951,"fibre_pct":100.0,"vivrescore":100},{"code_insee":"41295","nom":"Vineuil","codes_postaux":["41350"],"code_dep":"41","code_region":"24","population":8064,"surface_km2":22.31,"lat":47.5855,"lon":1.3886,"fibre_pct":97.0,"vivrescore":100},{"code_insee":"41296","nom":"Vouzon","codes_postaux":["41600"],"code_dep":"41","code_region":"24","population":1414,"surface_km2":77.96,"lat":47.6347,"lon":2.0348,"fibre_pct":99.7,"vivrescore":100},{"code_insee":"41297","nom":"Yvoy-le-Marron","codes_postaux":["41600"],"code_dep":"41","code_region":"24","population":746,"surface_km2":50.74,"lat":47.6382,"lon":1.8543,"fibre_pct":98.9,"vivrescore":100}]