[{"code_insee":"42001","nom":"Aboën","codes_postaux":["42380"],"code_dep":"42","code_region":"84","population":481,"surface_km2":8.97,"lat":45.4097,"lon":4.127},{"code_insee":"42002","nom":"Ailleux","codes_postaux":["42130"],"code_dep":"42","code_region":"84","population":175,"surface_km2":9.33,"lat":45.7981,"lon":3.9363},{"code_insee":"42003","nom":"Ambierle","codes_postaux":["42820"],"code_dep":"42","code_region":"84","population":1865,"surface_km2":30.81,"lat":46.1068,"lon":3.8953},{"code_insee":"42005","nom":"Andrézieux-Bouthéon","codes_postaux":["42160"],"code_dep":"42","code_region":"84","population":10425,"surface_km2":15.87,"lat":45.5353,"lon":4.2773},{"code_insee":"42006","nom":"Apinac","codes_postaux":["42550"],"code_dep":"42","code_region":"84","population":437,"surface_km2":15.53,"lat":45.3935,"lon":3.9939},{"code_insee":"42007","nom":"Arcinges","codes_postaux":["42460"],"code_dep":"42","code_region":"84","population":216,"surface_km2":3.44,"lat":46.1351,"lon":4.2877},{"code_insee":"42008","nom":"Arcon","codes_postaux":["42370"],"code_dep":"42","code_region":"84","population":106,"surface_km2":19.19,"lat":46.0091,"lon":3.8669},{"code_insee":"42009","nom":"Arthun","codes_postaux":["42130"],"code_dep":"42","code_region":"84","population":532,"surface_km2":13.94,"lat":45.7653,"lon":4.0369},{"code_insee":"42010","nom":"Aveizieux","codes_postaux":["42330"],"code_dep":"42","code_region":"84","population":1701,"surface_km2":9.16,"lat":45.5708,"lon":4.3762},{"code_insee":"42011","nom":"Balbigny","codes_postaux":["42510"],"code_dep":"42","code_region":"84","population":2911,"surface_km2":17.0,"lat":45.8299,"lon":4.1813},{"code_insee":"42012","nom":"Bard","codes_postaux":["42600"],"code_dep":"42","code_region":"84","population":700,"surface_km2":13.43,"lat":45.5903,"lon":3.989},{"code_insee":"42013","nom":"Bellegarde-en-Forez","codes_postaux":["42210"],"code_dep":"42","code_region":"84","population":2019,"surface_km2":19.09,"lat":45.6409,"lon":4.3089},{"code_insee":"42014","nom":"Belleroche","codes_postaux":["42670"],"code_dep":"42","code_region":"84","population":313,"surface_km2":14.01,"lat":46.1591,"lon":4.4103},{"code_insee":"42015","nom":"Belmont-de-la-Loire","codes_postaux":["42670"],"code_dep":"42","code_region":"84","population":1410,"surface_km2":23.84,"lat":46.1612,"lon":4.3493},{"code_insee":"42016","nom":"La Bénisson-Dieu","codes_postaux":["42720"],"code_dep":"42","code_region":"84","population":429,"surface_km2":11.19,"lat":46.1577,"lon":4.0469},{"code_insee":"42017","nom":"Le Bessat","codes_postaux":["42660"],"code_dep":"42","code_region":"84","population":530,"surface_km2":10.19,"lat":45.3723,"lon":4.5159},{"code_insee":"42018","nom":"Bessey","codes_postaux":["42520"],"code_dep":"42","code_region":"84","population":465,"surface_km2":6.3,"lat":45.3899,"lon":4.7046},{"code_insee":"42019","nom":"Boën-sur-Lignon","codes_postaux":["42130"],"code_dep":"42","code_region":"84","population":3001,"surface_km2":5.97,"lat":45.7496,"lon":4.0074},{"code_insee":"42020","nom":"Boisset-lès-Montrond","codes_postaux":["42210"],"code_dep":"42","code_region":"84","population":1212,"surface_km2":8.26,"lat":45.6271,"lon":4.2043},{"code_insee":"42021","nom":"Boisset-Saint-Priest","codes_postaux":["42560"],"code_dep":"42","code_region":"84","population":1298,"surface_km2":18.27,"lat":45.5124,"lon":4.1192},{"code_insee":"42022","nom":"Bonson","codes_postaux":["42160"],"code_dep":"42","code_region":"84","population":4557,"surface_km2":5.21,"lat":45.5226,"lon":4.2245},{"code_insee":"42023","nom":"Bourg-Argental","codes_postaux":["42220"],"code_dep":"42","code_region":"84","population":2886,"surface_km2":20.26,"lat":45.3038,"lon":4.5622},{"code_insee":"42025","nom":"Boyer","codes_postaux":["42460"],"code_dep":"42","code_region":"84","population":195,"surface_km2":5.23,"lat":46.0979,"lon":4.2154},{"code_insee":"42026","nom":"Briennon","codes_postaux":["42720"],"code_dep":"42","code_region":"84","population":1710,"surface_km2":22.31,"lat":46.151,"lon":4.0779},{"code_insee":"42027","nom":"Bully","codes_postaux":["42260"],"code_dep":"42","code_region":"84","population":451,"surface_km2":19.13,"lat":45.9297,"lon":3.9955},{"code_insee":"42028","nom":"Burdignes","codes_postaux":["42220"],"code_dep":"42","code_region":"84","population":422,"surface_km2":30.69,"lat":45.2651,"lon":4.5432},{"code_insee":"42029","nom":"Bussières","codes_postaux":["42510"],"code_dep":"42","code_region":"84","population":1540,"surface_km2":16.71,"lat":45.8397,"lon":4.2636},{"code_insee":"42030","nom":"Bussy-Albieux","codes_postaux":["42260"],"code_dep":"42","code_region":"84","population":547,"surface_km2":19.61,"lat":45.7955,"lon":4.0341},{"code_insee":"42031","nom":"Caloire","codes_postaux":["42240"],"code_dep":"42","code_region":"84","population":330,"surface_km2":4.71,"lat":45.4139,"lon":4.2347},{"code_insee":"42032","nom":"Cellieu","codes_postaux":["42320"],"code_dep":"42","code_region":"84","population":1731,"surface_km2":12.08,"lat":45.5218,"lon":4.5307},{"code_insee":"42033","nom":"Le Cergne","codes_postaux":["42460"],"code_dep":"42","code_region":"84","population":622,"surface_km2":5.91,"lat":46.12,"lon":4.3015},{"code_insee":"42034","nom":"Cervières","codes_postaux":["42440"],"code_dep":"42","code_region":"84","population":103,"surface_km2":7.63,"lat":45.8498,"lon":3.7518},{"code_insee":"42035","nom":"Cezay","codes_postaux":["42130"],"code_dep":"42","code_region":"84","population":211,"surface_km2":10.51,"lat":45.8048,"lon":3.9667},{"code_insee":"42036","nom":"Chagnon","codes_postaux":["42800"],"code_dep":"42","code_region":"84","population":527,"surface_km2":2.49,"lat":45.5337,"lon":4.5525},{"code_insee":"42037","nom":"Chalain-d'Uzore","codes_postaux":["42600"],"code_dep":"42","code_region":"84","population":696,"surface_km2":8.07,"lat":45.6734,"lon":4.0599},{"code_insee":"42038","nom":"Chalain-le-Comtal","codes_postaux":["42600"],"code_dep":"42","code_region":"84","population":743,"surface_km2":18.8,"lat":45.64,"lon":4.1747},{"code_insee":"42039","nom":"Chalmazel-Jeansagnière","codes_postaux":["42920"],"code_dep":"42","code_region":"84","population":457,"surface_km2":53.14,"lat":45.7032,"lon":3.8337},{"code_insee":"42040","nom":"La Chamba","codes_postaux":["42440"],"code_dep":"42","code_region":"84","population":42,"surface_km2":5.18,"lat":45.7545,"lon":3.7568},{"code_insee":"42041","nom":"Chambéon","codes_postaux":["42110"],"code_dep":"42","code_region":"84","population":665,"surface_km2":16.91,"lat":45.6992,"lon":4.1682},{"code_insee":"42042","nom":"Chambles","codes_postaux":["42170"],"code_dep":"42","code_region":"84","population":1075,"surface_km2":19.16,"lat":45.4528,"lon":4.2229},{"code_insee":"42043","nom":"Chambœuf","codes_postaux":["42330"],"code_dep":"42","code_region":"84","population":1767,"surface_km2":11.26,"lat":45.5737,"lon":4.3126},{"code_insee":"42044","nom":"Le Chambon-Feugerolles","codes_postaux":["42500"],"code_dep":"42","code_region":"84","population":12314,"surface_km2":17.47,"lat":45.391,"lon":4.3375},{"code_insee":"42045","nom":"La Chambonie","codes_postaux":["42440"],"code_dep":"42","code_region":"84","population":39,"surface_km2":4.45,"lat":45.7442,"lon":3.7587},{"code_insee":"42046","nom":"Champdieu","codes_postaux":["42600"],"code_dep":"42","code_region":"84","population":2064,"surface_km2":18.07,"lat":45.6394,"lon":4.0484},{"code_insee":"42047","nom":"Champoly","codes_postaux":["42430"],"code_dep":"42","code_region":"84","population":311,"surface_km2":15.06,"lat":45.8536,"lon":3.8433},{"code_insee":"42048","nom":"Chandon","codes_postaux":["42190"],"code_dep":"42","code_region":"84","population":1423,"surface_km2":12.62,"lat":46.1484,"lon":4.1998},{"code_insee":"42049","nom":"Changy","codes_postaux":["42310"],"code_dep":"42","code_region":"84","population":690,"surface_km2":13.75,"lat":46.148,"lon":3.9036},{"code_insee":"42050","nom":"La Chapelle-en-Lafaye","codes_postaux":["42380"],"code_dep":"42","code_region":"84","population":138,"surface_km2":9.16,"lat":45.4609,"lon":3.9859},{"code_insee":"42051","nom":"La Chapelle-Villars","codes_postaux":["42410"],"code_dep":"42","code_region":"84","population":528,"surface_km2":8.29,"lat":45.4804,"lon":4.7118},{"code_insee":"42052","nom":"Charlieu","codes_postaux":["42190"],"code_dep":"42","code_region":"84","population":3766,"surface_km2":6.63,"lat":46.1648,"lon":4.1718},{"code_insee":"42053","nom":"Châteauneuf","codes_postaux":["42800"],"code_dep":"42","code_region":"84","population":1724,"surface_km2":13.55,"lat":45.5185,"lon":4.635},{"code_insee":"42054","nom":"Châtelneuf","codes_postaux":["42940"],"code_dep":"42","code_region":"84","population":354,"surface_km2":8.46,"lat":45.6387,"lon":3.9777},{"code_insee":"42055","nom":"Châtelus","codes_postaux":["42140"],"code_dep":"42","code_region":"84","population":143,"surface_km2":2.51,"lat":45.5888,"lon":4.4629},{"code_insee":"42056","nom":"Chavanay","codes_postaux":["42410"],"code_dep":"42","code_region":"84","population":2884,"surface_km2":15.08,"lat":45.4161,"lon":4.7266},{"code_insee":"42058","nom":"Chazelles-sur-Lavieu","codes_postaux":["42560"],"code_dep":"42","code_region":"84","population":261,"surface_km2":9.73,"lat":45.5405,"lon":3.9988},{"code_insee":"42059","nom":"Chazelles-sur-Lyon","codes_postaux":["42140"],"code_dep":"42","code_region":"84","population":5543,"surface_km2":21.08,"lat":45.6293,"lon":4.3717},{"code_insee":"42060","nom":"Chenereilles","codes_postaux":["42560"],"code_dep":"42","code_region":"84","population":560,"surface_km2":9.18,"lat":45.4857,"lon":4.09},{"code_insee":"42061","nom":"Cherier","codes_postaux":["42430"],"code_dep":"42","code_region":"84","population":523,"surface_km2":28.79,"lat":45.9686,"lon":3.8858},{"code_insee":"42062","nom":"Chevrières","codes_postaux":["42140"],"code_dep":"42","code_region":"84","population":1150,"surface_km2":14.6,"lat":45.5911,"lon":4.4087},{"code_insee":"42063","nom":"Chirassimont","codes_postaux":["42114"],"code_dep":"42","code_region":"84","population":387,"surface_km2":10.68,"lat":45.9155,"lon":4.2864},{"code_insee":"42064","nom":"Chuyer","codes_postaux":["42410"],"code_dep":"42","code_region":"84","population":759,"surface_km2":11.64,"lat":45.4531,"lon":4.7017},{"code_insee":"42065","nom":"Civens","codes_postaux":["42110"],"code_dep":"42","code_region":"84","population":1468,"surface_km2":13.28,"lat":45.7682,"lon":4.2333},{"code_insee":"42066","nom":"Cleppé","codes_postaux":["42110"],"code_dep":"42","code_region":"84","population":572,"surface_km2":15.42,"lat":45.7546,"lon":4.1765},{"code_insee":"42067","nom":"Colombier","codes_postaux":["42220"],"code_dep":"42","code_region":"84","population":294,"surface_km2":17.88,"lat":45.353,"lon":4.5965},{"code_insee":"42068","nom":"Combre","codes_postaux":["42840"],"code_dep":"42","code_region":"84","population":411,"surface_km2":4.01,"lat":46.0182,"lon":4.2609},{"code_insee":"42069","nom":"Commelle-Vernay","codes_postaux":["42120"],"code_dep":"42","code_region":"84","population":3050,"surface_km2":12.7,"lat":45.996,"lon":4.0569},{"code_insee":"42070","nom":"Cordelle","codes_postaux":["42123"],"code_dep":"42","code_region":"84","population":941,"surface_km2":26.67,"lat":45.9404,"lon":4.059},{"code_insee":"42071","nom":"Le Coteau","codes_postaux":["42120"],"code_dep":"42","code_region":"84","population":6845,"surface_km2":4.91,"lat":46.0217,"lon":4.0925},{"code_insee":"42073","nom":"Cottance","codes_postaux":["42360"],"code_dep":"42","code_region":"84","population":755,"surface_km2":13.91,"lat":45.7998,"lon":4.2927},{"code_insee":"42074","nom":"Coutouvre","codes_postaux":["42460"],"code_dep":"42","code_region":"84","population":1085,"surface_km2":21.99,"lat":46.0736,"lon":4.2049},{"code_insee":"42075","nom":"Craintilleux","codes_postaux":["42210"],"code_dep":"42","code_region":"84","population":1342,"surface_km2":8.34,"lat":45.576,"lon":4.2306},{"code_insee":"42076","nom":"Cremeaux","codes_postaux":["42260"],"code_dep":"42","code_region":"84","population":914,"surface_km2":33.37,"lat":45.9144,"lon":3.9234},{"code_insee":"42077","nom":"Croizet-sur-Gand","codes_postaux":["42540"],"code_dep":"42","code_region":"84","population":320,"surface_km2":6.0,"lat":45.9104,"lon":4.2188},{"code_insee":"42078","nom":"Le Crozet","codes_postaux":["42310"],"code_dep":"42","code_region":"84","population":252,"surface_km2":13.38,"lat":46.1737,"lon":3.8381},{"code_insee":"42079","nom":"Cuinzier","codes_postaux":["42460"],"code_dep":"42","code_region":"84","population":707,"surface_km2":5.62,"lat":46.124,"lon":4.2649},{"code_insee":"42081","nom":"Cuzieu","codes_postaux":["42330"],"code_dep":"42","code_region":"84","population":1469,"surface_km2":11.64,"lat":45.605,"lon":4.2599},{"code_insee":"42083","nom":"Dargoire","codes_postaux":["42800"],"code_dep":"42","code_region":"84","population":524,"surface_km2":1.95,"lat":45.5627,"lon":4.6735},{"code_insee":"42084","nom":"Solore-en-Forez","codes_postaux":["42130"],"code_dep":"42","code_region":"84","population":507,"surface_km2":20.23,"lat":45.7775,"lon":3.9186},{"code_insee":"42085","nom":"Doizieux","codes_postaux":["42740"],"code_dep":"42","code_region":"84","population":856,"surface_km2":27.94,"lat":45.4148,"lon":4.5853},{"code_insee":"42086","nom":"Écoche","codes_postaux":["42670"],"code_dep":"42","code_region":"84","population":525,"surface_km2":11.12,"lat":46.1524,"lon":4.3077},{"code_insee":"42087","nom":"Écotay-l'Olme","codes_postaux":["42600"],"code_dep":"42","code_region":"84","population":1334,"surface_km2":6.43,"lat":45.5878,"lon":4.0452},{"code_insee":"42088","nom":"Épercieux-Saint-Paul","codes_postaux":["42110"],"code_dep":"42","code_region":"84","population":732,"surface_km2":8.17,"lat":45.7929,"lon":4.2015},{"code_insee":"42089","nom":"Essertines-en-Châtelneuf","codes_postaux":["42600"],"code_dep":"42","code_region":"84","population":667,"surface_km2":15.14,"lat":45.6205,"lon":3.9969},{"code_insee":"42090","nom":"Essertines-en-Donzy","codes_postaux":["42360"],"code_dep":"42","code_region":"84","population":477,"surface_km2":7.09,"lat":45.7577,"lon":4.3374},{"code_insee":"42091","nom":"Estivareilles","codes_postaux":["42380"],"code_dep":"42","code_region":"84","population":721,"surface_km2":22.74,"lat":45.4345,"lon":4.0068},{"code_insee":"42092","nom":"L'Étrat","codes_postaux":["42580"],"code_dep":"42","code_region":"84","population":2879,"surface_km2":8.68,"lat":45.4942,"lon":4.3716},{"code_insee":"42093","nom":"Farnay","codes_postaux":["42320"],"code_dep":"42","code_region":"84","population":1355,"surface_km2":7.41,"lat":45.484,"lon":4.6004},{"code_insee":"42094","nom":"Feurs","codes_postaux":["42110"],"code_dep":"42","code_region":"84","population":8367,"surface_km2":23.9,"lat":45.732,"lon":4.2313},{"code_insee":"42095","nom":"Firminy","codes_postaux":["42700"],"code_dep":"42","code_region":"84","population":17060,"surface_km2":10.49,"lat":45.3827,"lon":4.2895},{"code_insee":"42096","nom":"Fontanès","codes_postaux":["42140"],"code_dep":"42","code_region":"84","population":690,"surface_km2":6.9,"lat":45.5435,"lon":4.4316},{"code_insee":"42097","nom":"La Fouillouse","codes_postaux":["42480"],"code_dep":"42","code_region":"84","population":4630,"surface_km2":21.1,"lat":45.4995,"lon":4.3198},{"code_insee":"42098","nom":"Fourneaux","codes_postaux":["42470"],"code_dep":"42","code_region":"84","population":563,"surface_km2":12.6,"lat":45.9438,"lon":4.2698},{"code_insee":"42099","nom":"Fraisses","codes_postaux":["42490"],"code_dep":"42","code_region":"84","population":3872,"surface_km2":4.67,"lat":45.3837,"lon":4.2598},{"code_insee":"42100","nom":"La Gimond","codes_postaux":["42140"],"code_dep":"42","code_region":"84","population":279,"surface_km2":3.39,"lat":45.5551,"lon":4.4144},{"code_insee":"42101","nom":"Graix","codes_postaux":["42220"],"code_dep":"42","code_region":"84","population":128,"surface_km2":8.6,"lat":45.3606,"lon":4.5544},{"code_insee":"42102","nom":"Grammond","codes_postaux":["42140"],"code_dep":"42","code_region":"84","population":887,"surface_km2":8.2,"lat":45.573,"lon":4.4438},{"code_insee":"42103","nom":"La Grand-Croix","codes_postaux":["42320"],"code_dep":"42","code_region":"84","population":4947,"surface_km2":4.04,"lat":45.5042,"lon":4.5569},{"code_insee":"42104","nom":"La Gresle","codes_postaux":["42460"],"code_dep":"42","code_region":"84","population":857,"surface_km2":14.79,"lat":46.0752,"lon":4.2727},{"code_insee":"42105","nom":"Grézieux-le-Fromental","codes_postaux":["42600"],"code_dep":"42","code_region":"84","population":254,"surface_km2":10.36,"lat":45.6144,"lon":4.1517},{"code_insee":"42106","nom":"Grézolles","codes_postaux":["42260"],"code_dep":"42","code_region":"84","population":235,"surface_km2":5.59,"lat":45.8632,"lon":3.9477},{"code_insee":"42107","nom":"Gumières","codes_postaux":["42560"],"code_dep":"42","code_region":"84","population":325,"surface_km2":16.11,"lat":45.5294,"lon":3.9831},{"code_insee":"42108","nom":"L'Hôpital-le-Grand","codes_postaux":["42210"],"code_dep":"42","code_region":"84","population":1053,"surface_km2":12.98,"lat":45.5875,"lon":4.1957},{"code_insee":"42110","nom":"L'Horme","codes_postaux":["42152"],"code_dep":"42","code_region":"84","population":4806,"surface_km2":4.49,"lat":45.4935,"lon":4.5433},{"code_insee":"42112","nom":"Jarnosse","codes_postaux":["42460"],"code_dep":"42","code_region":"84","population":410,"surface_km2":12.03,"lat":46.0984,"lon":4.2418},{"code_insee":"42113","nom":"Jas","codes_postaux":["42110"],"code_dep":"42","code_region":"84","population":243,"surface_km2":6.33,"lat":45.7448,"lon":4.3193},{"code_insee":"42115","nom":"Jonzieux","codes_postaux":["42660"],"code_dep":"42","code_region":"84","population":1227,"surface_km2":10.36,"lat":45.3193,"lon":4.3591},{"code_insee":"42116","nom":"Juré","codes_postaux":["42430"],"code_dep":"42","code_region":"84","population":242,"surface_km2":12.14,"lat":45.8912,"lon":3.8988},{"code_insee":"42117","nom":"Lavieu","codes_postaux":["42560"],"code_dep":"42","code_region":"84","population":117,"surface_km2":4.5,"lat":45.5396,"lon":4.0413},{"code_insee":"42118","nom":"Lay","codes_postaux":["42470"],"code_dep":"42","code_region":"84","population":777,"surface_km2":12.61,"lat":45.9669,"lon":4.2432},{"code_insee":"42119","nom":"Leigneux","codes_postaux":["42130"],"code_dep":"42","code_region":"84","population":359,"surface_km2":4.48,"lat":45.7444,"lon":3.9868},{"code_insee":"42120","nom":"Lentigny","codes_postaux":["42155"],"code_dep":"42","code_region":"84","population":1794,"surface_km2":11.5,"lat":45.993,"lon":3.9756},{"code_insee":"42121","nom":"Lérigneux","codes_postaux":["42600"],"code_dep":"42","code_region":"84","population":173,"surface_km2":9.76,"lat":45.5947,"lon":3.9458},{"code_insee":"42122","nom":"Lézigneux","codes_postaux":["42600"],"code_dep":"42","code_region":"84","population":1739,"surface_km2":14.82,"lat":45.5601,"lon":4.0555},{"code_insee":"42123","nom":"Lorette","codes_postaux":["42420"],"code_dep":"42","code_region":"84","population":4983,"surface_km2":3.38,"lat":45.5088,"lon":4.5819},{"code_insee":"42124","nom":"Lupé","codes_postaux":["42520"],"code_dep":"42","code_region":"84","population":314,"surface_km2":1.48,"lat":45.3721,"lon":4.7019},{"code_insee":"42125","nom":"Luré","codes_postaux":["42260"],"code_dep":"42","code_region":"84","population":136,"surface_km2":6.23,"lat":45.8846,"lon":3.9314},{"code_insee":"42126","nom":"Luriecq","codes_postaux":["42380"],"code_dep":"42","code_region":"84","population":1238,"surface_km2":20.36,"lat":45.4546,"lon":4.0724},{"code_insee":"42127","nom":"Mably","codes_postaux":["42300"],"code_dep":"42","code_region":"84","population":7233,"surface_km2":33.33,"lat":46.0916,"lon":4.0657},{"code_insee":"42128","nom":"Machézal","codes_postaux":["42114"],"code_dep":"42","code_region":"84","population":403,"surface_km2":14.07,"lat":45.9285,"lon":4.3147},{"code_insee":"42129","nom":"Maclas","codes_postaux":["42520"],"code_dep":"42","code_region":"84","population":1868,"surface_km2":10.26,"lat":45.363,"lon":4.6973},{"code_insee":"42130","nom":"Magneux-Haute-Rive","codes_postaux":["42600"],"code_dep":"42","code_region":"84","population":555,"surface_km2":12.57,"lat":45.6691,"lon":4.1723},{"code_insee":"42131","nom":"Maizilly","codes_postaux":["42750"],"code_dep":"42","code_region":"84","population":317,"surface_km2":5.15,"lat":46.177,"lon":4.2428},{"code_insee":"42132","nom":"Malleval","codes_postaux":["42520"],"code_dep":"42","code_region":"84","population":648,"surface_km2":5.16,"lat":45.3842,"lon":4.7264},{"code_insee":"42133","nom":"Marcenod","codes_postaux":["42140"],"code_dep":"42","code_region":"84","population":698,"surface_km2":9.07,"lat":45.5729,"lon":4.4802},{"code_insee":"42134","nom":"Marcilly-le-Châtel","codes_postaux":["42130"],"code_dep":"42","code_region":"84","population":1401,"surface_km2":16.48,"lat":45.6888,"lon":4.0269},{"code_insee":"42135","nom":"Marclopt","codes_postaux":["42210"],"code_dep":"42","code_region":"84","population":552,"surface_km2":8.59,"lat":45.6632,"lon":4.2227},{"code_insee":"42136","nom":"Marcoux","codes_postaux":["42130"],"code_dep":"42","code_region":"84","population":781,"surface_km2":15.47,"lat":45.7037,"lon":3.9959},{"code_insee":"42137","nom":"Margerie-Chantagret","codes_postaux":["42560"],"code_dep":"42","code_region":"84","population":860,"surface_km2":7.84,"lat":45.5265,"lon":4.0488},{"code_insee":"42138","nom":"Maringes","codes_postaux":["42140"],"code_dep":"42","code_region":"84","population":677,"surface_km2":9.16,"lat":45.6611,"lon":4.3564},{"code_insee":"42139","nom":"Marlhes","codes_postaux":["42660"],"code_dep":"42","code_region":"84","population":1312,"surface_km2":32.63,"lat":45.2915,"lon":4.3936},{"code_insee":"42140","nom":"Marols","codes_postaux":["42560"],"code_dep":"42","code_region":"84","population":462,"surface_km2":14.94,"lat":45.4726,"lon":4.0372},{"code_insee":"42141","nom":"Mars","codes_postaux":["42750"],"code_dep":"42","code_region":"84","population":555,"surface_km2":12.16,"lat":46.1498,"lon":4.2526},{"code_insee":"42142","nom":"Merle-Leignec","codes_postaux":["42380"],"code_dep":"42","code_region":"84","population":324,"surface_km2":16.47,"lat":45.3678,"lon":4.028},{"code_insee":"42143","nom":"Mizérieux","codes_postaux":["42110"],"code_dep":"42","code_region":"84","population":538,"surface_km2":7.06,"lat":45.7905,"lon":4.1646},{"code_insee":"42145","nom":"Montagny","codes_postaux":["42840"],"code_dep":"42","code_region":"84","population":1110,"surface_km2":25.61,"lat":46.0292,"lon":4.2227},{"code_insee":"42146","nom":"Montarcher","codes_postaux":["42380"],"code_dep":"42","code_region":"84","population":63,"surface_km2":5.87,"lat":45.4593,"lon":3.9901},{"code_insee":"42147","nom":"Montbrison","codes_postaux":["42600"],"code_dep":"42","code_region":"84","population":16123,"surface_km2":16.27,"lat":45.6016,"lon":4.0719},{"code_insee":"42148","nom":"Montchal","codes_postaux":["42360"],"code_dep":"42","code_region":"84","population":512,"surface_km2":8.88,"lat":45.8263,"lon":4.3328},{"code_insee":"42149","nom":"Montrond-les-Bains","codes_postaux":["42210"],"code_dep":"42","code_region":"84","population":5652,"surface_km2":10.14,"lat":45.638,"lon":4.2429},{"code_insee":"42150","nom":"Montverdun","codes_postaux":["42130"],"code_dep":"42","code_region":"84","population":1283,"surface_km2":16.63,"lat":45.7088,"lon":4.0785},{"code_insee":"42151","nom":"Mornand-en-Forez","codes_postaux":["42600"],"code_dep":"42","code_region":"84","population":427,"surface_km2":21.56,"lat":45.6732,"lon":4.1191},{"code_insee":"42152","nom":"Nandax","codes_postaux":["42720"],"code_dep":"42","code_region":"84","population":564,"surface_km2":8.16,"lat":46.0996,"lon":4.1732},{"code_insee":"42153","nom":"Neaux","codes_postaux":["42470"],"code_dep":"42","code_region":"84","population":485,"surface_km2":17.5,"lat":45.9583,"lon":4.1636},{"code_insee":"42154","nom":"Néronde","codes_postaux":["42510"],"code_dep":"42","code_region":"84","population":484,"surface_km2":8.59,"lat":45.8392,"lon":4.233},{"code_insee":"42155","nom":"Nervieux","codes_postaux":["42510"],"code_dep":"42","code_region":"84","population":1040,"surface_km2":19.66,"lat":45.8121,"lon":4.1475},{"code_insee":"42156","nom":"Neulise","codes_postaux":["42590"],"code_dep":"42","code_region":"84","population":1344,"surface_km2":23.05,"lat":45.9037,"lon":4.1681},{"code_insee":"42157","nom":"Noailly","codes_postaux":["42640"],"code_dep":"42","code_region":"84","population":824,"surface_km2":31.98,"lat":46.1382,"lon":4.0052},{"code_insee":"42158","nom":"Les Noës","codes_postaux":["42370"],"code_dep":"42","code_region":"84","population":209,"surface_km2":15.65,"lat":46.0304,"lon":3.8368},{"code_insee":"42159","nom":"Noirétable","codes_postaux":["42440"],"code_dep":"42","code_region":"84","population":1585,"surface_km2":40.74,"lat":45.8073,"lon":3.7384},{"code_insee":"42160","nom":"Nollieux","codes_postaux":["42260"],"code_dep":"42","code_region":"84","population":184,"surface_km2":7.03,"lat":45.8187,"lon":3.9899},{"code_insee":"42161","nom":"Notre-Dame-de-Boisset","codes_postaux":["42120"],"code_dep":"42","code_region":"84","population":571,"surface_km2":9.08,"lat":45.9896,"lon":4.1325},{"code_insee":"42162","nom":"Ouches","codes_postaux":["42155"],"code_dep":"42","code_region":"84","population":1138,"surface_km2":10.1,"lat":46.011,"lon":3.9921},{"code_insee":"42163","nom":"La Pacaudière","codes_postaux":["42310"],"code_dep":"42","code_region":"84","population":1088,"surface_km2":20.83,"lat":46.1828,"lon":3.8776},{"code_insee":"42164","nom":"Palogneux","codes_postaux":["42990"],"code_dep":"42","code_region":"84","population":69,"surface_km2":7.1,"lat":45.7442,"lon":3.9257},{"code_insee":"42165","nom":"Panissières","codes_postaux":["42360"],"code_dep":"42","code_region":"84","population":2911,"surface_km2":26.52,"lat":45.7926,"lon":4.3428},{"code_insee":"42166","nom":"Parigny","codes_postaux":["42120"],"code_dep":"42","code_region":"84","population":629,"surface_km2":9.2,"lat":45.9892,"lon":4.093},{"code_insee":"42167","nom":"Pavezin","codes_postaux":["42410"],"code_dep":"42","code_region":"84","population":400,"surface_km2":8.82,"lat":45.467,"lon":4.6605},{"code_insee":"42168","nom":"Pélussin","codes_postaux":["42410"],"code_dep":"42","code_region":"84","population":3727,"surface_km2":32.45,"lat":45.4236,"lon":4.6611},{"code_insee":"42169","nom":"Périgneux","codes_postaux":["42380"],"code_dep":"42","code_region":"84","population":1621,"surface_km2":31.89,"lat":45.4496,"lon":4.1489},{"code_insee":"42170","nom":"Perreux","codes_postaux":["42120"],"code_dep":"42","code_region":"84","population":2111,"surface_km2":41.46,"lat":46.0397,"lon":4.1427},{"code_insee":"42171","nom":"Pinay","codes_postaux":["42590"],"code_dep":"42","code_region":"84","population":286,"surface_km2":6.66,"lat":45.8707,"lon":4.1307},{"code_insee":"42172","nom":"Planfoy","codes_postaux":["42660"],"code_dep":"42","code_region":"84","population":1075,"surface_km2":12.49,"lat":45.3848,"lon":4.4265},{"code_insee":"42173","nom":"Pommiers-en-Forez","codes_postaux":["42260"],"code_dep":"42","code_region":"84","population":378,"surface_km2":24.21,"lat":45.8327,"lon":4.0785},{"code_insee":"42174","nom":"Poncins","codes_postaux":["42110"],"code_dep":"42","code_region":"84","population":1318,"surface_km2":20.6,"lat":45.7297,"lon":4.1551},{"code_insee":"42175","nom":"Pouilly-lès-Feurs","codes_postaux":["42110"],"code_dep":"42","code_region":"84","population":1231,"surface_km2":13.17,"lat":45.7981,"lon":4.2328},{"code_insee":"42176","nom":"Pouilly-les-Nonains","codes_postaux":["42155"],"code_dep":"42","code_region":"84","population":2120,"surface_km2":10.43,"lat":46.0435,"lon":3.9794},{"code_insee":"42177","nom":"Pouilly-sous-Charlieu","codes_postaux":["42720"],"code_dep":"42","code_region":"84","population":2588,"surface_km2":16.54,"lat":46.1344,"lon":4.1315},{"code_insee":"42178","nom":"Pradines","codes_postaux":["42630"],"code_dep":"42","code_region":"84","population":918,"surface_km2":11.51,"lat":45.9976,"lon":4.1736},{"code_insee":"42179","nom":"Pralong","codes_postaux":["42600"],"code_dep":"42","code_region":"84","population":842,"surface_km2":8.08,"lat":45.661,"lon":4.0169},{"code_insee":"42180","nom":"Précieux","codes_postaux":["42600"],"code_dep":"42","code_region":"84","population":1042,"surface_km2":16.47,"lat":45.589,"lon":4.1503},{"code_insee":"42181","nom":"Régny","codes_postaux":["42630"],"code_dep":"42","code_region":"84","population":1447,"surface_km2":13.8,"lat":45.9998,"lon":4.216},{"code_insee":"42182","nom":"Renaison","codes_postaux":["42370"],"code_dep":"42","code_region":"84","population":3231,"surface_km2":23.37,"lat":46.0454,"lon":3.911},{"code_insee":"42183","nom":"La Ricamarie","codes_postaux":["42150"],"code_dep":"42","code_region":"84","population":8039,"surface_km2":6.94,"lat":45.4045,"lon":4.3723},{"code_insee":"42184","nom":"Riorges","codes_postaux":["42153"],"code_dep":"42","code_region":"84","population":11139,"surface_km2":15.65,"lat":46.0421,"lon":4.0377},{"code_insee":"42185","nom":"Rivas","codes_postaux":["42340"],"code_dep":"42","code_region":"84","population":747,"surface_km2":4.65,"lat":45.5871,"lon":4.2505},{"code_insee":"42186","nom":"Rive-de-Gier","codes_postaux":["42800"],"code_dep":"42","code_region":"84","population":15242,"surface_km2":7.39,"lat":45.5211,"lon":4.6175},{"code_insee":"42187","nom":"Roanne","codes_postaux":["42300"],"code_dep":"42","code_region":"84","population":35409,"surface_km2":16.13,"lat":46.0443,"lon":4.0797},{"code_insee":"42188","nom":"Roche-en-Forez","codes_postaux":["42600"],"code_dep":"42","code_region":"84","population":251,"surface_km2":23.05,"lat":45.6176,"lon":3.9205},{"code_insee":"42189","nom":"Roche-la-Molière","codes_postaux":["42230"],"code_dep":"42","code_region":"84","population":9843,"surface_km2":17.48,"lat":45.4271,"lon":4.3282},{"code_insee":"42191","nom":"Roisey","codes_postaux":["42520"],"code_dep":"42","code_region":"84","population":1014,"surface_km2":13.08,"lat":45.3914,"lon":4.6526},{"code_insee":"42192","nom":"Rozier-Côtes-d'Aurec","codes_postaux":["42380"],"code_dep":"42","code_region":"84","population":437,"surface_km2":13.82,"lat":45.3761,"lon":4.1164},{"code_insee":"42193","nom":"Rozier-en-Donzy","codes_postaux":["42810"],"code_dep":"42","code_region":"84","population":1456,"surface_km2":9.6,"lat":45.8086,"lon":4.2706},{"code_insee":"42194","nom":"Sail-les-Bains","codes_postaux":["42310"],"code_dep":"42","code_region":"84","population":209,"surface_km2":21.51,"lat":46.2376,"lon":3.8414},{"code_insee":"42195","nom":"Sail-sous-Couzan","codes_postaux":["42890"],"code_dep":"42","code_region":"84","population":997,"surface_km2":7.56,"lat":45.7367,"lon":3.9601},{"code_insee":"42196","nom":"Sainte-Agathe-en-Donzy","codes_postaux":["42510"],"code_dep":"42","code_region":"84","population":121,"surface_km2":3.4,"lat":45.8358,"lon":4.3061},{"code_insee":"42197","nom":"Sainte-Agathe-la-Bouteresse","codes_postaux":["42130"],"code_dep":"42","code_region":"84","population":1065,"surface_km2":11.65,"lat":45.7456,"lon":4.0478},{"code_insee":"42198","nom":"Saint-Alban-les-Eaux","codes_postaux":["42370"],"code_dep":"42","code_region":"84","population":912,"surface_km2":7.87,"lat":46.0056,"lon":3.9309},{"code_insee":"42199","nom":"Saint-André-d'Apchon","codes_postaux":["42370"],"code_dep":"42","code_region":"84","population":1966,"surface_km2":13.56,"lat":46.0275,"lon":3.9325},{"code_insee":"42200","nom":"Saint-André-le-Puy","codes_postaux":["42210"],"code_dep":"42","code_region":"84","population":1530,"surface_km2":8.7,"lat":45.6448,"lon":4.2607},{"code_insee":"42201","nom":"Saint-Appolinard","codes_postaux":["42520"],"code_dep":"42","code_region":"84","population":704,"surface_km2":9.85,"lat":45.3435,"lon":4.649},{"code_insee":"42202","nom":"Saint-Barthélemy-Lestra","codes_postaux":["42110"],"code_dep":"42","code_region":"84","population":679,"surface_km2":11.19,"lat":45.7193,"lon":4.3316},{"code_insee":"42203","nom":"Saint-Bonnet-des-Quarts","codes_postaux":["42310"],"code_dep":"42","code_region":"84","population":340,"surface_km2":32.91,"lat":46.1272,"lon":3.8304},{"code_insee":"42204","nom":"Saint-Bonnet-le-Château","codes_postaux":["42380"],"code_dep":"42","code_region":"84","population":1459,"surface_km2":1.88,"lat":45.4252,"lon":4.0646},{"code_insee":"42205","nom":"Saint-Bonnet-le-Courreau","codes_postaux":["42940"],"code_dep":"42","code_region":"84","population":677,"surface_km2":50.43,"lat":45.6542,"lon":3.9131},{"code_insee":"42206","nom":"Saint-Bonnet-les-Oules","codes_postaux":["42330"],"code_dep":"42","code_region":"84","population":1821,"surface_km2":12.5,"lat":45.5393,"lon":4.3341},{"code_insee":"42207","nom":"Saint-Chamond","codes_postaux":["42400"],"code_dep":"42","code_region":"84","population":35646,"surface_km2":55.2,"lat":45.4687,"lon":4.5082},{"code_insee":"42208","nom":"Saint-Christo-en-Jarez","codes_postaux":["42320"],"code_dep":"42","code_region":"84","population":1885,"surface_km2":22.12,"lat":45.5345,"lon":4.4697},{"code_insee":"42209","nom":"Sainte-Colombe-sur-Gand","codes_postaux":["42540"],"code_dep":"42","code_region":"84","population":384,"surface_km2":13.58,"lat":45.8667,"lon":4.2774},{"code_insee":"42210","nom":"Sainte-Croix-en-Jarez","codes_postaux":["42800"],"code_dep":"42","code_region":"84","population":480,"surface_km2":12.07,"lat":45.4736,"lon":4.6375},{"code_insee":"42211","nom":"Saint-Cyprien","codes_postaux":["42160"],"code_dep":"42","code_region":"84","population":2415,"surface_km2":7.15,"lat":45.5414,"lon":4.2327},{"code_insee":"42212","nom":"Saint-Cyr-de-Favières","codes_postaux":["42123"],"code_dep":"42","code_region":"84","population":1037,"surface_km2":14.25,"lat":45.959,"lon":4.1018},{"code_insee":"42213","nom":"Saint-Cyr-de-Valorges","codes_postaux":["42114"],"code_dep":"42","code_region":"84","population":304,"surface_km2":9.96,"lat":45.8901,"lon":4.3134},{"code_insee":"42214","nom":"Saint-Cyr-les-Vignes","codes_postaux":["42210"],"code_dep":"42","code_region":"84","population":1096,"surface_km2":19.51,"lat":45.678,"lon":4.2909},{"code_insee":"42215","nom":"Saint-Denis-de-Cabanne","codes_postaux":["42750"],"code_dep":"42","code_region":"84","population":1246,"surface_km2":7.8,"lat":46.1773,"lon":4.2047},{"code_insee":"42216","nom":"Saint-Denis-sur-Coise","codes_postaux":["42140"],"code_dep":"42","code_region":"84","population":692,"surface_km2":10.74,"lat":45.6111,"lon":4.4303},{"code_insee":"42217","nom":"La Côte-Saint-Didier","codes_postaux":["42111"],"code_dep":"42","code_region":"84","population":520,"surface_km2":31.84,"lat":45.7873,"lon":3.8481},{"code_insee":"42218","nom":"Saint-Étienne","codes_postaux":["42000","42100","42230"],"code_dep":"42","code_region":"84","population":173136,"surface_km2":80.03,"lat":45.4241,"lon":4.3665},{"code_insee":"42219","nom":"Saint-Étienne-le-Molard","codes_postaux":["42130"],"code_dep":"42","code_region":"84","population":1033,"surface_km2":16.61,"lat":45.743,"lon":4.0997},{"code_insee":"42220","nom":"Saint-Forgeux-Lespinasse","codes_postaux":["42640"],"code_dep":"42","code_region":"84","population":590,"surface_km2":16.51,"lat":46.1419,"lon":3.9427},{"code_insee":"42221","nom":"Sainte-Foy-Saint-Sulpice","codes_postaux":["42110"],"code_dep":"42","code_region":"84","population":568,"surface_km2":29.36,"lat":45.7759,"lon":4.1086},{"code_insee":"42222","nom":"Saint-Galmier","codes_postaux":["42330"],"code_dep":"42","code_region":"84","population":5829,"surface_km2":19.63,"lat":45.6038,"lon":4.314},{"code_insee":"42223","nom":"Saint-Genest-Lerpt","codes_postaux":["42530"],"code_dep":"42","code_region":"84","population":6181,"surface_km2":12.76,"lat":45.4529,"lon":4.3307},{"code_insee":"42224","nom":"Saint-Genest-Malifaux","codes_postaux":["42660"],"code_dep":"42","code_region":"84","population":2921,"surface_km2":47.03,"lat":45.3523,"lon":4.4351},{"code_insee":"42225","nom":"Genilac","codes_postaux":["42800"],"code_dep":"42","code_region":"84","population":3839,"surface_km2":8.67,"lat":45.5395,"lon":4.575},{"code_insee":"42226","nom":"Saint-Georges-de-Baroille","codes_postaux":["42510"],"code_dep":"42","code_region":"84","population":460,"surface_km2":15.4,"lat":45.8513,"lon":4.1027},{"code_insee":"42227","nom":"Saint-Georges-en-Couzan","codes_postaux":["42990"],"code_dep":"42","code_region":"84","population":430,"surface_km2":23.66,"lat":45.7083,"lon":3.929},{"code_insee":"42228","nom":"Saint-Georges-Haute-Ville","codes_postaux":["42610"],"code_dep":"42","code_region":"84","population":1453,"surface_km2":9.65,"lat":45.5426,"lon":4.093},{"code_insee":"42229","nom":"Saint-Germain-la-Montagne","codes_postaux":["42670"],"code_dep":"42","code_region":"84","population":211,"surface_km2":12.57,"lat":46.1965,"lon":4.3925},{"code_insee":"42230","nom":"Saint-Germain-Laval","codes_postaux":["42260"],"code_dep":"42","code_region":"84","population":1608,"surface_km2":17.09,"lat":45.833,"lon":4.0089},{"code_insee":"42231","nom":"Saint-Germain-Lespinasse","codes_postaux":["42640"],"code_dep":"42","code_region":"84","population":1225,"surface_km2":14.79,"lat":46.1112,"lon":3.9636},{"code_insee":"42232","nom":"Saint-Haon-le-Châtel","codes_postaux":["42370"],"code_dep":"42","code_region":"84","population":625,"surface_km2":0.88,"lat":46.0662,"lon":3.9172},{"code_insee":"42233","nom":"Saint-Haon-le-Vieux","codes_postaux":["42370"],"code_dep":"42","code_region":"84","population":953,"surface_km2":16.47,"lat":46.0733,"lon":3.9019},{"code_insee":"42234","nom":"Saint-Héand","codes_postaux":["42570"],"code_dep":"42","code_region":"84","population":3665,"surface_km2":30.95,"lat":45.5317,"lon":4.3841},{"code_insee":"42235","nom":"Saint-Hilaire-Cusson-la-Valmitte","codes_postaux":["42380"],"code_dep":"42","code_region":"84","population":340,"surface_km2":18.64,"lat":45.3684,"lon":4.0628},{"code_insee":"42236","nom":"Saint-Hilaire-sous-Charlieu","codes_postaux":["42190"],"code_dep":"42","code_region":"84","population":548,"surface_km2":13.77,"lat":46.1205,"lon":4.1829},{"code_insee":"42237","nom":"Saint-Jean-Bonnefonds","codes_postaux":["42650"],"code_dep":"42","code_region":"84","population":6563,"surface_km2":11.66,"lat":45.4585,"lon":4.4467},{"code_insee":"42238","nom":"Saint-Jean-la-Vêtre","codes_postaux":["42440"],"code_dep":"42","code_region":"84","population":303,"surface_km2":16.23,"lat":45.7758,"lon":3.7899},{"code_insee":"42239","nom":"Saint-Jean-Saint-Maurice-sur-Loire","codes_postaux":["42155"],"code_dep":"42","code_region":"84","population":1147,"surface_km2":24.41,"lat":45.9591,"lon":3.9801},{"code_insee":"42240","nom":"Saint-Jean-Soleymieux","codes_postaux":["42560"],"code_dep":"42","code_region":"84","population":840,"surface_km2":16.57,"lat":45.5061,"lon":4.0098},{"code_insee":"42241","nom":"Saint-Jodard","codes_postaux":["42590"],"code_dep":"42","code_region":"84","population":393,"surface_km2":6.71,"lat":45.8887,"lon":4.1294},{"code_insee":"42242","nom":"Saint-Joseph","codes_postaux":["42800"],"code_dep":"42","code_region":"84","population":1996,"surface_km2":8.27,"lat":45.5555,"lon":4.6208},{"code_insee":"42243","nom":"Saint-Julien-d'Oddes","codes_postaux":["42260"],"code_dep":"42","code_region":"84","population":300,"surface_km2":10.33,"lat":45.851,"lon":3.9922},{"code_insee":"42245","nom":"Vêtre-sur-Anzon","codes_postaux":["42111","42440"],"code_dep":"42","code_region":"84","population":564,"surface_km2":20.37,"lat":45.8187,"lon":3.8448},{"code_insee":"42246","nom":"Saint-Julien-Molin-Molette","codes_postaux":["42220"],"code_dep":"42","code_region":"84","population":1140,"surface_km2":9.52,"lat":45.3177,"lon":4.6189},{"code_insee":"42247","nom":"Saint-Just-en-Bas","codes_postaux":["42990"],"code_dep":"42","code_region":"84","population":281,"surface_km2":20.79,"lat":45.729,"lon":3.8743},{"code_insee":"42248","nom":"Saint-Just-en-Chevalet","codes_postaux":["42430"],"code_dep":"42","code_region":"84","population":1169,"surface_km2":29.2,"lat":45.9255,"lon":3.834},{"code_insee":"42249","nom":"Saint-Just-la-Pendue","codes_postaux":["42540"],"code_dep":"42","code_region":"84","population":1635,"surface_km2":19.91,"lat":45.8827,"lon":4.2449},{"code_insee":"42251","nom":"Saint-Laurent-la-Conche","codes_postaux":["42210"],"code_dep":"42","code_region":"84","population":573,"surface_km2":15.68,"lat":45.6924,"lon":4.2376},{"code_insee":"42253","nom":"Saint-Léger-sur-Roanne","codes_postaux":["42155"],"code_dep":"42","code_region":"84","population":1170,"surface_km2":4.52,"lat":46.0429,"lon":4.003},{"code_insee":"42254","nom":"Saint-Marcel-de-Félines","codes_postaux":["42122"],"code_dep":"42","code_region":"84","population":827,"surface_km2":22.5,"lat":45.8635,"lon":4.1824},{"code_insee":"42255","nom":"Saint-Marcel-d'Urfé","codes_postaux":["42430"],"code_dep":"42","code_region":"84","population":268,"surface_km2":14.04,"lat":45.8713,"lon":3.8813},{"code_insee":"42256","nom":"Saint-Marcellin-en-Forez","codes_postaux":["42680"],"code_dep":"42","code_region":"84","population":5116,"surface_km2":31.4,"lat":45.4883,"lon":4.1672},{"code_insee":"42257","nom":"Saint-Martin-d'Estréaux","codes_postaux":["42620"],"code_dep":"42","code_region":"84","population":845,"surface_km2":30.07,"lat":46.2029,"lon":3.829},{"code_insee":"42259","nom":"Saint-Martin-la-Plaine","codes_postaux":["42800"],"code_dep":"42","code_region":"84","population":3764,"surface_km2":9.64,"lat":45.5518,"lon":4.5925},{"code_insee":"42260","nom":"Saint-Martin-la-Sauveté","codes_postaux":["42260"],"code_dep":"42","code_region":"84","population":889,"surface_km2":29.72,"lat":45.8352,"lon":3.918},{"code_insee":"42261","nom":"Saint-Martin-Lestra","codes_postaux":["42110"],"code_dep":"42","code_region":"84","population":947,"surface_km2":16.34,"lat":45.7268,"lon":4.3714},{"code_insee":"42262","nom":"Saint-Maurice-en-Gourgois","codes_postaux":["42240"],"code_dep":"42","code_region":"84","population":1827,"surface_km2":31.62,"lat":45.4114,"lon":4.1736},{"code_insee":"42264","nom":"Saint-Médard-en-Forez","codes_postaux":["42330"],"code_dep":"42","code_region":"84","population":962,"surface_km2":10.41,"lat":45.593,"lon":4.3605},{"code_insee":"42265","nom":"Saint-Michel-sur-Rhône","codes_postaux":["42410"],"code_dep":"42","code_region":"84","population":888,"surface_km2":5.86,"lat":45.4436,"lon":4.7339},{"code_insee":"42266","nom":"Saint-Nizier-de-Fornas","codes_postaux":["42380"],"code_dep":"42","code_region":"84","population":655,"surface_km2":15.97,"lat":45.4066,"lon":4.081},{"code_insee":"42267","nom":"Saint-Nizier-sous-Charlieu","codes_postaux":["42190"],"code_dep":"42","code_region":"84","population":1686,"surface_km2":13.11,"lat":46.1624,"lon":4.1262},{"code_insee":"42268","nom":"Vézelin-sur-Loire","codes_postaux":["42260","42590"],"code_dep":"42","code_region":"84","population":811,"surface_km2":39.66,"lat":45.8858,"lon":4.0578},{"code_insee":"42269","nom":"Saint-Paul-d'Uzore","codes_postaux":["42600"],"code_dep":"42","code_region":"84","population":203,"surface_km2":9.66,"lat":45.6747,"lon":4.0924},{"code_insee":"42270","nom":"Saint-Paul-en-Cornillon","codes_postaux":["42240"],"code_dep":"42","code_region":"84","population":1352,"surface_km2":3.69,"lat":45.3967,"lon":4.239},{"code_insee":"42271","nom":"Saint-Paul-en-Jarez","codes_postaux":["42740"],"code_dep":"42","code_region":"84","population":4699,"surface_km2":19.87,"lat":45.4716,"lon":4.588},{"code_insee":"42272","nom":"Saint-Pierre-de-Bœuf","codes_postaux":["42520"],"code_dep":"42","code_region":"84","population":1712,"surface_km2":5.99,"lat":45.3797,"lon":4.742},{"code_insee":"42273","nom":"Saint-Pierre-la-Noaille","codes_postaux":["42190"],"code_dep":"42","code_region":"84","population":378,"surface_km2":7.5,"lat":46.1828,"lon":4.1079},{"code_insee":"42274","nom":"Saint-Polgues","codes_postaux":["42260"],"code_dep":"42","code_region":"84","population":277,"surface_km2":5.82,"lat":45.9082,"lon":3.9804},{"code_insee":"42275","nom":"Saint-Priest-en-Jarez","codes_postaux":["42270"],"code_dep":"42","code_region":"84","population":6471,"surface_km2":3.09,"lat":45.474,"lon":4.3708},{"code_insee":"42276","nom":"Saint-Priest-la-Prugne","codes_postaux":["42830"],"code_dep":"42","code_region":"84","population":402,"surface_km2":37.26,"lat":45.9494,"lon":3.7505},{"code_insee":"42277","nom":"Saint-Priest-la-Roche","codes_postaux":["42590"],"code_dep":"42","code_region":"84","population":341,"surface_km2":13.59,"lat":45.9204,"lon":4.1085},{"code_insee":"42278","nom":"Saint-Priest-la-Vêtre","codes_postaux":["42440"],"code_dep":"42","code_region":"84","population":141,"surface_km2":5.21,"lat":45.8008,"lon":3.8086},{"code_insee":"42279","nom":"Saint-Just-Saint-Rambert","codes_postaux":["42170"],"code_dep":"42","code_region":"84","population":15764,"surface_km2":41.35,"lat":45.4919,"lon":4.2464},{"code_insee":"42280","nom":"Saint-Régis-du-Coin","codes_postaux":["42660"],"code_dep":"42","code_region":"84","population":408,"surface_km2":20.48,"lat":45.2869,"lon":4.4528},{"code_insee":"42281","nom":"Saint-Rirand","codes_postaux":["42370"],"code_dep":"42","code_region":"84","population":132,"surface_km2":16.55,"lat":46.0737,"lon":3.8372},{"code_insee":"42282","nom":"Saint-Romain-d'Urfé","codes_postaux":["42430"],"code_dep":"42","code_region":"84","population":243,"surface_km2":15.17,"lat":45.8859,"lon":3.8157},{"code_insee":"42283","nom":"Saint-Romain-en-Jarez","codes_postaux":["42800"],"code_dep":"42","code_region":"84","population":1206,"surface_km2":16.88,"lat":45.5612,"lon":4.5417},{"code_insee":"42284","nom":"Saint-Romain-la-Motte","codes_postaux":["42640"],"code_dep":"42","code_region":"84","population":1436,"surface_km2":28.0,"lat":46.0836,"lon":3.9907},{"code_insee":"42285","nom":"Saint-Romain-le-Puy","codes_postaux":["42610"],"code_dep":"42","code_region":"84","population":4142,"surface_km2":21.38,"lat":45.5564,"lon":4.1317},{"code_insee":"42286","nom":"Saint-Romain-les-Atheux","codes_postaux":["42660"],"code_dep":"42","code_region":"84","population":956,"surface_km2":14.8,"lat":45.3639,"lon":4.3688},{"code_insee":"42287","nom":"Saint-Sauveur-en-Rue","codes_postaux":["42220"],"code_dep":"42","code_region":"84","population":1081,"surface_km2":30.63,"lat":45.2744,"lon":4.5025},{"code_insee":"42288","nom":"Saint-Sixte","codes_postaux":["42130"],"code_dep":"42","code_region":"84","population":669,"surface_km2":15.48,"lat":45.7728,"lon":3.9695},{"code_insee":"42289","nom":"Saint-Symphorien-de-Lay","codes_postaux":["42470"],"code_dep":"42","code_region":"84","population":1979,"surface_km2":32.74,"lat":45.9474,"lon":4.223},{"code_insee":"42290","nom":"Saint-Thomas-la-Garde","codes_postaux":["42600"],"code_dep":"42","code_region":"84","population":592,"surface_km2":3.48,"lat":45.5728,"lon":4.0847},{"code_insee":"42293","nom":"Saint-Victor-sur-Rhins","codes_postaux":["42630"],"code_dep":"42","code_region":"84","population":1141,"surface_km2":11.44,"lat":46.005,"lon":4.277},{"code_insee":"42294","nom":"Saint-Vincent-de-Boisset","codes_postaux":["42120"],"code_dep":"42","code_region":"84","population":968,"surface_km2":4.15,"lat":46.0101,"lon":4.1161},{"code_insee":"42295","nom":"Les Salles","codes_postaux":["42440"],"code_dep":"42","code_region":"84","population":558,"surface_km2":25.59,"lat":45.853,"lon":3.774},{"code_insee":"42296","nom":"Salt-en-Donzy","codes_postaux":["42110"],"code_dep":"42","code_region":"84","population":535,"surface_km2":9.26,"lat":45.7351,"lon":4.2848},{"code_insee":"42297","nom":"Salvizinet","codes_postaux":["42110"],"code_dep":"42","code_region":"84","population":623,"surface_km2":10.93,"lat":45.76,"lon":4.2776},{"code_insee":"42298","nom":"Sauvain","codes_postaux":["42990"],"code_dep":"42","code_region":"84","population":371,"surface_km2":30.76,"lat":45.6642,"lon":3.8604},{"code_insee":"42299","nom":"Savigneux","codes_postaux":["42600"],"code_dep":"42","code_region":"84","population":3509,"surface_km2":19.05,"lat":45.622,"lon":4.1013},{"code_insee":"42300","nom":"Sevelinges","codes_postaux":["42460"],"code_dep":"42","code_region":"84","population":646,"surface_km2":8.17,"lat":46.0979,"lon":4.2839},{"code_insee":"42301","nom":"Soleymieux","codes_postaux":["42560"],"code_dep":"42","code_region":"84","population":716,"surface_km2":9.08,"lat":45.5052,"lon":4.0609},{"code_insee":"42302","nom":"Sorbiers","codes_postaux":["42290"],"code_dep":"42","code_region":"84","population":8116,"surface_km2":12.12,"lat":45.4995,"lon":4.4357},{"code_insee":"42303","nom":"Souternon","codes_postaux":["42260"],"code_dep":"42","code_region":"84","population":293,"surface_km2":17.13,"lat":45.8831,"lon":3.9887},{"code_insee":"42304","nom":"Sury-le-Comtal","codes_postaux":["42450"],"code_dep":"42","code_region":"84","population":6621,"surface_km2":24.2,"lat":45.5426,"lon":4.1784},{"code_insee":"42305","nom":"La Talaudière","codes_postaux":["42350"],"code_dep":"42","code_region":"84","population":7133,"surface_km2":7.69,"lat":45.4775,"lon":4.4257},{"code_insee":"42306","nom":"Tarentaise","codes_postaux":["42660"],"code_dep":"42","code_region":"84","population":506,"surface_km2":12.55,"lat":45.3615,"lon":4.4917},{"code_insee":"42307","nom":"Tartaras","codes_postaux":["42800"],"code_dep":"42","code_region":"84","population":958,"surface_km2":3.98,"lat":45.5536,"lon":4.6658},{"code_insee":"42308","nom":"La Terrasse-sur-Dorlay","codes_postaux":["42740"],"code_dep":"42","code_region":"84","population":778,"surface_km2":8.69,"lat":45.4479,"lon":4.5896},{"code_insee":"42310","nom":"Thélis-la-Combe","codes_postaux":["42220"],"code_dep":"42","code_region":"84","population":143,"surface_km2":14.53,"lat":45.3369,"lon":4.5496},{"code_insee":"42311","nom":"La Tour-en-Jarez","codes_postaux":["42580"],"code_dep":"42","code_region":"84","population":1495,"surface_km2":5.15,"lat":45.4899,"lon":4.3973},{"code_insee":"42312","nom":"La Tourette","codes_postaux":["42380"],"code_dep":"42","code_region":"84","population":642,"surface_km2":5.69,"lat":45.4225,"lon":4.0846},{"code_insee":"42313","nom":"Trelins","codes_postaux":["42130"],"code_dep":"42","code_region":"84","population":682,"surface_km2":8.26,"lat":45.7243,"lon":4.004},{"code_insee":"42314","nom":"La Tuilière","codes_postaux":["42830"],"code_dep":"42","code_region":"84","population":273,"surface_km2":31.62,"lat":45.9589,"lon":3.8129},{"code_insee":"42315","nom":"Unias","codes_postaux":["42210"],"code_dep":"42","code_region":"84","population":469,"surface_km2":5.44,"lat":45.6057,"lon":4.2273},{"code_insee":"42316","nom":"Unieux","codes_postaux":["42240"],"code_dep":"42","code_region":"84","population":8514,"surface_km2":8.55,"lat":45.4054,"lon":4.2691},{"code_insee":"42317","nom":"Urbise","codes_postaux":["42310"],"code_dep":"42","code_region":"84","population":117,"surface_km2":15.74,"lat":46.2454,"lon":3.88},{"code_insee":"42318","nom":"Usson-en-Forez","codes_postaux":["42550"],"code_dep":"42","code_region":"84","population":1455,"surface_km2":47.32,"lat":45.3847,"lon":3.937},{"code_insee":"42319","nom":"Valeille","codes_postaux":["42110"],"code_dep":"42","code_region":"84","population":675,"surface_km2":16.46,"lat":45.708,"lon":4.2809},{"code_insee":"42320","nom":"Valfleury","codes_postaux":["42320"],"code_dep":"42","code_region":"84","population":739,"surface_km2":8.85,"lat":45.5376,"lon":4.5158},{"code_insee":"42321","nom":"La Valla-sur-Rochefort","codes_postaux":["42111"],"code_dep":"42","code_region":"84","population":105,"surface_km2":8.95,"lat":45.7575,"lon":3.8447},{"code_insee":"42322","nom":"La Valla-en-Gier","codes_postaux":["42131"],"code_dep":"42","code_region":"84","population":1140,"surface_km2":34.8,"lat":45.4062,"lon":4.5256},{"code_insee":"42323","nom":"Veauche","codes_postaux":["42340"],"code_dep":"42","code_region":"84","population":8975,"surface_km2":10.85,"lat":45.5616,"lon":4.29},{"code_insee":"42324","nom":"Veauchette","codes_postaux":["42340"],"code_dep":"42","code_region":"84","population":1235,"surface_km2":7.59,"lat":45.5633,"lon":4.2536},{"code_insee":"42325","nom":"Vendranges","codes_postaux":["42590"],"code_dep":"42","code_region":"84","population":390,"surface_km2":11.13,"lat":45.9344,"lon":4.1329},{"code_insee":"42326","nom":"Véranne","codes_postaux":["42520"],"code_dep":"42","code_region":"84","population":951,"surface_km2":16.2,"lat":45.3724,"lon":4.634},{"code_insee":"42327","nom":"Vérin","codes_postaux":["42410"],"code_dep":"42","code_region":"84","population":666,"surface_km2":3.23,"lat":45.46,"lon":4.743},{"code_insee":"42328","nom":"Verrières-en-Forez","codes_postaux":["42600"],"code_dep":"42","code_region":"84","population":731,"surface_km2":21.15,"lat":45.5672,"lon":3.9903},{"code_insee":"42329","nom":"La Versanne","codes_postaux":["42220"],"code_dep":"42","code_region":"84","population":394,"surface_km2":15.2,"lat":45.3202,"lon":4.5084},{"code_insee":"42330","nom":"Villars","codes_postaux":["42390"],"code_dep":"42","code_region":"84","population":7664,"surface_km2":5.7,"lat":45.4679,"lon":4.3517},{"code_insee":"42331","nom":"Villemontais","codes_postaux":["42155"],"code_dep":"42","code_region":"84","population":1042,"surface_km2":13.2,"lat":45.9812,"lon":3.932},{"code_insee":"42332","nom":"Villerest","codes_postaux":["42300"],"code_dep":"42","code_region":"84","population":5172,"surface_km2":14.12,"lat":45.9981,"lon":4.0264},{"code_insee":"42333","nom":"Villers","codes_postaux":["42460"],"code_dep":"42","code_region":"84","population":602,"surface_km2":5.83,"lat":46.1247,"lon":4.2254},{"code_insee":"42334","nom":"Violay","codes_postaux":["42780"],"code_dep":"42","code_region":"84","population":1218,"surface_km2":27.12,"lat":45.8517,"lon":4.3458},{"code_insee":"42335","nom":"Viricelles","codes_postaux":["42140"],"code_dep":"42","code_region":"84","population":449,"surface_km2":2.01,"lat":45.6545,"lon":4.3828},{"code_insee":"42336","nom":"Virigneux","codes_postaux":["42140"],"code_dep":"42","code_region":"84","population":618,"surface_km2":11.91,"lat":45.6873,"lon":4.3463},{"code_insee":"42337","nom":"Vivans","codes_postaux":["42310"],"code_dep":"42","code_region":"84","population":242,"surface_km2":25.57,"lat":46.1814,"lon":3.9385},{"code_insee":"42338","nom":"Vougy","codes_postaux":["42720"],"code_dep":"42","code_region":"84","population":1546,"surface_km2":21.06,"lat":46.0966,"lon":4.1265},{"code_insee":"42339","nom":"Chausseterre","codes_postaux":["42430"],"code_dep":"42","code_region":"84","population":212,"surface_km2":16.72,"lat":45.8998,"lon":3.7692}]