[{"code_insee":"43001","nom":"Agnat","codes_postaux":["43100"],"code_dep":"43","code_region":"84","population":170,"surface_km2":19.85,"lat":45.3435,"lon":3.4542,"fibre_pct":0.0,"vivrescore":20},{"code_insee":"43002","nom":"Aiguilhe","codes_postaux":["43000"],"code_dep":"43","code_region":"84","population":1498,"surface_km2":1.1,"lat":45.0528,"lon":3.8851,"fibre_pct":97.6,"vivrescore":100},{"code_insee":"43003","nom":"Allègre","codes_postaux":["43270"],"code_dep":"43","code_region":"84","population":922,"surface_km2":23.95,"lat":45.1861,"lon":3.6877,"fibre_pct":97.3,"vivrescore":100},{"code_insee":"43004","nom":"Alleyrac","codes_postaux":["43150"],"code_dep":"43","code_region":"84","population":117,"surface_km2":11.45,"lat":44.8953,"lon":3.9898,"fibre_pct":86.0,"vivrescore":80},{"code_insee":"43005","nom":"Alleyras","codes_postaux":["43580"],"code_dep":"43","code_region":"84","population":152,"surface_km2":25.05,"lat":44.9114,"lon":3.6829,"fibre_pct":4.4,"vivrescore":20},{"code_insee":"43006","nom":"Ally","codes_postaux":["43380"],"code_dep":"43","code_region":"84","population":123,"surface_km2":31.15,"lat":45.15,"lon":3.3184,"fibre_pct":0.0,"vivrescore":20},{"code_insee":"43007","nom":"Araules","codes_postaux":["43200"],"code_dep":"43","code_region":"84","population":620,"surface_km2":31.75,"lat":45.0655,"lon":4.1739,"fibre_pct":0.0,"vivrescore":20},{"code_insee":"43008","nom":"Arlempdes","codes_postaux":["43490"],"code_dep":"43","code_region":"84","population":156,"surface_km2":13.78,"lat":44.8677,"lon":3.9068,"fibre_pct":67.7,"vivrescore":60},{"code_insee":"43009","nom":"Arlet","codes_postaux":["43380"],"code_dep":"43","code_region":"84","population":24,"surface_km2":5.83,"lat":45.1112,"lon":3.4076,"fibre_pct":0.0,"vivrescore":20},{"code_insee":"43010","nom":"Arsac-en-Velay","codes_postaux":["43700"],"code_dep":"43","code_region":"84","population":1219,"surface_km2":11.99,"lat":44.9914,"lon":3.9533,"fibre_pct":96.2,"vivrescore":100},{"code_insee":"43011","nom":"Aubazat","codes_postaux":["43380"],"code_dep":"43","code_region":"84","population":175,"surface_km2":16.56,"lat":45.1265,"lon":3.4501,"fibre_pct":63.4,"vivrescore":60},{"code_insee":"43012","nom":"Aurec-sur-Loire","codes_postaux":["43110"],"code_dep":"43","code_region":"84","population":6164,"surface_km2":22.98,"lat":45.3668,"lon":4.2034,"fibre_pct":95.7,"vivrescore":100},{"code_insee":"43013","nom":"Vissac-Auteyrac","codes_postaux":["43300"],"code_dep":"43","code_region":"84","population":302,"surface_km2":17.6,"lat":45.1145,"lon":3.629,"fibre_pct":98.8,"vivrescore":100},{"code_insee":"43014","nom":"Autrac","codes_postaux":["43450"],"code_dep":"43","code_region":"84","population":50,"surface_km2":8.46,"lat":45.335,"lon":3.1282,"fibre_pct":0.0,"vivrescore":20},{"code_insee":"43015","nom":"Auvers","codes_postaux":["43300"],"code_dep":"43","code_region":"84","population":48,"surface_km2":21.21,"lat":44.9984,"lon":3.395,"fibre_pct":0.0,"vivrescore":20},{"code_insee":"43016","nom":"Auzon","codes_postaux":["43390"],"code_dep":"43","code_region":"84","population":858,"surface_km2":17.04,"lat":45.3876,"lon":3.3795,"fibre_pct":95.1,"vivrescore":100},{"code_insee":"43017","nom":"Azérat","codes_postaux":["43390"],"code_dep":"43","code_region":"84","population":294,"surface_km2":18.14,"lat":45.3532,"lon":3.3957,"fibre_pct":0.0,"vivrescore":20},{"code_insee":"43018","nom":"Bains","codes_postaux":["43370"],"code_dep":"43","code_region":"84","population":1378,"surface_km2":37.71,"lat":44.9914,"lon":3.7643,"fibre_pct":92.8,"vivrescore":80},{"code_insee":"43019","nom":"Barges","codes_postaux":["43340"],"code_dep":"43","code_region":"84","population":100,"surface_km2":7.09,"lat":44.8331,"lon":3.8888,"fibre_pct":98.1,"vivrescore":100},{"code_insee":"43020","nom":"Bas-en-Basset","codes_postaux":["43210"],"code_dep":"43","code_region":"84","population":4638,"surface_km2":46.99,"lat":45.3168,"lon":4.1076,"fibre_pct":91.6,"vivrescore":80},{"code_insee":"43021","nom":"Beaulieu","codes_postaux":["43800"],"code_dep":"43","code_region":"84","population":1096,"surface_km2":22.64,"lat":45.14,"lon":3.9515,"fibre_pct":84.0,"vivrescore":80},{"code_insee":"43022","nom":"Beaumont","codes_postaux":["43100"],"code_dep":"43","code_region":"84","population":268,"surface_km2":12.26,"lat":45.3121,"lon":3.3281,"fibre_pct":67.2,"vivrescore":60},{"code_insee":"43023","nom":"Beaune-sur-Arzon","codes_postaux":["43500"],"code_dep":"43","code_region":"84","population":227,"surface_km2":14.51,"lat":45.2892,"lon":3.821,"fibre_pct":50.0,"vivrescore":40},{"code_insee":"43024","nom":"Beaux","codes_postaux":["43200"],"code_dep":"43","code_region":"84","population":886,"surface_km2":16.87,"lat":45.1959,"lon":4.0843,"fibre_pct":98.5,"vivrescore":100},{"code_insee":"43025","nom":"Beauzac","codes_postaux":["43590"],"code_dep":"43","code_region":"84","population":2954,"surface_km2":35.85,"lat":45.2528,"lon":4.0953,"fibre_pct":94.0,"vivrescore":80},{"code_insee":"43026","nom":"Bellevue-la-Montagne","codes_postaux":["43350"],"code_dep":"43","code_region":"84","population":461,"surface_km2":32.97,"lat":45.2102,"lon":3.816,"fibre_pct":0.0,"vivrescore":20},{"code_insee":"43027","nom":"Berbezit","codes_postaux":["43160"],"code_dep":"43","code_region":"84","population":45,"surface_km2":10.48,"lat":45.2885,"lon":3.5864,"fibre_pct":0.0,"vivrescore":20},{"code_insee":"43028","nom":"Bessamorel","codes_postaux":["43200"],"code_dep":"43","code_region":"84","population":432,"surface_km2":7.43,"lat":45.1281,"lon":4.0797,"fibre_pct":78.3,"vivrescore":60},{"code_insee":"43029","nom":"La Besseyre-Saint-Mary","codes_postaux":["43170"],"code_dep":"43","code_region":"84","population":103,"surface_km2":21.72,"lat":44.9763,"lon":3.4115,"fibre_pct":0.0,"vivrescore":20},{"code_insee":"43030","nom":"Blanzac","codes_postaux":["43350"],"code_dep":"43","code_region":"84","population":464,"surface_km2":8.67,"lat":45.1125,"lon":3.8566,"fibre_pct":80.8,"vivrescore":80},{"code_insee":"43031","nom":"Blassac","codes_postaux":["43380"],"code_dep":"43","code_region":"84","population":126,"surface_km2":12.29,"lat":45.1623,"lon":3.3858,"fibre_pct":0.0,"vivrescore":20},{"code_insee":"43032","nom":"Blavozy","codes_postaux":["43700"],"code_dep":"43","code_region":"84","population":1724,"surface_km2":6.3,"lat":45.0623,"lon":3.9721,"fibre_pct":95.0,"vivrescore":100},{"code_insee":"43033","nom":"Blesle","codes_postaux":["43450"],"code_dep":"43","code_region":"84","population":611,"surface_km2":29.9,"lat":45.3107,"lon":3.1762,"fibre_pct":83.7,"vivrescore":80},{"code_insee":"43034","nom":"Boisset","codes_postaux":["43500"],"code_dep":"43","code_region":"84","population":394,"surface_km2":14.19,"lat":45.3117,"lon":3.9817,"fibre_pct":70.3,"vivrescore":60},{"code_insee":"43035","nom":"Bonneval","codes_postaux":["43160"],"code_dep":"43","code_region":"84","population":92,"surface_km2":14.71,"lat":45.3059,"lon":3.7333,"fibre_pct":79.6,"vivrescore":60},{"code_insee":"43036","nom":"Borne","codes_postaux":["43350"],"code_dep":"43","code_region":"84","population":403,"surface_km2":5.46,"lat":45.0946,"lon":3.7921,"fibre_pct":84.8,"vivrescore":80},{"code_insee":"43037","nom":"Le Bouchet-Saint-Nicolas","codes_postaux":["43510"],"code_dep":"43","code_region":"84","population":267,"surface_km2":19.37,"lat":44.8853,"lon":3.7876,"fibre_pct":0.0,"vivrescore":20},{"code_insee":"43038","nom":"Bournoncle-Saint-Pierre","codes_postaux":["43360"],"code_dep":"43","code_region":"84","population":1075,"surface_km2":16.19,"lat":45.343,"lon":3.3277,"fibre_pct":89.6,"vivrescore":80},{"code_insee":"43039","nom":"Le Brignon","codes_postaux":["43370"],"code_dep":"43","code_region":"84","population":617,"surface_km2":34.91,"lat":44.9143,"lon":3.8773,"fibre_pct":86.1,"vivrescore":80},{"code_insee":"43040","nom":"Brioude","codes_postaux":["43100"],"code_dep":"43","code_region":"84","population":6527,"surface_km2":13.52,"lat":45.2968,"lon":3.3847,"fibre_pct":98.9,"vivrescore":100},{"code_insee":"43041","nom":"Brives-Charensac","codes_postaux":["43700"],"code_dep":"43","code_region":"84","population":4244,"surface_km2":4.73,"lat":45.0437,"lon":3.9222,"fibre_pct":97.7,"vivrescore":100},{"code_insee":"43042","nom":"Cayres","codes_postaux":["43510"],"code_dep":"43","code_region":"84","population":674,"surface_km2":29.17,"lat":44.9201,"lon":3.8062,"fibre_pct":77.5,"vivrescore":60},{"code_insee":"43043","nom":"Céaux-d'Allègre","codes_postaux":["43270"],"code_dep":"43","code_region":"84","population":487,"surface_km2":32.56,"lat":45.1827,"lon":3.7583,"fibre_pct":86.1,"vivrescore":80},{"code_insee":"43044","nom":"Cerzat","codes_postaux":["43380"],"code_dep":"43","code_region":"84","population":220,"surface_km2":10.47,"lat":45.1585,"lon":3.4698,"fibre_pct":53.1,"vivrescore":40},{"code_insee":"43045","nom":"Ceyssac","codes_postaux":["43000"],"code_dep":"43","code_region":"84","population":442,"surface_km2":10.93,"lat":45.035,"lon":3.8335,"fibre_pct":44.0,"vivrescore":40},{"code_insee":"43046","nom":"Chadrac","codes_postaux":["43770"],"code_dep":"43","code_region":"84","population":2542,"surface_km2":2.48,"lat":45.0602,"lon":3.9013,"fibre_pct":97.6,"vivrescore":100},{"code_insee":"43047","nom":"Chadron","codes_postaux":["43150"],"code_dep":"43","code_region":"84","population":346,"surface_km2":13.68,"lat":44.9501,"lon":3.939,"fibre_pct":53.6,"vivrescore":40},{"code_insee":"43048","nom":"La Chaise-Dieu","codes_postaux":["43160"],"code_dep":"43","code_region":"84","population":594,"surface_km2":13.56,"lat":45.3213,"lon":3.691,"fibre_pct":95.9,"vivrescore":100},{"code_insee":"43049","nom":"Chamalières-sur-Loire","codes_postaux":["43800"],"code_dep":"43","code_region":"84","population":506,"surface_km2":13.72,"lat":45.1883,"lon":3.984,"fibre_pct":87.2,"vivrescore":80},{"code_insee":"43050","nom":"Chambezon","codes_postaux":["43410"],"code_dep":"43","code_region":"84","population":125,"surface_km2":5.15,"lat":45.3821,"lon":3.2393,"fibre_pct":0.0,"vivrescore":20},{"code_insee":"43051","nom":"Le Chambon-sur-Lignon","codes_postaux":["43400"],"code_dep":"43","code_region":"84","population":2501,"surface_km2":41.76,"lat":45.0541,"lon":4.3252,"fibre_pct":95.7,"vivrescore":100},{"code_insee":"43052","nom":"Champagnac-le-Vieux","codes_postaux":["43440"],"code_dep":"43","code_region":"84","population":191,"surface_km2":20.81,"lat":45.3535,"lon":3.5057,"fibre_pct":0.0,"vivrescore":20},{"code_insee":"43053","nom":"Champclause","codes_postaux":["43260","43430"],"code_dep":"43","code_region":"84","population":201,"surface_km2":22.11,"lat":45.0276,"lon":4.1618,"fibre_pct":60.0,"vivrescore":60},{"code_insee":"43054","nom":"Chanaleilles","codes_postaux":["43170"],"code_dep":"43","code_region":"84","population":173,"surface_km2":48.6,"lat":44.8531,"lon":3.4881,"fibre_pct":0.0,"vivrescore":20},{"code_insee":"43055","nom":"Chaniat","codes_postaux":["43100"],"code_dep":"43","code_region":"84","population":164,"surface_km2":14.0,"lat":45.3173,"lon":3.472,"fibre_pct":33.3,"vivrescore":20},{"code_insee":"43056","nom":"Chanteuges","codes_postaux":["43300"],"code_dep":"43","code_region":"84","population":403,"surface_km2":16.21,"lat":45.0712,"lon":3.5341,"fibre_pct":93.6,"vivrescore":80},{"code_insee":"43057","nom":"La Chapelle-Bertin","codes_postaux":["43270"],"code_dep":"43","code_region":"84","population":50,"surface_km2":11.36,"lat":45.2173,"lon":3.6502,"fibre_pct":0.0,"vivrescore":20},{"code_insee":"43058","nom":"La Chapelle-d'Aurec","codes_postaux":["43120"],"code_dep":"43","code_region":"84","population":1115,"surface_km2":11.68,"lat":45.3295,"lon":4.1954,"fibre_pct":92.4,"vivrescore":80},{"code_insee":"43059","nom":"La Chapelle-Geneste","codes_postaux":["43160"],"code_dep":"43","code_region":"84","population":110,"surface_km2":18.06,"lat":45.3534,"lon":3.6741,"fibre_pct":87.9,"vivrescore":80},{"code_insee":"43060","nom":"Charraix","codes_postaux":["43300"],"code_dep":"43","code_region":"84","population":67,"surface_km2":9.78,"lat":45.0233,"lon":3.5613,"fibre_pct":0.0,"vivrescore":20},{"code_insee":"43061","nom":"Chaspinhac","codes_postaux":["43700"],"code_dep":"43","code_region":"84","population":875,"surface_km2":16.45,"lat":45.0902,"lon":3.9361,"fibre_pct":87.2,"vivrescore":80},{"code_insee":"43062","nom":"Chaspuzac","codes_postaux":["43320"],"code_dep":"43","code_region":"84","population":876,"surface_km2":10.05,"lat":45.0647,"lon":3.7509,"fibre_pct":95.6,"vivrescore":100},{"code_insee":"43063","nom":"Chassagnes","codes_postaux":["43230"],"code_dep":"43","code_region":"84","population":160,"surface_km2":12.22,"lat":45.2168,"lon":3.5501,"fibre_pct":0.0,"vivrescore":20},{"code_insee":"43064","nom":"Chassignolles","codes_postaux":["43440"],"code_dep":"43","code_region":"84","population":64,"surface_km2":18.19,"lat":45.4028,"lon":3.4857,"fibre_pct":0.0,"vivrescore":20},{"code_insee":"43065","nom":"Chastel","codes_postaux":["43300"],"code_dep":"43","code_region":"84","population":122,"surface_km2":27.89,"lat":45.0639,"lon":3.3202,"fibre_pct":0.0,"vivrescore":20},{"code_insee":"43066","nom":"Chaudeyrolles","codes_postaux":["43430"],"code_dep":"43","code_region":"84","population":129,"surface_km2":18.9,"lat":44.9449,"lon":4.1954,"fibre_pct":52.8,"vivrescore":40},{"code_insee":"43067","nom":"Chavaniac-Lafayette","codes_postaux":["43230"],"code_dep":"43","code_region":"84","population":273,"surface_km2":8.46,"lat":45.1575,"lon":3.5843,"fibre_pct":0.0,"vivrescore":20},{"code_insee":"43068","nom":"Chazelles","codes_postaux":["43300"],"code_dep":"43","code_region":"84","population":32,"surface_km2":4.92,"lat":45.023,"lon":3.49,"fibre_pct":0.0,"vivrescore":20},{"code_insee":"43069","nom":"Chenereilles","codes_postaux":["43190"],"code_dep":"43","code_region":"84","population":287,"surface_km2":14.56,"lat":45.138,"lon":4.2383,"fibre_pct":71.1,"vivrescore":60},{"code_insee":"43070","nom":"Chilhac","codes_postaux":["43380"],"code_dep":"43","code_region":"84","population":176,"surface_km2":4.09,"lat":45.1576,"lon":3.4368,"fibre_pct":94.3,"vivrescore":80},{"code_insee":"43071","nom":"Chomelix","codes_postaux":["43500"],"code_dep":"43","code_region":"84","population":457,"surface_km2":26.88,"lat":45.2611,"lon":3.82,"fibre_pct":0.0,"vivrescore":20},{"code_insee":"43072","nom":"La Chomette","codes_postaux":["43230"],"code_dep":"43","code_region":"84","population":143,"surface_km2":7.07,"lat":45.2277,"lon":3.4681,"fibre_pct":74.8,"vivrescore":60},{"code_insee":"43073","nom":"Cistrières","codes_postaux":["43160"],"code_dep":"43","code_region":"84","population":136,"surface_km2":22.12,"lat":45.3301,"lon":3.6124,"fibre_pct":0.0,"vivrescore":20},{"code_insee":"43074","nom":"Cohade","codes_postaux":["43100"],"code_dep":"43","code_region":"84","population":893,"surface_km2":10.1,"lat":45.3372,"lon":3.3728,"fibre_pct":98.3,"vivrescore":100},{"code_insee":"43075","nom":"Collat","codes_postaux":["43230"],"code_dep":"43","code_region":"84","population":77,"surface_km2":10.34,"lat":45.2461,"lon":3.5969,"fibre_pct":0.0,"vivrescore":20},{"code_insee":"43076","nom":"Connangles","codes_postaux":["43160"],"code_dep":"43","code_region":"84","population":131,"surface_km2":21.99,"lat":45.2988,"lon":3.6483,"fibre_pct":76.5,"vivrescore":60},{"code_insee":"43077","nom":"Costaros","codes_postaux":["43490"],"code_dep":"43","code_region":"84","population":553,"surface_km2":3.87,"lat":44.8919,"lon":3.8456,"fibre_pct":97.1,"vivrescore":100},{"code_insee":"43078","nom":"Coubon","codes_postaux":["43700"],"code_dep":"43","code_region":"84","population":3140,"surface_km2":22.65,"lat":44.9966,"lon":3.9242,"fibre_pct":85.3,"vivrescore":80},{"code_insee":"43079","nom":"Couteuges","codes_postaux":["43230"],"code_dep":"43","code_region":"84","population":286,"surface_km2":10.57,"lat":45.1837,"lon":3.4951,"fibre_pct":53.8,"vivrescore":40},{"code_insee":"43080","nom":"Craponne-sur-Arzon","codes_postaux":["43500"],"code_dep":"43","code_region":"84","population":1998,"surface_km2":33.4,"lat":45.3332,"lon":3.8572,"fibre_pct":94.3,"vivrescore":80},{"code_insee":"43082","nom":"Cronce","codes_postaux":["43300"],"code_dep":"43","code_region":"84","population":71,"surface_km2":16.34,"lat":45.0756,"lon":3.3572,"fibre_pct":0.0,"vivrescore":20},{"code_insee":"43083","nom":"Cubelles","codes_postaux":["43170"],"code_dep":"43","code_region":"84","population":154,"surface_km2":12.14,"lat":44.9986,"lon":3.5589,"fibre_pct":24.1,"vivrescore":20},{"code_insee":"43084","nom":"Cussac-sur-Loire","codes_postaux":["43370"],"code_dep":"43","code_region":"84","population":1653,"surface_km2":10.26,"lat":44.9855,"lon":3.8785,"fibre_pct":67.0,"vivrescore":60},{"code_insee":"43085","nom":"Desges","codes_postaux":["43300"],"code_dep":"43","code_region":"84","population":57,"surface_km2":16.86,"lat":45.0224,"lon":3.4429,"fibre_pct":0.0,"vivrescore":20},{"code_insee":"43086","nom":"Domeyrat","codes_postaux":["43230"],"code_dep":"43","code_region":"84","population":176,"surface_km2":9.53,"lat":45.2443,"lon":3.505,"fibre_pct":0.0,"vivrescore":20},{"code_insee":"43087","nom":"Dunières","codes_postaux":["43220"],"code_dep":"43","code_region":"84","population":2670,"surface_km2":34.7,"lat":45.216,"lon":4.3426,"fibre_pct":91.2,"vivrescore":80},{"code_insee":"43088","nom":"Espalem","codes_postaux":["43450"],"code_dep":"43","code_region":"84","population":329,"surface_km2":14.72,"lat":45.3067,"lon":3.2376,"fibre_pct":0.0,"vivrescore":20},{"code_insee":"43089","nom":"Espaly-Saint-Marcel","codes_postaux":["43000"],"code_dep":"43","code_region":"84","population":3585,"surface_km2":6.28,"lat":45.0442,"lon":3.8554,"fibre_pct":89.7,"vivrescore":80},{"code_insee":"43090","nom":"Esplantas-Vazeilles","codes_postaux":["43170","43580"],"code_dep":"43","code_region":"84","population":126,"surface_km2":17.22,"lat":44.9038,"lon":3.5586,"fibre_pct":68.3,"vivrescore":60},{"code_insee":"43091","nom":"Les Estables","codes_postaux":["43150"],"code_dep":"43","code_region":"84","population":321,"surface_km2":33.82,"lat":44.9076,"lon":4.1361,"fibre_pct":0.0,"vivrescore":20},{"code_insee":"43092","nom":"Fay-sur-Lignon","codes_postaux":["43430"],"code_dep":"43","code_region":"84","population":335,"surface_km2":13.36,"lat":44.9839,"lon":4.2108,"fibre_pct":84.4,"vivrescore":80},{"code_insee":"43093","nom":"Félines","codes_postaux":["43160"],"code_dep":"43","code_region":"84","population":298,"surface_km2":20.56,"lat":45.2599,"lon":3.7485,"fibre_pct":0.0,"vivrescore":20},{"code_insee":"43094","nom":"Ferrussac","codes_postaux":["43300"],"code_dep":"43","code_region":"84","population":77,"surface_km2":17.28,"lat":45.0815,"lon":3.4086,"fibre_pct":0.0,"vivrescore":20},{"code_insee":"43095","nom":"Fix-Saint-Geneys","codes_postaux":["43320"],"code_dep":"43","code_region":"84","population":143,"surface_km2":8.07,"lat":45.1403,"lon":3.6632,"fibre_pct":0.0,"vivrescore":20},{"code_insee":"43096","nom":"Fontannes","codes_postaux":["43100"],"code_dep":"43","code_region":"84","population":875,"surface_km2":9.95,"lat":45.2855,"lon":3.4335,"fibre_pct":91.3,"vivrescore":80},{"code_insee":"43097","nom":"Freycenet-la-Cuche","codes_postaux":["43150"],"code_dep":"43","code_region":"84","population":105,"surface_km2":16.26,"lat":44.8959,"lon":4.0939,"fibre_pct":0.0,"vivrescore":20},{"code_insee":"43098","nom":"Freycenet-la-Tour","codes_postaux":["43150"],"code_dep":"43","code_region":"84","population":117,"surface_km2":8.0,"lat":44.9374,"lon":4.0742,"fibre_pct":0.0,"vivrescore":20},{"code_insee":"43099","nom":"Frugerès-les-Mines","codes_postaux":["43250"],"code_dep":"43","code_region":"84","population":548,"surface_km2":1.07,"lat":45.3868,"lon":3.3082,"fibre_pct":100.0,"vivrescore":100},{"code_insee":"43100","nom":"Frugières-le-Pin","codes_postaux":["43230"],"code_dep":"43","code_region":"84","population":185,"surface_km2":11.64,"lat":45.2717,"lon":3.4961,"fibre_pct":0.0,"vivrescore":20},{"code_insee":"43101","nom":"Goudet","codes_postaux":["43150"],"code_dep":"43","code_region":"84","population":85,"surface_km2":4.45,"lat":44.8954,"lon":3.9242,"fibre_pct":95.9,"vivrescore":100},{"code_insee":"43102","nom":"Grazac","codes_postaux":["43200"],"code_dep":"43","code_region":"84","population":1152,"surface_km2":21.75,"lat":45.1911,"lon":4.1782,"fibre_pct":79.2,"vivrescore":60},{"code_insee":"43103","nom":"Grenier-Montgon","codes_postaux":["43450"],"code_dep":"43","code_region":"84","population":112,"surface_km2":5.13,"lat":45.2864,"lon":3.2123,"fibre_pct":0.0,"vivrescore":20},{"code_insee":"43104","nom":"Grèzes","codes_postaux":["43170"],"code_dep":"43","code_region":"84","population":182,"surface_km2":35.74,"lat":44.9123,"lon":3.4677,"fibre_pct":0.0,"vivrescore":20},{"code_insee":"43105","nom":"Javaugues","codes_postaux":["43100"],"code_dep":"43","code_region":"84","population":174,"surface_km2":6.99,"lat":45.292,"lon":3.4918,"fibre_pct":98.0,"vivrescore":100},{"code_insee":"43106","nom":"Jax","codes_postaux":["43230"],"code_dep":"43","code_region":"84","population":145,"surface_km2":12.42,"lat":45.1718,"lon":3.6213,"fibre_pct":0.0,"vivrescore":20},{"code_insee":"43107","nom":"Josat","codes_postaux":["43230"],"code_dep":"43","code_region":"84","population":84,"surface_km2":12.46,"lat":45.2162,"lon":3.6126,"fibre_pct":0.0,"vivrescore":20},{"code_insee":"43108","nom":"Jullianges","codes_postaux":["43500"],"code_dep":"43","code_region":"84","population":426,"surface_km2":18.56,"lat":45.3059,"lon":3.7822,"fibre_pct":96.1,"vivrescore":100},{"code_insee":"43109","nom":"Lafarre","codes_postaux":["43490"],"code_dep":"43","code_region":"84","population":86,"surface_km2":12.94,"lat":44.8352,"lon":3.9953,"fibre_pct":50.0,"vivrescore":40},{"code_insee":"43110","nom":"Lamothe","codes_postaux":["43100"],"code_dep":"43","code_region":"84","population":819,"surface_km2":12.49,"lat":45.3159,"lon":3.4309,"fibre_pct":94.5,"vivrescore":80},{"code_insee":"43111","nom":"Landos","codes_postaux":["43340"],"code_dep":"43","code_region":"84","population":873,"surface_km2":36.88,"lat":44.848,"lon":3.8422,"fibre_pct":71.7,"vivrescore":60},{"code_insee":"43112","nom":"Langeac","codes_postaux":["43300"],"code_dep":"43","code_region":"84","population":3499,"surface_km2":34.0,"lat":45.0759,"lon":3.4775,"fibre_pct":96.7,"vivrescore":100},{"code_insee":"43113","nom":"Lantriac","codes_postaux":["43260"],"code_dep":"43","code_region":"84","population":1921,"surface_km2":23.17,"lat":44.9903,"lon":4.0078,"fibre_pct":95.4,"vivrescore":100},{"code_insee":"43114","nom":"Lapte","codes_postaux":["43200"],"code_dep":"43","code_region":"84","population":1806,"surface_km2":31.23,"lat":45.1822,"lon":4.2455,"fibre_pct":90.4,"vivrescore":80},{"code_insee":"43115","nom":"Laussonne","codes_postaux":["43150"],"code_dep":"43","code_region":"84","population":1011,"surface_km2":25.05,"lat":44.9673,"lon":4.0492,"fibre_pct":69.7,"vivrescore":60},{"code_insee":"43116","nom":"Laval-sur-Doulon","codes_postaux":["43440"],"code_dep":"43","code_region":"84","population":59,"surface_km2":12.5,"lat":45.3568,"lon":3.5657,"fibre_pct":0.0,"vivrescore":20},{"code_insee":"43117","nom":"Lavaudieu","codes_postaux":["43100"],"code_dep":"43","code_region":"84","population":243,"surface_km2":17.62,"lat":45.2632,"lon":3.4558,"fibre_pct":74.6,"vivrescore":60},{"code_insee":"43118","nom":"Lavoûte-Chilhac","codes_postaux":["43380"],"code_dep":"43","code_region":"84","population":254,"surface_km2":3.64,"lat":45.1562,"lon":3.4118,"fibre_pct":90.3,"vivrescore":80},{"code_insee":"43119","nom":"Lavoûte-sur-Loire","codes_postaux":["43800"],"code_dep":"43","code_region":"84","population":805,"surface_km2":10.52,"lat":45.1197,"lon":3.9049,"fibre_pct":96.8,"vivrescore":100},{"code_insee":"43120","nom":"Lempdes-sur-Allagnon","codes_postaux":["43410"],"code_dep":"43","code_region":"84","population":1293,"surface_km2":10.42,"lat":45.3792,"lon":3.279,"fibre_pct":94.4,"vivrescore":80},{"code_insee":"43121","nom":"Léotoing","codes_postaux":["43410"],"code_dep":"43","code_region":"84","population":226,"surface_km2":19.75,"lat":45.3502,"lon":3.242,"fibre_pct":0.0,"vivrescore":20},{"code_insee":"43122","nom":"Lissac","codes_postaux":["43350"],"code_dep":"43","code_region":"84","population":294,"surface_km2":12.11,"lat":45.1355,"lon":3.7553,"fibre_pct":60.9,"vivrescore":60},{"code_insee":"43123","nom":"Lorlanges","codes_postaux":["43360"],"code_dep":"43","code_region":"84","population":425,"surface_km2":14.64,"lat":45.3249,"lon":3.261,"fibre_pct":0.0,"vivrescore":20},{"code_insee":"43124","nom":"Loudes","codes_postaux":["43320"],"code_dep":"43","code_region":"84","population":944,"surface_km2":25.03,"lat":45.0984,"lon":3.7455,"fibre_pct":94.2,"vivrescore":80},{"code_insee":"43125","nom":"Lubilhac","codes_postaux":["43100"],"code_dep":"43","code_region":"84","population":105,"surface_km2":24.23,"lat":45.2459,"lon":3.2564,"fibre_pct":80.4,"vivrescore":80},{"code_insee":"43126","nom":"Malrevers","codes_postaux":["43800"],"code_dep":"43","code_region":"84","population":763,"surface_km2":14.2,"lat":45.0968,"lon":3.9609,"fibre_pct":75.1,"vivrescore":60},{"code_insee":"43127","nom":"Malvalette","codes_postaux":["43210"],"code_dep":"43","code_region":"84","population":887,"surface_km2":20.99,"lat":45.3592,"lon":4.1521,"fibre_pct":81.2,"vivrescore":80},{"code_insee":"43128","nom":"Malvières","codes_postaux":["43160"],"code_dep":"43","code_region":"84","population":144,"surface_km2":13.64,"lat":45.3408,"lon":3.7267,"fibre_pct":63.3,"vivrescore":60},{"code_insee":"43129","nom":"Le Mas-de-Tence","codes_postaux":["43190"],"code_dep":"43","code_region":"84","population":167,"surface_km2":12.64,"lat":45.1221,"lon":4.3709,"fibre_pct":70.3,"vivrescore":60},{"code_insee":"43130","nom":"Mazet-Saint-Voy","codes_postaux":["43520"],"code_dep":"43","code_region":"84","population":1114,"surface_km2":45.6,"lat":45.043,"lon":4.2402,"fibre_pct":92.0,"vivrescore":80},{"code_insee":"43131","nom":"Mazerat-Aurouze","codes_postaux":["43230"],"code_dep":"43","code_region":"84","population":187,"surface_km2":16.41,"lat":45.1882,"lon":3.5651,"fibre_pct":42.1,"vivrescore":40},{"code_insee":"43132","nom":"Mazeyrat-d'Allier","codes_postaux":["43300"],"code_dep":"43","code_region":"84","population":1432,"surface_km2":45.83,"lat":45.1314,"lon":3.5307,"fibre_pct":62.8,"vivrescore":60},{"code_insee":"43133","nom":"Mercœur","codes_postaux":["43100"],"code_dep":"43","code_region":"84","population":146,"surface_km2":27.42,"lat":45.1867,"lon":3.3131,"fibre_pct":0.0,"vivrescore":20},{"code_insee":"43134","nom":"Mézères","codes_postaux":["43800"],"code_dep":"43","code_region":"84","population":178,"surface_km2":8.71,"lat":45.1671,"lon":4.0127,"fibre_pct":78.6,"vivrescore":60},{"code_insee":"43135","nom":"Le Monastier-sur-Gazeille","codes_postaux":["43150"],"code_dep":"43","code_region":"84","population":1784,"surface_km2":39.3,"lat":44.9338,"lon":4.0147,"fibre_pct":80.6,"vivrescore":80},{"code_insee":"43136","nom":"Monistrol-d'Allier","codes_postaux":["43580"],"code_dep":"43","code_region":"84","population":226,"surface_km2":27.48,"lat":44.9779,"lon":3.6401,"fibre_pct":63.3,"vivrescore":60},{"code_insee":"43137","nom":"Monistrol-sur-Loire","codes_postaux":["43120"],"code_dep":"43","code_region":"84","population":8823,"surface_km2":47.91,"lat":45.2857,"lon":4.1856,"fibre_pct":96.3,"vivrescore":100},{"code_insee":"43138","nom":"Monlet","codes_postaux":["43270"],"code_dep":"43","code_region":"84","population":402,"surface_km2":35.35,"lat":45.2271,"lon":3.7111,"fibre_pct":0.0,"vivrescore":20},{"code_insee":"43139","nom":"Montclard","codes_postaux":["43230"],"code_dep":"43","code_region":"84","population":52,"surface_km2":9.58,"lat":45.262,"lon":3.5773,"fibre_pct":0.0,"vivrescore":20},{"code_insee":"43140","nom":"Le Monteil","codes_postaux":["43700"],"code_dep":"43","code_region":"84","population":691,"surface_km2":2.19,"lat":45.0663,"lon":3.9109,"fibre_pct":95.8,"vivrescore":100},{"code_insee":"43141","nom":"Montfaucon-en-Velay","codes_postaux":["43290"],"code_dep":"43","code_region":"84","population":1158,"surface_km2":4.99,"lat":45.1846,"lon":4.3226,"fibre_pct":94.4,"vivrescore":80},{"code_insee":"43142","nom":"Montregard","codes_postaux":["43290"],"code_dep":"43","code_region":"84","population":629,"surface_km2":40.04,"lat":45.158,"lon":4.3535,"fibre_pct":65.8,"vivrescore":60},{"code_insee":"43143","nom":"Montusclat","codes_postaux":["43260"],"code_dep":"43","code_region":"84","population":125,"surface_km2":10.53,"lat":45.0099,"lon":4.114,"fibre_pct":95.7,"vivrescore":100},{"code_insee":"43144","nom":"Moudeyres","codes_postaux":["43150"],"code_dep":"43","code_region":"84","population":115,"surface_km2":9.27,"lat":44.9512,"lon":4.1051,"fibre_pct":0.0,"vivrescore":20},{"code_insee":"43145","nom":"Ouides","codes_postaux":["43510"],"code_dep":"43","code_region":"84","population":51,"surface_km2":10.8,"lat":44.904,"lon":3.7415,"fibre_pct":0.0,"vivrescore":20},{"code_insee":"43147","nom":"Paulhac","codes_postaux":["43100"],"code_dep":"43","code_region":"84","population":590,"surface_km2":8.68,"lat":45.2945,"lon":3.3394,"fibre_pct":89.9,"vivrescore":80},{"code_insee":"43148","nom":"Paulhaguet","codes_postaux":["43230"],"code_dep":"43","code_region":"84","population":853,"surface_km2":11.26,"lat":45.2158,"lon":3.5154,"fibre_pct":96.2,"vivrescore":100},{"code_insee":"43149","nom":"Pébrac","codes_postaux":["43300"],"code_dep":"43","code_region":"84","population":113,"surface_km2":17.42,"lat":45.0288,"lon":3.5226,"fibre_pct":0.0,"vivrescore":20},{"code_insee":"43150","nom":"Le Pertuis","codes_postaux":["43200"],"code_dep":"43","code_region":"84","population":576,"surface_km2":12.03,"lat":45.104,"lon":4.0625,"fibre_pct":57.4,"vivrescore":40},{"code_insee":"43151","nom":"Pinols","codes_postaux":["43300"],"code_dep":"43","code_region":"84","population":181,"surface_km2":35.16,"lat":45.041,"lon":3.3828,"fibre_pct":58.3,"vivrescore":40},{"code_insee":"43152","nom":"Polignac","codes_postaux":["43000"],"code_dep":"43","code_region":"84","population":2819,"surface_km2":32.91,"lat":45.0784,"lon":3.8599,"fibre_pct":92.6,"vivrescore":80},{"code_insee":"43153","nom":"Pont-Salomon","codes_postaux":["43330"],"code_dep":"43","code_region":"84","population":1875,"surface_km2":8.68,"lat":45.3346,"lon":4.2465,"fibre_pct":91.2,"vivrescore":80},{"code_insee":"43154","nom":"Pradelles","codes_postaux":["43420"],"code_dep":"43","code_region":"84","population":531,"surface_km2":17.41,"lat":44.7651,"lon":3.8719,"fibre_pct":91.5,"vivrescore":80},{"code_insee":"43155","nom":"Prades","codes_postaux":["43300"],"code_dep":"43","code_region":"84","population":77,"surface_km2":4.93,"lat":45.025,"lon":3.5972,"fibre_pct":0.0,"vivrescore":20},{"code_insee":"43156","nom":"Présailles","codes_postaux":["43150"],"code_dep":"43","code_region":"84","population":108,"surface_km2":22.31,"lat":44.8916,"lon":4.0481,"fibre_pct":0.0,"vivrescore":20},{"code_insee":"43157","nom":"Le Puy-en-Velay","codes_postaux":["43000"],"code_dep":"43","code_region":"84","population":18540,"surface_km2":16.84,"lat":45.0283,"lon":3.8973,"fibre_pct":92.8,"vivrescore":80},{"code_insee":"43158","nom":"Queyrières","codes_postaux":["43260"],"code_dep":"43","code_region":"84","population":363,"surface_km2":14.07,"lat":45.0712,"lon":4.1008,"fibre_pct":77.8,"vivrescore":60},{"code_insee":"43159","nom":"Raucoules","codes_postaux":["43290"],"code_dep":"43","code_region":"84","population":948,"surface_km2":20.96,"lat":45.1887,"lon":4.2825,"fibre_pct":77.3,"vivrescore":60},{"code_insee":"43160","nom":"Rauret","codes_postaux":["43340"],"code_dep":"43","code_region":"84","population":202,"surface_km2":20.6,"lat":44.7985,"lon":3.7981,"fibre_pct":0.0,"vivrescore":20},{"code_insee":"43162","nom":"Retournac","codes_postaux":["43130"],"code_dep":"43","code_region":"84","population":3007,"surface_km2":45.82,"lat":45.2223,"lon":4.0224,"fibre_pct":96.9,"vivrescore":100},{"code_insee":"43163","nom":"Riotord","codes_postaux":["43220"],"code_dep":"43","code_region":"84","population":1195,"surface_km2":51.9,"lat":45.2369,"lon":4.4231,"fibre_pct":82.8,"vivrescore":80},{"code_insee":"43164","nom":"Roche-en-Régnier","codes_postaux":["43810"],"code_dep":"43","code_region":"84","population":476,"surface_km2":26.82,"lat":45.2306,"lon":3.9446,"fibre_pct":66.2,"vivrescore":60},{"code_insee":"43165","nom":"Rosières","codes_postaux":["43800"],"code_dep":"43","code_region":"84","population":1548,"surface_km2":27.41,"lat":45.1322,"lon":4.006,"fibre_pct":74.4,"vivrescore":60},{"code_insee":"43166","nom":"Saint-André-de-Chalencon","codes_postaux":["43130"],"code_dep":"43","code_region":"84","population":374,"surface_km2":17.38,"lat":45.2744,"lon":3.9581,"fibre_pct":73.7,"vivrescore":60},{"code_insee":"43167","nom":"Saint-Arcons-d'Allier","codes_postaux":["43300"],"code_dep":"43","code_region":"84","population":189,"surface_km2":16.15,"lat":45.0847,"lon":3.5622,"fibre_pct":51.5,"vivrescore":40},{"code_insee":"43168","nom":"Saint-Arcons-de-Barges","codes_postaux":["43420"],"code_dep":"43","code_region":"84","population":119,"surface_km2":15.38,"lat":44.8341,"lon":3.9271,"fibre_pct":67.8,"vivrescore":60},{"code_insee":"43169","nom":"Saint-Austremoine","codes_postaux":["43380"],"code_dep":"43","code_region":"84","population":58,"surface_km2":11.6,"lat":45.119,"lon":3.3532,"fibre_pct":0.0,"vivrescore":20},{"code_insee":"43170","nom":"Saint-Beauzire","codes_postaux":["43100"],"code_dep":"43","code_region":"84","population":457,"surface_km2":23.63,"lat":45.2734,"lon":3.2776,"fibre_pct":51.4,"vivrescore":40},{"code_insee":"43171","nom":"Saint-Bérain","codes_postaux":["43300"],"code_dep":"43","code_region":"84","population":95,"surface_km2":13.37,"lat":45.0271,"lon":3.6261,"fibre_pct":0.0,"vivrescore":20},{"code_insee":"43172","nom":"Saint-Bonnet-le-Froid","codes_postaux":["43290"],"code_dep":"43","code_region":"84","population":232,"surface_km2":13.06,"lat":45.1387,"lon":4.433,"fibre_pct":0.0,"vivrescore":20},{"code_insee":"43173","nom":"Saint-Christophe-d'Allier","codes_postaux":["43340"],"code_dep":"43","code_region":"84","population":83,"surface_km2":19.25,"lat":44.8529,"lon":3.699,"fibre_pct":0.0,"vivrescore":20},{"code_insee":"43174","nom":"Saint-Christophe-sur-Dolaizon","codes_postaux":["43370"],"code_dep":"43","code_region":"84","population":931,"surface_km2":27.23,"lat":44.9906,"lon":3.8263,"fibre_pct":59.9,"vivrescore":40},{"code_insee":"43175","nom":"Saint-Cirgues","codes_postaux":["43380"],"code_dep":"43","code_region":"84","population":165,"surface_km2":13.75,"lat":45.1313,"lon":3.3773,"fibre_pct":0.0,"vivrescore":20},{"code_insee":"43177","nom":"Saint-Didier-en-Velay","codes_postaux":["43140"],"code_dep":"43","code_region":"84","population":3523,"surface_km2":26.38,"lat":45.3064,"lon":4.2858,"fibre_pct":90.9,"vivrescore":80},{"code_insee":"43178","nom":"Saint-Didier-sur-Doulon","codes_postaux":["43440"],"code_dep":"43","code_region":"84","population":197,"surface_km2":34.12,"lat":45.3016,"lon":3.5459,"fibre_pct":0.0,"vivrescore":20},{"code_insee":"43180","nom":"Saint-Étienne-du-Vigan","codes_postaux":["43420"],"code_dep":"43","code_region":"84","population":95,"surface_km2":9.48,"lat":44.7905,"lon":3.8383,"fibre_pct":92.6,"vivrescore":80},{"code_insee":"43181","nom":"Saint-Étienne-Lardeyrol","codes_postaux":["43260"],"code_dep":"43","code_region":"84","population":771,"surface_km2":11.95,"lat":45.086,"lon":4.0018,"fibre_pct":89.8,"vivrescore":80},{"code_insee":"43182","nom":"Saint-Étienne-sur-Blesle","codes_postaux":["43450"],"code_dep":"43","code_region":"84","population":53,"surface_km2":17.95,"lat":45.3064,"lon":3.1243,"fibre_pct":0.0,"vivrescore":20},{"code_insee":"43183","nom":"Sainte-Eugénie-de-Villeneuve","codes_postaux":["43230"],"code_dep":"43","code_region":"84","population":103,"surface_km2":6.38,"lat":45.1416,"lon":3.6317,"fibre_pct":0.0,"vivrescore":20},{"code_insee":"43184","nom":"Saint-Ferréol-d'Auroure","codes_postaux":["43330"],"code_dep":"43","code_region":"84","population":2441,"surface_km2":10.87,"lat":45.3594,"lon":4.2597,"fibre_pct":96.7,"vivrescore":100},{"code_insee":"43185","nom":"Sainte-Florine","codes_postaux":["43250"],"code_dep":"43","code_region":"84","population":3283,"surface_km2":7.66,"lat":45.4018,"lon":3.3096,"fibre_pct":97.3,"vivrescore":100},{"code_insee":"43186","nom":"Saint-Front","codes_postaux":["43550"],"code_dep":"43","code_region":"84","population":410,"surface_km2":52.02,"lat":44.9627,"lon":4.1267,"fibre_pct":60.7,"vivrescore":60},{"code_insee":"43187","nom":"Saint-Geneys-près-Saint-Paulien","codes_postaux":["43350"],"code_dep":"43","code_region":"84","population":313,"surface_km2":16.84,"lat":45.1771,"lon":3.8295,"fibre_pct":0.0,"vivrescore":20},{"code_insee":"43188","nom":"Saint-Georges-d'Aurac","codes_postaux":["43230"],"code_dep":"43","code_region":"84","population":469,"surface_km2":17.65,"lat":45.1593,"lon":3.5585,"fibre_pct":63.4,"vivrescore":60},{"code_insee":"43189","nom":"Saint-Georges-Lagricol","codes_postaux":["43500"],"code_dep":"43","code_region":"84","population":518,"surface_km2":19.25,"lat":45.3052,"lon":3.8861,"fibre_pct":90.6,"vivrescore":80},{"code_insee":"43190","nom":"Saint-Germain-Laprade","codes_postaux":["43700"],"code_dep":"43","code_region":"84","population":3432,"surface_km2":28.02,"lat":45.0353,"lon":3.9837,"fibre_pct":92.1,"vivrescore":80},{"code_insee":"43191","nom":"Saint-Géron","codes_postaux":["43360"],"code_dep":"43","code_region":"84","population":243,"surface_km2":10.87,"lat":45.3342,"lon":3.2964,"fibre_pct":88.4,"vivrescore":80},{"code_insee":"43192","nom":"Saint-Haon","codes_postaux":["43340"],"code_dep":"43","code_region":"84","population":276,"surface_km2":38.0,"lat":44.8548,"lon":3.7554,"fibre_pct":0.0,"vivrescore":20},{"code_insee":"43193","nom":"Saint-Hilaire","codes_postaux":["43390"],"code_dep":"43","code_region":"84","population":157,"surface_km2":14.76,"lat":45.382,"lon":3.4455,"fibre_pct":0.0,"vivrescore":20},{"code_insee":"43194","nom":"Saint-Hostien","codes_postaux":["43260"],"code_dep":"43","code_region":"84","population":697,"surface_km2":13.53,"lat":45.0793,"lon":4.0509,"fibre_pct":85.5,"vivrescore":80},{"code_insee":"43195","nom":"Saint-Ilpize","codes_postaux":["43380"],"code_dep":"43","code_region":"84","population":202,"surface_km2":11.77,"lat":45.2029,"lon":3.4076,"fibre_pct":14.8,"vivrescore":20},{"code_insee":"43196","nom":"Saint-Jean-d'Aubrigoux","codes_postaux":["43500"],"code_dep":"43","code_region":"84","population":184,"surface_km2":18.0,"lat":45.3625,"lon":3.8081,"fibre_pct":83.2,"vivrescore":80},{"code_insee":"43197","nom":"Saint-Jean-de-Nay","codes_postaux":["43320"],"code_dep":"43","code_region":"84","population":337,"surface_km2":28.97,"lat":45.0677,"lon":3.6899,"fibre_pct":89.0,"vivrescore":80},{"code_insee":"43198","nom":"Saint-Jean-Lachalm","codes_postaux":["43510"],"code_dep":"43","code_region":"84","population":306,"surface_km2":34.94,"lat":44.9447,"lon":3.7222,"fibre_pct":0.0,"vivrescore":20},{"code_insee":"43199","nom":"Saint-Jeures","codes_postaux":["43200"],"code_dep":"43","code_region":"84","population":1015,"surface_km2":34.57,"lat":45.1121,"lon":4.2117,"fibre_pct":63.8,"vivrescore":60},{"code_insee":"43200","nom":"Saint-Julien-Chapteuil","codes_postaux":["43260"],"code_dep":"43","code_region":"84","population":2019,"surface_km2":28.61,"lat":45.0275,"lon":4.0831,"fibre_pct":97.0,"vivrescore":100},{"code_insee":"43201","nom":"Saint-Julien-d'Ance","codes_postaux":["43500"],"code_dep":"43","code_region":"84","population":245,"surface_km2":18.01,"lat":45.306,"lon":3.9302,"fibre_pct":63.2,"vivrescore":60},{"code_insee":"43202","nom":"Saint-Julien-des-Chazes","codes_postaux":["43300"],"code_dep":"43","code_region":"84","population":52,"surface_km2":6.86,"lat":45.049,"lon":3.5735,"fibre_pct":0.0,"vivrescore":20},{"code_insee":"43203","nom":"Saint-Julien-du-Pinet","codes_postaux":["43200"],"code_dep":"43","code_region":"84","population":481,"surface_km2":17.44,"lat":45.1463,"lon":4.0476,"fibre_pct":76.2,"vivrescore":60},{"code_insee":"43204","nom":"Saint-Julien-Molhesabate","codes_postaux":["43220"],"code_dep":"43","code_region":"84","population":162,"surface_km2":27.4,"lat":45.1937,"lon":4.4303,"fibre_pct":0.0,"vivrescore":20},{"code_insee":"43205","nom":"Saint-Just-Malmont","codes_postaux":["43240"],"code_dep":"43","code_region":"84","population":4239,"surface_km2":24.2,"lat":45.3434,"lon":4.3174,"fibre_pct":89.2,"vivrescore":80},{"code_insee":"43206","nom":"Saint-Just-près-Brioude","codes_postaux":["43100"],"code_dep":"43","code_region":"84","population":398,"surface_km2":47.11,"lat":45.2359,"lon":3.3283,"fibre_pct":79.0,"vivrescore":60},{"code_insee":"43207","nom":"Saint-Laurent-Chabreuges","codes_postaux":["43100"],"code_dep":"43","code_region":"84","population":253,"surface_km2":8.36,"lat":45.2776,"lon":3.346,"fibre_pct":90.2,"vivrescore":80},{"code_insee":"43208","nom":"Sainte-Marguerite","codes_postaux":["43230"],"code_dep":"43","code_region":"84","population":36,"surface_km2":5.39,"lat":45.2126,"lon":3.5837,"fibre_pct":0.0,"vivrescore":20},{"code_insee":"43210","nom":"Saint-Martin-de-Fugères","codes_postaux":["43150"],"code_dep":"43","code_region":"84","population":228,"surface_km2":20.97,"lat":44.9058,"lon":3.9421,"fibre_pct":53.1,"vivrescore":40},{"code_insee":"43211","nom":"Saint-Maurice-de-Lignon","codes_postaux":["43200"],"code_dep":"43","code_region":"84","population":2688,"surface_km2":30.07,"lat":45.2225,"lon":4.1394,"fibre_pct":97.0,"vivrescore":100},{"code_insee":"43212","nom":"Saint-Pal-de-Chalencon","codes_postaux":["43500"],"code_dep":"43","code_region":"84","population":1038,"surface_km2":29.09,"lat":45.3464,"lon":3.9642,"fibre_pct":79.9,"vivrescore":60},{"code_insee":"43213","nom":"Saint-Pal-de-Mons","codes_postaux":["43620"],"code_dep":"43","code_region":"84","population":2358,"surface_km2":27.3,"lat":45.2447,"lon":4.2815,"fibre_pct":96.4,"vivrescore":100},{"code_insee":"43214","nom":"Saint-Pal-de-Senouire","codes_postaux":["43160"],"code_dep":"43","code_region":"84","population":108,"surface_km2":18.21,"lat":45.2568,"lon":3.6488,"fibre_pct":0.0,"vivrescore":20},{"code_insee":"43215","nom":"Saint-Paul-de-Tartas","codes_postaux":["43420"],"code_dep":"43","code_region":"84","population":204,"surface_km2":27.74,"lat":44.7959,"lon":3.8919,"fibre_pct":74.1,"vivrescore":60},{"code_insee":"43216","nom":"Saint-Paulien","codes_postaux":["43350"],"code_dep":"43","code_region":"84","population":2439,"surface_km2":40.55,"lat":45.1341,"lon":3.8221,"fibre_pct":82.2,"vivrescore":80},{"code_insee":"43217","nom":"Saint-Pierre-du-Champ","codes_postaux":["43810"],"code_dep":"43","code_region":"84","population":565,"surface_km2":30.66,"lat":45.2399,"lon":3.8885,"fibre_pct":54.0,"vivrescore":40},{"code_insee":"43218","nom":"Saint-Pierre-Eynac","codes_postaux":["43260"],"code_dep":"43","code_region":"84","population":1288,"surface_km2":24.19,"lat":45.0426,"lon":4.0343,"fibre_pct":85.9,"vivrescore":80},{"code_insee":"43219","nom":"Saint-Préjet-Armandon","codes_postaux":["43230"],"code_dep":"43","code_region":"84","population":105,"surface_km2":8.55,"lat":45.2496,"lon":3.5521,"fibre_pct":0.0,"vivrescore":20},{"code_insee":"43220","nom":"Saint-Préjet-d'Allier","codes_postaux":["43580"],"code_dep":"43","code_region":"84","population":159,"surface_km2":24.33,"lat":44.9181,"lon":3.6199,"fibre_pct":73.5,"vivrescore":60},{"code_insee":"43221","nom":"Saint-Privat-d'Allier","codes_postaux":["43580"],"code_dep":"43","code_region":"84","population":394,"surface_km2":38.51,"lat":44.9958,"lon":3.6704,"fibre_pct":75.9,"vivrescore":60},{"code_insee":"43222","nom":"Saint-Privat-du-Dragon","codes_postaux":["43380"],"code_dep":"43","code_region":"84","population":169,"surface_km2":21.55,"lat":45.1966,"lon":3.4448,"fibre_pct":68.9,"vivrescore":60},{"code_insee":"43223","nom":"Saint-Romain-Lachalm","codes_postaux":["43620"],"code_dep":"43","code_region":"84","population":1154,"surface_km2":19.63,"lat":45.2689,"lon":4.34,"fibre_pct":88.2,"vivrescore":80},{"code_insee":"43224","nom":"Sainte-Sigolène","codes_postaux":["43600"],"code_dep":"43","code_region":"84","population":6097,"surface_km2":30.68,"lat":45.2436,"lon":4.2265,"fibre_pct":96.3,"vivrescore":100},{"code_insee":"43225","nom":"Saint-Vénérand","codes_postaux":["43580"],"code_dep":"43","code_region":"84","population":65,"surface_km2":9.64,"lat":44.8764,"lon":3.6702,"fibre_pct":0.0,"vivrescore":20},{"code_insee":"43226","nom":"Saint-Vert","codes_postaux":["43440"],"code_dep":"43","code_region":"84","population":108,"surface_km2":20.66,"lat":45.3769,"lon":3.5456,"fibre_pct":0.0,"vivrescore":20},{"code_insee":"43227","nom":"Saint-Victor-Malescours","codes_postaux":["43140"],"code_dep":"43","code_region":"84","population":798,"surface_km2":14.7,"lat":45.2947,"lon":4.3259,"fibre_pct":96.6,"vivrescore":100},{"code_insee":"43228","nom":"Saint-Victor-sur-Arlanc","codes_postaux":["43500"],"code_dep":"43","code_region":"84","population":92,"surface_km2":11.77,"lat":45.3358,"lon":3.7813,"fibre_pct":61.7,"vivrescore":60},{"code_insee":"43229","nom":"Saint-Vidal","codes_postaux":["43320"],"code_dep":"43","code_region":"84","population":608,"surface_km2":7.95,"lat":45.0752,"lon":3.8002,"fibre_pct":100.0,"vivrescore":100},{"code_insee":"43230","nom":"Saint-Vincent","codes_postaux":["43800"],"code_dep":"43","code_region":"84","population":1089,"surface_km2":20.93,"lat":45.1525,"lon":3.8961,"fibre_pct":90.3,"vivrescore":80},{"code_insee":"43231","nom":"Salettes","codes_postaux":["43150"],"code_dep":"43","code_region":"84","population":156,"surface_km2":20.62,"lat":44.8655,"lon":3.9741,"fibre_pct":81.0,"vivrescore":80},{"code_insee":"43232","nom":"Salzuit","codes_postaux":["43230"],"code_dep":"43","code_region":"84","population":330,"surface_km2":8.07,"lat":45.2092,"lon":3.4813,"fibre_pct":96.4,"vivrescore":100},{"code_insee":"43233","nom":"Sanssac-l'Église","codes_postaux":["43320"],"code_dep":"43","code_region":"84","population":1080,"surface_km2":15.7,"lat":45.0451,"lon":3.7947,"fibre_pct":89.0,"vivrescore":80},{"code_insee":"43234","nom":"Saugues","codes_postaux":["43170"],"code_dep":"43","code_region":"84","population":1652,"surface_km2":79.05,"lat":44.9508,"lon":3.5213,"fibre_pct":96.8,"vivrescore":100},{"code_insee":"43236","nom":"La Séauve-sur-Semène","codes_postaux":["43140"],"code_dep":"43","code_region":"84","population":1456,"surface_km2":8.16,"lat":45.2962,"lon":4.2502,"fibre_pct":92.6,"vivrescore":80},{"code_insee":"43237","nom":"Sembadel","codes_postaux":["43160"],"code_dep":"43","code_region":"84","population":247,"surface_km2":18.66,"lat":45.273,"lon":3.694,"fibre_pct":0.0,"vivrescore":20},{"code_insee":"43238","nom":"Séneujols","codes_postaux":["43510"],"code_dep":"43","code_region":"84","population":323,"surface_km2":12.29,"lat":44.9575,"lon":3.7857,"fibre_pct":97.7,"vivrescore":100},{"code_insee":"43239","nom":"Siaugues-Sainte-Marie","codes_postaux":["43300"],"code_dep":"43","code_region":"84","population":839,"surface_km2":40.76,"lat":45.0787,"lon":3.6287,"fibre_pct":77.1,"vivrescore":60},{"code_insee":"43240","nom":"Solignac-sous-Roche","codes_postaux":["43130"],"code_dep":"43","code_region":"84","population":270,"surface_km2":8.77,"lat":45.2523,"lon":3.9985,"fibre_pct":93.9,"vivrescore":80},{"code_insee":"43241","nom":"Solignac-sur-Loire","codes_postaux":["43370"],"code_dep":"43","code_region":"84","population":1289,"surface_km2":24.18,"lat":44.9569,"lon":3.8779,"fibre_pct":91.9,"vivrescore":80},{"code_insee":"43242","nom":"Tailhac","codes_postaux":["43300"],"code_dep":"43","code_region":"84","population":59,"surface_km2":12.62,"lat":45.0542,"lon":3.4604,"fibre_pct":0.0,"vivrescore":20},{"code_insee":"43244","nom":"Tence","codes_postaux":["43190"],"code_dep":"43","code_region":"84","population":3111,"surface_km2":52.42,"lat":45.1169,"lon":4.304,"fibre_pct":92.7,"vivrescore":80},{"code_insee":"43245","nom":"Thoras","codes_postaux":["43170","43580"],"code_dep":"43","code_region":"84","population":243,"surface_km2":45.21,"lat":44.8658,"lon":3.5807,"fibre_pct":42.2,"vivrescore":40},{"code_insee":"43246","nom":"Tiranges","codes_postaux":["43530"],"code_dep":"43","code_region":"84","population":453,"surface_km2":26.99,"lat":45.2875,"lon":4.0154,"fibre_pct":73.6,"vivrescore":60},{"code_insee":"43247","nom":"Torsiac","codes_postaux":["43450"],"code_dep":"43","code_region":"84","population":62,"surface_km2":9.18,"lat":45.3509,"lon":3.1982,"fibre_pct":0.0,"vivrescore":20},{"code_insee":"43249","nom":"Valprivas","codes_postaux":["43210"],"code_dep":"43","code_region":"84","population":553,"surface_km2":22.39,"lat":45.3209,"lon":4.0511,"fibre_pct":67.2,"vivrescore":60},{"code_insee":"43250","nom":"Vals-le-Chastel","codes_postaux":["43230"],"code_dep":"43","code_region":"84","population":39,"surface_km2":4.0,"lat":45.2711,"lon":3.5289,"fibre_pct":0.0,"vivrescore":20},{"code_insee":"43251","nom":"Vals-près-le-Puy","codes_postaux":["43750"],"code_dep":"43","code_region":"84","population":3395,"surface_km2":5.19,"lat":45.0229,"lon":3.8637,"fibre_pct":95.5,"vivrescore":100},{"code_insee":"43252","nom":"Varennes-Saint-Honorat","codes_postaux":["43270"],"code_dep":"43","code_region":"84","population":26,"surface_km2":11.9,"lat":45.1767,"lon":3.646,"fibre_pct":0.0,"vivrescore":20},{"code_insee":"43253","nom":"Les Vastres","codes_postaux":["43430"],"code_dep":"43","code_region":"84","population":192,"surface_km2":30.16,"lat":44.9927,"lon":4.2732,"fibre_pct":0.0,"vivrescore":20},{"code_insee":"43254","nom":"Vazeilles-Limandre","codes_postaux":["43320"],"code_dep":"43","code_region":"84","population":268,"surface_km2":11.96,"lat":45.1161,"lon":3.7003,"fibre_pct":87.8,"vivrescore":80},{"code_insee":"43256","nom":"Venteuges","codes_postaux":["43170"],"code_dep":"43","code_region":"84","population":341,"surface_km2":39.58,"lat":44.9803,"lon":3.4871,"fibre_pct":57.7,"vivrescore":40},{"code_insee":"43257","nom":"Vergezac","codes_postaux":["43320"],"code_dep":"43","code_region":"84","population":470,"surface_km2":20.78,"lat":45.0316,"lon":3.7448,"fibre_pct":95.1,"vivrescore":100},{"code_insee":"43258","nom":"Vergongheon","codes_postaux":["43360"],"code_dep":"43","code_region":"84","population":1797,"surface_km2":12.07,"lat":45.3713,"lon":3.3301,"fibre_pct":91.1,"vivrescore":80},{"code_insee":"43259","nom":"Vernassal","codes_postaux":["43270"],"code_dep":"43","code_region":"84","population":373,"surface_km2":19.32,"lat":45.1491,"lon":3.712,"fibre_pct":76.1,"vivrescore":60},{"code_insee":"43260","nom":"Le Vernet","codes_postaux":["43320"],"code_dep":"43","code_region":"84","population":22,"surface_km2":3.92,"lat":45.0389,"lon":3.6656,"fibre_pct":97.4,"vivrescore":100},{"code_insee":"43261","nom":"Vézézoux","codes_postaux":["43390"],"code_dep":"43","code_region":"84","population":635,"surface_km2":7.14,"lat":45.4057,"lon":3.3477,"fibre_pct":97.8,"vivrescore":100},{"code_insee":"43262","nom":"Vieille-Brioude","codes_postaux":["43100"],"code_dep":"43","code_region":"84","population":1236,"surface_km2":27.86,"lat":45.2508,"lon":3.4013,"fibre_pct":91.8,"vivrescore":80},{"code_insee":"43263","nom":"Vielprat","codes_postaux":["43490"],"code_dep":"43","code_region":"84","population":70,"surface_km2":7.22,"lat":44.848,"lon":3.9493,"fibre_pct":63.2,"vivrescore":60},{"code_insee":"43264","nom":"Villeneuve-d'Allier","codes_postaux":["43380"],"code_dep":"43","code_region":"84","population":280,"surface_km2":14.46,"lat":45.2012,"lon":3.3752,"fibre_pct":0.0,"vivrescore":20},{"code_insee":"43265","nom":"Les Villettes","codes_postaux":["43600"],"code_dep":"43","code_region":"84","population":1450,"surface_km2":11.58,"lat":45.241,"lon":4.1796,"fibre_pct":91.0,"vivrescore":80},{"code_insee":"43267","nom":"Vorey","codes_postaux":["43800"],"code_dep":"43","code_region":"84","population":1488,"surface_km2":39.54,"lat":45.1947,"lon":3.9061,"fibre_pct":89.0,"vivrescore":80},{"code_insee":"43268","nom":"Yssingeaux","codes_postaux":["43200"],"code_dep":"43","code_region":"84","population":7415,"surface_km2":81.31,"lat":45.1342,"lon":4.1246,"fibre_pct":89.8,"vivrescore":80}]