[{"code_insee":"47001","nom":"Agen","codes_postaux":["47000"],"code_dep":"47","code_region":"75","population":32801,"surface_km2":11.52,"lat":44.201,"lon":0.6302,"fibre_pct":95.6},{"code_insee":"47002","nom":"Agmé","codes_postaux":["47350"],"code_dep":"47","code_region":"75","population":108,"surface_km2":5.01,"lat":44.4894,"lon":0.3412,"fibre_pct":100.0},{"code_insee":"47003","nom":"Agnac","codes_postaux":["47800"],"code_dep":"47","code_region":"75","population":482,"surface_km2":13.93,"lat":44.6406,"lon":0.3788,"fibre_pct":100.0},{"code_insee":"47004","nom":"Aiguillon","codes_postaux":["47190"],"code_dep":"47","code_region":"75","population":3968,"surface_km2":28.39,"lat":44.2989,"lon":0.362,"fibre_pct":99.9},{"code_insee":"47005","nom":"Allemans-du-Dropt","codes_postaux":["47800"],"code_dep":"47","code_region":"75","population":490,"surface_km2":6.44,"lat":44.6237,"lon":0.2859,"fibre_pct":96.3},{"code_insee":"47006","nom":"Allez-et-Cazeneuve","codes_postaux":["47110"],"code_dep":"47","code_region":"75","population":609,"surface_km2":10.78,"lat":44.3774,"lon":0.6291,"fibre_pct":99.7},{"code_insee":"47007","nom":"Allons","codes_postaux":["47420"],"code_dep":"47","code_region":"75","population":163,"surface_km2":76.28,"lat":44.2007,"lon":-0.0722,"fibre_pct":95.5},{"code_insee":"47008","nom":"Ambrus","codes_postaux":["47160"],"code_dep":"47","code_region":"75","population":110,"surface_km2":12.3,"lat":44.2319,"lon":0.2455,"fibre_pct":88.2},{"code_insee":"47009","nom":"Andiran","codes_postaux":["47170"],"code_dep":"47","code_region":"75","population":260,"surface_km2":9.98,"lat":44.1042,"lon":0.2863,"fibre_pct":88.9},{"code_insee":"47010","nom":"Antagnac","codes_postaux":["47700"],"code_dep":"47","code_region":"75","population":223,"surface_km2":9.37,"lat":44.3561,"lon":-0.0023,"fibre_pct":100.0},{"code_insee":"47011","nom":"Anthé","codes_postaux":["47370"],"code_dep":"47","code_region":"75","population":194,"surface_km2":14.14,"lat":44.3702,"lon":0.9582,"fibre_pct":97.2},{"code_insee":"47012","nom":"Anzex","codes_postaux":["47700"],"code_dep":"47","code_region":"75","population":332,"surface_km2":23.38,"lat":44.2849,"lon":0.1704,"fibre_pct":76.0},{"code_insee":"47013","nom":"Argenton","codes_postaux":["47250"],"code_dep":"47","code_region":"75","population":331,"surface_km2":12.18,"lat":44.3834,"lon":0.0661,"fibre_pct":100.0},{"code_insee":"47014","nom":"Armillac","codes_postaux":["47800"],"code_dep":"47","code_region":"75","population":209,"surface_km2":7.85,"lat":44.5552,"lon":0.3909,"fibre_pct":100.0},{"code_insee":"47015","nom":"Astaffort","codes_postaux":["47220"],"code_dep":"47","code_region":"75","population":1972,"surface_km2":35.42,"lat":44.0607,"lon":0.654,"fibre_pct":98.1},{"code_insee":"47016","nom":"Aubiac","codes_postaux":["47310"],"code_dep":"47","code_region":"75","population":1174,"surface_km2":14.09,"lat":44.1378,"lon":0.5687,"fibre_pct":94.9},{"code_insee":"47017","nom":"Auradou","codes_postaux":["47140"],"code_dep":"47","code_region":"75","population":405,"surface_km2":11.25,"lat":44.3417,"lon":0.8171,"fibre_pct":89.8},{"code_insee":"47018","nom":"Auriac-sur-Dropt","codes_postaux":["47120"],"code_dep":"47","code_region":"75","population":175,"surface_km2":5.29,"lat":44.6551,"lon":0.241,"fibre_pct":97.8},{"code_insee":"47019","nom":"Bajamont","codes_postaux":["47480"],"code_dep":"47","code_region":"75","population":1034,"surface_km2":12.26,"lat":44.256,"lon":0.7031,"fibre_pct":98.2},{"code_insee":"47020","nom":"Baleyssagues","codes_postaux":["47120"],"code_dep":"47","code_region":"75","population":188,"surface_km2":8.21,"lat":44.6834,"lon":0.1503,"fibre_pct":98.6},{"code_insee":"47021","nom":"Barbaste","codes_postaux":["47230"],"code_dep":"47","code_region":"75","population":1488,"surface_km2":38.86,"lat":44.1622,"lon":0.2382,"fibre_pct":96.2},{"code_insee":"47022","nom":"Bazens","codes_postaux":["47130"],"code_dep":"47","code_region":"75","population":494,"surface_km2":12.27,"lat":44.2671,"lon":0.4319,"fibre_pct":92.8},{"code_insee":"47023","nom":"Beaugas","codes_postaux":["47290"],"code_dep":"47","code_region":"75","population":322,"surface_km2":22.7,"lat":44.5119,"lon":0.6182,"fibre_pct":94.8},{"code_insee":"47024","nom":"Beaupuy","codes_postaux":["47200"],"code_dep":"47","code_region":"75","population":1712,"surface_km2":8.22,"lat":44.5322,"lon":0.1449,"fibre_pct":98.1},{"code_insee":"47025","nom":"Beauville","codes_postaux":["47470"],"code_dep":"47","code_region":"75","population":551,"surface_km2":23.29,"lat":44.2755,"lon":0.8971,"fibre_pct":87.6},{"code_insee":"47026","nom":"Beauziac","codes_postaux":["47700"],"code_dep":"47","code_region":"75","population":241,"surface_km2":15.44,"lat":44.3158,"lon":0.0311,"fibre_pct":100.0},{"code_insee":"47027","nom":"Bias","codes_postaux":["47300"],"code_dep":"47","code_region":"75","population":2977,"surface_km2":12.33,"lat":44.4102,"lon":0.6702,"fibre_pct":99.9},{"code_insee":"47028","nom":"Birac-sur-Trec","codes_postaux":["47200"],"code_dep":"47","code_region":"75","population":812,"surface_km2":14.36,"lat":44.4867,"lon":0.2612,"fibre_pct":100.0},{"code_insee":"47029","nom":"Blanquefort-sur-Briolance","codes_postaux":["47500"],"code_dep":"47","code_region":"75","population":518,"surface_km2":42.04,"lat":44.6101,"lon":0.963,"fibre_pct":86.6},{"code_insee":"47030","nom":"Blaymont","codes_postaux":["47470"],"code_dep":"47","code_region":"75","population":216,"surface_km2":13.64,"lat":44.2935,"lon":0.8589,"fibre_pct":95.8},{"code_insee":"47031","nom":"Boé","codes_postaux":["47550"],"code_dep":"47","code_region":"75","population":5846,"surface_km2":16.68,"lat":44.1695,"lon":0.6494,"fibre_pct":94.3},{"code_insee":"47032","nom":"Bon-Encontre","codes_postaux":["47240"],"code_dep":"47","code_region":"75","population":6530,"surface_km2":20.47,"lat":44.2089,"lon":0.6906,"fibre_pct":95.0},{"code_insee":"47033","nom":"Boudy-de-Beauregard","codes_postaux":["47290"],"code_dep":"47","code_region":"75","population":392,"surface_km2":10.18,"lat":44.5454,"lon":0.6768,"fibre_pct":96.2},{"code_insee":"47034","nom":"Bouglon","codes_postaux":["47250"],"code_dep":"47","code_region":"75","population":630,"surface_km2":14.07,"lat":44.4028,"lon":0.1024,"fibre_pct":100.0},{"code_insee":"47035","nom":"Bourgougnague","codes_postaux":["47410"],"code_dep":"47","code_region":"75","population":285,"surface_km2":11.77,"lat":44.6223,"lon":0.4186,"fibre_pct":88.1},{"code_insee":"47036","nom":"Bourlens","codes_postaux":["47370"],"code_dep":"47","code_region":"75","population":372,"surface_km2":15.62,"lat":44.4261,"lon":0.9711,"fibre_pct":80.2},{"code_insee":"47037","nom":"Bournel","codes_postaux":["47210"],"code_dep":"47","code_region":"75","population":247,"surface_km2":14.64,"lat":44.6315,"lon":0.6822,"fibre_pct":90.3},{"code_insee":"47038","nom":"Bourran","codes_postaux":["47320"],"code_dep":"47","code_region":"75","population":610,"surface_km2":18.31,"lat":44.3314,"lon":0.4016,"fibre_pct":99.5},{"code_insee":"47039","nom":"Boussès","codes_postaux":["47420"],"code_dep":"47","code_region":"75","population":41,"surface_km2":47.28,"lat":44.1589,"lon":0.0698,"fibre_pct":94.0},{"code_insee":"47040","nom":"Brax","codes_postaux":["47310"],"code_dep":"47","code_region":"75","population":2098,"surface_km2":8.87,"lat":44.1993,"lon":0.5586,"fibre_pct":99.9},{"code_insee":"47041","nom":"Bruch","codes_postaux":["47130"],"code_dep":"47","code_region":"75","population":688,"surface_km2":16.03,"lat":44.2069,"lon":0.4053,"fibre_pct":97.5},{"code_insee":"47042","nom":"Brugnac","codes_postaux":["47260"],"code_dep":"47","code_region":"75","population":180,"surface_km2":14.85,"lat":44.4546,"lon":0.4558,"fibre_pct":95.8},{"code_insee":"47043","nom":"Buzet-sur-Baïse","codes_postaux":["47160"],"code_dep":"47","code_region":"75","population":1245,"surface_km2":21.32,"lat":44.2515,"lon":0.304,"fibre_pct":92.6},{"code_insee":"47044","nom":"Cahuzac","codes_postaux":["47330"],"code_dep":"47","code_region":"75","population":308,"surface_km2":8.06,"lat":44.6615,"lon":0.5608,"fibre_pct":100.0},{"code_insee":"47045","nom":"Calignac","codes_postaux":["47600"],"code_dep":"47","code_region":"75","population":495,"surface_km2":18.46,"lat":44.1395,"lon":0.4184,"fibre_pct":99.7},{"code_insee":"47046","nom":"Calonges","codes_postaux":["47430"],"code_dep":"47","code_region":"75","population":581,"surface_km2":16.06,"lat":44.3746,"lon":0.2255,"fibre_pct":99.7},{"code_insee":"47047","nom":"Cambes","codes_postaux":["47350"],"code_dep":"47","code_region":"75","population":170,"surface_km2":9.25,"lat":44.5994,"lon":0.2752,"fibre_pct":99.1},{"code_insee":"47048","nom":"Cancon","codes_postaux":["47290"],"code_dep":"47","code_region":"75","population":1379,"surface_km2":24.53,"lat":44.547,"lon":0.6253,"fibre_pct":99.9},{"code_insee":"47049","nom":"Casseneuil","codes_postaux":["47440"],"code_dep":"47","code_region":"75","population":2348,"surface_km2":18.13,"lat":44.4461,"lon":0.6189,"fibre_pct":91.2},{"code_insee":"47050","nom":"Cassignas","codes_postaux":["47340"],"code_dep":"47","code_region":"75","population":127,"surface_km2":7.93,"lat":44.3004,"lon":0.7788,"fibre_pct":86.7},{"code_insee":"47051","nom":"Castelculier","codes_postaux":["47240"],"code_dep":"47","code_region":"75","population":2382,"surface_km2":14.98,"lat":44.1905,"lon":0.7051,"fibre_pct":97.0},{"code_insee":"47052","nom":"Casteljaloux","codes_postaux":["47700"],"code_dep":"47","code_region":"75","population":4755,"surface_km2":30.76,"lat":44.3103,"lon":0.0894,"fibre_pct":99.9},{"code_insee":"47053","nom":"Castella","codes_postaux":["47340"],"code_dep":"47","code_region":"75","population":370,"surface_km2":12.62,"lat":44.3125,"lon":0.6799,"fibre_pct":96.6},{"code_insee":"47054","nom":"Castelmoron-sur-Lot","codes_postaux":["47260"],"code_dep":"47","code_region":"75","population":1842,"surface_km2":23.27,"lat":44.4072,"lon":0.4832,"fibre_pct":99.1},{"code_insee":"47055","nom":"Castelnaud-de-Gratecambe","codes_postaux":["47290"],"code_dep":"47","code_region":"75","population":514,"surface_km2":17.33,"lat":44.5011,"lon":0.6874,"fibre_pct":99.7},{"code_insee":"47056","nom":"Castelnau-sur-Gupie","codes_postaux":["47180"],"code_dep":"47","code_region":"75","population":917,"surface_km2":15.38,"lat":44.5747,"lon":0.1409,"fibre_pct":99.0},{"code_insee":"47057","nom":"Castillonnès","codes_postaux":["47330"],"code_dep":"47","code_region":"75","population":1346,"surface_km2":19.41,"lat":44.6349,"lon":0.6049,"fibre_pct":99.7},{"code_insee":"47058","nom":"Caubeyres","codes_postaux":["47160"],"code_dep":"47","code_region":"75","population":277,"surface_km2":14.51,"lat":44.2571,"lon":0.214,"fibre_pct":98.1},{"code_insee":"47059","nom":"Caubon-Saint-Sauveur","codes_postaux":["47120"],"code_dep":"47","code_region":"75","population":261,"surface_km2":11.42,"lat":44.5929,"lon":0.1892,"fibre_pct":98.3},{"code_insee":"47060","nom":"Caudecoste","codes_postaux":["47220"],"code_dep":"47","code_region":"75","population":1127,"surface_km2":17.21,"lat":44.1227,"lon":0.745,"fibre_pct":98.3},{"code_insee":"47061","nom":"Caumont-sur-Garonne","codes_postaux":["47430"],"code_dep":"47","code_region":"75","population":823,"surface_km2":11.68,"lat":44.4217,"lon":0.181,"fibre_pct":100.0},{"code_insee":"47062","nom":"Cauzac","codes_postaux":["47470"],"code_dep":"47","code_region":"75","population":420,"surface_km2":14.61,"lat":44.2749,"lon":0.8242,"fibre_pct":97.4},{"code_insee":"47063","nom":"Cavarc","codes_postaux":["47330"],"code_dep":"47","code_region":"75","population":155,"surface_km2":12.06,"lat":44.681,"lon":0.6429,"fibre_pct":100.0},{"code_insee":"47064","nom":"Cazideroque","codes_postaux":["47370"],"code_dep":"47","code_region":"75","population":249,"surface_km2":12.05,"lat":44.4051,"lon":0.9333,"fibre_pct":100.0},{"code_insee":"47065","nom":"Clairac","codes_postaux":["47320"],"code_dep":"47","code_region":"75","population":2606,"surface_km2":33.91,"lat":44.3657,"lon":0.3901,"fibre_pct":94.1},{"code_insee":"47066","nom":"Clermont-Dessous","codes_postaux":["47130"],"code_dep":"47","code_region":"75","population":798,"surface_km2":15.31,"lat":44.2502,"lon":0.4534,"fibre_pct":82.8},{"code_insee":"47067","nom":"Clermont-Soubiran","codes_postaux":["47270"],"code_dep":"47","code_region":"75","population":395,"surface_km2":10.39,"lat":44.1413,"lon":0.8409,"fibre_pct":100.0},{"code_insee":"47068","nom":"Cocumont","codes_postaux":["47250"],"code_dep":"47","code_region":"75","population":1133,"surface_km2":25.54,"lat":44.4509,"lon":0.033,"fibre_pct":95.3},{"code_insee":"47069","nom":"Colayrac-Saint-Cirq","codes_postaux":["47450"],"code_dep":"47","code_region":"75","population":3095,"surface_km2":21.5,"lat":44.2351,"lon":0.5587,"fibre_pct":96.5},{"code_insee":"47070","nom":"Condezaygues","codes_postaux":["47500"],"code_dep":"47","code_region":"75","population":839,"surface_km2":10.88,"lat":44.4874,"lon":0.9121,"fibre_pct":99.6},{"code_insee":"47071","nom":"Coulx","codes_postaux":["47260"],"code_dep":"47","code_region":"75","population":256,"surface_km2":16.4,"lat":44.4702,"lon":0.465,"fibre_pct":100.0},{"code_insee":"47072","nom":"Courbiac","codes_postaux":["47370"],"code_dep":"47","code_region":"75","population":106,"surface_km2":9.09,"lat":44.3773,"lon":1.0376,"fibre_pct":74.4},{"code_insee":"47073","nom":"Cours","codes_postaux":["47360"],"code_dep":"47","code_region":"75","population":195,"surface_km2":11.43,"lat":44.3296,"lon":0.5942,"fibre_pct":100.0},{"code_insee":"47074","nom":"Couthures-sur-Garonne","codes_postaux":["47180"],"code_dep":"47","code_region":"75","population":365,"surface_km2":6.97,"lat":44.5207,"lon":0.0694,"fibre_pct":97.8},{"code_insee":"47075","nom":"La Croix-Blanche","codes_postaux":["47340"],"code_dep":"47","code_region":"75","population":1075,"surface_km2":13.07,"lat":44.2915,"lon":0.691,"fibre_pct":97.7},{"code_insee":"47076","nom":"Cuq","codes_postaux":["47220"],"code_dep":"47","code_region":"75","population":278,"surface_km2":16.94,"lat":44.0845,"lon":0.7181,"fibre_pct":89.5},{"code_insee":"47077","nom":"Cuzorn","codes_postaux":["47500"],"code_dep":"47","code_region":"75","population":845,"surface_km2":23.55,"lat":44.5485,"lon":0.9504,"fibre_pct":94.4},{"code_insee":"47078","nom":"Damazan","codes_postaux":["47160"],"code_dep":"47","code_region":"75","population":1358,"surface_km2":16.45,"lat":44.2827,"lon":0.2765,"fibre_pct":96.2},{"code_insee":"47079","nom":"Dausse","codes_postaux":["47140"],"code_dep":"47","code_region":"75","population":526,"surface_km2":6.99,"lat":44.3894,"lon":0.8857,"fibre_pct":99.7},{"code_insee":"47080","nom":"Dévillac","codes_postaux":["47210"],"code_dep":"47","code_region":"75","population":157,"surface_km2":9.25,"lat":44.6071,"lon":0.8071,"fibre_pct":96.9},{"code_insee":"47081","nom":"Dolmayrac","codes_postaux":["47110"],"code_dep":"47","code_region":"75","population":719,"surface_km2":19.48,"lat":44.3575,"lon":0.5916,"fibre_pct":88.7},{"code_insee":"47082","nom":"Dondas","codes_postaux":["47470"],"code_dep":"47","code_region":"75","population":219,"surface_km2":14.47,"lat":44.2397,"lon":0.8614,"fibre_pct":99.4},{"code_insee":"47083","nom":"Doudrac","codes_postaux":["47210"],"code_dep":"47","code_region":"75","population":105,"surface_km2":8.66,"lat":44.6632,"lon":0.6768,"fibre_pct":100.0},{"code_insee":"47084","nom":"Douzains","codes_postaux":["47330"],"code_dep":"47","code_region":"75","population":255,"surface_km2":12.68,"lat":44.636,"lon":0.5473,"fibre_pct":100.0},{"code_insee":"47085","nom":"Durance","codes_postaux":["47420"],"code_dep":"47","code_region":"75","population":255,"surface_km2":38.82,"lat":44.1638,"lon":0.1697,"fibre_pct":86.3},{"code_insee":"47086","nom":"Duras","codes_postaux":["47120"],"code_dep":"47","code_region":"75","population":1208,"surface_km2":20.15,"lat":44.6755,"lon":0.2021,"fibre_pct":99.8},{"code_insee":"47087","nom":"Engayrac","codes_postaux":["47470"],"code_dep":"47","code_region":"75","population":160,"surface_km2":10.08,"lat":44.2526,"lon":0.8941,"fibre_pct":99.0},{"code_insee":"47088","nom":"Escassefort","codes_postaux":["47350"],"code_dep":"47","code_region":"75","population":682,"surface_km2":14.04,"lat":44.5527,"lon":0.2307,"fibre_pct":98.3},{"code_insee":"47089","nom":"Esclottes","codes_postaux":["47120"],"code_dep":"47","code_region":"75","population":170,"surface_km2":9.24,"lat":44.7166,"lon":0.149,"fibre_pct":95.6},{"code_insee":"47090","nom":"Espiens","codes_postaux":["47600"],"code_dep":"47","code_region":"75","population":358,"surface_km2":17.67,"lat":44.1709,"lon":0.3822,"fibre_pct":96.7},{"code_insee":"47091","nom":"Estillac","codes_postaux":["47310"],"code_dep":"47","code_region":"75","population":2463,"surface_km2":8.06,"lat":44.1709,"lon":0.5765,"fibre_pct":98.2},{"code_insee":"47092","nom":"Fals","codes_postaux":["47220"],"code_dep":"47","code_region":"75","population":403,"surface_km2":9.45,"lat":44.1053,"lon":0.6918,"fibre_pct":95.6},{"code_insee":"47093","nom":"Fargues-sur-Ourbise","codes_postaux":["47700"],"code_dep":"47","code_region":"75","population":338,"surface_km2":44.53,"lat":44.2274,"lon":0.1637,"fibre_pct":97.1},{"code_insee":"47094","nom":"Fauguerolles","codes_postaux":["47400"],"code_dep":"47","code_region":"75","population":822,"surface_km2":6.93,"lat":44.4463,"lon":0.242,"fibre_pct":100.0},{"code_insee":"47095","nom":"Fauillet","codes_postaux":["47400"],"code_dep":"47","code_region":"75","population":864,"surface_km2":14.2,"lat":44.4227,"lon":0.291,"fibre_pct":98.6},{"code_insee":"47096","nom":"Ferrensac","codes_postaux":["47330"],"code_dep":"47","code_region":"75","population":205,"surface_km2":12.38,"lat":44.6414,"lon":0.6386,"fibre_pct":100.0},{"code_insee":"47097","nom":"Feugarolles","codes_postaux":["47230"],"code_dep":"47","code_region":"75","population":1015,"surface_km2":24.01,"lat":44.2134,"lon":0.3623,"fibre_pct":93.9},{"code_insee":"47098","nom":"Fieux","codes_postaux":["47600"],"code_dep":"47","code_region":"75","population":323,"surface_km2":14.92,"lat":44.1009,"lon":0.4184,"fibre_pct":96.3},{"code_insee":"47099","nom":"Fongrave","codes_postaux":["47260"],"code_dep":"47","code_region":"75","population":629,"surface_km2":9.49,"lat":44.4052,"lon":0.5325,"fibre_pct":99.1},{"code_insee":"47100","nom":"Foulayronnes","codes_postaux":["47510"],"code_dep":"47","code_region":"75","population":5476,"surface_km2":29.01,"lat":44.2562,"lon":0.6426,"fibre_pct":94.6},{"code_insee":"47101","nom":"Fourques-sur-Garonne","codes_postaux":["47200"],"code_dep":"47","code_region":"75","population":1293,"surface_km2":13.95,"lat":44.4561,"lon":0.1539,"fibre_pct":100.0},{"code_insee":"47102","nom":"Francescas","codes_postaux":["47600"],"code_dep":"47","code_region":"75","population":750,"surface_km2":21.41,"lat":44.0666,"lon":0.4276,"fibre_pct":96.2},{"code_insee":"47103","nom":"Fréchou","codes_postaux":["47600"],"code_dep":"47","code_region":"75","population":220,"surface_km2":12.0,"lat":44.0824,"lon":0.3384,"fibre_pct":100.0},{"code_insee":"47104","nom":"Frégimont","codes_postaux":["47360"],"code_dep":"47","code_region":"75","population":271,"surface_km2":7.61,"lat":44.2787,"lon":0.464,"fibre_pct":96.8},{"code_insee":"47105","nom":"Frespech","codes_postaux":["47140"],"code_dep":"47","code_region":"75","population":279,"surface_km2":11.8,"lat":44.3143,"lon":0.8177,"fibre_pct":92.3},{"code_insee":"47106","nom":"Fumel","codes_postaux":["47500"],"code_dep":"47","code_region":"75","population":4690,"surface_km2":22.76,"lat":44.5122,"lon":0.9799,"fibre_pct":95.7},{"code_insee":"47107","nom":"Galapian","codes_postaux":["47190"],"code_dep":"47","code_region":"75","population":333,"surface_km2":9.39,"lat":44.2985,"lon":0.4102,"fibre_pct":100.0},{"code_insee":"47108","nom":"Gaujac","codes_postaux":["47200"],"code_dep":"47","code_region":"75","population":241,"surface_km2":7.18,"lat":44.4894,"lon":0.1131,"fibre_pct":97.0},{"code_insee":"47109","nom":"Gavaudun","codes_postaux":["47150"],"code_dep":"47","code_region":"75","population":302,"surface_km2":21.44,"lat":44.5662,"lon":0.8884,"fibre_pct":83.5},{"code_insee":"47110","nom":"Gontaud-de-Nogaret","codes_postaux":["47400"],"code_dep":"47","code_region":"75","population":1638,"surface_km2":29.54,"lat":44.4601,"lon":0.2854,"fibre_pct":92.4},{"code_insee":"47111","nom":"Granges-sur-Lot","codes_postaux":["47260"],"code_dep":"47","code_region":"75","population":590,"surface_km2":4.21,"lat":44.3669,"lon":0.4704,"fibre_pct":98.3},{"code_insee":"47112","nom":"Grateloup-Saint-Gayrand","codes_postaux":["47400"],"code_dep":"47","code_region":"75","population":469,"surface_km2":20.72,"lat":44.4175,"lon":0.3948,"fibre_pct":100.0},{"code_insee":"47113","nom":"Grayssas","codes_postaux":["47270"],"code_dep":"47","code_region":"75","population":150,"surface_km2":9.38,"lat":44.1592,"lon":0.8592,"fibre_pct":98.9},{"code_insee":"47114","nom":"Grézet-Cavagnan","codes_postaux":["47250"],"code_dep":"47","code_region":"75","population":409,"surface_km2":12.65,"lat":44.3797,"lon":0.1287,"fibre_pct":100.0},{"code_insee":"47115","nom":"Guérin","codes_postaux":["47250"],"code_dep":"47","code_region":"75","population":246,"surface_km2":10.5,"lat":44.4121,"lon":0.0563,"fibre_pct":96.3},{"code_insee":"47117","nom":"Hautefage-la-Tour","codes_postaux":["47340"],"code_dep":"47","code_region":"75","population":1029,"surface_km2":20.8,"lat":44.3426,"lon":0.7766,"fibre_pct":99.4},{"code_insee":"47118","nom":"Hautesvignes","codes_postaux":["47400"],"code_dep":"47","code_region":"75","population":163,"surface_km2":8.9,"lat":44.4595,"lon":0.3507,"fibre_pct":97.0},{"code_insee":"47119","nom":"Houeillès","codes_postaux":["47420"],"code_dep":"47","code_region":"75","population":559,"surface_km2":67.75,"lat":44.1888,"lon":0.0453,"fibre_pct":93.4},{"code_insee":"47120","nom":"Jusix","codes_postaux":["47180"],"code_dep":"47","code_region":"75","population":96,"surface_km2":7.55,"lat":44.5361,"lon":0.0485,"fibre_pct":98.6},{"code_insee":"47121","nom":"Labastide-Castel-Amouroux","codes_postaux":["47250"],"code_dep":"47","code_region":"75","population":317,"surface_km2":12.01,"lat":44.3479,"lon":0.1274,"fibre_pct":100.0},{"code_insee":"47122","nom":"Labretonie","codes_postaux":["47350"],"code_dep":"47","code_region":"75","population":167,"surface_km2":11.86,"lat":44.4916,"lon":0.3701,"fibre_pct":98.6},{"code_insee":"47123","nom":"Lacapelle-Biron","codes_postaux":["47150"],"code_dep":"47","code_region":"75","population":391,"surface_km2":13.93,"lat":44.6021,"lon":0.8976,"fibre_pct":96.7},{"code_insee":"47124","nom":"Lacaussade","codes_postaux":["47150"],"code_dep":"47","code_region":"75","population":210,"surface_km2":10.32,"lat":44.5067,"lon":0.8253,"fibre_pct":100.0},{"code_insee":"47125","nom":"Lacépède","codes_postaux":["47360"],"code_dep":"47","code_region":"75","population":320,"surface_km2":11.34,"lat":44.3195,"lon":0.4862,"fibre_pct":100.0},{"code_insee":"47126","nom":"Lachapelle","codes_postaux":["47350"],"code_dep":"47","code_region":"75","population":96,"surface_km2":4.58,"lat":44.5732,"lon":0.2602,"fibre_pct":91.2},{"code_insee":"47127","nom":"Lafitte-sur-Lot","codes_postaux":["47320"],"code_dep":"47","code_region":"75","population":832,"surface_km2":16.04,"lat":44.3579,"lon":0.4314,"fibre_pct":94.9},{"code_insee":"47128","nom":"Lafox","codes_postaux":["47240"],"code_dep":"47","code_region":"75","population":1098,"surface_km2":5.1,"lat":44.1654,"lon":0.6984,"fibre_pct":95.7},{"code_insee":"47129","nom":"Lagarrigue","codes_postaux":["47190"],"code_dep":"47","code_region":"75","population":272,"surface_km2":4.43,"lat":44.2904,"lon":0.3849,"fibre_pct":88.7},{"code_insee":"47130","nom":"Lagruère","codes_postaux":["47400"],"code_dep":"47","code_region":"75","population":351,"surface_km2":9.96,"lat":44.3974,"lon":0.2661,"fibre_pct":100.0},{"code_insee":"47131","nom":"Lagupie","codes_postaux":["47180"],"code_dep":"47","code_region":"75","population":680,"surface_km2":8.72,"lat":44.5707,"lon":0.1099,"fibre_pct":99.7},{"code_insee":"47132","nom":"Lalandusse","codes_postaux":["47330"],"code_dep":"47","code_region":"75","population":219,"surface_km2":9.44,"lat":44.6602,"lon":0.5236,"fibre_pct":94.5},{"code_insee":"47133","nom":"Lamontjoie","codes_postaux":["47310"],"code_dep":"47","code_region":"75","population":553,"surface_km2":17.86,"lat":44.0695,"lon":0.5357,"fibre_pct":98.3},{"code_insee":"47134","nom":"Lannes","codes_postaux":["47170"],"code_dep":"47","code_region":"75","population":359,"surface_km2":32.72,"lat":44.0256,"lon":0.2774,"fibre_pct":89.8},{"code_insee":"47135","nom":"Laparade","codes_postaux":["47260"],"code_dep":"47","code_region":"75","population":395,"surface_km2":16.22,"lat":44.409,"lon":0.4425,"fibre_pct":98.5},{"code_insee":"47136","nom":"Laperche","codes_postaux":["47800"],"code_dep":"47","code_region":"75","population":141,"surface_km2":8.44,"lat":44.5453,"lon":0.4156,"fibre_pct":100.0},{"code_insee":"47137","nom":"Laplume","codes_postaux":["47310"],"code_dep":"47","code_region":"75","population":1330,"surface_km2":32.87,"lat":44.1249,"lon":0.5374,"fibre_pct":95.7},{"code_insee":"47138","nom":"Laroque-Timbaut","codes_postaux":["47340"],"code_dep":"47","code_region":"75","population":1589,"surface_km2":21.69,"lat":44.2787,"lon":0.7605,"fibre_pct":89.1},{"code_insee":"47139","nom":"Lasserre","codes_postaux":["47600"],"code_dep":"47","code_region":"75","population":99,"surface_km2":6.51,"lat":44.0755,"lon":0.3876,"fibre_pct":96.2},{"code_insee":"47140","nom":"Laugnac","codes_postaux":["47360"],"code_dep":"47","code_region":"75","population":675,"surface_km2":17.31,"lat":44.2958,"lon":0.5994,"fibre_pct":96.2},{"code_insee":"47141","nom":"Laussou","codes_postaux":["47150"],"code_dep":"47","code_region":"75","population":284,"surface_km2":17.21,"lat":44.573,"lon":0.7818,"fibre_pct":91.0},{"code_insee":"47142","nom":"Lauzun","codes_postaux":["47410"],"code_dep":"47","code_region":"75","population":735,"surface_km2":24.26,"lat":44.6434,"lon":0.4664,"fibre_pct":100.0},{"code_insee":"47143","nom":"Lavardac","codes_postaux":["47230"],"code_dep":"47","code_region":"75","population":2307,"surface_km2":15.25,"lat":44.1821,"lon":0.3006,"fibre_pct":99.9},{"code_insee":"47144","nom":"Lavergne","codes_postaux":["47800"],"code_dep":"47","code_region":"75","population":554,"surface_km2":20.27,"lat":44.5824,"lon":0.4158,"fibre_pct":100.0},{"code_insee":"47145","nom":"Layrac","codes_postaux":["47390"],"code_dep":"47","code_region":"75","population":4010,"surface_km2":38.3,"lat":44.1234,"lon":0.6596,"fibre_pct":94.4},{"code_insee":"47146","nom":"Lédat","codes_postaux":["47300"],"code_dep":"47","code_region":"75","population":1431,"surface_km2":12.54,"lat":44.448,"lon":0.6668,"fibre_pct":99.6},{"code_insee":"47147","nom":"Lévignac-de-Guyenne","codes_postaux":["47120"],"code_dep":"47","code_region":"75","population":674,"surface_km2":25.07,"lat":44.6235,"lon":0.2039,"fibre_pct":96.4},{"code_insee":"47148","nom":"Leyritz-Moncassin","codes_postaux":["47700"],"code_dep":"47","code_region":"75","population":206,"surface_km2":20.36,"lat":44.3347,"lon":0.1801,"fibre_pct":90.0},{"code_insee":"47150","nom":"Longueville","codes_postaux":["47200"],"code_dep":"47","code_region":"75","population":376,"surface_km2":4.81,"lat":44.4637,"lon":0.2195,"fibre_pct":100.0},{"code_insee":"47151","nom":"Loubès-Bernac","codes_postaux":["47120"],"code_dep":"47","code_region":"75","population":407,"surface_km2":19.25,"lat":44.7345,"lon":0.3098,"fibre_pct":97.9},{"code_insee":"47152","nom":"Lougratte","codes_postaux":["47290"],"code_dep":"47","code_region":"75","population":421,"surface_km2":20.55,"lat":44.5931,"lon":0.6231,"fibre_pct":98.4},{"code_insee":"47154","nom":"Lusignan-Petit","codes_postaux":["47360"],"code_dep":"47","code_region":"75","population":353,"surface_km2":7.3,"lat":44.2603,"lon":0.5141,"fibre_pct":100.0},{"code_insee":"47155","nom":"Madaillan","codes_postaux":["47360"],"code_dep":"47","code_region":"75","population":648,"surface_km2":24.4,"lat":44.2764,"lon":0.5815,"fibre_pct":87.7},{"code_insee":"47156","nom":"Marcellus","codes_postaux":["47200"],"code_dep":"47","code_region":"75","population":892,"surface_km2":11.9,"lat":44.4807,"lon":0.0796,"fibre_pct":99.3},{"code_insee":"47157","nom":"Marmande","codes_postaux":["47200"],"code_dep":"47","code_region":"75","population":17328,"surface_km2":44.89,"lat":44.5014,"lon":0.1689,"fibre_pct":94.8},{"code_insee":"47158","nom":"Marmont-Pachas","codes_postaux":["47220"],"code_dep":"47","code_region":"75","population":157,"surface_km2":8.05,"lat":44.0956,"lon":0.5871,"fibre_pct":77.9},{"code_insee":"47159","nom":"Le Mas-d'Agenais","codes_postaux":["47430"],"code_dep":"47","code_region":"75","population":1456,"surface_km2":21.19,"lat":44.399,"lon":0.2013,"fibre_pct":100.0},{"code_insee":"47160","nom":"Masquières","codes_postaux":["47370"],"code_dep":"47","code_region":"75","population":171,"surface_km2":11.36,"lat":44.408,"lon":1.0397,"fibre_pct":69.8},{"code_insee":"47161","nom":"Massels","codes_postaux":["47140"],"code_dep":"47","code_region":"75","population":120,"surface_km2":6.22,"lat":44.3198,"lon":0.8558,"fibre_pct":92.0},{"code_insee":"47162","nom":"Massoulès","codes_postaux":["47140"],"code_dep":"47","code_region":"75","population":194,"surface_km2":7.92,"lat":44.339,"lon":0.8673,"fibre_pct":71.2},{"code_insee":"47163","nom":"Mauvezin-sur-Gupie","codes_postaux":["47200"],"code_dep":"47","code_region":"75","population":613,"surface_km2":15.93,"lat":44.5626,"lon":0.1727,"fibre_pct":89.9},{"code_insee":"47164","nom":"Mazières-Naresse","codes_postaux":["47210"],"code_dep":"47","code_region":"75","population":96,"surface_km2":8.93,"lat":44.6543,"lon":0.7073,"fibre_pct":99.5},{"code_insee":"47165","nom":"Meilhan-sur-Garonne","codes_postaux":["47180"],"code_dep":"47","code_region":"75","population":1326,"surface_km2":28.71,"lat":44.5135,"lon":0.0348,"fibre_pct":98.9},{"code_insee":"47167","nom":"Mézin","codes_postaux":["47170"],"code_dep":"47","code_region":"75","population":1433,"surface_km2":31.81,"lat":44.0569,"lon":0.2662,"fibre_pct":98.8},{"code_insee":"47168","nom":"Miramont-de-Guyenne","codes_postaux":["47800"],"code_dep":"47","code_region":"75","population":3081,"surface_km2":16.86,"lat":44.5883,"lon":0.3578,"fibre_pct":99.6},{"code_insee":"47169","nom":"Moirax","codes_postaux":["47310"],"code_dep":"47","code_region":"75","population":1197,"surface_km2":16.36,"lat":44.1358,"lon":0.608,"fibre_pct":99.2},{"code_insee":"47170","nom":"Monbahus","codes_postaux":["47290"],"code_dep":"47","code_region":"75","population":626,"surface_km2":32.11,"lat":44.5352,"lon":0.5224,"fibre_pct":100.0},{"code_insee":"47171","nom":"Monbalen","codes_postaux":["47340"],"code_dep":"47","code_region":"75","population":451,"surface_km2":12.98,"lat":44.3131,"lon":0.7365,"fibre_pct":99.6},{"code_insee":"47172","nom":"Moncaut","codes_postaux":["47310"],"code_dep":"47","code_region":"75","population":589,"surface_km2":15.89,"lat":44.1452,"lon":0.4965,"fibre_pct":95.3},{"code_insee":"47173","nom":"Monclar","codes_postaux":["47380"],"code_dep":"47","code_region":"75","population":900,"surface_km2":24.22,"lat":44.4445,"lon":0.5257,"fibre_pct":85.1},{"code_insee":"47174","nom":"Moncrabeau","codes_postaux":["47600"],"code_dep":"47","code_region":"75","population":745,"surface_km2":50.29,"lat":44.0473,"lon":0.3816,"fibre_pct":96.1},{"code_insee":"47175","nom":"Monflanquin","codes_postaux":["47150"],"code_dep":"47","code_region":"75","population":2342,"surface_km2":62.41,"lat":44.5102,"lon":0.7589,"fibre_pct":88.5},{"code_insee":"47176","nom":"Montgaillard-en-Albret","codes_postaux":["47230"],"code_dep":"47","code_region":"75","population":167,"surface_km2":8.59,"lat":44.2097,"lon":0.2982,"fibre_pct":91.5},{"code_insee":"47177","nom":"Monheurt","codes_postaux":["47160"],"code_dep":"47","code_region":"75","population":190,"surface_km2":11.39,"lat":44.3366,"lon":0.3095,"fibre_pct":100.0},{"code_insee":"47178","nom":"Monségur","codes_postaux":["47150"],"code_dep":"47","code_region":"75","population":397,"surface_km2":11.35,"lat":44.4848,"lon":0.8788,"fibre_pct":98.7},{"code_insee":"47179","nom":"Monsempron-Libos","codes_postaux":["47500"],"code_dep":"47","code_region":"75","population":2122,"surface_km2":9.03,"lat":44.5002,"lon":0.9282,"fibre_pct":93.6},{"code_insee":"47180","nom":"Montagnac-sur-Auvignon","codes_postaux":["47600"],"code_dep":"47","code_region":"75","population":641,"surface_km2":22.93,"lat":44.1645,"lon":0.4525,"fibre_pct":99.4},{"code_insee":"47181","nom":"Montagnac-sur-Lède","codes_postaux":["47150"],"code_dep":"47","code_region":"75","population":271,"surface_km2":19.62,"lat":44.5392,"lon":0.8442,"fibre_pct":100.0},{"code_insee":"47182","nom":"Montastruc","codes_postaux":["47380"],"code_dep":"47","code_region":"75","population":232,"surface_km2":24.78,"lat":44.4938,"lon":0.517,"fibre_pct":80.2},{"code_insee":"47183","nom":"Montauriol","codes_postaux":["47330"],"code_dep":"47","code_region":"75","population":226,"surface_km2":9.95,"lat":44.6158,"lon":0.5797,"fibre_pct":100.0},{"code_insee":"47184","nom":"Montaut","codes_postaux":["47210"],"code_dep":"47","code_region":"75","population":253,"surface_km2":14.2,"lat":44.6081,"lon":0.6825,"fibre_pct":100.0},{"code_insee":"47185","nom":"Montayral","codes_postaux":["47500"],"code_dep":"47","code_region":"75","population":2654,"surface_km2":25.07,"lat":44.4705,"lon":0.9865,"fibre_pct":96.3},{"code_insee":"47186","nom":"Montesquieu","codes_postaux":["47130"],"code_dep":"47","code_region":"75","population":733,"surface_km2":25.63,"lat":44.2093,"lon":0.4528,"fibre_pct":99.6},{"code_insee":"47187","nom":"Monteton","codes_postaux":["47120"],"code_dep":"47","code_region":"75","population":323,"surface_km2":13.89,"lat":44.6139,"lon":0.2493,"fibre_pct":92.8},{"code_insee":"47188","nom":"Montignac-de-Lauzun","codes_postaux":["47800"],"code_dep":"47","code_region":"75","population":286,"surface_km2":20.53,"lat":44.568,"lon":0.4793,"fibre_pct":100.0},{"code_insee":"47189","nom":"Montignac-Toupinerie","codes_postaux":["47350"],"code_dep":"47","code_region":"75","population":137,"surface_km2":8.34,"lat":44.5491,"lon":0.3514,"fibre_pct":98.2},{"code_insee":"47190","nom":"Montpezat","codes_postaux":["47360"],"code_dep":"47","code_region":"75","population":566,"surface_km2":24.29,"lat":44.3438,"lon":0.5289,"fibre_pct":98.4},{"code_insee":"47191","nom":"Montpouillan","codes_postaux":["47200"],"code_dep":"47","code_region":"75","population":807,"surface_km2":12.13,"lat":44.4594,"lon":0.0969,"fibre_pct":100.0},{"code_insee":"47192","nom":"Monviel","codes_postaux":["47290"],"code_dep":"47","code_region":"75","population":76,"surface_km2":6.25,"lat":44.567,"lon":0.541,"fibre_pct":79.9},{"code_insee":"47193","nom":"Moulinet","codes_postaux":["47290"],"code_dep":"47","code_region":"75","population":195,"surface_km2":14.7,"lat":44.5442,"lon":0.5871,"fibre_pct":93.9},{"code_insee":"47194","nom":"Moustier","codes_postaux":["47800"],"code_dep":"47","code_region":"75","population":324,"surface_km2":8.34,"lat":44.6437,"lon":0.3017,"fibre_pct":96.0},{"code_insee":"47195","nom":"Nérac","codes_postaux":["47600"],"code_dep":"47","code_region":"75","population":6992,"surface_km2":62.76,"lat":44.1339,"lon":0.347,"fibre_pct":97.6},{"code_insee":"47196","nom":"Nicole","codes_postaux":["47190"],"code_dep":"47","code_region":"75","population":237,"surface_km2":4.75,"lat":44.3303,"lon":0.3309,"fibre_pct":100.0},{"code_insee":"47197","nom":"Nomdieu","codes_postaux":["47600"],"code_dep":"47","code_region":"75","population":256,"surface_km2":12.62,"lat":44.0829,"lon":0.471,"fibre_pct":95.8},{"code_insee":"47198","nom":"Pailloles","codes_postaux":["47440"],"code_dep":"47","code_region":"75","population":315,"surface_km2":9.25,"lat":44.4746,"lon":0.6521,"fibre_pct":87.3},{"code_insee":"47199","nom":"Pardaillan","codes_postaux":["47120"],"code_dep":"47","code_region":"75","population":334,"surface_km2":19.65,"lat":44.6666,"lon":0.2674,"fibre_pct":100.0},{"code_insee":"47200","nom":"Parranquet","codes_postaux":["47210"],"code_dep":"47","code_region":"75","population":113,"surface_km2":9.62,"lat":44.6628,"lon":0.8187,"fibre_pct":94.8},{"code_insee":"47201","nom":"Le Passage","codes_postaux":["47520"],"code_dep":"47","code_region":"75","population":9326,"surface_km2":12.91,"lat":44.1898,"lon":0.5873,"fibre_pct":97.6},{"code_insee":"47202","nom":"Paulhiac","codes_postaux":["47150"],"code_dep":"47","code_region":"75","population":304,"surface_km2":22.39,"lat":44.5794,"lon":0.8239,"fibre_pct":94.4},{"code_insee":"47203","nom":"Penne-d'Agenais","codes_postaux":["47140"],"code_dep":"47","code_region":"75","population":2496,"surface_km2":47.1,"lat":44.3861,"lon":0.8356,"fibre_pct":93.8},{"code_insee":"47204","nom":"Peyrière","codes_postaux":["47350"],"code_dep":"47","code_region":"75","population":293,"surface_km2":8.17,"lat":44.5772,"lon":0.3054,"fibre_pct":92.4},{"code_insee":"47205","nom":"Pindères","codes_postaux":["47700"],"code_dep":"47","code_region":"75","population":189,"surface_km2":41.09,"lat":44.2723,"lon":0.0006,"fibre_pct":85.9},{"code_insee":"47206","nom":"Pinel-Hauterive","codes_postaux":["47380"],"code_dep":"47","code_region":"75","population":564,"surface_km2":21.92,"lat":44.4637,"lon":0.5719,"fibre_pct":99.4},{"code_insee":"47207","nom":"Pompiey","codes_postaux":["47230"],"code_dep":"47","code_region":"75","population":224,"surface_km2":19.72,"lat":44.1994,"lon":0.2042,"fibre_pct":95.3},{"code_insee":"47208","nom":"Pompogne","codes_postaux":["47420"],"code_dep":"47","code_region":"75","population":192,"surface_km2":36.24,"lat":44.2425,"lon":0.0629,"fibre_pct":74.5},{"code_insee":"47209","nom":"Pont-du-Casse","codes_postaux":["47480"],"code_dep":"47","code_region":"75","population":4191,"surface_km2":19.28,"lat":44.2401,"lon":0.6796,"fibre_pct":95.6},{"code_insee":"47210","nom":"Port-Sainte-Marie","codes_postaux":["47130"],"code_dep":"47","code_region":"75","population":1887,"surface_km2":19.04,"lat":44.2649,"lon":0.3735,"fibre_pct":100.0},{"code_insee":"47211","nom":"Poudenas","codes_postaux":["47170"],"code_dep":"47","code_region":"75","population":196,"surface_km2":17.38,"lat":44.0395,"lon":0.199,"fibre_pct":85.1},{"code_insee":"47212","nom":"Poussignac","codes_postaux":["47700"],"code_dep":"47","code_region":"75","population":309,"surface_km2":13.13,"lat":44.3511,"lon":0.0772,"fibre_pct":90.9},{"code_insee":"47213","nom":"Prayssas","codes_postaux":["47360"],"code_dep":"47","code_region":"75","population":993,"surface_km2":26.61,"lat":44.2943,"lon":0.5185,"fibre_pct":100.0},{"code_insee":"47214","nom":"Puch-d'Agenais","codes_postaux":["47160"],"code_dep":"47","code_region":"75","population":718,"surface_km2":23.23,"lat":44.3323,"lon":0.2604,"fibre_pct":96.5},{"code_insee":"47215","nom":"Pujols","codes_postaux":["47300"],"code_dep":"47","code_region":"75","population":3769,"surface_km2":25.22,"lat":44.3687,"lon":0.7006,"fibre_pct":100.0},{"code_insee":"47216","nom":"Puymiclan","codes_postaux":["47350"],"code_dep":"47","code_region":"75","population":701,"surface_km2":25.92,"lat":44.5124,"lon":0.3127,"fibre_pct":99.7},{"code_insee":"47217","nom":"Puymirol","codes_postaux":["47270"],"code_dep":"47","code_region":"75","population":899,"surface_km2":19.65,"lat":44.1916,"lon":0.8076,"fibre_pct":91.9},{"code_insee":"47218","nom":"Puysserampion","codes_postaux":["47800"],"code_dep":"47","code_region":"75","population":265,"surface_km2":10.82,"lat":44.5975,"lon":0.319,"fibre_pct":93.2},{"code_insee":"47219","nom":"Rayet","codes_postaux":["47210"],"code_dep":"47","code_region":"75","population":172,"surface_km2":10.03,"lat":44.6687,"lon":0.7607,"fibre_pct":94.3},{"code_insee":"47220","nom":"Razimet","codes_postaux":["47160"],"code_dep":"47","code_region":"75","population":309,"surface_km2":7.31,"lat":44.3528,"lon":0.2295,"fibre_pct":97.2},{"code_insee":"47221","nom":"Réaup-Lisse","codes_postaux":["47170"],"code_dep":"47","code_region":"75","population":591,"surface_km2":71.04,"lat":44.0935,"lon":0.2109,"fibre_pct":89.4},{"code_insee":"47222","nom":"La Réunion","codes_postaux":["47700"],"code_dep":"47","code_region":"75","population":524,"surface_km2":28.16,"lat":44.2843,"lon":0.1163,"fibre_pct":100.0},{"code_insee":"47223","nom":"Rives","codes_postaux":["47210"],"code_dep":"47","code_region":"75","population":194,"surface_km2":12.8,"lat":44.6555,"lon":0.7377,"fibre_pct":93.4},{"code_insee":"47224","nom":"Romestaing","codes_postaux":["47250"],"code_dep":"47","code_region":"75","population":163,"surface_km2":15.58,"lat":44.4153,"lon":0.0174,"fibre_pct":93.4},{"code_insee":"47225","nom":"Roquefort","codes_postaux":["47310"],"code_dep":"47","code_region":"75","population":2078,"surface_km2":7.56,"lat":44.1739,"lon":0.5615,"fibre_pct":100.0},{"code_insee":"47226","nom":"Roumagne","codes_postaux":["47800"],"code_dep":"47","code_region":"75","population":539,"surface_km2":10.63,"lat":44.6242,"lon":0.3409,"fibre_pct":98.9},{"code_insee":"47227","nom":"Ruffiac","codes_postaux":["47700"],"code_dep":"47","code_region":"75","population":179,"surface_km2":13.03,"lat":44.3685,"lon":0.0392,"fibre_pct":100.0},{"code_insee":"47228","nom":"Saint-Antoine-de-Ficalba","codes_postaux":["47340"],"code_dep":"47","code_region":"75","population":721,"surface_km2":11.02,"lat":44.3393,"lon":0.7182,"fibre_pct":100.0},{"code_insee":"47229","nom":"Saint-Astier","codes_postaux":["47120"],"code_dep":"47","code_region":"75","population":203,"surface_km2":9.53,"lat":44.7275,"lon":0.2725,"fibre_pct":99.7},{"code_insee":"47230","nom":"Saint-Aubin","codes_postaux":["47150"],"code_dep":"47","code_region":"75","population":393,"surface_km2":18.5,"lat":44.4741,"lon":0.8322,"fibre_pct":100.0},{"code_insee":"47231","nom":"Saint-Avit","codes_postaux":["47350"],"code_dep":"47","code_region":"75","population":185,"surface_km2":9.05,"lat":44.575,"lon":0.2205,"fibre_pct":98.3},{"code_insee":"47232","nom":"Saint-Barthélemy-d'Agenais","codes_postaux":["47350"],"code_dep":"47","code_region":"75","population":549,"surface_km2":15.43,"lat":44.5209,"lon":0.365,"fibre_pct":99.7},{"code_insee":"47233","nom":"Sainte-Bazeille","codes_postaux":["47180"],"code_dep":"47","code_region":"75","population":3171,"surface_km2":20.85,"lat":44.5306,"lon":0.1052,"fibre_pct":92.7},{"code_insee":"47234","nom":"Saint-Caprais-de-Lerm","codes_postaux":["47270"],"code_dep":"47","code_region":"75","population":713,"surface_km2":13.62,"lat":44.2149,"lon":0.7544,"fibre_pct":96.4},{"code_insee":"47235","nom":"Saint-Colomb-de-Lauzun","codes_postaux":["47410"],"code_dep":"47","code_region":"75","population":473,"surface_km2":23.33,"lat":44.6063,"lon":0.4741,"fibre_pct":97.3},{"code_insee":"47236","nom":"Sainte-Colombe-de-Duras","codes_postaux":["47120"],"code_dep":"47","code_region":"75","population":98,"surface_km2":6.99,"lat":44.6971,"lon":0.1201,"fibre_pct":97.1},{"code_insee":"47237","nom":"Sainte-Colombe-de-Villeneuve","codes_postaux":["47300"],"code_dep":"47","code_region":"75","population":496,"surface_km2":19.03,"lat":44.3594,"lon":0.6609,"fibre_pct":100.0},{"code_insee":"47238","nom":"Sainte-Colombe-en-Bruilhois","codes_postaux":["47310"],"code_dep":"47","code_region":"75","population":1546,"surface_km2":21.25,"lat":44.1874,"lon":0.5162,"fibre_pct":99.8},{"code_insee":"47239","nom":"Saint-Étienne-de-Fougères","codes_postaux":["47380"],"code_dep":"47","code_region":"75","population":855,"surface_km2":9.96,"lat":44.4125,"lon":0.557,"fibre_pct":92.5},{"code_insee":"47240","nom":"Saint-Étienne-de-Villeréal","codes_postaux":["47210"],"code_dep":"47","code_region":"75","population":261,"surface_km2":14.54,"lat":44.6124,"lon":0.7624,"fibre_pct":83.9},{"code_insee":"47241","nom":"Saint-Eutrope-de-Born","codes_postaux":["47210"],"code_dep":"47","code_region":"75","population":690,"surface_km2":38.33,"lat":44.5792,"lon":0.7078,"fibre_pct":91.1},{"code_insee":"47242","nom":"Saint-Front-sur-Lémance","codes_postaux":["47500"],"code_dep":"47","code_region":"75","population":492,"surface_km2":19.8,"lat":44.5632,"lon":0.9975,"fibre_pct":97.0},{"code_insee":"47244","nom":"Sainte-Gemme-Martaillac","codes_postaux":["47250"],"code_dep":"47","code_region":"75","population":377,"surface_km2":14.16,"lat":44.3701,"lon":0.1593,"fibre_pct":100.0},{"code_insee":"47245","nom":"Saint-Géraud","codes_postaux":["47120"],"code_dep":"47","code_region":"75","population":85,"surface_km2":5.73,"lat":44.6239,"lon":0.1574,"fibre_pct":97.0},{"code_insee":"47246","nom":"Saint-Hilaire-de-Lusignan","codes_postaux":["47450"],"code_dep":"47","code_region":"75","population":1501,"surface_km2":16.87,"lat":44.2476,"lon":0.5365,"fibre_pct":95.6},{"code_insee":"47247","nom":"Saint-Jean-de-Duras","codes_postaux":["47120"],"code_dep":"47","code_region":"75","population":260,"surface_km2":16.65,"lat":44.6904,"lon":0.3002,"fibre_pct":86.7},{"code_insee":"47248","nom":"Saint-Jean-de-Thurac","codes_postaux":["47270"],"code_dep":"47","code_region":"75","population":563,"surface_km2":5.09,"lat":44.1552,"lon":0.7406,"fibre_pct":99.6},{"code_insee":"47249","nom":"Saint-Laurent","codes_postaux":["47130"],"code_dep":"47","code_region":"75","population":431,"surface_km2":4.24,"lat":44.2372,"lon":0.4043,"fibre_pct":98.5},{"code_insee":"47250","nom":"Saint-Léger","codes_postaux":["47160"],"code_dep":"47","code_region":"75","population":177,"surface_km2":5.75,"lat":44.2988,"lon":0.3138,"fibre_pct":93.3},{"code_insee":"47251","nom":"Saint-Léon","codes_postaux":["47160"],"code_dep":"47","code_region":"75","population":329,"surface_km2":9.59,"lat":44.2874,"lon":0.2386,"fibre_pct":100.0},{"code_insee":"47252","nom":"Sainte-Livrade-sur-Lot","codes_postaux":["47110"],"code_dep":"47","code_region":"75","population":6541,"surface_km2":31.08,"lat":44.4064,"lon":0.6005,"fibre_pct":94.7},{"code_insee":"47253","nom":"Sainte-Marthe","codes_postaux":["47430"],"code_dep":"47","code_region":"75","population":658,"surface_km2":9.66,"lat":44.4178,"lon":0.1477,"fibre_pct":100.0},{"code_insee":"47254","nom":"Saint-Martin-Curton","codes_postaux":["47700"],"code_dep":"47","code_region":"75","population":302,"surface_km2":41.58,"lat":44.329,"lon":-0.0167,"fibre_pct":95.6},{"code_insee":"47255","nom":"Saint-Martin-de-Beauville","codes_postaux":["47270"],"code_dep":"47","code_region":"75","population":154,"surface_km2":7.59,"lat":44.2306,"lon":0.8196,"fibre_pct":74.8},{"code_insee":"47256","nom":"Saint-Martin-de-Villeréal","codes_postaux":["47210"],"code_dep":"47","code_region":"75","population":103,"surface_km2":8.26,"lat":44.6389,"lon":0.8118,"fibre_pct":99.6},{"code_insee":"47257","nom":"Saint-Martin-Petit","codes_postaux":["47180"],"code_dep":"47","code_region":"75","population":620,"surface_km2":6.4,"lat":44.5683,"lon":0.0921,"fibre_pct":97.3},{"code_insee":"47258","nom":"Sainte-Maure-de-Peyriac","codes_postaux":["47170"],"code_dep":"47","code_region":"75","population":305,"surface_km2":23.23,"lat":44.0062,"lon":0.1568,"fibre_pct":29.9},{"code_insee":"47259","nom":"Saint-Maurice-de-Lestapel","codes_postaux":["47290"],"code_dep":"47","code_region":"75","population":110,"surface_km2":7.83,"lat":44.582,"lon":0.5723,"fibre_pct":98.0},{"code_insee":"47260","nom":"Saint-Maurin","codes_postaux":["47270"],"code_dep":"47","code_region":"75","population":377,"surface_km2":21.82,"lat":44.2185,"lon":0.8949,"fibre_pct":98.2},{"code_insee":"47262","nom":"Saint-Nicolas-de-la-Balerme","codes_postaux":["47220"],"code_dep":"47","code_region":"75","population":424,"surface_km2":4.76,"lat":44.1324,"lon":0.7587,"fibre_pct":91.2},{"code_insee":"47263","nom":"Saint-Pardoux-du-Breuil","codes_postaux":["47200"],"code_dep":"47","code_region":"75","population":633,"surface_km2":7.29,"lat":44.4701,"lon":0.2007,"fibre_pct":100.0},{"code_insee":"47264","nom":"Saint-Pardoux-Isaac","codes_postaux":["47800"],"code_dep":"47","code_region":"75","population":1111,"surface_km2":7.36,"lat":44.6143,"lon":0.3777,"fibre_pct":100.0},{"code_insee":"47265","nom":"Saint-Pastour","codes_postaux":["47290"],"code_dep":"47","code_region":"75","population":379,"surface_km2":14.67,"lat":44.4856,"lon":0.5984,"fibre_pct":87.9},{"code_insee":"47266","nom":"Saint-Pé-Saint-Simon","codes_postaux":["47170"],"code_dep":"47","code_region":"75","population":182,"surface_km2":17.62,"lat":44.0016,"lon":0.0961,"fibre_pct":95.5},{"code_insee":"47267","nom":"Saint-Pierre-de-Buzet","codes_postaux":["47160"],"code_dep":"47","code_region":"75","population":274,"surface_km2":8.54,"lat":44.2594,"lon":0.2673,"fibre_pct":81.6},{"code_insee":"47269","nom":"Saint-Pierre-de-Clairac","codes_postaux":["47270"],"code_dep":"47","code_region":"75","population":899,"surface_km2":13.26,"lat":44.1832,"lon":0.7512,"fibre_pct":96.6},{"code_insee":"47271","nom":"Saint-Pierre-sur-Dropt","codes_postaux":["47120"],"code_dep":"47","code_region":"75","population":359,"surface_km2":8.24,"lat":44.6496,"lon":0.2097,"fibre_pct":100.0},{"code_insee":"47272","nom":"Saint-Quentin-du-Dropt","codes_postaux":["47330"],"code_dep":"47","code_region":"75","population":180,"surface_km2":11.91,"lat":44.6816,"lon":0.6031,"fibre_pct":95.6},{"code_insee":"47273","nom":"Saint-Robert","codes_postaux":["47340"],"code_dep":"47","code_region":"75","population":190,"surface_km2":6.72,"lat":44.2504,"lon":0.7919,"fibre_pct":61.5},{"code_insee":"47274","nom":"Saint-Romain-le-Noble","codes_postaux":["47270"],"code_dep":"47","code_region":"75","population":412,"surface_km2":8.52,"lat":44.1571,"lon":0.7749,"fibre_pct":93.2},{"code_insee":"47275","nom":"Saint-Salvy","codes_postaux":["47360"],"code_dep":"47","code_region":"75","population":200,"surface_km2":9.35,"lat":44.3009,"lon":0.4479,"fibre_pct":97.1},{"code_insee":"47276","nom":"Saint-Sardos","codes_postaux":["47360"],"code_dep":"47","code_region":"75","population":289,"surface_km2":14.47,"lat":44.3404,"lon":0.4905,"fibre_pct":100.0},{"code_insee":"47277","nom":"Saint-Sauveur-de-Meilhan","codes_postaux":["47180"],"code_dep":"47","code_region":"75","population":341,"surface_km2":7.06,"lat":44.4892,"lon":-0.0035,"fibre_pct":99.5},{"code_insee":"47278","nom":"Saint-Sernin","codes_postaux":["47120"],"code_dep":"47","code_region":"75","population":454,"surface_km2":21.27,"lat":44.7043,"lon":0.243,"fibre_pct":93.5},{"code_insee":"47279","nom":"Saint-Sixte","codes_postaux":["47220"],"code_dep":"47","code_region":"75","population":363,"surface_km2":5.87,"lat":44.1269,"lon":0.7806,"fibre_pct":99.1},{"code_insee":"47280","nom":"Saint-Sylvestre-sur-Lot","codes_postaux":["47140"],"code_dep":"47","code_region":"75","population":2397,"surface_km2":21.46,"lat":44.4192,"lon":0.8075,"fibre_pct":97.5},{"code_insee":"47281","nom":"Saint-Urcisse","codes_postaux":["47270"],"code_dep":"47","code_region":"75","population":242,"surface_km2":10.96,"lat":44.1632,"lon":0.8311,"fibre_pct":97.7},{"code_insee":"47282","nom":"Saint-Vincent-de-Lamontjoie","codes_postaux":["47310"],"code_dep":"47","code_region":"75","population":223,"surface_km2":15.29,"lat":44.095,"lon":0.5018,"fibre_pct":83.8},{"code_insee":"47283","nom":"Saint-Vite","codes_postaux":["47500"],"code_dep":"47","code_region":"75","population":1192,"surface_km2":5.57,"lat":44.4688,"lon":0.9312,"fibre_pct":99.4},{"code_insee":"47284","nom":"Salles","codes_postaux":["47150"],"code_dep":"47","code_region":"75","population":288,"surface_km2":21.58,"lat":44.5352,"lon":0.896,"fibre_pct":87.2},{"code_insee":"47285","nom":"Samazan","codes_postaux":["47250"],"code_dep":"47","code_region":"75","population":835,"surface_km2":17.31,"lat":44.4382,"lon":0.1073,"fibre_pct":100.0},{"code_insee":"47286","nom":"Sauméjan","codes_postaux":["47420"],"code_dep":"47","code_region":"75","population":85,"surface_km2":19.72,"lat":44.2273,"lon":-0.0227,"fibre_pct":84.2},{"code_insee":"47287","nom":"Saumont","codes_postaux":["47600"],"code_dep":"47","code_region":"75","population":240,"surface_km2":6.78,"lat":44.1283,"lon":0.4556,"fibre_pct":96.2},{"code_insee":"47288","nom":"Sauvagnas","codes_postaux":["47340"],"code_dep":"47","code_region":"75","population":519,"surface_km2":13.61,"lat":44.2448,"lon":0.7465,"fibre_pct":93.3},{"code_insee":"47289","nom":"La Sauvetat-de-Savères","codes_postaux":["47270"],"code_dep":"47","code_region":"75","population":479,"surface_km2":6.92,"lat":44.2333,"lon":0.7965,"fibre_pct":96.3},{"code_insee":"47290","nom":"La Sauvetat-du-Dropt","codes_postaux":["47800"],"code_dep":"47","code_region":"75","population":567,"surface_km2":10.3,"lat":44.6452,"lon":0.3303,"fibre_pct":97.1},{"code_insee":"47291","nom":"La Sauvetat-sur-Lède","codes_postaux":["47150"],"code_dep":"47","code_region":"75","population":643,"surface_km2":14.09,"lat":44.4824,"lon":0.7183,"fibre_pct":96.7},{"code_insee":"47292","nom":"Sauveterre-la-Lémance","codes_postaux":["47500"],"code_dep":"47","code_region":"75","population":563,"surface_km2":23.58,"lat":44.5868,"lon":1.0366,"fibre_pct":91.1},{"code_insee":"47293","nom":"Sauveterre-Saint-Denis","codes_postaux":["47220"],"code_dep":"47","code_region":"75","population":387,"surface_km2":8.25,"lat":44.1489,"lon":0.7022,"fibre_pct":97.8},{"code_insee":"47294","nom":"Savignac-de-Duras","codes_postaux":["47120"],"code_dep":"47","code_region":"75","population":219,"surface_km2":14.92,"lat":44.7193,"lon":0.1846,"fibre_pct":88.8},{"code_insee":"47295","nom":"Savignac-sur-Leyze","codes_postaux":["47150"],"code_dep":"47","code_region":"75","population":321,"surface_km2":11.51,"lat":44.4855,"lon":0.796,"fibre_pct":93.5},{"code_insee":"47296","nom":"Ségalas","codes_postaux":["47410"],"code_dep":"47","code_region":"75","population":155,"surface_km2":12.89,"lat":44.589,"lon":0.5336,"fibre_pct":95.5},{"code_insee":"47297","nom":"Sembas","codes_postaux":["47360"],"code_dep":"47","code_region":"75","population":142,"surface_km2":12.61,"lat":44.3222,"lon":0.6448,"fibre_pct":93.5},{"code_insee":"47298","nom":"Sénestis","codes_postaux":["47430"],"code_dep":"47","code_region":"75","population":200,"surface_km2":11.3,"lat":44.4204,"lon":0.2379,"fibre_pct":98.0},{"code_insee":"47299","nom":"Sérignac-Péboudou","codes_postaux":["47410"],"code_dep":"47","code_region":"75","population":178,"surface_km2":12.23,"lat":44.6177,"lon":0.5352,"fibre_pct":97.5},{"code_insee":"47300","nom":"Sérignac-sur-Garonne","codes_postaux":["47310"],"code_dep":"47","code_region":"75","population":1182,"surface_km2":8.91,"lat":44.214,"lon":0.4974,"fibre_pct":94.4},{"code_insee":"47301","nom":"Seyches","codes_postaux":["47350"],"code_dep":"47","code_region":"75","population":1063,"surface_km2":24.91,"lat":44.5471,"lon":0.2958,"fibre_pct":97.9},{"code_insee":"47302","nom":"Sos","codes_postaux":["47170"],"code_dep":"47","code_region":"75","population":657,"surface_km2":53.22,"lat":44.0628,"lon":0.1303,"fibre_pct":93.4},{"code_insee":"47303","nom":"Soumensac","codes_postaux":["47120"],"code_dep":"47","code_region":"75","population":224,"surface_km2":11.42,"lat":44.6877,"lon":0.332,"fibre_pct":85.5},{"code_insee":"47304","nom":"Taillebourg","codes_postaux":["47200"],"code_dep":"47","code_region":"75","population":67,"surface_km2":7.16,"lat":44.4447,"lon":0.2053,"fibre_pct":100.0},{"code_insee":"47305","nom":"Tayrac","codes_postaux":["47270"],"code_dep":"47","code_region":"75","population":381,"surface_km2":12.99,"lat":44.2087,"lon":0.8351,"fibre_pct":92.6},{"code_insee":"47306","nom":"Le Temple-sur-Lot","codes_postaux":["47110"],"code_dep":"47","code_region":"75","population":1118,"surface_km2":17.01,"lat":44.3761,"lon":0.5203,"fibre_pct":98.5},{"code_insee":"47307","nom":"Thézac","codes_postaux":["47370"],"code_dep":"47","code_region":"75","population":211,"surface_km2":11.31,"lat":44.4343,"lon":1.0194,"fibre_pct":84.2},{"code_insee":"47308","nom":"Thouars-sur-Garonne","codes_postaux":["47230"],"code_dep":"47","code_region":"75","population":228,"surface_km2":4.02,"lat":44.2557,"lon":0.3304,"fibre_pct":96.0},{"code_insee":"47309","nom":"Tombebœuf","codes_postaux":["47380"],"code_dep":"47","code_region":"75","population":443,"surface_km2":18.42,"lat":44.5208,"lon":0.46,"fibre_pct":100.0},{"code_insee":"47310","nom":"Tonneins","codes_postaux":["47400"],"code_dep":"47","code_region":"75","population":9459,"surface_km2":34.82,"lat":44.3842,"lon":0.3296,"fibre_pct":94.5},{"code_insee":"47311","nom":"Tourliac","codes_postaux":["47210"],"code_dep":"47","code_region":"75","population":137,"surface_km2":9.79,"lat":44.6848,"lon":0.8081,"fibre_pct":81.1},{"code_insee":"47312","nom":"Tournon-d'Agenais","codes_postaux":["47370"],"code_dep":"47","code_region":"75","population":731,"surface_km2":21.45,"lat":44.3922,"lon":0.989,"fibre_pct":98.3},{"code_insee":"47313","nom":"Tourtrès","codes_postaux":["47380"],"code_dep":"47","code_region":"75","population":140,"surface_km2":11.75,"lat":44.5098,"lon":0.417,"fibre_pct":100.0},{"code_insee":"47314","nom":"Trémons","codes_postaux":["47140"],"code_dep":"47","code_region":"75","population":409,"surface_km2":13.55,"lat":44.4169,"lon":0.8862,"fibre_pct":100.0},{"code_insee":"47315","nom":"Trentels","codes_postaux":["47140"],"code_dep":"47","code_region":"75","population":843,"surface_km2":19.6,"lat":44.4438,"lon":0.8615,"fibre_pct":92.9},{"code_insee":"47316","nom":"Varès","codes_postaux":["47400"],"code_dep":"47","code_region":"75","population":655,"surface_km2":16.83,"lat":44.4321,"lon":0.3604,"fibre_pct":100.0},{"code_insee":"47317","nom":"Verteuil-d'Agenais","codes_postaux":["47260"],"code_dep":"47","code_region":"75","population":539,"surface_km2":22.46,"lat":44.4684,"lon":0.4021,"fibre_pct":100.0},{"code_insee":"47318","nom":"Vianne","codes_postaux":["47230"],"code_dep":"47","code_region":"75","population":979,"surface_km2":9.89,"lat":44.2149,"lon":0.3202,"fibre_pct":92.7},{"code_insee":"47319","nom":"Villebramar","codes_postaux":["47380"],"code_dep":"47","code_region":"75","population":109,"surface_km2":10.08,"lat":44.525,"lon":0.4749,"fibre_pct":99.3},{"code_insee":"47320","nom":"Villefranche-du-Queyran","codes_postaux":["47160"],"code_dep":"47","code_region":"75","population":415,"surface_km2":16.78,"lat":44.3064,"lon":0.2185,"fibre_pct":95.4},{"code_insee":"47321","nom":"Villeneuve-de-Duras","codes_postaux":["47120"],"code_dep":"47","code_region":"75","population":315,"surface_km2":11.86,"lat":44.7441,"lon":0.2412,"fibre_pct":99.1},{"code_insee":"47323","nom":"Villeneuve-sur-Lot","codes_postaux":["47300"],"code_dep":"47","code_region":"75","population":22350,"surface_km2":81.41,"lat":44.4183,"lon":0.7484,"fibre_pct":95.4},{"code_insee":"47324","nom":"Villeréal","codes_postaux":["47210"],"code_dep":"47","code_region":"75","population":1261,"surface_km2":13.98,"lat":44.6316,"lon":0.7596,"fibre_pct":95.9},{"code_insee":"47325","nom":"Villeton","codes_postaux":["47400"],"code_dep":"47","code_region":"75","population":475,"surface_km2":10.83,"lat":44.3716,"lon":0.2791,"fibre_pct":94.3},{"code_insee":"47326","nom":"Virazeil","codes_postaux":["47200"],"code_dep":"47","code_region":"75","population":1715,"surface_km2":19.95,"lat":44.5114,"lon":0.2391,"fibre_pct":99.5},{"code_insee":"47327","nom":"Xaintrailles","codes_postaux":["47230"],"code_dep":"47","code_region":"75","population":378,"surface_km2":10.35,"lat":44.2077,"lon":0.2547,"fibre_pct":88.6},{"code_insee":"47328","nom":"Saint-Georges","codes_postaux":["47370"],"code_dep":"47","code_region":"75","population":492,"surface_km2":16.01,"lat":44.4403,"lon":0.928,"fibre_pct":99.3}]