[{"code_insee":"48001","nom":"Albaret-le-Comtal","codes_postaux":["48310"],"code_dep":"48","code_region":"76","population":131,"surface_km2":29.62,"lat":44.8641,"lon":3.1446,"fibre_pct":92.5},{"code_insee":"48002","nom":"Albaret-Sainte-Marie","codes_postaux":["48200"],"code_dep":"48","code_region":"76","population":559,"surface_km2":15.85,"lat":44.8804,"lon":3.2536,"fibre_pct":98.6},{"code_insee":"48003","nom":"Allenc","codes_postaux":["48190"],"code_dep":"48","code_region":"76","population":265,"surface_km2":38.99,"lat":44.55,"lon":3.6778,"fibre_pct":97.2},{"code_insee":"48004","nom":"Altier","codes_postaux":["48800"],"code_dep":"48","code_region":"76","population":213,"surface_km2":54.76,"lat":44.457,"lon":3.8559,"fibre_pct":93.9},{"code_insee":"48005","nom":"Antrenas","codes_postaux":["48100"],"code_dep":"48","code_region":"76","population":331,"surface_km2":17.46,"lat":44.5894,"lon":3.2544,"fibre_pct":99.5},{"code_insee":"48007","nom":"Arzenc-d'Apcher","codes_postaux":["48310"],"code_dep":"48","code_region":"76","population":52,"surface_km2":7.82,"lat":44.8448,"lon":3.1129,"fibre_pct":87.8},{"code_insee":"48008","nom":"Arzenc-de-Randon","codes_postaux":["48170"],"code_dep":"48","code_region":"76","population":191,"surface_km2":69.72,"lat":44.6598,"lon":3.608,"fibre_pct":99.1},{"code_insee":"48009","nom":"Peyre en Aubrac","codes_postaux":["48130"],"code_dep":"48","code_region":"76","population":2296,"surface_km2":153.4,"lat":44.6923,"lon":3.273,"fibre_pct":97.9},{"code_insee":"48010","nom":"Auroux","codes_postaux":["48600"],"code_dep":"48","code_region":"76","population":364,"surface_km2":35.23,"lat":44.761,"lon":3.7209,"fibre_pct":96.0},{"code_insee":"48012","nom":"Les Monts-Verts","codes_postaux":["48200"],"code_dep":"48","code_region":"76","population":313,"surface_km2":28.94,"lat":44.8482,"lon":3.2183,"fibre_pct":98.6},{"code_insee":"48013","nom":"Badaroux","codes_postaux":["48000"],"code_dep":"48","code_region":"76","population":930,"surface_km2":20.67,"lat":44.5476,"lon":3.5611,"fibre_pct":90.2},{"code_insee":"48015","nom":"Pied-de-Borne","codes_postaux":["48800"],"code_dep":"48","code_region":"76","population":208,"surface_km2":27.57,"lat":44.4839,"lon":3.9685,"fibre_pct":98.0},{"code_insee":"48016","nom":"Balsièges","codes_postaux":["48000"],"code_dep":"48","code_region":"76","population":608,"surface_km2":32.97,"lat":44.477,"lon":3.4436,"fibre_pct":98.0},{"code_insee":"48017","nom":"Banassac-Canilhac","codes_postaux":["48500"],"code_dep":"48","code_region":"76","population":1064,"surface_km2":24.69,"lat":44.4296,"lon":3.1693,"fibre_pct":96.5},{"code_insee":"48018","nom":"Barjac","codes_postaux":["48000"],"code_dep":"48","code_region":"76","population":806,"surface_km2":29.92,"lat":44.5231,"lon":3.4037,"fibre_pct":100.0},{"code_insee":"48019","nom":"Barre-des-Cévennes","codes_postaux":["48400"],"code_dep":"48","code_region":"76","population":200,"surface_km2":34.5,"lat":44.2551,"lon":3.6746,"fibre_pct":94.2},{"code_insee":"48020","nom":"Bassurels","codes_postaux":["48400"],"code_dep":"48","code_region":"76","population":62,"surface_km2":46.79,"lat":44.1627,"lon":3.6013,"fibre_pct":81.0},{"code_insee":"48021","nom":"La Bastide-Puylaurent","codes_postaux":["48250"],"code_dep":"48","code_region":"76","population":167,"surface_km2":23.94,"lat":44.5662,"lon":3.8882,"fibre_pct":100.0},{"code_insee":"48025","nom":"Les Bessons","codes_postaux":["48200"],"code_dep":"48","code_region":"76","population":421,"surface_km2":23.41,"lat":44.7747,"lon":3.236,"fibre_pct":94.7},{"code_insee":"48026","nom":"Blavignac","codes_postaux":["48200"],"code_dep":"48","code_region":"76","population":252,"surface_km2":13.79,"lat":44.8691,"lon":3.2867,"fibre_pct":98.2},{"code_insee":"48027","nom":"Mont Lozère et Goulet","codes_postaux":["48170","48190","48250"],"code_dep":"48","code_region":"76","population":1098,"surface_km2":167.2,"lat":44.5099,"lon":3.749,"fibre_pct":99.1},{"code_insee":"48028","nom":"Les Bondons","codes_postaux":["48400"],"code_dep":"48","code_region":"76","population":139,"surface_km2":45.91,"lat":44.3992,"lon":3.6364,"fibre_pct":94.5},{"code_insee":"48029","nom":"Le Born","codes_postaux":["48000"],"code_dep":"48","code_region":"76","population":156,"surface_km2":30.36,"lat":44.5874,"lon":3.5569,"fibre_pct":95.1},{"code_insee":"48030","nom":"Brenoux","codes_postaux":["48000"],"code_dep":"48","code_region":"76","population":384,"surface_km2":11.23,"lat":44.4872,"lon":3.5332,"fibre_pct":99.6},{"code_insee":"48031","nom":"Brion","codes_postaux":["48310"],"code_dep":"48","code_region":"76","population":88,"surface_km2":21.92,"lat":44.7458,"lon":3.0779,"fibre_pct":98.4},{"code_insee":"48032","nom":"Le Buisson","codes_postaux":["48100"],"code_dep":"48","code_region":"76","population":221,"surface_km2":24.32,"lat":44.6301,"lon":3.2198,"fibre_pct":96.0},{"code_insee":"48034","nom":"La Canourgue","codes_postaux":["48500"],"code_dep":"48","code_region":"76","population":2074,"surface_km2":104.79,"lat":44.4253,"lon":3.2583,"fibre_pct":98.3},{"code_insee":"48036","nom":"Cassagnas","codes_postaux":["48400"],"code_dep":"48","code_region":"76","population":126,"surface_km2":35.74,"lat":44.2803,"lon":3.7291,"fibre_pct":98.9},{"code_insee":"48037","nom":"Chadenet","codes_postaux":["48190"],"code_dep":"48","code_region":"76","population":123,"surface_km2":13.3,"lat":44.5081,"lon":3.6415,"fibre_pct":97.4},{"code_insee":"48038","nom":"Bel-Air-Val-d'Ance","codes_postaux":["48600"],"code_dep":"48","code_region":"76","population":532,"surface_km2":41.68,"lat":44.8424,"lon":3.6279,"fibre_pct":94.0},{"code_insee":"48039","nom":"Chanac","codes_postaux":["48230"],"code_dep":"48","code_region":"76","population":1404,"surface_km2":71.8,"lat":44.4549,"lon":3.3462,"fibre_pct":98.4},{"code_insee":"48041","nom":"Chastanier","codes_postaux":["48300"],"code_dep":"48","code_region":"76","population":76,"surface_km2":10.44,"lat":44.7247,"lon":3.7508,"fibre_pct":92.7},{"code_insee":"48042","nom":"Chastel-Nouvel","codes_postaux":["48000"],"code_dep":"48","code_region":"76","population":938,"surface_km2":31.26,"lat":44.567,"lon":3.4904,"fibre_pct":100.0},{"code_insee":"48043","nom":"Châteauneuf-de-Randon","codes_postaux":["48170"],"code_dep":"48","code_region":"76","population":516,"surface_km2":24.62,"lat":44.6479,"lon":3.6877,"fibre_pct":99.7},{"code_insee":"48044","nom":"Chauchailles","codes_postaux":["48310"],"code_dep":"48","code_region":"76","population":75,"surface_km2":17.38,"lat":44.7968,"lon":3.0753,"fibre_pct":86.2},{"code_insee":"48045","nom":"Chaudeyrac","codes_postaux":["48170"],"code_dep":"48","code_region":"76","population":291,"surface_km2":44.57,"lat":44.644,"lon":3.751,"fibre_pct":99.3},{"code_insee":"48046","nom":"Chaulhac","codes_postaux":["48140"],"code_dep":"48","code_region":"76","population":58,"surface_km2":9.65,"lat":44.9195,"lon":3.2667,"fibre_pct":98.8},{"code_insee":"48048","nom":"Cheylard-l'Évêque","codes_postaux":["48300"],"code_dep":"48","code_region":"76","population":65,"surface_km2":29.84,"lat":44.639,"lon":3.8096,"fibre_pct":99.0},{"code_insee":"48050","nom":"Bédouès-Cocurès","codes_postaux":["48400"],"code_dep":"48","code_region":"76","population":457,"surface_km2":29.39,"lat":44.348,"lon":3.6415,"fibre_pct":98.2},{"code_insee":"48051","nom":"Le Collet-de-Dèze","codes_postaux":["48160"],"code_dep":"48","code_region":"76","population":684,"surface_km2":26.46,"lat":44.2585,"lon":3.9209,"fibre_pct":91.5},{"code_insee":"48053","nom":"Cubières","codes_postaux":["48190"],"code_dep":"48","code_region":"76","population":187,"surface_km2":48.73,"lat":44.4718,"lon":3.7905,"fibre_pct":98.6},{"code_insee":"48054","nom":"Cubiérettes","codes_postaux":["48190"],"code_dep":"48","code_region":"76","population":44,"surface_km2":11.93,"lat":44.4448,"lon":3.7871,"fibre_pct":95.1},{"code_insee":"48055","nom":"Cultures","codes_postaux":["48230"],"code_dep":"48","code_region":"76","population":189,"surface_km2":3.93,"lat":44.4899,"lon":3.3822,"fibre_pct":100.0},{"code_insee":"48056","nom":"Esclanèdes","codes_postaux":["48230"],"code_dep":"48","code_region":"76","population":427,"surface_km2":12.56,"lat":44.4843,"lon":3.3706,"fibre_pct":100.0},{"code_insee":"48058","nom":"La Fage-Montivernoux","codes_postaux":["48310"],"code_dep":"48","code_region":"76","population":131,"surface_km2":37.58,"lat":44.7504,"lon":3.1484,"fibre_pct":97.9},{"code_insee":"48059","nom":"La Fage-Saint-Julien","codes_postaux":["48200"],"code_dep":"48","code_region":"76","population":303,"surface_km2":18.02,"lat":44.8008,"lon":3.2117,"fibre_pct":98.3},{"code_insee":"48061","nom":"Florac Trois Rivières","codes_postaux":["48400"],"code_dep":"48","code_region":"76","population":2100,"surface_km2":47.76,"lat":44.3189,"lon":3.6268,"fibre_pct":99.5},{"code_insee":"48063","nom":"Fontans","codes_postaux":["48700"],"code_dep":"48","code_region":"76","population":218,"surface_km2":34.04,"lat":44.7434,"lon":3.3795,"fibre_pct":98.3},{"code_insee":"48064","nom":"Fournels","codes_postaux":["48310"],"code_dep":"48","code_region":"76","population":371,"surface_km2":15.53,"lat":44.8099,"lon":3.1294,"fibre_pct":99.2},{"code_insee":"48065","nom":"Fraissinet-de-Fourques","codes_postaux":["48400"],"code_dep":"48","code_region":"76","population":83,"surface_km2":24.33,"lat":44.207,"lon":3.5362,"fibre_pct":99.1},{"code_insee":"48067","nom":"Gabriac","codes_postaux":["48110"],"code_dep":"48","code_region":"76","population":102,"surface_km2":8.47,"lat":44.1821,"lon":3.7104,"fibre_pct":87.0},{"code_insee":"48068","nom":"Gabrias","codes_postaux":["48100"],"code_dep":"48","code_region":"76","population":158,"surface_km2":20.31,"lat":44.5522,"lon":3.3848,"fibre_pct":95.8},{"code_insee":"48069","nom":"Gatuzières","codes_postaux":["48150"],"code_dep":"48","code_region":"76","population":52,"surface_km2":29.58,"lat":44.1878,"lon":3.5079,"fibre_pct":75.2},{"code_insee":"48070","nom":"Grandrieu","codes_postaux":["48600"],"code_dep":"48","code_region":"76","population":736,"surface_km2":63.64,"lat":44.7748,"lon":3.64,"fibre_pct":99.5},{"code_insee":"48071","nom":"Grandvals","codes_postaux":["48260"],"code_dep":"48","code_region":"76","population":61,"surface_km2":12.73,"lat":44.7333,"lon":3.0552,"fibre_pct":92.8},{"code_insee":"48072","nom":"Grèzes","codes_postaux":["48100"],"code_dep":"48","code_region":"76","population":195,"surface_km2":16.1,"lat":44.5154,"lon":3.3405,"fibre_pct":99.4},{"code_insee":"48073","nom":"Les Hermaux","codes_postaux":["48340"],"code_dep":"48","code_region":"76","population":108,"surface_km2":17.63,"lat":44.5182,"lon":3.1312,"fibre_pct":100.0},{"code_insee":"48074","nom":"Hures-la-Parade","codes_postaux":["48150"],"code_dep":"48","code_region":"76","population":242,"surface_km2":88.77,"lat":44.2479,"lon":3.3851,"fibre_pct":96.0},{"code_insee":"48075","nom":"Ispagnac","codes_postaux":["48320"],"code_dep":"48","code_region":"76","population":895,"surface_km2":54.48,"lat":44.4009,"lon":3.5315,"fibre_pct":94.9},{"code_insee":"48077","nom":"Julianges","codes_postaux":["48140"],"code_dep":"48","code_region":"76","population":50,"surface_km2":9.41,"lat":44.9368,"lon":3.3212,"fibre_pct":98.6},{"code_insee":"48079","nom":"Lajo","codes_postaux":["48120"],"code_dep":"48","code_region":"76","population":114,"surface_km2":18.63,"lat":44.8263,"lon":3.4367,"fibre_pct":99.3},{"code_insee":"48080","nom":"Langogne","codes_postaux":["48300"],"code_dep":"48","code_region":"76","population":2836,"surface_km2":31.13,"lat":44.7211,"lon":3.8318,"fibre_pct":98.6},{"code_insee":"48081","nom":"Lanuéjols","codes_postaux":["48000"],"code_dep":"48","code_region":"76","population":373,"surface_km2":33.54,"lat":44.4895,"lon":3.5813,"fibre_pct":97.4},{"code_insee":"48082","nom":"Laubert","codes_postaux":["48170"],"code_dep":"48","code_region":"76","population":102,"surface_km2":14.28,"lat":44.5956,"lon":3.6434,"fibre_pct":99.2},{"code_insee":"48083","nom":"Les Laubies","codes_postaux":["48700"],"code_dep":"48","code_region":"76","population":151,"surface_km2":23.09,"lat":44.7001,"lon":3.4461,"fibre_pct":95.2},{"code_insee":"48085","nom":"Laval-du-Tarn","codes_postaux":["48500"],"code_dep":"48","code_region":"76","population":108,"surface_km2":36.97,"lat":44.3762,"lon":3.3511,"fibre_pct":97.6},{"code_insee":"48086","nom":"Luc","codes_postaux":["48250"],"code_dep":"48","code_region":"76","population":208,"surface_km2":46.03,"lat":44.642,"lon":3.8662,"fibre_pct":96.9},{"code_insee":"48087","nom":"Prinsuéjols-Malbouzon","codes_postaux":["48100","48270"],"code_dep":"48","code_region":"76","population":246,"surface_km2":57.41,"lat":44.6787,"lon":3.1565,"fibre_pct":98.1},{"code_insee":"48088","nom":"La Malène","codes_postaux":["48210"],"code_dep":"48","code_region":"76","population":130,"surface_km2":41.1,"lat":44.3073,"lon":3.3164,"fibre_pct":99.1},{"code_insee":"48089","nom":"Le Malzieu-Forain","codes_postaux":["48140"],"code_dep":"48","code_region":"76","population":484,"surface_km2":49.55,"lat":44.8715,"lon":3.3894,"fibre_pct":98.3},{"code_insee":"48090","nom":"Le Malzieu-Ville","codes_postaux":["48140"],"code_dep":"48","code_region":"76","population":745,"surface_km2":7.99,"lat":44.8612,"lon":3.3403,"fibre_pct":99.3},{"code_insee":"48091","nom":"Marchastel","codes_postaux":["48260"],"code_dep":"48","code_region":"76","population":44,"surface_km2":34.94,"lat":44.6421,"lon":3.1077,"fibre_pct":77.9},{"code_insee":"48092","nom":"Marvejols","codes_postaux":["48100"],"code_dep":"48","code_region":"76","population":4764,"surface_km2":12.72,"lat":44.5549,"lon":3.2878,"fibre_pct":96.8},{"code_insee":"48094","nom":"Massegros Causses Gorges","codes_postaux":["48210","48500"],"code_dep":"48","code_region":"76","population":935,"surface_km2":159.62,"lat":44.308,"lon":3.2055,"fibre_pct":95.9},{"code_insee":"48095","nom":"Mende","codes_postaux":["48000"],"code_dep":"48","code_region":"76","population":12464,"surface_km2":36.93,"lat":44.5349,"lon":3.4909,"fibre_pct":94.5},{"code_insee":"48096","nom":"Meyrueis","codes_postaux":["48150"],"code_dep":"48","code_region":"76","population":770,"surface_km2":104.56,"lat":44.1723,"lon":3.4644,"fibre_pct":98.6},{"code_insee":"48097","nom":"Moissac-Vallée-Française","codes_postaux":["48110"],"code_dep":"48","code_region":"76","population":216,"surface_km2":27.01,"lat":44.1587,"lon":3.792,"fibre_pct":95.5},{"code_insee":"48098","nom":"Molezon","codes_postaux":["48110"],"code_dep":"48","code_region":"76","population":99,"surface_km2":14.86,"lat":44.2151,"lon":3.691,"fibre_pct":95.4},{"code_insee":"48099","nom":"Bourgs sur Colagne","codes_postaux":["48100"],"code_dep":"48","code_region":"76","population":2091,"surface_km2":53.26,"lat":44.5323,"lon":3.2317,"fibre_pct":98.9},{"code_insee":"48100","nom":"Montbel","codes_postaux":["48170"],"code_dep":"48","code_region":"76","population":146,"surface_km2":23.59,"lat":44.5992,"lon":3.7182,"fibre_pct":99.9},{"code_insee":"48103","nom":"Montrodat","codes_postaux":["48100"],"code_dep":"48","code_region":"76","population":1174,"surface_km2":20.62,"lat":44.5586,"lon":3.33,"fibre_pct":99.3},{"code_insee":"48104","nom":"Nasbinals","codes_postaux":["48260"],"code_dep":"48","code_region":"76","population":571,"surface_km2":63.42,"lat":44.646,"lon":3.0462,"fibre_pct":95.0},{"code_insee":"48105","nom":"Naussac-Fontanes","codes_postaux":["48300"],"code_dep":"48","code_region":"76","population":372,"surface_km2":25.06,"lat":44.7638,"lon":3.7986,"fibre_pct":99.7},{"code_insee":"48106","nom":"Noalhac","codes_postaux":["48310"],"code_dep":"48","code_region":"76","population":94,"surface_km2":13.51,"lat":44.8006,"lon":3.1159,"fibre_pct":100.0},{"code_insee":"48107","nom":"Palhers","codes_postaux":["48100"],"code_dep":"48","code_region":"76","population":200,"surface_km2":8.62,"lat":44.516,"lon":3.3091,"fibre_pct":100.0},{"code_insee":"48108","nom":"La Panouse","codes_postaux":["48600"],"code_dep":"48","code_region":"76","population":94,"surface_km2":37.79,"lat":44.7375,"lon":3.5885,"fibre_pct":95.6},{"code_insee":"48110","nom":"Paulhac-en-Margeride","codes_postaux":["48140"],"code_dep":"48","code_region":"76","population":87,"surface_km2":15.9,"lat":44.9467,"lon":3.3853,"fibre_pct":95.5},{"code_insee":"48111","nom":"Pelouse","codes_postaux":["48000"],"code_dep":"48","code_region":"76","population":231,"surface_km2":33.29,"lat":44.577,"lon":3.6095,"fibre_pct":94.5},{"code_insee":"48112","nom":"Pierrefiche","codes_postaux":["48300"],"code_dep":"48","code_region":"76","population":158,"surface_km2":16.8,"lat":44.6829,"lon":3.7343,"fibre_pct":95.2},{"code_insee":"48115","nom":"Le Pompidou","codes_postaux":["48110"],"code_dep":"48","code_region":"76","population":184,"surface_km2":23.1,"lat":44.2062,"lon":3.6636,"fibre_pct":96.5},{"code_insee":"48116","nom":"Pont de Montvert - Sud Mont Lozère","codes_postaux":["48220"],"code_dep":"48","code_region":"76","population":557,"surface_km2":167.41,"lat":44.3684,"lon":3.7777,"fibre_pct":96.7},{"code_insee":"48117","nom":"Pourcharesses","codes_postaux":["48800"],"code_dep":"48","code_region":"76","population":130,"surface_km2":32.1,"lat":44.4413,"lon":3.891,"fibre_pct":73.5},{"code_insee":"48119","nom":"Prévenchères","codes_postaux":["48800"],"code_dep":"48","code_region":"76","population":267,"surface_km2":61.61,"lat":44.5144,"lon":3.9119,"fibre_pct":90.6},{"code_insee":"48121","nom":"Prunières","codes_postaux":["48200"],"code_dep":"48","code_region":"76","population":226,"surface_km2":13.23,"lat":44.8186,"lon":3.3294,"fibre_pct":97.7},{"code_insee":"48123","nom":"Recoules-d'Aubrac","codes_postaux":["48260"],"code_dep":"48","code_region":"76","population":165,"surface_km2":26.32,"lat":44.686,"lon":3.0364,"fibre_pct":99.5},{"code_insee":"48124","nom":"Recoules-de-Fumas","codes_postaux":["48100"],"code_dep":"48","code_region":"76","population":98,"surface_km2":9.67,"lat":44.6327,"lon":3.3299,"fibre_pct":99.1},{"code_insee":"48126","nom":"Lachamp-Ribennes","codes_postaux":["48100","48700"],"code_dep":"48","code_region":"76","population":379,"surface_km2":51.16,"lat":44.6275,"lon":3.3849,"fibre_pct":91.8},{"code_insee":"48127","nom":"Monts-de-Randon","codes_postaux":["48000","48700"],"code_dep":"48","code_region":"76","population":1209,"surface_km2":148.22,"lat":44.6531,"lon":3.4762,"fibre_pct":97.1},{"code_insee":"48128","nom":"Rimeize","codes_postaux":["48200"],"code_dep":"48","code_region":"76","population":623,"surface_km2":32.58,"lat":44.7626,"lon":3.3194,"fibre_pct":97.5},{"code_insee":"48129","nom":"Rocles","codes_postaux":["48300"],"code_dep":"48","code_region":"76","population":249,"surface_km2":19.77,"lat":44.7053,"lon":3.7862,"fibre_pct":96.5},{"code_insee":"48130","nom":"Rousses","codes_postaux":["48400"],"code_dep":"48","code_region":"76","population":115,"surface_km2":22.33,"lat":44.1942,"lon":3.5697,"fibre_pct":99.3},{"code_insee":"48131","nom":"Le Rozier","codes_postaux":["48150"],"code_dep":"48","code_region":"76","population":126,"surface_km2":1.99,"lat":44.1972,"lon":3.2173,"fibre_pct":95.8},{"code_insee":"48132","nom":"Saint-Alban-sur-Limagnole","codes_postaux":["48120"],"code_dep":"48","code_region":"76","population":1385,"surface_km2":51.14,"lat":44.7972,"lon":3.4053,"fibre_pct":97.5},{"code_insee":"48135","nom":"Saint-André-Capcèze","codes_postaux":["48800"],"code_dep":"48","code_region":"76","population":206,"surface_km2":9.77,"lat":44.4167,"lon":3.9446,"fibre_pct":92.7},{"code_insee":"48136","nom":"Saint-André-de-Lancize","codes_postaux":["48240"],"code_dep":"48","code_region":"76","population":151,"surface_km2":22.63,"lat":44.2723,"lon":3.7945,"fibre_pct":91.4},{"code_insee":"48137","nom":"Saint-Bauzile","codes_postaux":["48000"],"code_dep":"48","code_region":"76","population":585,"surface_km2":29.46,"lat":44.4702,"lon":3.4969,"fibre_pct":99.4},{"code_insee":"48138","nom":"Saint-Bonnet-de-Chirac","codes_postaux":["48100"],"code_dep":"48","code_region":"76","population":72,"surface_km2":7.6,"lat":44.5021,"lon":3.2745,"fibre_pct":98.1},{"code_insee":"48139","nom":"Saint Bonnet-Laval","codes_postaux":["48600"],"code_dep":"48","code_region":"76","population":258,"surface_km2":31.98,"lat":44.8105,"lon":3.7096,"fibre_pct":99.0},{"code_insee":"48140","nom":"Saint-Chély-d'Apcher","codes_postaux":["48200"],"code_dep":"48","code_region":"76","population":3955,"surface_km2":28.2,"lat":44.8144,"lon":3.2783,"fibre_pct":99.0},{"code_insee":"48141","nom":"Mas-Saint-Chély","codes_postaux":["48210"],"code_dep":"48","code_region":"76","population":112,"surface_km2":57.62,"lat":44.3144,"lon":3.4098,"fibre_pct":96.5},{"code_insee":"48144","nom":"Sainte-Croix-Vallée-Française","codes_postaux":["48110"],"code_dep":"48","code_region":"76","population":303,"surface_km2":18.75,"lat":44.1868,"lon":3.7452,"fibre_pct":91.9},{"code_insee":"48145","nom":"Saint-Denis-en-Margeride","codes_postaux":["48700"],"code_dep":"48","code_region":"76","population":148,"surface_km2":37.9,"lat":44.7377,"lon":3.4717,"fibre_pct":96.1},{"code_insee":"48146","nom":"Gorges du Tarn Causses","codes_postaux":["48210","48320"],"code_dep":"48","code_region":"76","population":881,"surface_km2":144.93,"lat":44.3635,"lon":3.4574,"fibre_pct":98.8},{"code_insee":"48147","nom":"Saint-Étienne-du-Valdonnez","codes_postaux":["48000"],"code_dep":"48","code_region":"76","population":644,"surface_km2":56.04,"lat":44.4449,"lon":3.5811,"fibre_pct":99.6},{"code_insee":"48148","nom":"Saint-Étienne-Vallée-Française","codes_postaux":["48330"],"code_dep":"48","code_region":"76","population":493,"surface_km2":50.64,"lat":44.1736,"lon":3.8492,"fibre_pct":78.6},{"code_insee":"48149","nom":"Sainte-Eulalie","codes_postaux":["48120"],"code_dep":"48","code_region":"76","population":37,"surface_km2":21.48,"lat":44.7831,"lon":3.4912,"fibre_pct":97.6},{"code_insee":"48150","nom":"Saint-Flour-de-Mercoire","codes_postaux":["48300"],"code_dep":"48","code_region":"76","population":185,"surface_km2":12.11,"lat":44.6823,"lon":3.8313,"fibre_pct":98.5},{"code_insee":"48151","nom":"Saint-Frézal-d'Albuges","codes_postaux":["48170"],"code_dep":"48","code_region":"76","population":62,"surface_km2":17.35,"lat":44.5785,"lon":3.7653,"fibre_pct":89.2},{"code_insee":"48152","nom":"Ventalon en Cévennes","codes_postaux":["48160","48240"],"code_dep":"48","code_region":"76","population":253,"surface_km2":23.75,"lat":44.2975,"lon":3.8764,"fibre_pct":83.2},{"code_insee":"48153","nom":"Saint-Gal","codes_postaux":["48700"],"code_dep":"48","code_region":"76","population":89,"surface_km2":9.82,"lat":44.6678,"lon":3.4162,"fibre_pct":93.7},{"code_insee":"48155","nom":"Saint-Germain-de-Calberte","codes_postaux":["48370"],"code_dep":"48","code_region":"76","population":456,"surface_km2":38.62,"lat":44.2263,"lon":3.8217,"fibre_pct":77.5},{"code_insee":"48156","nom":"Saint-Germain-du-Teil","codes_postaux":["48340"],"code_dep":"48","code_region":"76","population":858,"surface_km2":22.65,"lat":44.4841,"lon":3.175,"fibre_pct":95.4},{"code_insee":"48157","nom":"Sainte-Hélène","codes_postaux":["48190"],"code_dep":"48","code_region":"76","population":97,"surface_km2":6.69,"lat":44.5192,"lon":3.6023,"fibre_pct":97.5},{"code_insee":"48158","nom":"Saint-Hilaire-de-Lavit","codes_postaux":["48160"],"code_dep":"48","code_region":"76","population":104,"surface_km2":10.33,"lat":44.2521,"lon":3.8551,"fibre_pct":79.2},{"code_insee":"48160","nom":"Saint-Jean-la-Fouillouse","codes_postaux":["48170"],"code_dep":"48","code_region":"76","population":125,"surface_km2":29.18,"lat":44.7053,"lon":3.6924,"fibre_pct":95.9},{"code_insee":"48161","nom":"Saint-Juéry","codes_postaux":["48310"],"code_dep":"48","code_region":"76","population":51,"surface_km2":1.64,"lat":44.8296,"lon":3.0839,"fibre_pct":86.2},{"code_insee":"48163","nom":"Saint-Julien-des-Points","codes_postaux":["48160"],"code_dep":"48","code_region":"76","population":121,"surface_km2":3.78,"lat":44.2595,"lon":3.9611,"fibre_pct":100.0},{"code_insee":"48165","nom":"Saint-Laurent-de-Muret","codes_postaux":["48100"],"code_dep":"48","code_region":"76","population":193,"surface_km2":45.86,"lat":44.6001,"lon":3.1752,"fibre_pct":91.6},{"code_insee":"48166","nom":"Cans et Cévennes","codes_postaux":["48400"],"code_dep":"48","code_region":"76","population":282,"surface_km2":43.77,"lat":44.2834,"lon":3.6443,"fibre_pct":96.5},{"code_insee":"48167","nom":"Saint-Laurent-de-Veyrès","codes_postaux":["48310"],"code_dep":"48","code_region":"76","population":31,"surface_km2":9.1,"lat":44.7662,"lon":3.1231,"fibre_pct":97.8},{"code_insee":"48168","nom":"Saint-Léger-de-Peyre","codes_postaux":["48100"],"code_dep":"48","code_region":"76","population":184,"surface_km2":26.99,"lat":44.6048,"lon":3.3059,"fibre_pct":96.3},{"code_insee":"48169","nom":"Saint-Léger-du-Malzieu","codes_postaux":["48140"],"code_dep":"48","code_region":"76","population":212,"surface_km2":19.21,"lat":44.8977,"lon":3.3143,"fibre_pct":98.4},{"code_insee":"48170","nom":"Saint-Martin-de-Boubaux","codes_postaux":["48160"],"code_dep":"48","code_region":"76","population":196,"surface_km2":31.24,"lat":44.1927,"lon":3.9268,"fibre_pct":87.6},{"code_insee":"48171","nom":"Saint-Martin-de-Lansuscle","codes_postaux":["48110"],"code_dep":"48","code_region":"76","population":191,"surface_km2":18.15,"lat":44.219,"lon":3.7493,"fibre_pct":62.6},{"code_insee":"48173","nom":"Saint-Michel-de-Dèze","codes_postaux":["48160"],"code_dep":"48","code_region":"76","population":226,"surface_km2":14.03,"lat":44.247,"lon":3.881,"fibre_pct":83.5},{"code_insee":"48174","nom":"Saint-Paul-le-Froid","codes_postaux":["48600"],"code_dep":"48","code_region":"76","population":132,"surface_km2":44.02,"lat":44.7932,"lon":3.5404,"fibre_pct":81.0},{"code_insee":"48175","nom":"Saint-Pierre-de-Nogaret","codes_postaux":["48340"],"code_dep":"48","code_region":"76","population":174,"surface_km2":16.39,"lat":44.4896,"lon":3.1256,"fibre_pct":85.9},{"code_insee":"48176","nom":"Saint-Pierre-des-Tripiers","codes_postaux":["48150"],"code_dep":"48","code_region":"76","population":99,"surface_km2":34.9,"lat":44.2243,"lon":3.2749,"fibre_pct":98.6},{"code_insee":"48177","nom":"Saint-Pierre-le-Vieux","codes_postaux":["48200"],"code_dep":"48","code_region":"76","population":308,"surface_km2":15.02,"lat":44.8438,"lon":3.308,"fibre_pct":96.5},{"code_insee":"48178","nom":"Saint-Privat-de-Vallongue","codes_postaux":["48240"],"code_dep":"48","code_region":"76","population":274,"surface_km2":23.73,"lat":44.2885,"lon":3.8341,"fibre_pct":82.8},{"code_insee":"48179","nom":"Saint-Privat-du-Fau","codes_postaux":["48140"],"code_dep":"48","code_region":"76","population":115,"surface_km2":22.43,"lat":44.917,"lon":3.3597,"fibre_pct":100.0},{"code_insee":"48181","nom":"Saint-Saturnin","codes_postaux":["48500"],"code_dep":"48","code_region":"76","population":56,"surface_km2":9.21,"lat":44.4059,"lon":3.1949,"fibre_pct":98.9},{"code_insee":"48182","nom":"Saint-Sauveur-de-Ginestoux","codes_postaux":["48170"],"code_dep":"48","code_region":"76","population":60,"surface_km2":22.3,"lat":44.71,"lon":3.6076,"fibre_pct":98.1},{"code_insee":"48185","nom":"Les Salelles","codes_postaux":["48230"],"code_dep":"48","code_region":"76","population":167,"surface_km2":10.6,"lat":44.484,"lon":3.2764,"fibre_pct":99.5},{"code_insee":"48187","nom":"Les Salces","codes_postaux":["48100"],"code_dep":"48","code_region":"76","population":83,"surface_km2":46.09,"lat":44.5568,"lon":3.1316,"fibre_pct":94.1},{"code_insee":"48188","nom":"Serverette","codes_postaux":["48700"],"code_dep":"48","code_region":"76","population":261,"surface_km2":17.3,"lat":44.7008,"lon":3.3917,"fibre_pct":99.7},{"code_insee":"48190","nom":"Termes","codes_postaux":["48310"],"code_dep":"48","code_region":"76","population":214,"surface_km2":17.47,"lat":44.8219,"lon":3.1683,"fibre_pct":97.4},{"code_insee":"48191","nom":"La Tieule","codes_postaux":["48500"],"code_dep":"48","code_region":"76","population":94,"surface_km2":24.16,"lat":44.3828,"lon":3.1691,"fibre_pct":98.1},{"code_insee":"48192","nom":"Trélans","codes_postaux":["48340"],"code_dep":"48","code_region":"76","population":88,"surface_km2":23.26,"lat":44.5244,"lon":3.0974,"fibre_pct":95.0},{"code_insee":"48193","nom":"Vebron","codes_postaux":["48400"],"code_dep":"48","code_region":"76","population":225,"surface_km2":69.94,"lat":44.2513,"lon":3.5491,"fibre_pct":95.3},{"code_insee":"48194","nom":"Vialas","codes_postaux":["48220"],"code_dep":"48","code_region":"76","population":447,"surface_km2":49.44,"lat":44.3466,"lon":3.893,"fibre_pct":96.8},{"code_insee":"48198","nom":"Villefort","codes_postaux":["48800"],"code_dep":"48","code_region":"76","population":618,"surface_km2":8.1,"lat":44.4429,"lon":3.9293,"fibre_pct":94.4}]