[{"code_insee":"49002","nom":"Allonnes","codes_postaux":["49650"],"code_dep":"49","code_region":"52","population":2911,"surface_km2":36.58,"lat":47.3069,"lon":0.0081,"fibre_pct":100.0},{"code_insee":"49003","nom":"Tuffalun","codes_postaux":["49700"],"code_dep":"49","code_region":"52","population":1746,"surface_km2":39.62,"lat":47.2705,"lon":-0.3222,"fibre_pct":100.0},{"code_insee":"49007","nom":"Angers","codes_postaux":["49000","49100"],"code_dep":"49","code_region":"52","population":159022,"surface_km2":44.49,"lat":47.4819,"lon":-0.5629,"fibre_pct":96.6},{"code_insee":"49008","nom":"Angrie","codes_postaux":["49440"],"code_dep":"49","code_region":"52","population":913,"surface_km2":41.03,"lat":47.5819,"lon":-0.9677,"fibre_pct":100.0},{"code_insee":"49009","nom":"Antoigné","codes_postaux":["49260"],"code_dep":"49","code_region":"52","population":441,"surface_km2":17.85,"lat":47.0793,"lon":-0.1382,"fibre_pct":93.1},{"code_insee":"49010","nom":"Armaillé","codes_postaux":["49420"],"code_dep":"49","code_region":"52","population":320,"surface_km2":16.89,"lat":47.7135,"lon":-1.1425,"fibre_pct":100.0},{"code_insee":"49011","nom":"Artannes-sur-Thouet","codes_postaux":["49260"],"code_dep":"49","code_region":"52","population":405,"surface_km2":6.7,"lat":47.2042,"lon":-0.0978,"fibre_pct":100.0},{"code_insee":"49012","nom":"Aubigné-sur-Layon","codes_postaux":["49540"],"code_dep":"49","code_region":"52","population":347,"surface_km2":5.34,"lat":47.2127,"lon":-0.4745,"fibre_pct":100.0},{"code_insee":"49015","nom":"Avrillé","codes_postaux":["49240"],"code_dep":"49","code_region":"52","population":15251,"surface_km2":15.99,"lat":47.5027,"lon":-0.6011,"fibre_pct":89.7},{"code_insee":"49017","nom":"Baracé","codes_postaux":["49430"],"code_dep":"49","code_region":"52","population":636,"surface_km2":13.48,"lat":47.6416,"lon":-0.3563,"fibre_pct":100.0},{"code_insee":"49018","nom":"Baugé-en-Anjou","codes_postaux":["49150"],"code_dep":"49","code_region":"52","population":11712,"surface_km2":270.49,"lat":47.5598,"lon":-0.1143,"fibre_pct":98.9},{"code_insee":"49020","nom":"Beaucouzé","codes_postaux":["49070"],"code_dep":"49","code_region":"52","population":5732,"surface_km2":17.95,"lat":47.4742,"lon":-0.6358,"fibre_pct":94.2},{"code_insee":"49021","nom":"Beaufort-en-Anjou","codes_postaux":["49250"],"code_dep":"49","code_region":"52","population":6901,"surface_km2":42.2,"lat":47.4374,"lon":-0.2063,"fibre_pct":99.9},{"code_insee":"49022","nom":"Beaulieu-sur-Layon","codes_postaux":["49750"],"code_dep":"49","code_region":"52","population":1345,"surface_km2":12.86,"lat":47.3147,"lon":-0.6037,"fibre_pct":90.8},{"code_insee":"49023","nom":"Beaupréau-en-Mauges","codes_postaux":["49110","49450","49510","49600"],"code_dep":"49","code_region":"52","population":23989,"surface_km2":232.15,"lat":47.2028,"lon":-0.9844,"fibre_pct":99.4},{"code_insee":"49026","nom":"Bécon-les-Granits","codes_postaux":["49370"],"code_dep":"49","code_region":"52","population":2811,"surface_km2":46.78,"lat":47.5044,"lon":-0.8015,"fibre_pct":100.0},{"code_insee":"49027","nom":"Bégrolles-en-Mauges","codes_postaux":["49122"],"code_dep":"49","code_region":"52","population":2110,"surface_km2":14.71,"lat":47.1331,"lon":-0.9311,"fibre_pct":100.0},{"code_insee":"49028","nom":"Béhuard","codes_postaux":["49170"],"code_dep":"49","code_region":"52","population":115,"surface_km2":2.24,"lat":47.3796,"lon":-0.6481,"fibre_pct":95.2},{"code_insee":"49029","nom":"Blaison-Saint-Sulpice","codes_postaux":["49320"],"code_dep":"49","code_region":"52","population":1337,"surface_km2":24.15,"lat":47.3785,"lon":-0.3836,"fibre_pct":100.0},{"code_insee":"49030","nom":"Blou","codes_postaux":["49160"],"code_dep":"49","code_region":"52","population":929,"surface_km2":21.6,"lat":47.3607,"lon":-0.0534,"fibre_pct":100.0},{"code_insee":"49035","nom":"Bouchemaine","codes_postaux":["49080"],"code_dep":"49","code_region":"52","population":6580,"surface_km2":20.62,"lat":47.4288,"lon":-0.6241,"fibre_pct":99.0},{"code_insee":"49036","nom":"Bouillé-Ménard","codes_postaux":["49520"],"code_dep":"49","code_region":"52","population":785,"surface_km2":15.9,"lat":47.7406,"lon":-0.9661,"fibre_pct":100.0},{"code_insee":"49038","nom":"Bourg-l'Évêque","codes_postaux":["49520"],"code_dep":"49","code_region":"52","population":236,"surface_km2":5.34,"lat":47.7327,"lon":-1.0184,"fibre_pct":100.0},{"code_insee":"49041","nom":"Brain-sur-Allonnes","codes_postaux":["49650"],"code_dep":"49","code_region":"52","population":2056,"surface_km2":33.56,"lat":47.3041,"lon":0.0743,"fibre_pct":100.0},{"code_insee":"49045","nom":"La Breille-les-Pins","codes_postaux":["49390"],"code_dep":"49","code_region":"52","population":624,"surface_km2":27.88,"lat":47.3515,"lon":0.0819,"fibre_pct":100.0},{"code_insee":"49048","nom":"Briollay","codes_postaux":["49125"],"code_dep":"49","code_region":"52","population":3225,"surface_km2":14.47,"lat":47.5758,"lon":-0.4954,"fibre_pct":95.7},{"code_insee":"49050","nom":"Brissac Loire Aubance","codes_postaux":["49250","49320"],"code_dep":"49","code_region":"52","population":10878,"surface_km2":122.24,"lat":47.3392,"lon":-0.4087,"fibre_pct":100.0},{"code_insee":"49053","nom":"Brossay","codes_postaux":["49700"],"code_dep":"49","code_region":"52","population":340,"surface_km2":4.84,"lat":47.1698,"lon":-0.2155,"fibre_pct":100.0},{"code_insee":"49054","nom":"Candé","codes_postaux":["49440"],"code_dep":"49","code_region":"52","population":2801,"surface_km2":5.18,"lat":47.5596,"lon":-1.0335,"fibre_pct":99.7},{"code_insee":"49055","nom":"Cantenay-Épinard","codes_postaux":["49460"],"code_dep":"49","code_region":"52","population":2415,"surface_km2":16.58,"lat":47.54,"lon":-0.5635,"fibre_pct":92.0},{"code_insee":"49056","nom":"Carbay","codes_postaux":["49420"],"code_dep":"49","code_region":"52","population":277,"surface_km2":7.73,"lat":47.7308,"lon":-1.2257,"fibre_pct":100.0},{"code_insee":"49057","nom":"Cernusson","codes_postaux":["49310"],"code_dep":"49","code_region":"52","population":329,"surface_km2":8.56,"lat":47.1681,"lon":-0.4849,"fibre_pct":100.0},{"code_insee":"49058","nom":"Les Cerqueux","codes_postaux":["49360"],"code_dep":"49","code_region":"52","population":897,"surface_km2":13.87,"lat":47.008,"lon":-0.639,"fibre_pct":100.0},{"code_insee":"49060","nom":"Bellevigne-les-Châteaux","codes_postaux":["49260","49400"],"code_dep":"49","code_region":"52","population":3435,"surface_km2":35.42,"lat":47.1781,"lon":-0.0449,"fibre_pct":100.0},{"code_insee":"49061","nom":"Challain-la-Potherie","codes_postaux":["49440"],"code_dep":"49","code_region":"52","population":827,"surface_km2":48.66,"lat":47.6309,"lon":-1.0816,"fibre_pct":100.0},{"code_insee":"49063","nom":"Chalonnes-sur-Loire","codes_postaux":["49290"],"code_dep":"49","code_region":"52","population":6659,"surface_km2":38.51,"lat":47.3496,"lon":-0.7729,"fibre_pct":98.1},{"code_insee":"49064","nom":"Chambellay","codes_postaux":["49220"],"code_dep":"49","code_region":"52","population":411,"surface_km2":13.56,"lat":47.6901,"lon":-0.6948,"fibre_pct":100.0},{"code_insee":"49067","nom":"Chenillé-Champteussé","codes_postaux":["49220"],"code_dep":"49","code_region":"52","population":336,"surface_km2":17.02,"lat":47.6787,"lon":-0.6585,"fibre_pct":100.0},{"code_insee":"49068","nom":"Champtocé-sur-Loire","codes_postaux":["49123"],"code_dep":"49","code_region":"52","population":1829,"surface_km2":37.2,"lat":47.4284,"lon":-0.8717,"fibre_pct":100.0},{"code_insee":"49070","nom":"Chanteloup-les-Bois","codes_postaux":["49340"],"code_dep":"49","code_region":"52","population":734,"surface_km2":27.55,"lat":47.0859,"lon":-0.6911,"fibre_pct":99.8},{"code_insee":"49076","nom":"La Chapelle-Saint-Laud","codes_postaux":["49140"],"code_dep":"49","code_region":"52","population":837,"surface_km2":10.66,"lat":47.6161,"lon":-0.2949,"fibre_pct":100.0},{"code_insee":"49080","nom":"Les Hauts-d'Anjou","codes_postaux":["49330"],"code_dep":"49","code_region":"52","population":8751,"surface_km2":145.33,"lat":47.697,"lon":-0.5499,"fibre_pct":98.9},{"code_insee":"49082","nom":"Chaudefonds-sur-Layon","codes_postaux":["49290"],"code_dep":"49","code_region":"52","population":949,"surface_km2":15.01,"lat":47.3267,"lon":-0.7284,"fibre_pct":95.9},{"code_insee":"49086","nom":"Terranjou","codes_postaux":["49380","49540"],"code_dep":"49","code_region":"52","population":3871,"surface_km2":57.68,"lat":47.269,"lon":-0.443,"fibre_pct":99.7},{"code_insee":"49089","nom":"Chazé-sur-Argos","codes_postaux":["49500"],"code_dep":"49","code_region":"52","population":1086,"surface_km2":31.79,"lat":47.6111,"lon":-0.8954,"fibre_pct":100.0},{"code_insee":"49090","nom":"Cheffes","codes_postaux":["49125"],"code_dep":"49","code_region":"52","population":1044,"surface_km2":17.6,"lat":47.6236,"lon":-0.5126,"fibre_pct":98.8},{"code_insee":"49092","nom":"Chemillé-en-Anjou","codes_postaux":["49120","49310","49670","49750"],"code_dep":"49","code_region":"52","population":21999,"surface_km2":321.21,"lat":47.2211,"lon":-0.6964,"fibre_pct":99.7},{"code_insee":"49099","nom":"Cholet","codes_postaux":["49300"],"code_dep":"49","code_region":"52","population":54404,"surface_km2":87.42,"lat":47.0358,"lon":-0.875,"fibre_pct":96.7},{"code_insee":"49100","nom":"Cizay-la-Madeleine","codes_postaux":["49700"],"code_dep":"49","code_region":"52","population":473,"surface_km2":19.34,"lat":47.1826,"lon":-0.1834,"fibre_pct":100.0},{"code_insee":"49102","nom":"Cléré-sur-Layon","codes_postaux":["49560"],"code_dep":"49","code_region":"52","population":348,"surface_km2":21.55,"lat":47.0829,"lon":-0.4363,"fibre_pct":98.7},{"code_insee":"49107","nom":"Cornillé-les-Caves","codes_postaux":["49140"],"code_dep":"49","code_region":"52","population":484,"surface_km2":10.43,"lat":47.4925,"lon":-0.3056,"fibre_pct":100.0},{"code_insee":"49109","nom":"Coron","codes_postaux":["49690"],"code_dep":"49","code_region":"52","population":1603,"surface_km2":31.97,"lat":47.1201,"lon":-0.6383,"fibre_pct":100.0},{"code_insee":"49110","nom":"Corzé","codes_postaux":["49140"],"code_dep":"49","code_region":"52","population":1991,"surface_km2":31.43,"lat":47.5429,"lon":-0.3697,"fibre_pct":99.3},{"code_insee":"49112","nom":"Le Coudray-Macouard","codes_postaux":["49260"],"code_dep":"49","code_region":"52","population":918,"surface_km2":13.62,"lat":47.1844,"lon":-0.1298,"fibre_pct":100.0},{"code_insee":"49113","nom":"Courchamps","codes_postaux":["49260"],"code_dep":"49","code_region":"52","population":533,"surface_km2":7.0,"lat":47.1958,"lon":-0.1605,"fibre_pct":100.0},{"code_insee":"49114","nom":"Courléon","codes_postaux":["49390"],"code_dep":"49","code_region":"52","population":142,"surface_km2":13.97,"lat":47.3822,"lon":0.1491,"fibre_pct":100.0},{"code_insee":"49120","nom":"Denée","codes_postaux":["49190"],"code_dep":"49","code_region":"52","population":1449,"surface_km2":16.01,"lat":47.3778,"lon":-0.611,"fibre_pct":100.0},{"code_insee":"49121","nom":"Dénezé-sous-Doué","codes_postaux":["49700"],"code_dep":"49","code_region":"52","population":444,"surface_km2":23.91,"lat":47.2524,"lon":-0.2596,"fibre_pct":100.0},{"code_insee":"49123","nom":"Distré","codes_postaux":["49400"],"code_dep":"49","code_region":"52","population":1806,"surface_km2":14.93,"lat":47.2273,"lon":-0.1217,"fibre_pct":100.0},{"code_insee":"49125","nom":"Doué-en-Anjou","codes_postaux":["49700"],"code_dep":"49","code_region":"52","population":11029,"surface_km2":149.49,"lat":47.1988,"lon":-0.3053,"fibre_pct":97.3},{"code_insee":"49126","nom":"Orée d'Anjou","codes_postaux":["49530"],"code_dep":"49","code_region":"52","population":17162,"surface_km2":157.83,"lat":47.3042,"lon":-1.2135,"fibre_pct":99.9},{"code_insee":"49127","nom":"Durtal","codes_postaux":["49430"],"code_dep":"49","code_region":"52","population":3386,"surface_km2":60.99,"lat":47.6654,"lon":-0.2456,"fibre_pct":96.6},{"code_insee":"49129","nom":"Écouflant","codes_postaux":["49000"],"code_dep":"49","code_region":"52","population":4749,"surface_km2":17.6,"lat":47.524,"lon":-0.519,"fibre_pct":90.3},{"code_insee":"49130","nom":"Écuillé","codes_postaux":["49460"],"code_dep":"49","code_region":"52","population":655,"surface_km2":12.59,"lat":47.6158,"lon":-0.5559,"fibre_pct":89.0},{"code_insee":"49131","nom":"Épieds","codes_postaux":["49260"],"code_dep":"49","code_region":"52","population":711,"surface_km2":27.29,"lat":47.1365,"lon":-0.0335,"fibre_pct":100.0},{"code_insee":"49132","nom":"Étriché","codes_postaux":["49330"],"code_dep":"49","code_region":"52","population":1600,"surface_km2":19.75,"lat":47.6588,"lon":-0.4536,"fibre_pct":100.0},{"code_insee":"49135","nom":"Feneu","codes_postaux":["49460"],"code_dep":"49","code_region":"52","population":2212,"surface_km2":25.93,"lat":47.5832,"lon":-0.6038,"fibre_pct":90.7},{"code_insee":"49138","nom":"Les Bois d'Anjou","codes_postaux":["49250"],"code_dep":"49","code_region":"52","population":2525,"surface_km2":60.27,"lat":47.4536,"lon":-0.1695,"fibre_pct":100.0},{"code_insee":"49140","nom":"Fontevraud-l'Abbaye","codes_postaux":["49590"],"code_dep":"49","code_region":"52","population":1453,"surface_km2":15.02,"lat":47.1819,"lon":0.0261,"fibre_pct":99.5},{"code_insee":"49155","nom":"Grez-Neuville","codes_postaux":["49220"],"code_dep":"49","code_region":"52","population":1447,"surface_km2":27.8,"lat":47.5916,"lon":-0.6864,"fibre_pct":99.2},{"code_insee":"49160","nom":"Ingrandes-le-Fresne-sur-Loire","codes_postaux":["49123"],"code_dep":"49","code_region":"52","population":3071,"surface_km2":25.78,"lat":47.4319,"lon":-0.9323,"fibre_pct":93.8},{"code_insee":"49161","nom":"La Jaille-Yvon","codes_postaux":["49220"],"code_dep":"49","code_region":"52","population":343,"surface_km2":12.91,"lat":47.7226,"lon":-0.6889,"fibre_pct":100.0},{"code_insee":"49163","nom":"Jarzé Villages","codes_postaux":["49140"],"code_dep":"49","code_region":"52","population":2798,"surface_km2":61.02,"lat":47.5606,"lon":-0.2563,"fibre_pct":99.4},{"code_insee":"49167","nom":"Les Garennes sur Loire","codes_postaux":["49320","49610"],"code_dep":"49","code_region":"52","population":4663,"surface_km2":25.27,"lat":47.3851,"lon":-0.4727,"fibre_pct":99.3},{"code_insee":"49170","nom":"Juvardeil","codes_postaux":["49330"],"code_dep":"49","code_region":"52","population":833,"surface_km2":19.22,"lat":47.6611,"lon":-0.5145,"fibre_pct":100.0},{"code_insee":"49171","nom":"La Lande-Chasles","codes_postaux":["49150"],"code_dep":"49","code_region":"52","population":116,"surface_km2":5.2,"lat":47.4607,"lon":-0.0702,"fibre_pct":100.0},{"code_insee":"49174","nom":"Huillé-Lézigné","codes_postaux":["49430"],"code_dep":"49","code_region":"52","population":1298,"surface_km2":22.03,"lat":47.6512,"lon":-0.2934,"fibre_pct":100.0},{"code_insee":"49176","nom":"Le Lion-d'Angers","codes_postaux":["49220"],"code_dep":"49","code_region":"52","population":5390,"surface_km2":48.57,"lat":47.634,"lon":-0.7517,"fibre_pct":99.3},{"code_insee":"49178","nom":"Loiré","codes_postaux":["49440"],"code_dep":"49","code_region":"52","population":900,"surface_km2":34.16,"lat":47.6269,"lon":-0.9679,"fibre_pct":100.0},{"code_insee":"49180","nom":"Longué-Jumelles","codes_postaux":["49160"],"code_dep":"49","code_region":"52","population":6564,"surface_km2":96.65,"lat":47.3961,"lon":-0.1092,"fibre_pct":100.0},{"code_insee":"49182","nom":"Louresse-Rochemenier","codes_postaux":["49700"],"code_dep":"49","code_region":"52","population":896,"surface_km2":26.03,"lat":47.2494,"lon":-0.3124,"fibre_pct":100.0},{"code_insee":"49183","nom":"Val d'Erdre-Auxence","codes_postaux":["49370","49440"],"code_dep":"49","code_region":"52","population":4981,"surface_km2":131.44,"lat":47.5049,"lon":-0.9374,"fibre_pct":99.2},{"code_insee":"49188","nom":"Marcé","codes_postaux":["49140"],"code_dep":"49","code_region":"52","population":843,"surface_km2":21.21,"lat":47.5825,"lon":-0.2993,"fibre_pct":100.0},{"code_insee":"49192","nom":"Maulévrier","codes_postaux":["49360"],"code_dep":"49","code_region":"52","population":3172,"surface_km2":33.73,"lat":47.0159,"lon":-0.7662,"fibre_pct":99.4},{"code_insee":"49193","nom":"Le May-sur-Èvre","codes_postaux":["49122"],"code_dep":"49","code_region":"52","population":3920,"surface_km2":31.83,"lat":47.1304,"lon":-0.8757,"fibre_pct":94.4},{"code_insee":"49194","nom":"Mazé-Milon","codes_postaux":["49140","49630"],"code_dep":"49","code_region":"52","population":5761,"surface_km2":41.86,"lat":47.4713,"lon":-0.2785,"fibre_pct":99.5},{"code_insee":"49195","nom":"Mazières-en-Mauges","codes_postaux":["49280"],"code_dep":"49","code_region":"52","population":1240,"surface_km2":9.0,"lat":47.0606,"lon":-0.7967,"fibre_pct":99.8},{"code_insee":"49200","nom":"Longuenée-en-Anjou","codes_postaux":["49220","49770"],"code_dep":"49","code_region":"52","population":6571,"surface_km2":54.85,"lat":47.5523,"lon":-0.6797,"fibre_pct":84.1},{"code_insee":"49201","nom":"La Ménitré","codes_postaux":["49250"],"code_dep":"49","code_region":"52","population":2079,"surface_km2":17.93,"lat":47.4099,"lon":-0.2565,"fibre_pct":100.0},{"code_insee":"49205","nom":"Miré","codes_postaux":["49330"],"code_dep":"49","code_region":"52","population":1060,"surface_km2":17.97,"lat":47.7642,"lon":-0.4931,"fibre_pct":100.0},{"code_insee":"49209","nom":"Montigné-lès-Rairies","codes_postaux":["49430"],"code_dep":"49","code_region":"52","population":418,"surface_km2":9.14,"lat":47.6268,"lon":-0.2129,"fibre_pct":100.0},{"code_insee":"49211","nom":"Montilliers","codes_postaux":["49310"],"code_dep":"49","code_region":"52","population":1222,"surface_km2":26.57,"lat":47.1805,"lon":-0.5186,"fibre_pct":100.0},{"code_insee":"49214","nom":"Montreuil-Juigné","codes_postaux":["49460"],"code_dep":"49","code_region":"52","population":7808,"surface_km2":14.43,"lat":47.5451,"lon":-0.6178,"fibre_pct":96.7},{"code_insee":"49215","nom":"Montreuil-Bellay","codes_postaux":["49260"],"code_dep":"49","code_region":"52","population":3746,"surface_km2":49.38,"lat":47.1295,"lon":-0.1246,"fibre_pct":97.8},{"code_insee":"49216","nom":"Montreuil-sur-Loir","codes_postaux":["49140"],"code_dep":"49","code_region":"52","population":572,"surface_km2":12.15,"lat":47.5972,"lon":-0.3936,"fibre_pct":100.0},{"code_insee":"49217","nom":"Montreuil-sur-Maine","codes_postaux":["49220"],"code_dep":"49","code_region":"52","population":804,"surface_km2":11.5,"lat":47.6579,"lon":-0.7123,"fibre_pct":100.0},{"code_insee":"49218","nom":"Montrevault-sur-Èvre","codes_postaux":["49110","49270","49600"],"code_dep":"49","code_region":"52","population":15726,"surface_km2":199.85,"lat":47.2494,"lon":-1.0204,"fibre_pct":100.0},{"code_insee":"49219","nom":"Montsoreau","codes_postaux":["49730"],"code_dep":"49","code_region":"52","population":408,"surface_km2":5.35,"lat":47.213,"lon":0.0559,"fibre_pct":100.0},{"code_insee":"49220","nom":"Morannes sur Sarthe-Daumeray","codes_postaux":["49640"],"code_dep":"49","code_region":"52","population":3687,"surface_km2":88.49,"lat":47.7181,"lon":-0.3816,"fibre_pct":100.0},{"code_insee":"49221","nom":"Mouliherne","codes_postaux":["49390"],"code_dep":"49","code_region":"52","population":836,"surface_km2":41.12,"lat":47.4503,"lon":0.0176,"fibre_pct":100.0},{"code_insee":"49222","nom":"Mozé-sur-Louet","codes_postaux":["49610"],"code_dep":"49","code_region":"52","population":2031,"surface_km2":26.04,"lat":47.364,"lon":-0.5707,"fibre_pct":99.9},{"code_insee":"49223","nom":"Mûrs-Erigné","codes_postaux":["49610"],"code_dep":"49","code_region":"52","population":6408,"surface_km2":17.43,"lat":47.3948,"lon":-0.5529,"fibre_pct":95.8},{"code_insee":"49224","nom":"Neuillé","codes_postaux":["49680"],"code_dep":"49","code_region":"52","population":1028,"surface_km2":13.93,"lat":47.3321,"lon":-0.0175,"fibre_pct":100.0},{"code_insee":"49228","nom":"Noyant-Villages","codes_postaux":["49390","49490"],"code_dep":"49","code_region":"52","population":5448,"surface_km2":300.77,"lat":47.5111,"lon":0.1027,"fibre_pct":99.9},{"code_insee":"49231","nom":"Nuaillé","codes_postaux":["49340"],"code_dep":"49","code_region":"52","population":1459,"surface_km2":13.62,"lat":47.0821,"lon":-0.7748,"fibre_pct":100.0},{"code_insee":"49235","nom":"Parnay","codes_postaux":["49730"],"code_dep":"49","code_region":"52","population":373,"surface_km2":6.73,"lat":47.2209,"lon":0.0051,"fibre_pct":96.7},{"code_insee":"49236","nom":"Passavant-sur-Layon","codes_postaux":["49560"],"code_dep":"49","code_region":"52","population":126,"surface_km2":4.91,"lat":47.1013,"lon":-0.3852,"fibre_pct":100.0},{"code_insee":"49237","nom":"La Pellerine","codes_postaux":["49490"],"code_dep":"49","code_region":"52","population":141,"surface_km2":5.38,"lat":47.4578,"lon":0.1347,"fibre_pct":100.0},{"code_insee":"49240","nom":"La Plaine","codes_postaux":["49360"],"code_dep":"49","code_region":"52","population":1018,"surface_km2":22.28,"lat":47.0655,"lon":-0.6294,"fibre_pct":100.0},{"code_insee":"49241","nom":"Le Plessis-Grammoire","codes_postaux":["49124"],"code_dep":"49","code_region":"52","population":2664,"surface_km2":9.48,"lat":47.4941,"lon":-0.4365,"fibre_pct":88.2},{"code_insee":"49244","nom":"Mauges-sur-Loire","codes_postaux":["49110","49290","49410","49570","49620"],"code_dep":"49","code_region":"52","population":18695,"surface_km2":194.32,"lat":47.3435,"lon":-0.9351,"fibre_pct":97.7},{"code_insee":"49246","nom":"Les Ponts-de-Cé","codes_postaux":["49130"],"code_dep":"49","code_region":"52","population":13149,"surface_km2":19.54,"lat":47.427,"lon":-0.511,"fibre_pct":93.5},{"code_insee":"49247","nom":"La Possonnière","codes_postaux":["49170"],"code_dep":"49","code_region":"52","population":2501,"surface_km2":18.71,"lat":47.3848,"lon":-0.7059,"fibre_pct":100.0},{"code_insee":"49248","nom":"Ombrée d'Anjou","codes_postaux":["49420","49520"],"code_dep":"49","code_region":"52","population":8813,"surface_km2":205.1,"lat":47.7232,"lon":-1.1086,"fibre_pct":98.3},{"code_insee":"49253","nom":"Le Puy-Notre-Dame","codes_postaux":["49260"],"code_dep":"49","code_region":"52","population":1084,"surface_km2":15.96,"lat":47.1142,"lon":-0.2281,"fibre_pct":100.0},{"code_insee":"49257","nom":"Les Rairies","codes_postaux":["49430"],"code_dep":"49","code_region":"52","population":1041,"surface_km2":8.5,"lat":47.6499,"lon":-0.2157,"fibre_pct":100.0},{"code_insee":"49259","nom":"Rochefort-sur-Loire","codes_postaux":["49190"],"code_dep":"49","code_region":"52","population":2333,"surface_km2":28.37,"lat":47.3462,"lon":-0.6594,"fibre_pct":94.0},{"code_insee":"49260","nom":"La Romagne","codes_postaux":["49740"],"code_dep":"49","code_region":"52","population":2028,"surface_km2":16.03,"lat":47.0559,"lon":-1.0082,"fibre_pct":99.7},{"code_insee":"49261","nom":"Gennes-Val-de-Loire","codes_postaux":["49160","49320","49350"],"code_dep":"49","code_region":"52","population":8429,"surface_km2":146.61,"lat":47.3424,"lon":-0.2352,"fibre_pct":99.8},{"code_insee":"49262","nom":"Rou-Marson","codes_postaux":["49400"],"code_dep":"49","code_region":"52","population":638,"surface_km2":12.89,"lat":47.2461,"lon":-0.1529,"fibre_pct":100.0},{"code_insee":"49266","nom":"Saint-Augustin-des-Bois","codes_postaux":["49170"],"code_dep":"49","code_region":"52","population":1295,"surface_km2":27.58,"lat":47.4548,"lon":-0.8042,"fibre_pct":100.0},{"code_insee":"49267","nom":"Saint-Barthélemy-d'Anjou","codes_postaux":["49124"],"code_dep":"49","code_region":"52","population":9720,"surface_km2":14.69,"lat":47.4741,"lon":-0.4826,"fibre_pct":96.6},{"code_insee":"49269","nom":"Saint-Christophe-du-Bois","codes_postaux":["49280"],"code_dep":"49","code_region":"52","population":2828,"surface_km2":21.74,"lat":47.0309,"lon":-0.971,"fibre_pct":99.5},{"code_insee":"49271","nom":"Saint-Clément-de-la-Place","codes_postaux":["49370"],"code_dep":"49","code_region":"52","population":2168,"surface_km2":33.54,"lat":47.5264,"lon":-0.7328,"fibre_pct":80.4},{"code_insee":"49272","nom":"Saint-Clément-des-Levées","codes_postaux":["49350"],"code_dep":"49","code_region":"52","population":1128,"surface_km2":10.46,"lat":47.3495,"lon":-0.1803,"fibre_pct":100.0},{"code_insee":"49278","nom":"Sainte-Gemmes-sur-Loire","codes_postaux":["49130"],"code_dep":"49","code_region":"52","population":3685,"surface_km2":14.71,"lat":47.4296,"lon":-0.5702,"fibre_pct":93.4},{"code_insee":"49283","nom":"Saint-Georges-sur-Loire","codes_postaux":["49170"],"code_dep":"49","code_region":"52","population":3836,"surface_km2":34.2,"lat":47.4031,"lon":-0.7537,"fibre_pct":99.8},{"code_insee":"49284","nom":"Saint-Germain-des-Prés","codes_postaux":["49170"],"code_dep":"49","code_region":"52","population":1388,"surface_km2":20.11,"lat":47.4099,"lon":-0.8082,"fibre_pct":100.0},{"code_insee":"49288","nom":"Saint-Jean-de-la-Croix","codes_postaux":["49130"],"code_dep":"49","code_region":"52","population":232,"surface_km2":1.88,"lat":47.4112,"lon":-0.5844,"fibre_pct":100.0},{"code_insee":"49291","nom":"Saint-Just-sur-Dive","codes_postaux":["49260"],"code_dep":"49","code_region":"52","population":373,"surface_km2":7.26,"lat":47.1718,"lon":-0.1027,"fibre_pct":100.0},{"code_insee":"49292","nom":"Val-du-Layon","codes_postaux":["49190","49750"],"code_dep":"49","code_region":"52","population":3510,"surface_km2":30.08,"lat":47.3135,"lon":-0.6529,"fibre_pct":99.4},{"code_insee":"49294","nom":"Saint-Lambert-la-Potherie","codes_postaux":["49070"],"code_dep":"49","code_region":"52","population":2974,"surface_km2":14.16,"lat":47.487,"lon":-0.6904,"fibre_pct":94.6},{"code_insee":"49298","nom":"Saint-Léger-de-Linières","codes_postaux":["49070","49170"],"code_dep":"49","code_region":"52","population":3866,"surface_km2":24.49,"lat":47.4609,"lon":-0.7069,"fibre_pct":94.3},{"code_insee":"49299","nom":"Saint-Léger-sous-Cholet","codes_postaux":["49280"],"code_dep":"49","code_region":"52","population":3106,"surface_km2":9.7,"lat":47.1022,"lon":-0.9007,"fibre_pct":99.4},{"code_insee":"49301","nom":"Sèvremoine","codes_postaux":["49230","49450","49660","49710"],"code_dep":"49","code_region":"52","population":25797,"surface_km2":215.15,"lat":47.0878,"lon":-1.0968,"fibre_pct":100.0},{"code_insee":"49302","nom":"Saint-Macaire-du-Bois","codes_postaux":["49260"],"code_dep":"49","code_region":"52","population":439,"surface_km2":13.24,"lat":47.1135,"lon":-0.288,"fibre_pct":100.0},{"code_insee":"49306","nom":"Saint-Martin-du-Fouilloux","codes_postaux":["49170"],"code_dep":"49","code_region":"52","population":1705,"surface_km2":14.95,"lat":47.4355,"lon":-0.7115,"fibre_pct":89.9},{"code_insee":"49307","nom":"Loire-Authion","codes_postaux":["49140","49250","49630","49800"],"code_dep":"49","code_region":"52","population":16765,"surface_km2":114.76,"lat":47.4695,"lon":-0.3734,"fibre_pct":98.9},{"code_insee":"49308","nom":"Saint-Melaine-sur-Aubance","codes_postaux":["49610"],"code_dep":"49","code_region":"52","population":2216,"surface_km2":5.07,"lat":47.3819,"lon":-0.4986,"fibre_pct":99.7},{"code_insee":"49310","nom":"Saint-Paul-du-Bois","codes_postaux":["49310"],"code_dep":"49","code_region":"52","population":598,"surface_km2":26.89,"lat":47.0905,"lon":-0.539,"fibre_pct":100.0},{"code_insee":"49311","nom":"Saint-Philbert-du-Peuple","codes_postaux":["49160"],"code_dep":"49","code_region":"52","population":1307,"surface_km2":16.69,"lat":47.3901,"lon":-0.0471,"fibre_pct":100.0},{"code_insee":"49323","nom":"Verrières-en-Anjou","codes_postaux":["49112","49480"],"code_dep":"49","code_region":"52","population":8116,"surface_km2":25.69,"lat":47.5182,"lon":-0.4746,"fibre_pct":91.9},{"code_insee":"49326","nom":"Sarrigné","codes_postaux":["49800"],"code_dep":"49","code_region":"52","population":935,"surface_km2":3.08,"lat":47.5032,"lon":-0.3894,"fibre_pct":96.4},{"code_insee":"49328","nom":"Saumur","codes_postaux":["49400"],"code_dep":"49","code_region":"52","population":26241,"surface_km2":66.53,"lat":47.2645,"lon":-0.0837,"fibre_pct":94.1},{"code_insee":"49329","nom":"Savennières","codes_postaux":["49170"],"code_dep":"49","code_region":"52","population":1349,"surface_km2":21.35,"lat":47.4064,"lon":-0.664,"fibre_pct":79.4},{"code_insee":"49330","nom":"Sceaux-d'Anjou","codes_postaux":["49330"],"code_dep":"49","code_region":"52","population":1155,"surface_km2":17.43,"lat":47.6295,"lon":-0.6061,"fibre_pct":100.0},{"code_insee":"49331","nom":"Segré-en-Anjou Bleu","codes_postaux":["49500","49520"],"code_dep":"49","code_region":"52","population":17667,"surface_km2":244.15,"lat":47.7111,"lon":-0.854,"fibre_pct":98.8},{"code_insee":"49332","nom":"La Séguinière","codes_postaux":["49280"],"code_dep":"49","code_region":"52","population":4248,"surface_km2":31.6,"lat":47.0794,"lon":-0.9622,"fibre_pct":97.3},{"code_insee":"49333","nom":"Seiches-sur-le-Loir","codes_postaux":["49140"],"code_dep":"49","code_region":"52","population":2844,"surface_km2":28.98,"lat":47.5963,"lon":-0.3646,"fibre_pct":97.8},{"code_insee":"49334","nom":"Sermaise","codes_postaux":["49140"],"code_dep":"49","code_region":"52","population":345,"surface_km2":7.24,"lat":47.5225,"lon":-0.2156,"fibre_pct":100.0},{"code_insee":"49336","nom":"Somloire","codes_postaux":["49360"],"code_dep":"49","code_region":"52","population":884,"surface_km2":31.83,"lat":47.0356,"lon":-0.597,"fibre_pct":100.0},{"code_insee":"49338","nom":"Soulaines-sur-Aubance","codes_postaux":["49610"],"code_dep":"49","code_region":"52","population":1329,"surface_km2":12.91,"lat":47.3616,"lon":-0.5218,"fibre_pct":92.6},{"code_insee":"49339","nom":"Soulaire-et-Bourg","codes_postaux":["49460"],"code_dep":"49","code_region":"52","population":1467,"surface_km2":18.4,"lat":47.5761,"lon":-0.5402,"fibre_pct":87.4},{"code_insee":"49341","nom":"Souzay-Champigny","codes_postaux":["49400"],"code_dep":"49","code_region":"52","population":686,"surface_km2":9.14,"lat":47.2209,"lon":-0.0272,"fibre_pct":98.9},{"code_insee":"49343","nom":"La Tessoualle","codes_postaux":["49280"],"code_dep":"49","code_region":"52","population":3167,"surface_km2":21.21,"lat":47.0113,"lon":-0.834,"fibre_pct":97.8},{"code_insee":"49344","nom":"Thorigné-d'Anjou","codes_postaux":["49220"],"code_dep":"49","code_region":"52","population":1223,"surface_km2":16.81,"lat":47.6356,"lon":-0.6619,"fibre_pct":100.0},{"code_insee":"49345","nom":"Bellevigne-en-Layon","codes_postaux":["49380","49750"],"code_dep":"49","code_region":"52","population":5922,"surface_km2":95.55,"lat":47.2719,"lon":-0.5395,"fibre_pct":97.6},{"code_insee":"49347","nom":"Tiercé","codes_postaux":["49125"],"code_dep":"49","code_region":"52","population":4589,"surface_km2":34.18,"lat":47.6254,"lon":-0.4449,"fibre_pct":99.8},{"code_insee":"49352","nom":"Toutlemonde","codes_postaux":["49360"],"code_dep":"49","code_region":"52","population":1305,"surface_km2":12.87,"lat":47.0591,"lon":-0.7599,"fibre_pct":100.0},{"code_insee":"49353","nom":"Trélazé","codes_postaux":["49800"],"code_dep":"49","code_region":"52","population":16333,"surface_km2":12.23,"lat":47.4522,"lon":-0.478,"fibre_pct":96.3},{"code_insee":"49355","nom":"Trémentines","codes_postaux":["49340"],"code_dep":"49","code_region":"52","population":3101,"surface_km2":34.94,"lat":47.1261,"lon":-0.8036,"fibre_pct":95.5},{"code_insee":"49358","nom":"Turquant","codes_postaux":["49730"],"code_dep":"49","code_region":"52","population":566,"surface_km2":7.91,"lat":47.2131,"lon":0.017,"fibre_pct":100.0},{"code_insee":"49359","nom":"Les Ulmes","codes_postaux":["49700"],"code_dep":"49","code_region":"52","population":544,"surface_km2":8.18,"lat":47.2251,"lon":-0.1824,"fibre_pct":100.0},{"code_insee":"49361","nom":"Varennes-sur-Loire","codes_postaux":["49730"],"code_dep":"49","code_region":"52","population":1922,"surface_km2":23.55,"lat":47.2451,"lon":0.0371,"fibre_pct":99.3},{"code_insee":"49362","nom":"Varrains","codes_postaux":["49400"],"code_dep":"49","code_region":"52","population":1312,"surface_km2":3.48,"lat":47.2276,"lon":-0.0661,"fibre_pct":100.0},{"code_insee":"49364","nom":"Vaudelnay","codes_postaux":["49260"],"code_dep":"49","code_region":"52","population":1122,"surface_km2":25.59,"lat":47.1396,"lon":-0.2148,"fibre_pct":100.0},{"code_insee":"49367","nom":"Erdre-en-Anjou","codes_postaux":["49220","49370"],"code_dep":"49","code_region":"52","population":5771,"surface_km2":92.5,"lat":47.589,"lon":-0.8178,"fibre_pct":99.9},{"code_insee":"49368","nom":"Vernantes","codes_postaux":["49390"],"code_dep":"49","code_region":"52","population":2004,"surface_km2":41.68,"lat":47.3945,"lon":0.0259,"fibre_pct":99.3},{"code_insee":"49369","nom":"Vernoil-le-Fourrier","codes_postaux":["49390"],"code_dep":"49","code_region":"52","population":1366,"surface_km2":33.23,"lat":47.3972,"lon":0.1001,"fibre_pct":98.8},{"code_insee":"49370","nom":"Verrie","codes_postaux":["49400"],"code_dep":"49","code_region":"52","population":458,"surface_km2":17.1,"lat":47.2659,"lon":-0.19,"fibre_pct":100.0},{"code_insee":"49371","nom":"Vezins","codes_postaux":["49340"],"code_dep":"49","code_region":"52","population":1758,"surface_km2":18.42,"lat":47.1139,"lon":-0.7198,"fibre_pct":100.0},{"code_insee":"49373","nom":"Lys-Haut-Layon","codes_postaux":["49310","49540","49560"],"code_dep":"49","code_region":"52","population":7748,"surface_km2":172.23,"lat":47.1504,"lon":-0.4618,"fibre_pct":99.1},{"code_insee":"49374","nom":"Villebernier","codes_postaux":["49400"],"code_dep":"49","code_region":"52","population":1441,"surface_km2":10.09,"lat":47.2644,"lon":-0.0218,"fibre_pct":100.0},{"code_insee":"49377","nom":"Rives-du-Loir-en-Anjou","codes_postaux":["49140"],"code_dep":"49","code_region":"52","population":5644,"surface_km2":48.06,"lat":47.5572,"lon":-0.4448,"fibre_pct":85.0},{"code_insee":"49378","nom":"Vivy","codes_postaux":["49680"],"code_dep":"49","code_region":"52","population":2582,"surface_km2":23.5,"lat":47.3211,"lon":-0.071,"fibre_pct":100.0},{"code_insee":"49381","nom":"Yzernay","codes_postaux":["49360"],"code_dep":"49","code_region":"52","population":1855,"surface_km2":41.3,"lat":47.0292,"lon":-0.6909,"fibre_pct":100.0}]