[{"code_insee":"50002","nom":"Agneaux","codes_postaux":["50180"],"code_dep":"50","code_region":"28","population":4286,"surface_km2":6.56,"lat":49.1153,"lon":-1.1272,"fibre_pct":100.0},{"code_insee":"50003","nom":"Agon-Coutainville","codes_postaux":["50230"],"code_dep":"50","code_region":"28","population":3020,"surface_km2":12.63,"lat":49.0298,"lon":-1.5807,"fibre_pct":89.6},{"code_insee":"50004","nom":"Airel","codes_postaux":["50680"],"code_dep":"50","code_region":"28","population":515,"surface_km2":10.14,"lat":49.2154,"lon":-1.0787,"fibre_pct":97.8},{"code_insee":"50006","nom":"Amigny","codes_postaux":["50620"],"code_dep":"50","code_region":"28","population":151,"surface_km2":3.72,"lat":49.1565,"lon":-1.1856,"fibre_pct":79.1},{"code_insee":"50008","nom":"Anctoville-sur-Boscq","codes_postaux":["50400"],"code_dep":"50","code_region":"28","population":435,"surface_km2":2.18,"lat":48.8456,"lon":-1.528,"fibre_pct":91.0},{"code_insee":"50013","nom":"Anneville-en-Saire","codes_postaux":["50760"],"code_dep":"50","code_region":"28","population":370,"surface_km2":6.07,"lat":49.6369,"lon":-1.2836,"fibre_pct":100.0},{"code_insee":"50016","nom":"Appeville","codes_postaux":["50500"],"code_dep":"50","code_region":"28","population":200,"surface_km2":13.33,"lat":49.3275,"lon":-1.3333,"fibre_pct":86.2},{"code_insee":"50019","nom":"Aucey-la-Plaine","codes_postaux":["50170"],"code_dep":"50","code_region":"28","population":412,"surface_km2":9.48,"lat":48.5268,"lon":-1.4786,"fibre_pct":94.0},{"code_insee":"50021","nom":"Audouville-la-Hubert","codes_postaux":["50480"],"code_dep":"50","code_region":"28","population":78,"surface_km2":6.42,"lat":49.4183,"lon":-1.2246,"fibre_pct":12.3},{"code_insee":"50022","nom":"Aumeville-Lestre","codes_postaux":["50630"],"code_dep":"50","code_region":"28","population":132,"surface_km2":2.52,"lat":49.5392,"lon":-1.3234,"fibre_pct":90.2},{"code_insee":"50023","nom":"Auvers","codes_postaux":["50500"],"code_dep":"50","code_region":"28","population":683,"surface_km2":18.92,"lat":49.3001,"lon":-1.3212,"fibre_pct":91.2},{"code_insee":"50024","nom":"Auxais","codes_postaux":["50500"],"code_dep":"50","code_region":"28","population":176,"surface_km2":7.9,"lat":49.2152,"lon":-1.3046,"fibre_pct":74.2},{"code_insee":"50025","nom":"Avranches","codes_postaux":["50300"],"code_dep":"50","code_region":"28","population":10143,"surface_km2":11.07,"lat":48.6759,"lon":-1.3452,"fibre_pct":93.2},{"code_insee":"50026","nom":"Azeville","codes_postaux":["50310"],"code_dep":"50","code_region":"28","population":79,"surface_km2":3.02,"lat":49.4563,"lon":-1.3123,"fibre_pct":92.6},{"code_insee":"50027","nom":"Bacilly","codes_postaux":["50530"],"code_dep":"50","code_region":"28","population":921,"surface_km2":16.36,"lat":48.7052,"lon":-1.4313,"fibre_pct":82.2},{"code_insee":"50028","nom":"La Baleine","codes_postaux":["50450"],"code_dep":"50","code_region":"28","population":105,"surface_km2":4.02,"lat":48.924,"lon":-1.3038,"fibre_pct":100.0},{"code_insee":"50029","nom":"Barenton","codes_postaux":["50720"],"code_dep":"50","code_region":"28","population":1161,"surface_km2":35.62,"lat":48.6091,"lon":-0.8433,"fibre_pct":73.6},{"code_insee":"50030","nom":"Barfleur","codes_postaux":["50760"],"code_dep":"50","code_region":"28","population":542,"surface_km2":0.61,"lat":49.6689,"lon":-1.2652,"fibre_pct":99.7},{"code_insee":"50031","nom":"Barneville-Carteret","codes_postaux":["50270"],"code_dep":"50","code_region":"28","population":2223,"surface_km2":10.44,"lat":49.3787,"lon":-1.7753,"fibre_pct":98.5},{"code_insee":"50032","nom":"La Barre-de-Semilly","codes_postaux":["50810"],"code_dep":"50","code_region":"28","population":1029,"surface_km2":7.75,"lat":49.1053,"lon":-1.0127,"fibre_pct":99.4},{"code_insee":"50033","nom":"Baubigny","codes_postaux":["50270"],"code_dep":"50","code_region":"28","population":132,"surface_km2":6.38,"lat":49.4277,"lon":-1.8029,"fibre_pct":100.0},{"code_insee":"50034","nom":"Baudre","codes_postaux":["50000"],"code_dep":"50","code_region":"28","population":613,"surface_km2":3.8,"lat":49.0866,"lon":-1.0675,"fibre_pct":97.5},{"code_insee":"50036","nom":"Baupte","codes_postaux":["50500"],"code_dep":"50","code_region":"28","population":436,"surface_km2":2.33,"lat":49.3107,"lon":-1.3675,"fibre_pct":85.5},{"code_insee":"50038","nom":"Beauchamps","codes_postaux":["50320"],"code_dep":"50","code_region":"28","population":441,"surface_km2":4.16,"lat":48.8362,"lon":-1.3667,"fibre_pct":85.2},{"code_insee":"50039","nom":"Beaucoudray","codes_postaux":["50420"],"code_dep":"50","code_region":"28","population":136,"surface_km2":4.73,"lat":48.9613,"lon":-1.1434,"fibre_pct":67.6},{"code_insee":"50040","nom":"Beauficel","codes_postaux":["50150"],"code_dep":"50","code_region":"28","population":122,"surface_km2":9.15,"lat":48.7416,"lon":-0.9616,"fibre_pct":100.0},{"code_insee":"50041","nom":"La Hague","codes_postaux":["50440","50460","50690"],"code_dep":"50","code_region":"28","population":11484,"surface_km2":149.63,"lat":49.6546,"lon":-1.8214,"fibre_pct":99.8},{"code_insee":"50042","nom":"Beauvoir","codes_postaux":["50170"],"code_dep":"50","code_region":"28","population":419,"surface_km2":14.37,"lat":48.6045,"lon":-1.5287,"fibre_pct":92.2},{"code_insee":"50044","nom":"Belval","codes_postaux":["50210"],"code_dep":"50","code_region":"28","population":333,"surface_km2":5.72,"lat":49.0547,"lon":-1.3513,"fibre_pct":60.1},{"code_insee":"50045","nom":"Benoîtville","codes_postaux":["50340"],"code_dep":"50","code_region":"28","population":640,"surface_km2":8.46,"lat":49.5309,"lon":-1.7743,"fibre_pct":94.0},{"code_insee":"50046","nom":"Bérigny","codes_postaux":["50810"],"code_dep":"50","code_region":"28","population":442,"surface_km2":12.15,"lat":49.1395,"lon":-0.9435,"fibre_pct":98.4},{"code_insee":"50048","nom":"Beslon","codes_postaux":["50800"],"code_dep":"50","code_region":"28","population":562,"surface_km2":17.44,"lat":48.8583,"lon":-1.1601,"fibre_pct":98.4},{"code_insee":"50049","nom":"Besneville","codes_postaux":["50390"],"code_dep":"50","code_region":"28","population":661,"surface_km2":18.43,"lat":49.3766,"lon":-1.6318,"fibre_pct":100.0},{"code_insee":"50050","nom":"Beuvrigny","codes_postaux":["50420"],"code_dep":"50","code_region":"28","population":131,"surface_km2":6.89,"lat":48.9655,"lon":-1.0038,"fibre_pct":25.0},{"code_insee":"50052","nom":"Beuzeville-la-Bastille","codes_postaux":["50360"],"code_dep":"50","code_region":"28","population":148,"surface_km2":4.39,"lat":49.3499,"lon":-1.3633,"fibre_pct":0.0},{"code_insee":"50054","nom":"Biéville","codes_postaux":["50160"],"code_dep":"50","code_region":"28","population":198,"surface_km2":5.56,"lat":49.0739,"lon":-0.8897,"fibre_pct":0.0},{"code_insee":"50055","nom":"Biniville","codes_postaux":["50390"],"code_dep":"50","code_region":"28","population":118,"surface_km2":3.02,"lat":49.4303,"lon":-1.4866,"fibre_pct":91.9},{"code_insee":"50058","nom":"Blainville-sur-Mer","codes_postaux":["50560"],"code_dep":"50","code_region":"28","population":1600,"surface_km2":11.8,"lat":49.0716,"lon":-1.5688,"fibre_pct":89.0},{"code_insee":"50059","nom":"Blosville","codes_postaux":["50480"],"code_dep":"50","code_region":"28","population":310,"surface_km2":4.21,"lat":49.3745,"lon":-1.2944,"fibre_pct":74.4},{"code_insee":"50060","nom":"La Bloutière","codes_postaux":["50800"],"code_dep":"50","code_region":"28","population":423,"surface_km2":9.37,"lat":48.869,"lon":-1.2511,"fibre_pct":67.8},{"code_insee":"50062","nom":"Boisyvon","codes_postaux":["50800"],"code_dep":"50","code_region":"28","population":100,"surface_km2":3.84,"lat":48.8066,"lon":-1.1316,"fibre_pct":41.8},{"code_insee":"50064","nom":"La Bonneville","codes_postaux":["50360"],"code_dep":"50","code_region":"28","population":173,"surface_km2":6.38,"lat":49.3873,"lon":-1.4645,"fibre_pct":66.7},{"code_insee":"50066","nom":"Jullouville","codes_postaux":["50610"],"code_dep":"50","code_region":"28","population":2394,"surface_km2":21.74,"lat":48.7627,"lon":-1.5291,"fibre_pct":94.8},{"code_insee":"50069","nom":"Bourguenolles","codes_postaux":["50800"],"code_dep":"50","code_region":"28","population":349,"surface_km2":7.67,"lat":48.7944,"lon":-1.2892,"fibre_pct":68.0},{"code_insee":"50070","nom":"Boutteville","codes_postaux":["50480"],"code_dep":"50","code_region":"28","population":57,"surface_km2":1.84,"lat":49.3907,"lon":-1.2543,"fibre_pct":9.4},{"code_insee":"50072","nom":"Brainville","codes_postaux":["50200"],"code_dep":"50","code_region":"28","population":214,"surface_km2":3.24,"lat":49.083,"lon":-1.5013,"fibre_pct":96.7},{"code_insee":"50074","nom":"Brécey","codes_postaux":["50370"],"code_dep":"50","code_region":"28","population":2172,"surface_km2":21.32,"lat":48.727,"lon":-1.1761,"fibre_pct":75.3},{"code_insee":"50076","nom":"Bréhal","codes_postaux":["50290"],"code_dep":"50","code_region":"28","population":3487,"surface_km2":12.82,"lat":48.8979,"lon":-1.5278,"fibre_pct":97.9},{"code_insee":"50077","nom":"Bretteville","codes_postaux":["50110"],"code_dep":"50","code_region":"28","population":1027,"surface_km2":5.8,"lat":49.6514,"lon":-1.5084,"fibre_pct":90.0},{"code_insee":"50078","nom":"Bretteville-sur-Ay","codes_postaux":["50430"],"code_dep":"50","code_region":"28","population":444,"surface_km2":9.87,"lat":49.2551,"lon":-1.6267,"fibre_pct":82.9},{"code_insee":"50079","nom":"Breuville","codes_postaux":["50260"],"code_dep":"50","code_region":"28","population":406,"surface_km2":8.59,"lat":49.5375,"lon":-1.6643,"fibre_pct":100.0},{"code_insee":"50081","nom":"Bréville-sur-Mer","codes_postaux":["50290"],"code_dep":"50","code_region":"28","population":791,"surface_km2":6.85,"lat":48.8697,"lon":-1.5549,"fibre_pct":89.6},{"code_insee":"50082","nom":"Bricquebec-en-Cotentin","codes_postaux":["50260"],"code_dep":"50","code_region":"28","population":5893,"surface_km2":77.69,"lat":49.4621,"lon":-1.6628,"fibre_pct":95.4},{"code_insee":"50083","nom":"Bricquebosq","codes_postaux":["50340"],"code_dep":"50","code_region":"28","population":638,"surface_km2":8.21,"lat":49.5347,"lon":-1.7193,"fibre_pct":86.0},{"code_insee":"50084","nom":"Bricqueville-la-Blouette","codes_postaux":["50200"],"code_dep":"50","code_region":"28","population":530,"surface_km2":6.27,"lat":49.0382,"lon":-1.4755,"fibre_pct":85.5},{"code_insee":"50085","nom":"Bricqueville-sur-Mer","codes_postaux":["50290"],"code_dep":"50","code_region":"28","population":1261,"surface_km2":12.81,"lat":48.9204,"lon":-1.5206,"fibre_pct":73.9},{"code_insee":"50086","nom":"Brillevast","codes_postaux":["50330"],"code_dep":"50","code_region":"28","population":318,"surface_km2":9.15,"lat":49.6251,"lon":-1.4102,"fibre_pct":85.6},{"code_insee":"50087","nom":"Brix","codes_postaux":["50700"],"code_dep":"50","code_region":"28","population":2165,"surface_km2":32.2,"lat":49.5521,"lon":-1.5783,"fibre_pct":82.7},{"code_insee":"50088","nom":"Brouains","codes_postaux":["50150"],"code_dep":"50","code_region":"28","population":140,"surface_km2":3.83,"lat":48.7226,"lon":-0.9668,"fibre_pct":100.0},{"code_insee":"50090","nom":"Buais-Les-Monts","codes_postaux":["50640"],"code_dep":"50","code_region":"28","population":611,"surface_km2":24.72,"lat":48.5245,"lon":-0.9747,"fibre_pct":99.8},{"code_insee":"50092","nom":"Cambernon","codes_postaux":["50200"],"code_dep":"50","code_region":"28","population":677,"surface_km2":17.08,"lat":49.0853,"lon":-1.3846,"fibre_pct":90.3},{"code_insee":"50093","nom":"Cametours","codes_postaux":["50570"],"code_dep":"50","code_region":"28","population":434,"surface_km2":7.37,"lat":49.072,"lon":-1.2832,"fibre_pct":87.4},{"code_insee":"50094","nom":"Camprond","codes_postaux":["50210"],"code_dep":"50","code_region":"28","population":374,"surface_km2":6.25,"lat":49.0893,"lon":-1.3397,"fibre_pct":87.9},{"code_insee":"50095","nom":"Canisy","codes_postaux":["50750"],"code_dep":"50","code_region":"28","population":1707,"surface_km2":18.36,"lat":49.0706,"lon":-1.1583,"fibre_pct":95.8},{"code_insee":"50096","nom":"Canteloup","codes_postaux":["50330"],"code_dep":"50","code_region":"28","population":220,"surface_km2":4.32,"lat":49.642,"lon":-1.3625,"fibre_pct":100.0},{"code_insee":"50097","nom":"Canville-la-Rocque","codes_postaux":["50580"],"code_dep":"50","code_region":"28","population":125,"surface_km2":5.42,"lat":49.3472,"lon":-1.6314,"fibre_pct":98.9},{"code_insee":"50098","nom":"Carantilly","codes_postaux":["50570"],"code_dep":"50","code_region":"28","population":619,"surface_km2":10.89,"lat":49.0659,"lon":-1.2499,"fibre_pct":98.3},{"code_insee":"50099","nom":"Carentan-les-Marais","codes_postaux":["50480","50500","50620"],"code_dep":"50","code_region":"28","population":10218,"surface_km2":135.96,"lat":49.3061,"lon":-1.2118,"fibre_pct":94.4},{"code_insee":"50101","nom":"Carneville","codes_postaux":["50330"],"code_dep":"50","code_region":"28","population":240,"surface_km2":6.95,"lat":49.6579,"lon":-1.4493,"fibre_pct":95.5},{"code_insee":"50102","nom":"Carolles","codes_postaux":["50740"],"code_dep":"50","code_region":"28","population":774,"surface_km2":4.24,"lat":48.7505,"lon":-1.5568,"fibre_pct":98.7},{"code_insee":"50105","nom":"Catteville","codes_postaux":["50390"],"code_dep":"50","code_region":"28","population":106,"surface_km2":4.64,"lat":49.3565,"lon":-1.5654,"fibre_pct":93.2},{"code_insee":"50106","nom":"Cavigny","codes_postaux":["50620"],"code_dep":"50","code_region":"28","population":269,"surface_km2":6.88,"lat":49.1914,"lon":-1.1221,"fibre_pct":100.0},{"code_insee":"50108","nom":"Céaux","codes_postaux":["50220"],"code_dep":"50","code_region":"28","population":414,"surface_km2":8.98,"lat":48.6302,"lon":-1.3895,"fibre_pct":70.0},{"code_insee":"50109","nom":"Cérences","codes_postaux":["50510"],"code_dep":"50","code_region":"28","population":1852,"surface_km2":26.24,"lat":48.9075,"lon":-1.4389,"fibre_pct":98.6},{"code_insee":"50110","nom":"Cerisy-la-Forêt","codes_postaux":["50680"],"code_dep":"50","code_region":"28","population":1004,"surface_km2":24.05,"lat":49.1967,"lon":-0.938,"fibre_pct":99.7},{"code_insee":"50111","nom":"Cerisy-la-Salle","codes_postaux":["50210"],"code_dep":"50","code_region":"28","population":1005,"surface_km2":17.03,"lat":49.037,"lon":-1.271,"fibre_pct":98.1},{"code_insee":"50112","nom":"La Chaise-Baudouin","codes_postaux":["50370"],"code_dep":"50","code_region":"28","population":435,"surface_km2":12.16,"lat":48.764,"lon":-1.2442,"fibre_pct":63.3},{"code_insee":"50115","nom":"Le Grippon","codes_postaux":["50320"],"code_dep":"50","code_region":"28","population":391,"surface_km2":9.91,"lat":48.767,"lon":-1.3923,"fibre_pct":68.0},{"code_insee":"50117","nom":"Champeaux","codes_postaux":["50530"],"code_dep":"50","code_region":"28","population":349,"surface_km2":4.29,"lat":48.7405,"lon":-1.5259,"fibre_pct":98.6},{"code_insee":"50118","nom":"Champrepus","codes_postaux":["50800"],"code_dep":"50","code_region":"28","population":322,"surface_km2":9.15,"lat":48.8357,"lon":-1.3188,"fibre_pct":78.5},{"code_insee":"50120","nom":"Chanteloup","codes_postaux":["50510"],"code_dep":"50","code_region":"28","population":407,"surface_km2":4.23,"lat":48.8918,"lon":-1.4784,"fibre_pct":88.6},{"code_insee":"50121","nom":"La Chapelle-Cécelin","codes_postaux":["50800"],"code_dep":"50","code_region":"28","population":245,"surface_km2":5.24,"lat":48.8094,"lon":-1.1677,"fibre_pct":77.9},{"code_insee":"50124","nom":"La Chapelle-Urée","codes_postaux":["50370"],"code_dep":"50","code_region":"28","population":172,"surface_km2":4.64,"lat":48.6634,"lon":-1.1495,"fibre_pct":74.1},{"code_insee":"50126","nom":"Chavoy","codes_postaux":["50870"],"code_dep":"50","code_region":"28","population":126,"surface_km2":3.73,"lat":48.7368,"lon":-1.3346,"fibre_pct":80.8},{"code_insee":"50129","nom":"Cherbourg-en-Cotentin","codes_postaux":["50100","50110","50120","50130","50460","50470"],"code_dep":"50","code_region":"28","population":78258,"surface_km2":68.32,"lat":49.6277,"lon":-1.6356,"fibre_pct":94.4},{"code_insee":"50130","nom":"Chérencé-le-Héron","codes_postaux":["50800"],"code_dep":"50","code_region":"28","population":436,"surface_km2":9.63,"lat":48.8011,"lon":-1.2009,"fibre_pct":82.6},{"code_insee":"50135","nom":"Clitourps","codes_postaux":["50330"],"code_dep":"50","code_region":"28","population":225,"surface_km2":6.39,"lat":49.6496,"lon":-1.3696,"fibre_pct":99.2},{"code_insee":"50137","nom":"La Colombe","codes_postaux":["50800"],"code_dep":"50","code_region":"28","population":626,"surface_km2":14.47,"lat":48.8704,"lon":-1.1914,"fibre_pct":78.3},{"code_insee":"50138","nom":"Colomby","codes_postaux":["50700"],"code_dep":"50","code_region":"28","population":569,"surface_km2":11.34,"lat":49.453,"lon":-1.4938,"fibre_pct":87.2},{"code_insee":"50139","nom":"Condé-sur-Vire","codes_postaux":["50420","50890"],"code_dep":"50","code_region":"28","population":4137,"surface_km2":36.7,"lat":49.0503,"lon":-1.0409,"fibre_pct":90.2},{"code_insee":"50142","nom":"Vicq-sur-Mer","codes_postaux":["50330"],"code_dep":"50","code_region":"28","population":1093,"surface_km2":20.68,"lat":49.6869,"lon":-1.3685,"fibre_pct":91.0},{"code_insee":"50143","nom":"Coudeville-sur-Mer","codes_postaux":["50290"],"code_dep":"50","code_region":"28","population":887,"surface_km2":8.78,"lat":48.8707,"lon":-1.5321,"fibre_pct":77.1},{"code_insee":"50144","nom":"Coulouvray-Boisbenâtre","codes_postaux":["50670"],"code_dep":"50","code_region":"28","population":531,"surface_km2":17.37,"lat":48.786,"lon":-1.0997,"fibre_pct":82.5},{"code_insee":"50145","nom":"Courcy","codes_postaux":["50200"],"code_dep":"50","code_region":"28","population":639,"surface_km2":11.52,"lat":49.0517,"lon":-1.392,"fibre_pct":97.9},{"code_insee":"50146","nom":"Courtils","codes_postaux":["50220"],"code_dep":"50","code_region":"28","population":210,"surface_km2":5.49,"lat":48.63,"lon":-1.4243,"fibre_pct":26.8},{"code_insee":"50147","nom":"Coutances","codes_postaux":["50200"],"code_dep":"50","code_region":"28","population":8321,"surface_km2":12.6,"lat":49.0552,"lon":-1.4451,"fibre_pct":97.0},{"code_insee":"50148","nom":"Couvains","codes_postaux":["50680"],"code_dep":"50","code_region":"28","population":562,"surface_km2":15.1,"lat":49.1618,"lon":-1.0099,"fibre_pct":99.4},{"code_insee":"50149","nom":"Couville","codes_postaux":["50690"],"code_dep":"50","code_region":"28","population":1249,"surface_km2":8.67,"lat":49.561,"lon":-1.6828,"fibre_pct":100.0},{"code_insee":"50150","nom":"Crasville","codes_postaux":["50630"],"code_dep":"50","code_region":"28","population":223,"surface_km2":7.31,"lat":49.554,"lon":-1.3333,"fibre_pct":83.8},{"code_insee":"50151","nom":"Créances","codes_postaux":["50710"],"code_dep":"50","code_region":"28","population":2067,"surface_km2":20.79,"lat":49.1994,"lon":-1.5616,"fibre_pct":88.1},{"code_insee":"50152","nom":"Les Cresnays","codes_postaux":["50370"],"code_dep":"50","code_region":"28","population":227,"surface_km2":10.01,"lat":48.7102,"lon":-1.1132,"fibre_pct":85.5},{"code_insee":"50155","nom":"Crollon","codes_postaux":["50220"],"code_dep":"50","code_region":"28","population":301,"surface_km2":4.78,"lat":48.5821,"lon":-1.3807,"fibre_pct":72.2},{"code_insee":"50156","nom":"Crosville-sur-Douve","codes_postaux":["50360"],"code_dep":"50","code_region":"28","population":62,"surface_km2":4.12,"lat":49.3846,"lon":-1.4764,"fibre_pct":96.2},{"code_insee":"50158","nom":"Cuves","codes_postaux":["50670"],"code_dep":"50","code_region":"28","population":256,"surface_km2":9.8,"lat":48.7302,"lon":-1.1028,"fibre_pct":55.5},{"code_insee":"50159","nom":"Dangy","codes_postaux":["50750"],"code_dep":"50","code_region":"28","population":648,"surface_km2":9.91,"lat":49.0325,"lon":-1.221,"fibre_pct":100.0},{"code_insee":"50161","nom":"Le Dézert","codes_postaux":["50620"],"code_dep":"50","code_region":"28","population":601,"surface_km2":14.75,"lat":49.2088,"lon":-1.1661,"fibre_pct":83.6},{"code_insee":"50162","nom":"Digosville","codes_postaux":["50110"],"code_dep":"50","code_region":"28","population":1681,"surface_km2":9.35,"lat":49.6318,"lon":-1.5278,"fibre_pct":81.9},{"code_insee":"50164","nom":"Domjean","codes_postaux":["50420"],"code_dep":"50","code_region":"28","population":999,"surface_km2":16.76,"lat":48.9937,"lon":-1.0293,"fibre_pct":73.6},{"code_insee":"50165","nom":"Donville-les-Bains","codes_postaux":["50350"],"code_dep":"50","code_region":"28","population":3146,"surface_km2":2.78,"lat":48.852,"lon":-1.5732,"fibre_pct":94.7},{"code_insee":"50166","nom":"Doville","codes_postaux":["50250"],"code_dep":"50","code_region":"28","population":321,"surface_km2":11.29,"lat":49.3335,"lon":-1.5515,"fibre_pct":88.4},{"code_insee":"50167","nom":"Dragey-Ronthon","codes_postaux":["50530"],"code_dep":"50","code_region":"28","population":785,"surface_km2":15.31,"lat":48.7199,"lon":-1.4898,"fibre_pct":77.4},{"code_insee":"50168","nom":"Ducey-Les Chéris","codes_postaux":["50220"],"code_dep":"50","code_region":"28","population":2784,"surface_km2":17.21,"lat":48.62,"lon":-1.2661,"fibre_pct":95.8},{"code_insee":"50169","nom":"Écausseville","codes_postaux":["50310"],"code_dep":"50","code_region":"28","population":112,"surface_km2":5.25,"lat":49.4578,"lon":-1.3813,"fibre_pct":100.0},{"code_insee":"50172","nom":"Émondeville","codes_postaux":["50310"],"code_dep":"50","code_region":"28","population":341,"surface_km2":5.35,"lat":49.4614,"lon":-1.3399,"fibre_pct":100.0},{"code_insee":"50174","nom":"Équilly","codes_postaux":["50320"],"code_dep":"50","code_region":"28","population":194,"surface_km2":5.8,"lat":48.8333,"lon":-1.3799,"fibre_pct":77.1},{"code_insee":"50175","nom":"Éroudeville","codes_postaux":["50310"],"code_dep":"50","code_region":"28","population":194,"surface_km2":4.92,"lat":49.4738,"lon":-1.395,"fibre_pct":92.3},{"code_insee":"50176","nom":"L'Étang-Bertrand","codes_postaux":["50260"],"code_dep":"50","code_region":"28","population":350,"surface_km2":8.85,"lat":49.4707,"lon":-1.5709,"fibre_pct":87.4},{"code_insee":"50177","nom":"Étienville","codes_postaux":["50360"],"code_dep":"50","code_region":"28","population":368,"surface_km2":7.44,"lat":49.3859,"lon":-1.4366,"fibre_pct":100.0},{"code_insee":"50178","nom":"Fermanville","codes_postaux":["50840"],"code_dep":"50","code_region":"28","population":1283,"surface_km2":11.76,"lat":49.6805,"lon":-1.455,"fibre_pct":95.9},{"code_insee":"50181","nom":"Feugères","codes_postaux":["50190"],"code_dep":"50","code_region":"28","population":356,"surface_km2":8.3,"lat":49.1463,"lon":-1.3154,"fibre_pct":82.6},{"code_insee":"50182","nom":"La Feuillie","codes_postaux":["50190"],"code_dep":"50","code_region":"28","population":302,"surface_km2":12.44,"lat":49.1752,"lon":-1.4919,"fibre_pct":97.7},{"code_insee":"50183","nom":"Fierville-les-Mines","codes_postaux":["50580"],"code_dep":"50","code_region":"28","population":348,"surface_km2":7.53,"lat":49.3948,"lon":-1.6652,"fibre_pct":100.0},{"code_insee":"50184","nom":"Flamanville","codes_postaux":["50340"],"code_dep":"50","code_region":"28","population":1639,"surface_km2":7.7,"lat":49.5327,"lon":-1.8658,"fibre_pct":98.2},{"code_insee":"50185","nom":"Fleury","codes_postaux":["50800"],"code_dep":"50","code_region":"28","population":1101,"surface_km2":12.72,"lat":48.8497,"lon":-1.2649,"fibre_pct":72.7},{"code_insee":"50186","nom":"Flottemanville","codes_postaux":["50700"],"code_dep":"50","code_region":"28","population":230,"surface_km2":4.87,"lat":49.4755,"lon":-1.4516,"fibre_pct":83.8},{"code_insee":"50188","nom":"Folligny","codes_postaux":["50320"],"code_dep":"50","code_region":"28","population":1119,"surface_km2":11.85,"lat":48.8201,"lon":-1.4191,"fibre_pct":68.4},{"code_insee":"50190","nom":"Fontenay-sur-Mer","codes_postaux":["50310"],"code_dep":"50","code_region":"28","population":161,"surface_km2":8.22,"lat":49.4922,"lon":-1.3053,"fibre_pct":85.8},{"code_insee":"50192","nom":"Fourneaux","codes_postaux":["50420"],"code_dep":"50","code_region":"28","population":131,"surface_km2":3.4,"lat":48.9651,"lon":-1.0388,"fibre_pct":66.2},{"code_insee":"50193","nom":"Le Fresne-Poret","codes_postaux":["50850"],"code_dep":"50","code_region":"28","population":226,"surface_km2":10.18,"lat":48.7086,"lon":-0.8207,"fibre_pct":100.0},{"code_insee":"50194","nom":"Fresville","codes_postaux":["50310"],"code_dep":"50","code_region":"28","population":373,"surface_km2":14.02,"lat":49.4445,"lon":-1.3515,"fibre_pct":4.5},{"code_insee":"50195","nom":"Gathemo","codes_postaux":["50150"],"code_dep":"50","code_region":"28","population":265,"surface_km2":10.48,"lat":48.7707,"lon":-0.9668,"fibre_pct":100.0},{"code_insee":"50196","nom":"Gatteville-le-Phare","codes_postaux":["50760"],"code_dep":"50","code_region":"28","population":465,"surface_km2":9.84,"lat":49.6793,"lon":-1.2942,"fibre_pct":74.9},{"code_insee":"50197","nom":"Gavray-sur-Sienne","codes_postaux":["50450"],"code_dep":"50","code_region":"28","population":2047,"surface_km2":38.14,"lat":48.8903,"lon":-1.3244,"fibre_pct":95.0},{"code_insee":"50198","nom":"Geffosses","codes_postaux":["50560"],"code_dep":"50","code_region":"28","population":501,"surface_km2":16.91,"lat":49.1269,"lon":-1.5543,"fibre_pct":100.0},{"code_insee":"50199","nom":"Genêts","codes_postaux":["50530"],"code_dep":"50","code_region":"28","population":451,"surface_km2":7.0,"lat":48.6831,"lon":-1.4785,"fibre_pct":93.1},{"code_insee":"50200","nom":"Ger","codes_postaux":["50850"],"code_dep":"50","code_region":"28","population":824,"surface_km2":39.9,"lat":48.6735,"lon":-0.7991,"fibre_pct":88.3},{"code_insee":"50205","nom":"La Godefroy","codes_postaux":["50300"],"code_dep":"50","code_region":"28","population":301,"surface_km2":3.68,"lat":48.6896,"lon":-1.2844,"fibre_pct":80.1},{"code_insee":"50207","nom":"Golleville","codes_postaux":["50390"],"code_dep":"50","code_region":"28","population":163,"surface_km2":6.57,"lat":49.4403,"lon":-1.5136,"fibre_pct":80.6},{"code_insee":"50208","nom":"Gonfreville","codes_postaux":["50190"],"code_dep":"50","code_region":"28","population":164,"surface_km2":9.04,"lat":49.231,"lon":-1.4019,"fibre_pct":92.5},{"code_insee":"50209","nom":"Gonneville-Le Theil","codes_postaux":["50330"],"code_dep":"50","code_region":"28","population":1513,"surface_km2":29.39,"lat":49.6205,"lon":-1.4697,"fibre_pct":70.1},{"code_insee":"50210","nom":"Gorges","codes_postaux":["50190"],"code_dep":"50","code_region":"28","population":350,"surface_km2":22.84,"lat":49.2647,"lon":-1.3902,"fibre_pct":71.8},{"code_insee":"50214","nom":"Gouvets","codes_postaux":["50420"],"code_dep":"50","code_region":"28","population":295,"surface_km2":11.18,"lat":48.9253,"lon":-1.0901,"fibre_pct":96.9},{"code_insee":"50215","nom":"Gouville-sur-Mer","codes_postaux":["50200","50560"],"code_dep":"50","code_region":"28","population":3274,"surface_km2":34.94,"lat":49.1077,"lon":-1.5315,"fibre_pct":100.0},{"code_insee":"50216","nom":"Graignes-Mesnil-Angot","codes_postaux":["50620"],"code_dep":"50","code_region":"28","population":797,"surface_km2":18.42,"lat":49.2358,"lon":-1.1961,"fibre_pct":100.0},{"code_insee":"50217","nom":"Le Grand-Celland","codes_postaux":["50370"],"code_dep":"50","code_region":"28","population":592,"surface_km2":12.72,"lat":48.6888,"lon":-1.1778,"fibre_pct":72.1},{"code_insee":"50218","nom":"Granville","codes_postaux":["50400"],"code_dep":"50","code_region":"28","population":12510,"surface_km2":9.95,"lat":48.8724,"lon":-1.7657,"fibre_pct":90.6},{"code_insee":"50219","nom":"Gratot","codes_postaux":["50200"],"code_dep":"50","code_region":"28","population":679,"surface_km2":10.76,"lat":49.0663,"lon":-1.4883,"fibre_pct":94.0},{"code_insee":"50221","nom":"Grimesnil","codes_postaux":["50450"],"code_dep":"50","code_region":"28","population":71,"surface_km2":2.64,"lat":48.956,"lon":-1.3522,"fibre_pct":95.6},{"code_insee":"50222","nom":"Grosville","codes_postaux":["50340"],"code_dep":"50","code_region":"28","population":809,"surface_km2":13.79,"lat":49.5078,"lon":-1.7336,"fibre_pct":84.8},{"code_insee":"50225","nom":"Le Guislain","codes_postaux":["50410"],"code_dep":"50","code_region":"28","population":135,"surface_km2":5.48,"lat":48.9683,"lon":-1.2186,"fibre_pct":99.1},{"code_insee":"50227","nom":"Le Ham","codes_postaux":["50310"],"code_dep":"50","code_region":"28","population":309,"surface_km2":3.85,"lat":49.4502,"lon":-1.4113,"fibre_pct":100.0},{"code_insee":"50228","nom":"Hambye","codes_postaux":["50450"],"code_dep":"50","code_region":"28","population":1072,"surface_km2":29.92,"lat":48.9483,"lon":-1.2625,"fibre_pct":92.4},{"code_insee":"50229","nom":"Hamelin","codes_postaux":["50730"],"code_dep":"50","code_region":"28","population":111,"surface_km2":2.51,"lat":48.5438,"lon":-1.226,"fibre_pct":99.0},{"code_insee":"50230","nom":"Hardinvast","codes_postaux":["50690"],"code_dep":"50","code_region":"28","population":928,"surface_km2":7.33,"lat":49.5777,"lon":-1.6461,"fibre_pct":85.4},{"code_insee":"50231","nom":"Hauteville-sur-Mer","codes_postaux":["50590"],"code_dep":"50","code_region":"28","population":707,"surface_km2":3.31,"lat":48.9748,"lon":-1.541,"fibre_pct":95.8},{"code_insee":"50232","nom":"Hauteville-la-Guichard","codes_postaux":["50570"],"code_dep":"50","code_region":"28","population":440,"surface_km2":11.78,"lat":49.1255,"lon":-1.3038,"fibre_pct":93.6},{"code_insee":"50233","nom":"Hautteville-Bocage","codes_postaux":["50390"],"code_dep":"50","code_region":"28","population":152,"surface_km2":4.27,"lat":49.4302,"lon":-1.4697,"fibre_pct":87.7},{"code_insee":"50234","nom":"La Haye-Bellefond","codes_postaux":["50410"],"code_dep":"50","code_region":"28","population":63,"surface_km2":2.92,"lat":48.982,"lon":-1.1901,"fibre_pct":98.0},{"code_insee":"50235","nom":"La Haye-d'Ectot","codes_postaux":["50270"],"code_dep":"50","code_region":"28","population":285,"surface_km2":7.35,"lat":49.3933,"lon":-1.732,"fibre_pct":100.0},{"code_insee":"50236","nom":"La Haye","codes_postaux":["50250","50580"],"code_dep":"50","code_region":"28","population":4029,"surface_km2":64.38,"lat":49.2873,"lon":-1.5966,"fibre_pct":96.4},{"code_insee":"50237","nom":"La Haye-Pesnel","codes_postaux":["50320"],"code_dep":"50","code_region":"28","population":1302,"surface_km2":6.35,"lat":48.8134,"lon":-1.3732,"fibre_pct":96.0},{"code_insee":"50238","nom":"Héauville","codes_postaux":["50340"],"code_dep":"50","code_region":"28","population":456,"surface_km2":11.06,"lat":49.5744,"lon":-1.8044,"fibre_pct":100.0},{"code_insee":"50239","nom":"Thèreval","codes_postaux":["50180","50570"],"code_dep":"50","code_region":"28","population":1775,"surface_km2":28.68,"lat":49.1306,"lon":-1.1926,"fibre_pct":93.7},{"code_insee":"50240","nom":"Helleville","codes_postaux":["50340"],"code_dep":"50","code_region":"28","population":567,"surface_km2":5.99,"lat":49.5611,"lon":-1.7843,"fibre_pct":100.0},{"code_insee":"50241","nom":"Hémevez","codes_postaux":["50700"],"code_dep":"50","code_region":"28","population":189,"surface_km2":4.31,"lat":49.4624,"lon":-1.4373,"fibre_pct":94.7},{"code_insee":"50243","nom":"Heugueville-sur-Sienne","codes_postaux":["50200"],"code_dep":"50","code_region":"28","population":458,"surface_km2":5.96,"lat":49.0357,"lon":-1.5159,"fibre_pct":100.0},{"code_insee":"50246","nom":"Hiesville","codes_postaux":["50480"],"code_dep":"50","code_region":"28","population":72,"surface_km2":4.03,"lat":49.3716,"lon":-1.2572,"fibre_pct":100.0},{"code_insee":"50247","nom":"Hocquigny","codes_postaux":["50320"],"code_dep":"50","code_region":"28","population":196,"surface_km2":3.09,"lat":48.8083,"lon":-1.4014,"fibre_pct":89.8},{"code_insee":"50251","nom":"Huberville","codes_postaux":["50700"],"code_dep":"50","code_region":"28","population":361,"surface_km2":5.75,"lat":49.5078,"lon":-1.4293,"fibre_pct":98.2},{"code_insee":"50252","nom":"Hudimesnil","codes_postaux":["50510"],"code_dep":"50","code_region":"28","population":928,"surface_km2":19.1,"lat":48.8709,"lon":-1.4652,"fibre_pct":55.8},{"code_insee":"50253","nom":"Huisnes-sur-Mer","codes_postaux":["50170"],"code_dep":"50","code_region":"28","population":169,"surface_km2":6.82,"lat":48.6103,"lon":-1.4498,"fibre_pct":78.2},{"code_insee":"50256","nom":"Isigny-le-Buat","codes_postaux":["50540"],"code_dep":"50","code_region":"28","population":3183,"surface_km2":73.71,"lat":48.6236,"lon":-1.1798,"fibre_pct":81.8},{"code_insee":"50258","nom":"Joganville","codes_postaux":["50310"],"code_dep":"50","code_region":"28","population":84,"surface_km2":2.86,"lat":49.4698,"lon":-1.3523,"fibre_pct":100.0},{"code_insee":"50259","nom":"Juilley","codes_postaux":["50220"],"code_dep":"50","code_region":"28","population":691,"surface_km2":11.35,"lat":48.5934,"lon":-1.3465,"fibre_pct":69.7},{"code_insee":"50260","nom":"Juvigny les Vallées","codes_postaux":["50520"],"code_dep":"50","code_region":"28","population":1674,"surface_km2":57.96,"lat":48.679,"lon":-1.0161,"fibre_pct":87.8},{"code_insee":"50261","nom":"Lamberville","codes_postaux":["50160"],"code_dep":"50","code_region":"28","population":167,"surface_km2":7.11,"lat":49.0797,"lon":-0.914,"fibre_pct":34.8},{"code_insee":"50262","nom":"La Lande-d'Airou","codes_postaux":["50800"],"code_dep":"50","code_region":"28","population":535,"surface_km2":15.18,"lat":48.8171,"lon":-1.2835,"fibre_pct":90.3},{"code_insee":"50263","nom":"Lapenty","codes_postaux":["50600"],"code_dep":"50","code_region":"28","population":381,"surface_km2":15.05,"lat":48.5673,"lon":-1.0271,"fibre_pct":99.2},{"code_insee":"50265","nom":"Laulne","codes_postaux":["50430"],"code_dep":"50","code_region":"28","population":186,"surface_km2":9.05,"lat":49.2505,"lon":-1.4558,"fibre_pct":99.2},{"code_insee":"50266","nom":"Lengronne","codes_postaux":["50450"],"code_dep":"50","code_region":"28","population":467,"surface_km2":12.07,"lat":48.9343,"lon":-1.3805,"fibre_pct":69.0},{"code_insee":"50267","nom":"Lessay","codes_postaux":["50430"],"code_dep":"50","code_region":"28","population":2278,"surface_km2":29.57,"lat":49.2236,"lon":-1.5257,"fibre_pct":98.1},{"code_insee":"50268","nom":"Lestre","codes_postaux":["50310"],"code_dep":"50","code_region":"28","population":242,"surface_km2":7.74,"lat":49.5235,"lon":-1.3227,"fibre_pct":82.8},{"code_insee":"50269","nom":"Liesville-sur-Douve","codes_postaux":["50480"],"code_dep":"50","code_region":"28","population":218,"surface_km2":5.3,"lat":49.3504,"lon":-1.3244,"fibre_pct":97.5},{"code_insee":"50270","nom":"Lieusaint","codes_postaux":["50700"],"code_dep":"50","code_region":"28","population":408,"surface_km2":5.28,"lat":49.4819,"lon":-1.4724,"fibre_pct":94.5},{"code_insee":"50271","nom":"Lingeard","codes_postaux":["50670"],"code_dep":"50","code_region":"28","population":80,"surface_km2":3.65,"lat":48.7388,"lon":-1.0255,"fibre_pct":100.0},{"code_insee":"50272","nom":"Tourneville-sur-Mer","codes_postaux":["50660"],"code_dep":"50","code_region":"28","population":1666,"surface_km2":17.54,"lat":48.9529,"lon":-1.5302,"fibre_pct":88.2},{"code_insee":"50273","nom":"Montsenelle","codes_postaux":["50250"],"code_dep":"50","code_region":"28","population":1450,"surface_km2":43.25,"lat":49.3053,"lon":-1.4417,"fibre_pct":87.0},{"code_insee":"50274","nom":"Les Loges-Marchis","codes_postaux":["50600"],"code_dep":"50","code_region":"28","population":1051,"surface_km2":20.32,"lat":48.5372,"lon":-1.084,"fibre_pct":100.0},{"code_insee":"50275","nom":"Les Loges-sur-Brécey","codes_postaux":["50370"],"code_dep":"50","code_region":"28","population":115,"surface_km2":5.37,"lat":48.754,"lon":-1.1623,"fibre_pct":1.0},{"code_insee":"50276","nom":"Lolif","codes_postaux":["50530"],"code_dep":"50","code_region":"28","population":604,"surface_km2":12.58,"lat":48.7301,"lon":-1.3927,"fibre_pct":83.8},{"code_insee":"50277","nom":"Longueville","codes_postaux":["50290"],"code_dep":"50","code_region":"28","population":638,"surface_km2":4.17,"lat":48.8605,"lon":-1.5371,"fibre_pct":100.0},{"code_insee":"50278","nom":"Le Loreur","codes_postaux":["50510"],"code_dep":"50","code_region":"28","population":258,"surface_km2":3.29,"lat":48.8633,"lon":-1.4257,"fibre_pct":65.2},{"code_insee":"50279","nom":"Le Lorey","codes_postaux":["50570"],"code_dep":"50","code_region":"28","population":555,"surface_km2":14.75,"lat":49.0976,"lon":-1.3026,"fibre_pct":99.8},{"code_insee":"50281","nom":"La Lucerne-d'Outremer","codes_postaux":["50320"],"code_dep":"50","code_region":"28","population":880,"surface_km2":14.61,"lat":48.7871,"lon":-1.411,"fibre_pct":96.4},{"code_insee":"50282","nom":"Le Luot","codes_postaux":["50870"],"code_dep":"50","code_region":"28","population":275,"surface_km2":8.53,"lat":48.7621,"lon":-1.3329,"fibre_pct":89.1},{"code_insee":"50283","nom":"La Luzerne","codes_postaux":["50680"],"code_dep":"50","code_region":"28","population":87,"surface_km2":1.96,"lat":49.1399,"lon":-1.0457,"fibre_pct":100.0},{"code_insee":"50285","nom":"Magneville","codes_postaux":["50260"],"code_dep":"50","code_region":"28","population":321,"surface_km2":9.72,"lat":49.4538,"lon":-1.5535,"fibre_pct":94.7},{"code_insee":"50288","nom":"Marcey-les-Grèves","codes_postaux":["50300"],"code_dep":"50","code_region":"28","population":1275,"surface_km2":7.05,"lat":48.6979,"lon":-1.3877,"fibre_pct":97.8},{"code_insee":"50289","nom":"Marchésieux","codes_postaux":["50190"],"code_dep":"50","code_region":"28","population":665,"surface_km2":19.88,"lat":49.1927,"lon":-1.3133,"fibre_pct":95.6},{"code_insee":"50290","nom":"Marcilly","codes_postaux":["50220"],"code_dep":"50","code_region":"28","population":355,"surface_km2":8.91,"lat":48.6539,"lon":-1.245,"fibre_pct":82.8},{"code_insee":"50291","nom":"Margueray","codes_postaux":["50410"],"code_dep":"50","code_region":"28","population":119,"surface_km2":4.69,"lat":48.9005,"lon":-1.1253,"fibre_pct":100.0},{"code_insee":"50292","nom":"Marigny-Le-Lozon","codes_postaux":["50570"],"code_dep":"50","code_region":"28","population":2761,"surface_km2":19.41,"lat":49.1256,"lon":-1.2609,"fibre_pct":99.8},{"code_insee":"50294","nom":"Martinvast","codes_postaux":["50690"],"code_dep":"50","code_region":"28","population":1348,"surface_km2":10.38,"lat":49.5979,"lon":-1.6415,"fibre_pct":97.6},{"code_insee":"50295","nom":"Maupertuis","codes_postaux":["50410"],"code_dep":"50","code_region":"28","population":145,"surface_km2":5.48,"lat":48.9568,"lon":-1.1993,"fibre_pct":94.7},{"code_insee":"50296","nom":"Maupertus-sur-Mer","codes_postaux":["50330"],"code_dep":"50","code_region":"28","population":238,"surface_km2":3.43,"lat":49.6566,"lon":-1.4842,"fibre_pct":100.0},{"code_insee":"50297","nom":"La Meauffe","codes_postaux":["50880"],"code_dep":"50","code_region":"28","population":993,"surface_km2":10.18,"lat":49.1697,"lon":-1.0985,"fibre_pct":98.9},{"code_insee":"50298","nom":"Méautis","codes_postaux":["50500"],"code_dep":"50","code_region":"28","population":648,"surface_km2":17.1,"lat":49.2826,"lon":-1.3008,"fibre_pct":96.8},{"code_insee":"50299","nom":"Le Mesnil","codes_postaux":["50580"],"code_dep":"50","code_region":"28","population":189,"surface_km2":3.51,"lat":49.3731,"lon":-1.6926,"fibre_pct":100.0},{"code_insee":"50300","nom":"Le Mesnil-Adelée","codes_postaux":["50520"],"code_dep":"50","code_region":"28","population":157,"surface_km2":6.88,"lat":48.6992,"lon":-1.0651,"fibre_pct":87.3},{"code_insee":"50302","nom":"Le Mesnil-Amey","codes_postaux":["50570"],"code_dep":"50","code_region":"28","population":288,"surface_km2":2.85,"lat":49.1045,"lon":-1.2128,"fibre_pct":100.0},{"code_insee":"50304","nom":"Le Mesnil-Aubert","codes_postaux":["50510"],"code_dep":"50","code_region":"28","population":197,"surface_km2":6.01,"lat":48.945,"lon":-1.4125,"fibre_pct":96.3},{"code_insee":"50305","nom":"Le Mesnil-au-Val","codes_postaux":["50110"],"code_dep":"50","code_region":"28","population":729,"surface_km2":13.49,"lat":49.5959,"lon":-1.5285,"fibre_pct":80.9},{"code_insee":"50310","nom":"Le Mesnil-Eury","codes_postaux":["50570"],"code_dep":"50","code_region":"28","population":188,"surface_km2":3.5,"lat":49.164,"lon":-1.2382,"fibre_pct":59.8},{"code_insee":"50311","nom":"Le Mesnil-Garnier","codes_postaux":["50450"],"code_dep":"50","code_region":"28","population":220,"surface_km2":10.49,"lat":48.8639,"lon":-1.3035,"fibre_pct":67.2},{"code_insee":"50312","nom":"Le Mesnil-Gilbert","codes_postaux":["50670"],"code_dep":"50","code_region":"28","population":146,"surface_km2":7.95,"lat":48.7221,"lon":-1.0599,"fibre_pct":92.6},{"code_insee":"50315","nom":"Le Mesnillard","codes_postaux":["50600"],"code_dep":"50","code_region":"28","population":257,"surface_km2":9.84,"lat":48.632,"lon":-1.0801,"fibre_pct":100.0},{"code_insee":"50317","nom":"Le Mesnil-Ozenne","codes_postaux":["50220"],"code_dep":"50","code_region":"28","population":265,"surface_km2":4.67,"lat":48.6686,"lon":-1.2184,"fibre_pct":94.3},{"code_insee":"50321","nom":"Le Mesnil-Rouxelin","codes_postaux":["50000"],"code_dep":"50","code_region":"28","population":469,"surface_km2":4.79,"lat":49.1395,"lon":-1.0758,"fibre_pct":97.4},{"code_insee":"50324","nom":"Le Mesnil-Véneron","codes_postaux":["50620"],"code_dep":"50","code_region":"28","population":107,"surface_km2":2.86,"lat":49.2254,"lon":-1.1644,"fibre_pct":78.7},{"code_insee":"50326","nom":"Le Mesnil-Villeman","codes_postaux":["50450"],"code_dep":"50","code_region":"28","population":238,"surface_km2":10.9,"lat":48.8603,"lon":-1.3414,"fibre_pct":75.0},{"code_insee":"50327","nom":"La Meurdraquière","codes_postaux":["50510"],"code_dep":"50","code_region":"28","population":195,"surface_km2":7.67,"lat":48.8602,"lon":-1.4042,"fibre_pct":80.8},{"code_insee":"50328","nom":"Millières","codes_postaux":["50190"],"code_dep":"50","code_region":"28","population":759,"surface_km2":20.36,"lat":49.189,"lon":-1.4588,"fibre_pct":100.0},{"code_insee":"50332","nom":"Les Moitiers-d'Allonne","codes_postaux":["50270"],"code_dep":"50","code_region":"28","population":742,"surface_km2":17.3,"lat":49.3995,"lon":-1.7818,"fibre_pct":98.1},{"code_insee":"50334","nom":"Montabot","codes_postaux":["50410"],"code_dep":"50","code_region":"28","population":271,"surface_km2":11.71,"lat":48.937,"lon":-1.1328,"fibre_pct":89.7},{"code_insee":"50335","nom":"Montaigu-la-Brisette","codes_postaux":["50700"],"code_dep":"50","code_region":"28","population":495,"surface_km2":14.69,"lat":49.5699,"lon":-1.4162,"fibre_pct":100.0},{"code_insee":"50336","nom":"Montaigu-les-Bois","codes_postaux":["50450"],"code_dep":"50","code_region":"28","population":204,"surface_km2":6.73,"lat":48.8917,"lon":-1.2716,"fibre_pct":99.4},{"code_insee":"50338","nom":"Montbray","codes_postaux":["50410"],"code_dep":"50","code_region":"28","population":340,"surface_km2":14.24,"lat":48.8809,"lon":-1.1056,"fibre_pct":100.0},{"code_insee":"50340","nom":"Montcuit","codes_postaux":["50490"],"code_dep":"50","code_region":"28","population":180,"surface_km2":4.89,"lat":49.1171,"lon":-1.3478,"fibre_pct":39.6},{"code_insee":"50341","nom":"Montebourg","codes_postaux":["50310"],"code_dep":"50","code_region":"28","population":1925,"surface_km2":5.88,"lat":49.4989,"lon":-1.3886,"fibre_pct":99.5},{"code_insee":"50342","nom":"Montfarville","codes_postaux":["50760"],"code_dep":"50","code_region":"28","population":798,"surface_km2":5.42,"lat":49.655,"lon":-1.2627,"fibre_pct":100.0},{"code_insee":"50345","nom":"Monthuchon","codes_postaux":["50200"],"code_dep":"50","code_region":"28","population":705,"surface_km2":7.79,"lat":49.0891,"lon":-1.4191,"fibre_pct":98.4},{"code_insee":"50347","nom":"Montjoie-Saint-Martin","codes_postaux":["50240"],"code_dep":"50","code_region":"28","population":250,"surface_km2":7.49,"lat":48.5287,"lon":-1.2953,"fibre_pct":92.0},{"code_insee":"50349","nom":"Montmartin-sur-Mer","codes_postaux":["50590"],"code_dep":"50","code_region":"28","population":1425,"surface_km2":9.48,"lat":48.9932,"lon":-1.5305,"fibre_pct":73.3},{"code_insee":"50350","nom":"Montpinchon","codes_postaux":["50210"],"code_dep":"50","code_region":"28","population":543,"surface_km2":17.23,"lat":49.0266,"lon":-1.3218,"fibre_pct":97.8},{"code_insee":"50351","nom":"Montrabot","codes_postaux":["50810"],"code_dep":"50","code_region":"28","population":70,"surface_km2":3.88,"lat":49.1096,"lon":-0.9005,"fibre_pct":67.9},{"code_insee":"50352","nom":"Montreuil-sur-Lozon","codes_postaux":["50570"],"code_dep":"50","code_region":"28","population":339,"surface_km2":6.49,"lat":49.1307,"lon":-1.2429,"fibre_pct":88.2},{"code_insee":"50353","nom":"Le Mont-Saint-Michel","codes_postaux":["50170"],"code_dep":"50","code_region":"28","population":23,"surface_km2":4.02,"lat":48.6245,"lon":-1.5278,"fibre_pct":81.6},{"code_insee":"50356","nom":"Moon-sur-Elle","codes_postaux":["50680"],"code_dep":"50","code_region":"28","population":781,"surface_km2":9.86,"lat":49.203,"lon":-1.0548,"fibre_pct":99.2},{"code_insee":"50357","nom":"Morigny","codes_postaux":["50410"],"code_dep":"50","code_region":"28","population":70,"surface_km2":4.37,"lat":48.8811,"lon":-1.0704,"fibre_pct":98.6},{"code_insee":"50359","nom":"Mortain-Bocage","codes_postaux":["50140"],"code_dep":"50","code_region":"28","population":2961,"surface_km2":62.96,"lat":48.6077,"lon":-0.9259,"fibre_pct":80.4},{"code_insee":"50360","nom":"Morville","codes_postaux":["50700"],"code_dep":"50","code_region":"28","population":277,"surface_km2":7.19,"lat":49.4748,"lon":-1.5178,"fibre_pct":91.7},{"code_insee":"50361","nom":"La Mouche","codes_postaux":["50320"],"code_dep":"50","code_region":"28","population":249,"surface_km2":4.58,"lat":48.7831,"lon":-1.3514,"fibre_pct":89.0},{"code_insee":"50362","nom":"Moulines","codes_postaux":["50600"],"code_dep":"50","code_region":"28","population":280,"surface_km2":7.47,"lat":48.5489,"lon":-1.0466,"fibre_pct":100.0},{"code_insee":"50363","nom":"Moyon Villages","codes_postaux":["50420","50860"],"code_dep":"50","code_region":"28","population":1489,"surface_km2":33.01,"lat":48.9955,"lon":-1.1354,"fibre_pct":90.6},{"code_insee":"50364","nom":"Muneville-le-Bingard","codes_postaux":["50490"],"code_dep":"50","code_region":"28","population":725,"surface_km2":20.08,"lat":49.1373,"lon":-1.4755,"fibre_pct":100.0},{"code_insee":"50365","nom":"Muneville-sur-Mer","codes_postaux":["50290"],"code_dep":"50","code_region":"28","population":491,"surface_km2":7.42,"lat":48.9379,"lon":-1.4835,"fibre_pct":67.0},{"code_insee":"50368","nom":"Nay","codes_postaux":["50190"],"code_dep":"50","code_region":"28","population":70,"surface_km2":2.54,"lat":49.2414,"lon":-1.3724,"fibre_pct":100.0},{"code_insee":"50369","nom":"Négreville","codes_postaux":["50260"],"code_dep":"50","code_region":"28","population":845,"surface_km2":11.59,"lat":49.5039,"lon":-1.5507,"fibre_pct":94.3},{"code_insee":"50370","nom":"Néhou","codes_postaux":["50390"],"code_dep":"50","code_region":"28","population":609,"surface_km2":16.19,"lat":49.4258,"lon":-1.5624,"fibre_pct":97.0},{"code_insee":"50371","nom":"Le Neufbourg","codes_postaux":["50140"],"code_dep":"50","code_region":"28","population":397,"surface_km2":2.24,"lat":48.6604,"lon":-0.9461,"fibre_pct":95.7},{"code_insee":"50372","nom":"Neufmesnil","codes_postaux":["50250"],"code_dep":"50","code_region":"28","population":176,"surface_km2":5.32,"lat":49.3133,"lon":-1.5279,"fibre_pct":91.9},{"code_insee":"50373","nom":"Neuville-au-Plain","codes_postaux":["50480"],"code_dep":"50","code_region":"28","population":81,"surface_km2":4.7,"lat":49.4233,"lon":-1.334,"fibre_pct":0.0},{"code_insee":"50374","nom":"Neuville-en-Beaumont","codes_postaux":["50250"],"code_dep":"50","code_region":"28","population":27,"surface_km2":1.7,"lat":49.3494,"lon":-1.5966,"fibre_pct":100.0},{"code_insee":"50376","nom":"Nicorps","codes_postaux":["50200"],"code_dep":"50","code_region":"28","population":354,"surface_km2":5.62,"lat":49.0327,"lon":-1.4107,"fibre_pct":100.0},{"code_insee":"50378","nom":"Notre-Dame-de-Cenilly","codes_postaux":["50210"],"code_dep":"50","code_region":"28","population":637,"surface_km2":25.43,"lat":48.9941,"lon":-1.2663,"fibre_pct":79.7},{"code_insee":"50379","nom":"Notre-Dame-de-Livoye","codes_postaux":["50370"],"code_dep":"50","code_region":"28","population":164,"surface_km2":3.61,"lat":48.7464,"lon":-1.198,"fibre_pct":70.8},{"code_insee":"50382","nom":"Nouainville","codes_postaux":["50690"],"code_dep":"50","code_region":"28","population":607,"surface_km2":3.83,"lat":49.6195,"lon":-1.6803,"fibre_pct":100.0},{"code_insee":"50384","nom":"Octeville-l'Avenel","codes_postaux":["50630"],"code_dep":"50","code_region":"28","population":235,"surface_km2":6.92,"lat":49.5473,"lon":-1.367,"fibre_pct":95.6},{"code_insee":"50387","nom":"Orglandes","codes_postaux":["50390"],"code_dep":"50","code_region":"28","population":346,"surface_km2":9.37,"lat":49.4245,"lon":-1.4419,"fibre_pct":99.1},{"code_insee":"50388","nom":"Orval sur Sienne","codes_postaux":["50660"],"code_dep":"50","code_region":"28","population":1233,"surface_km2":19.44,"lat":49.0092,"lon":-1.4763,"fibre_pct":94.2},{"code_insee":"50389","nom":"Ouville","codes_postaux":["50210"],"code_dep":"50","code_region":"28","population":439,"surface_km2":11.45,"lat":49.0221,"lon":-1.3655,"fibre_pct":100.0},{"code_insee":"50390","nom":"Ozeville","codes_postaux":["50310"],"code_dep":"50","code_region":"28","population":159,"surface_km2":4.76,"lat":49.5037,"lon":-1.3421,"fibre_pct":100.0},{"code_insee":"50391","nom":"Grandparigny","codes_postaux":["50600"],"code_dep":"50","code_region":"28","population":2605,"surface_km2":35.01,"lat":48.6071,"lon":-1.0655,"fibre_pct":99.8},{"code_insee":"50393","nom":"Percy-en-Normandie","codes_postaux":["50410"],"code_dep":"50","code_region":"28","population":2641,"surface_km2":48.61,"lat":48.9174,"lon":-1.1939,"fibre_pct":91.3},{"code_insee":"50394","nom":"Périers","codes_postaux":["50190"],"code_dep":"50","code_region":"28","population":2376,"surface_km2":14.61,"lat":49.1929,"lon":-1.4136,"fibre_pct":99.3},{"code_insee":"50395","nom":"La Pernelle","codes_postaux":["50630"],"code_dep":"50","code_region":"28","population":286,"surface_km2":7.23,"lat":49.612,"lon":-1.314,"fibre_pct":98.2},{"code_insee":"50397","nom":"Perriers-en-Beauficel","codes_postaux":["50150"],"code_dep":"50","code_region":"28","population":207,"surface_km2":9.29,"lat":48.7344,"lon":-0.9989,"fibre_pct":95.3},{"code_insee":"50398","nom":"Le Perron","codes_postaux":["50160"],"code_dep":"50","code_region":"28","population":188,"surface_km2":4.73,"lat":49.0572,"lon":-0.8939,"fibre_pct":0.0},{"code_insee":"50399","nom":"Le Petit-Celland","codes_postaux":["50370"],"code_dep":"50","code_region":"28","population":176,"surface_km2":6.68,"lat":48.6984,"lon":-1.2152,"fibre_pct":98.6},{"code_insee":"50400","nom":"Picauville","codes_postaux":["50250","50360","50480"],"code_dep":"50","code_region":"28","population":3228,"surface_km2":65.04,"lat":49.38,"lon":-1.3964,"fibre_pct":82.0},{"code_insee":"50401","nom":"Pierreville","codes_postaux":["50340"],"code_dep":"50","code_region":"28","population":757,"surface_km2":10.25,"lat":49.4665,"lon":-1.773,"fibre_pct":94.8},{"code_insee":"50402","nom":"Les Pieux","codes_postaux":["50340"],"code_dep":"50","code_region":"28","population":3249,"surface_km2":15.62,"lat":49.5118,"lon":-1.811,"fibre_pct":94.1},{"code_insee":"50403","nom":"Pirou","codes_postaux":["50770"],"code_dep":"50","code_region":"28","population":1514,"surface_km2":29.08,"lat":49.1641,"lon":-1.5558,"fibre_pct":99.4},{"code_insee":"50405","nom":"Le Plessis-Lastelle","codes_postaux":["50250"],"code_dep":"50","code_region":"28","population":237,"surface_km2":14.99,"lat":49.2792,"lon":-1.4345,"fibre_pct":100.0},{"code_insee":"50407","nom":"Poilley","codes_postaux":["50220"],"code_dep":"50","code_region":"28","population":969,"surface_km2":12.84,"lat":48.6154,"lon":-1.3203,"fibre_pct":77.1},{"code_insee":"50408","nom":"Pontaubault","codes_postaux":["50220"],"code_dep":"50","code_region":"28","population":579,"surface_km2":1.98,"lat":48.6251,"lon":-1.3539,"fibre_pct":63.0},{"code_insee":"50409","nom":"Pont-Hébert","codes_postaux":["50620","50880"],"code_dep":"50","code_region":"28","population":1897,"surface_km2":30.29,"lat":49.1829,"lon":-1.1735,"fibre_pct":96.6},{"code_insee":"50410","nom":"Pontorson","codes_postaux":["50170"],"code_dep":"50","code_region":"28","population":4280,"surface_km2":62.07,"lat":48.5612,"lon":-1.462,"fibre_pct":93.8},{"code_insee":"50411","nom":"Ponts","codes_postaux":["50300"],"code_dep":"50","code_region":"28","population":708,"surface_km2":6.78,"lat":48.7124,"lon":-1.3277,"fibre_pct":89.3},{"code_insee":"50412","nom":"Port-Bail-sur-Mer","codes_postaux":["50580"],"code_dep":"50","code_region":"28","population":2520,"surface_km2":38.77,"lat":49.3403,"lon":-1.6888,"fibre_pct":95.3},{"code_insee":"50413","nom":"Précey","codes_postaux":["50220"],"code_dep":"50","code_region":"28","population":559,"surface_km2":7.86,"lat":48.6042,"lon":-1.3766,"fibre_pct":63.8},{"code_insee":"50417","nom":"Quettehou","codes_postaux":["50630"],"code_dep":"50","code_region":"28","population":1811,"surface_km2":20.06,"lat":49.5853,"lon":-1.3266,"fibre_pct":99.8},{"code_insee":"50419","nom":"Quettreville-sur-Sienne","codes_postaux":["50210","50660"],"code_dep":"50","code_region":"28","population":3167,"surface_km2":49.78,"lat":48.968,"lon":-1.4322,"fibre_pct":90.9},{"code_insee":"50420","nom":"Quibou","codes_postaux":["50750"],"code_dep":"50","code_region":"28","population":858,"surface_km2":17.28,"lat":49.0739,"lon":-1.2102,"fibre_pct":100.0},{"code_insee":"50421","nom":"Quinéville","codes_postaux":["50310"],"code_dep":"50","code_region":"28","population":258,"surface_km2":4.65,"lat":49.5107,"lon":-1.3056,"fibre_pct":100.0},{"code_insee":"50422","nom":"Raids","codes_postaux":["50500"],"code_dep":"50","code_region":"28","population":216,"surface_km2":6.79,"lat":49.2094,"lon":-1.3449,"fibre_pct":100.0},{"code_insee":"50423","nom":"Rampan","codes_postaux":["50000"],"code_dep":"50","code_region":"28","population":230,"surface_km2":4.15,"lat":49.1465,"lon":-1.1314,"fibre_pct":100.0},{"code_insee":"50425","nom":"Rauville-la-Bigot","codes_postaux":["50260"],"code_dep":"50","code_region":"28","population":1082,"surface_km2":17.37,"lat":49.5196,"lon":-1.6634,"fibre_pct":99.8},{"code_insee":"50426","nom":"Rauville-la-Place","codes_postaux":["50390"],"code_dep":"50","code_region":"28","population":399,"surface_km2":12.03,"lat":49.3894,"lon":-1.5044,"fibre_pct":84.3},{"code_insee":"50428","nom":"Reffuveille","codes_postaux":["50520"],"code_dep":"50","code_region":"28","population":550,"surface_km2":23.79,"lat":48.6771,"lon":-1.1126,"fibre_pct":96.3},{"code_insee":"50429","nom":"Regnéville-sur-Mer","codes_postaux":["50590"],"code_dep":"50","code_region":"28","population":730,"surface_km2":8.3,"lat":49.0153,"lon":-1.5361,"fibre_pct":99.5},{"code_insee":"50430","nom":"Reigneville-Bocage","codes_postaux":["50390"],"code_dep":"50","code_region":"28","population":34,"surface_km2":2.3,"lat":49.4109,"lon":-1.4752,"fibre_pct":100.0},{"code_insee":"50431","nom":"Remilly Les Marais","codes_postaux":["50570","50620"],"code_dep":"50","code_region":"28","population":1062,"surface_km2":22.24,"lat":49.1757,"lon":-1.2445,"fibre_pct":93.3},{"code_insee":"50433","nom":"Réville","codes_postaux":["50760"],"code_dep":"50","code_region":"28","population":1040,"surface_km2":10.64,"lat":49.6271,"lon":-1.2542,"fibre_pct":95.3},{"code_insee":"50435","nom":"Rocheville","codes_postaux":["50260"],"code_dep":"50","code_region":"28","population":620,"surface_km2":10.19,"lat":49.5027,"lon":-1.598,"fibre_pct":83.9},{"code_insee":"50436","nom":"Romagny Fontenay","codes_postaux":["50140"],"code_dep":"50","code_region":"28","population":1243,"surface_km2":36.29,"lat":48.6317,"lon":-0.9934,"fibre_pct":94.2},{"code_insee":"50437","nom":"Roncey","codes_postaux":["50210"],"code_dep":"50","code_region":"28","population":770,"surface_km2":12.32,"lat":48.9849,"lon":-1.3319,"fibre_pct":79.0},{"code_insee":"50442","nom":"Le Rozel","codes_postaux":["50340"],"code_dep":"50","code_region":"28","population":258,"surface_km2":5.61,"lat":49.4814,"lon":-1.8256,"fibre_pct":96.7},{"code_insee":"50443","nom":"Sacey","codes_postaux":["50170"],"code_dep":"50","code_region":"28","population":508,"surface_km2":15.37,"lat":48.4977,"lon":-1.4594,"fibre_pct":76.7},{"code_insee":"50444","nom":"Saint-Amand-Villages","codes_postaux":["50160"],"code_dep":"50","code_region":"28","population":2525,"surface_km2":38.42,"lat":49.0411,"lon":-0.9306,"fibre_pct":80.8},{"code_insee":"50445","nom":"Saint-André-de-Bohon","codes_postaux":["50500"],"code_dep":"50","code_region":"28","population":375,"surface_km2":10.48,"lat":49.2405,"lon":-1.2515,"fibre_pct":83.2},{"code_insee":"50446","nom":"Saint-André-de-l'Épine","codes_postaux":["50680"],"code_dep":"50","code_region":"28","population":555,"surface_km2":7.27,"lat":49.1357,"lon":-1.0232,"fibre_pct":99.7},{"code_insee":"50447","nom":"Saint-Aubin-des-Préaux","codes_postaux":["50380"],"code_dep":"50","code_region":"28","population":488,"surface_km2":8.42,"lat":48.8064,"lon":-1.4999,"fibre_pct":100.0},{"code_insee":"50448","nom":"Saint-Aubin-de-Terregatte","codes_postaux":["50240"],"code_dep":"50","code_region":"28","population":645,"surface_km2":21.41,"lat":48.5684,"lon":-1.291,"fibre_pct":53.1},{"code_insee":"50450","nom":"Saint-Barthélemy","codes_postaux":["50140"],"code_dep":"50","code_region":"28","population":342,"surface_km2":6.9,"lat":48.6838,"lon":-0.9495,"fibre_pct":74.0},{"code_insee":"50451","nom":"Saint-Brice","codes_postaux":["50300"],"code_dep":"50","code_region":"28","population":140,"surface_km2":2.53,"lat":48.7003,"lon":-1.2978,"fibre_pct":76.8},{"code_insee":"50452","nom":"Saint-Brice-de-Landelles","codes_postaux":["50730"],"code_dep":"50","code_region":"28","population":652,"surface_km2":15.46,"lat":48.5424,"lon":-1.1321,"fibre_pct":100.0},{"code_insee":"50453","nom":"Sainte-Cécile","codes_postaux":["50800"],"code_dep":"50","code_region":"28","population":792,"surface_km2":11.61,"lat":48.8344,"lon":-1.1866,"fibre_pct":78.3},{"code_insee":"50454","nom":"Saint-Christophe-du-Foc","codes_postaux":["50340"],"code_dep":"50","code_region":"28","population":409,"surface_km2":3.63,"lat":49.5561,"lon":-1.7351,"fibre_pct":100.0},{"code_insee":"50455","nom":"Saint-Clair-sur-l'Elle","codes_postaux":["50680"],"code_dep":"50","code_region":"28","population":959,"surface_km2":8.03,"lat":49.1871,"lon":-1.0448,"fibre_pct":98.4},{"code_insee":"50456","nom":"Saint-Clément-Rancoudray","codes_postaux":["50140"],"code_dep":"50","code_region":"28","population":555,"surface_km2":32.66,"lat":48.6685,"lon":-0.8937,"fibre_pct":72.6},{"code_insee":"50457","nom":"Sainte-Colombe","codes_postaux":["50390"],"code_dep":"50","code_region":"28","population":181,"surface_km2":5.02,"lat":49.4161,"lon":-1.5093,"fibre_pct":87.6},{"code_insee":"50461","nom":"Saint-Cyr","codes_postaux":["50310"],"code_dep":"50","code_region":"28","population":213,"surface_km2":5.67,"lat":49.4848,"lon":-1.4155,"fibre_pct":59.8},{"code_insee":"50462","nom":"Saint-Cyr-du-Bailleul","codes_postaux":["50720"],"code_dep":"50","code_region":"28","population":345,"surface_km2":23.4,"lat":48.5694,"lon":-0.8288,"fibre_pct":57.9},{"code_insee":"50463","nom":"Saint-Denis-le-Gast","codes_postaux":["50450"],"code_dep":"50","code_region":"28","population":530,"surface_km2":16.92,"lat":48.9413,"lon":-1.3232,"fibre_pct":100.0},{"code_insee":"50464","nom":"Saint-Denis-le-Vêtu","codes_postaux":["50210"],"code_dep":"50","code_region":"28","population":590,"surface_km2":14.11,"lat":48.9932,"lon":-1.3748,"fibre_pct":73.9},{"code_insee":"50467","nom":"Saint-Floxel","codes_postaux":["50310"],"code_dep":"50","code_region":"28","population":489,"surface_km2":8.44,"lat":49.4907,"lon":-1.3558,"fibre_pct":94.5},{"code_insee":"50468","nom":"Saint-Fromond","codes_postaux":["50620"],"code_dep":"50","code_region":"28","population":758,"surface_km2":15.53,"lat":49.2263,"lon":-1.1091,"fibre_pct":85.2},{"code_insee":"50469","nom":"Sainte-Geneviève","codes_postaux":["50760"],"code_dep":"50","code_region":"28","population":299,"surface_km2":5.0,"lat":49.6597,"lon":-1.3096,"fibre_pct":93.1},{"code_insee":"50471","nom":"Saint-Georges-de-la-Rivière","codes_postaux":["50270"],"code_dep":"50","code_region":"28","population":250,"surface_km2":3.8,"lat":49.3638,"lon":-1.7289,"fibre_pct":100.0},{"code_insee":"50472","nom":"Saint-Georges-de-Livoye","codes_postaux":["50370"],"code_dep":"50","code_region":"28","population":204,"surface_km2":5.57,"lat":48.7395,"lon":-1.2211,"fibre_pct":86.5},{"code_insee":"50473","nom":"Saint-Georges-d'Elle","codes_postaux":["50680"],"code_dep":"50","code_region":"28","population":380,"surface_km2":9.05,"lat":49.1511,"lon":-0.9792,"fibre_pct":99.1},{"code_insee":"50474","nom":"Saint-Georges-de-Rouelley","codes_postaux":["50720"],"code_dep":"50","code_region":"28","population":515,"surface_km2":20.81,"lat":48.6152,"lon":-0.771,"fibre_pct":77.8},{"code_insee":"50475","nom":"Saint-Georges-Montcocq","codes_postaux":["50000"],"code_dep":"50","code_region":"28","population":988,"surface_km2":9.08,"lat":49.1374,"lon":-1.1069,"fibre_pct":99.1},{"code_insee":"50476","nom":"Saint-Germain-d'Elle","codes_postaux":["50810"],"code_dep":"50","code_region":"28","population":209,"surface_km2":8.94,"lat":49.1172,"lon":-0.9171,"fibre_pct":85.8},{"code_insee":"50478","nom":"Saint-Germain-de-Tournebut","codes_postaux":["50700"],"code_dep":"50","code_region":"28","population":418,"surface_km2":13.87,"lat":49.5278,"lon":-1.4008,"fibre_pct":71.8},{"code_insee":"50479","nom":"Saint-Germain-de-Varreville","codes_postaux":["50480"],"code_dep":"50","code_region":"28","population":109,"surface_km2":5.9,"lat":49.4376,"lon":-1.2444,"fibre_pct":0.0},{"code_insee":"50480","nom":"Saint-Germain-le-Gaillard","codes_postaux":["50340"],"code_dep":"50","code_region":"28","population":801,"surface_km2":14.02,"lat":49.4887,"lon":-1.7762,"fibre_pct":53.5},{"code_insee":"50481","nom":"Saint-Germain-sur-Ay","codes_postaux":["50430"],"code_dep":"50","code_region":"28","population":926,"surface_km2":14.53,"lat":49.2339,"lon":-1.6072,"fibre_pct":93.2},{"code_insee":"50482","nom":"Saint-Germain-sur-Sèves","codes_postaux":["50190"],"code_dep":"50","code_region":"28","population":181,"surface_km2":8.29,"lat":49.2229,"lon":-1.382,"fibre_pct":91.5},{"code_insee":"50483","nom":"Saint-Gilles","codes_postaux":["50180"],"code_dep":"50","code_region":"28","population":1030,"surface_km2":7.9,"lat":49.0953,"lon":-1.1615,"fibre_pct":100.0},{"code_insee":"50484","nom":"Saint-Hilaire-du-Harcouët","codes_postaux":["50600","50730"],"code_dep":"50","code_region":"28","population":5770,"surface_km2":47.34,"lat":48.568,"lon":-1.1387,"fibre_pct":93.6},{"code_insee":"50486","nom":"Saint-Jacques-de-Néhou","codes_postaux":["50390"],"code_dep":"50","code_region":"28","population":625,"surface_km2":21.64,"lat":49.4221,"lon":-1.6153,"fibre_pct":82.2},{"code_insee":"50487","nom":"Saint-James","codes_postaux":["50240"],"code_dep":"50","code_region":"28","population":5018,"surface_km2":87.57,"lat":48.5209,"lon":-1.3638,"fibre_pct":73.3},{"code_insee":"50488","nom":"Saint-Jean-de-Daye","codes_postaux":["50620"],"code_dep":"50","code_region":"28","population":656,"surface_km2":4.24,"lat":49.2336,"lon":-1.1401,"fibre_pct":99.3},{"code_insee":"50489","nom":"Saint-Jean-de-la-Haize","codes_postaux":["50300"],"code_dep":"50","code_region":"28","population":535,"surface_km2":9.0,"lat":48.7258,"lon":-1.3598,"fibre_pct":80.1},{"code_insee":"50490","nom":"Saint-Jean-de-la-Rivière","codes_postaux":["50270"],"code_dep":"50","code_region":"28","population":363,"surface_km2":3.66,"lat":49.3669,"lon":-1.737,"fibre_pct":100.0},{"code_insee":"50491","nom":"Saint-Jean-de-Savigny","codes_postaux":["50680"],"code_dep":"50","code_region":"28","population":416,"surface_km2":7.62,"lat":49.19,"lon":-0.996,"fibre_pct":98.7},{"code_insee":"50492","nom":"Saint-Jean-d'Elle","codes_postaux":["50810"],"code_dep":"50","code_region":"28","population":2516,"surface_km2":33.77,"lat":49.0934,"lon":-0.9551,"fibre_pct":90.5},{"code_insee":"50493","nom":"Saint-Jean-des-Champs","codes_postaux":["50320"],"code_dep":"50","code_region":"28","population":1534,"surface_km2":19.44,"lat":48.8244,"lon":-1.4661,"fibre_pct":78.9},{"code_insee":"50495","nom":"Saint-Jean-du-Corail-des-Bois","codes_postaux":["50370"],"code_dep":"50","code_region":"28","population":70,"surface_km2":3.67,"lat":48.7704,"lon":-1.2031,"fibre_pct":22.9},{"code_insee":"50496","nom":"Saint-Jean-le-Thomas","codes_postaux":["50530"],"code_dep":"50","code_region":"28","population":401,"surface_km2":2.44,"lat":48.7253,"lon":-1.5162,"fibre_pct":98.0},{"code_insee":"50498","nom":"Saint-Joseph","codes_postaux":["50700"],"code_dep":"50","code_region":"28","population":822,"surface_km2":9.82,"lat":49.5346,"lon":-1.5256,"fibre_pct":78.2},{"code_insee":"50499","nom":"Saint-Laurent-de-Cuves","codes_postaux":["50670"],"code_dep":"50","code_region":"28","population":496,"surface_km2":14.79,"lat":48.7455,"lon":-1.1094,"fibre_pct":65.1},{"code_insee":"50500","nom":"Saint-Laurent-de-Terregatte","codes_postaux":["50240"],"code_dep":"50","code_region":"28","population":637,"surface_km2":16.67,"lat":48.5745,"lon":-1.2448,"fibre_pct":71.5},{"code_insee":"50502","nom":"Saint-Lô","codes_postaux":["50000"],"code_dep":"50","code_region":"28","population":19471,"surface_km2":23.23,"lat":49.1123,"lon":-1.0812,"fibre_pct":99.5},{"code_insee":"50504","nom":"Saint-Louet-sur-Vire","codes_postaux":["50420"],"code_dep":"50","code_region":"28","population":210,"surface_km2":7.45,"lat":48.9942,"lon":-0.9902,"fibre_pct":100.0},{"code_insee":"50505","nom":"Saint-Loup","codes_postaux":["50300"],"code_dep":"50","code_region":"28","population":686,"surface_km2":6.49,"lat":48.6648,"lon":-1.306,"fibre_pct":81.7},{"code_insee":"50506","nom":"Saint-Malo-de-la-Lande","codes_postaux":["50200"],"code_dep":"50","code_region":"28","population":460,"surface_km2":4.01,"lat":49.0639,"lon":-1.5429,"fibre_pct":98.0},{"code_insee":"50507","nom":"Saint-Marcouf","codes_postaux":["50310"],"code_dep":"50","code_region":"28","population":355,"surface_km2":13.65,"lat":49.4755,"lon":-1.2527,"fibre_pct":96.9},{"code_insee":"50509","nom":"Sainte-Marie-du-Mont","codes_postaux":["50480"],"code_dep":"50","code_region":"28","population":685,"surface_km2":27.6,"lat":49.3963,"lon":-1.2129,"fibre_pct":81.4},{"code_insee":"50510","nom":"Saint-Martin-d'Aubigny","codes_postaux":["50190"],"code_dep":"50","code_region":"28","population":606,"surface_km2":15.13,"lat":49.1658,"lon":-1.3553,"fibre_pct":75.2},{"code_insee":"50511","nom":"Saint-Martin-d'Audouville","codes_postaux":["50310"],"code_dep":"50","code_region":"28","population":158,"surface_km2":3.64,"lat":49.5302,"lon":-1.3681,"fibre_pct":55.1},{"code_insee":"50512","nom":"Saint-Martin-de-Bonfossé","codes_postaux":["50750"],"code_dep":"50","code_region":"28","population":530,"surface_km2":12.82,"lat":49.042,"lon":-1.1726,"fibre_pct":91.3},{"code_insee":"50513","nom":"Saint-Martin-de-Cenilly","codes_postaux":["50210"],"code_dep":"50","code_region":"28","population":208,"surface_km2":6.77,"lat":48.9782,"lon":-1.286,"fibre_pct":90.7},{"code_insee":"50514","nom":"Chaulieu","codes_postaux":["50150"],"code_dep":"50","code_region":"28","population":274,"surface_km2":10.66,"lat":48.7487,"lon":-0.8574,"fibre_pct":100.0},{"code_insee":"50517","nom":"Saint-Martin-de-Varreville","codes_postaux":["50480"],"code_dep":"50","code_region":"28","population":173,"surface_km2":8.4,"lat":49.429,"lon":-1.2359,"fibre_pct":0.0},{"code_insee":"50518","nom":"Saint-Martin-le-Bouillant","codes_postaux":["50800"],"code_dep":"50","code_region":"28","population":301,"surface_km2":12.43,"lat":48.7801,"lon":-1.1601,"fibre_pct":88.8},{"code_insee":"50519","nom":"Saint-Martin-le-Gréard","codes_postaux":["50690"],"code_dep":"50","code_region":"28","population":606,"surface_km2":2.88,"lat":49.5524,"lon":-1.6473,"fibre_pct":100.0},{"code_insee":"50521","nom":"Saint-Maur-des-Bois","codes_postaux":["50800"],"code_dep":"50","code_region":"28","population":153,"surface_km2":4.97,"lat":48.8159,"lon":-1.1525,"fibre_pct":39.4},{"code_insee":"50522","nom":"Saint-Maurice-en-Cotentin","codes_postaux":["50270"],"code_dep":"50","code_region":"28","population":253,"surface_km2":7.59,"lat":49.3925,"lon":-1.6993,"fibre_pct":100.0},{"code_insee":"50523","nom":"Sainte-Mère-Église","codes_postaux":["50480"],"code_dep":"50","code_region":"28","population":2896,"surface_km2":52.63,"lat":49.4205,"lon":-1.2967,"fibre_pct":51.4},{"code_insee":"50525","nom":"Saint-Michel-de-Montjoie","codes_postaux":["50670"],"code_dep":"50","code_region":"28","population":342,"surface_km2":14.45,"lat":48.7647,"lon":-1.0237,"fibre_pct":100.0},{"code_insee":"50528","nom":"Saint-Nicolas-de-Pierrepont","codes_postaux":["50250"],"code_dep":"50","code_region":"28","population":296,"surface_km2":8.16,"lat":49.3205,"lon":-1.58,"fibre_pct":57.7},{"code_insee":"50529","nom":"Saint-Nicolas-des-Bois","codes_postaux":["50370"],"code_dep":"50","code_region":"28","population":98,"surface_km2":3.62,"lat":48.7627,"lon":-1.1938,"fibre_pct":0.0},{"code_insee":"50531","nom":"Saint-Ovin","codes_postaux":["50300"],"code_dep":"50","code_region":"28","population":762,"surface_km2":12.95,"lat":48.6767,"lon":-1.2402,"fibre_pct":70.7},{"code_insee":"50532","nom":"Saint-Pair-sur-Mer","codes_postaux":["50380"],"code_dep":"50","code_region":"28","population":4507,"surface_km2":14.74,"lat":48.8014,"lon":-1.5441,"fibre_pct":99.2},{"code_insee":"50533","nom":"Saint-Patrice-de-Claids","codes_postaux":["50190"],"code_dep":"50","code_region":"28","population":180,"surface_km2":5.68,"lat":49.2281,"lon":-1.4421,"fibre_pct":100.0},{"code_insee":"50535","nom":"Le Parc","codes_postaux":["50870"],"code_dep":"50","code_region":"28","population":921,"surface_km2":22.78,"lat":48.7515,"lon":-1.2904,"fibre_pct":61.5},{"code_insee":"50536","nom":"Saint-Pierre-d'Arthéglise","codes_postaux":["50270"],"code_dep":"50","code_region":"28","population":172,"surface_km2":5.47,"lat":49.4187,"lon":-1.6871,"fibre_pct":91.9},{"code_insee":"50537","nom":"Saint-Pierre-de-Coutances","codes_postaux":["50200"],"code_dep":"50","code_region":"28","population":387,"surface_km2":4.03,"lat":49.0401,"lon":-1.4356,"fibre_pct":100.0},{"code_insee":"50538","nom":"Saint-Pierre-de-Semilly","codes_postaux":["50810"],"code_dep":"50","code_region":"28","population":421,"surface_km2":4.57,"lat":49.1234,"lon":-1.0026,"fibre_pct":96.3},{"code_insee":"50539","nom":"Saint-Pierre-Église","codes_postaux":["50330"],"code_dep":"50","code_region":"28","population":1765,"surface_km2":8.13,"lat":49.6724,"lon":-1.4024,"fibre_pct":95.0},{"code_insee":"50540","nom":"Saint-Pierre-Langers","codes_postaux":["50530"],"code_dep":"50","code_region":"28","population":617,"surface_km2":8.47,"lat":48.7852,"lon":-1.4892,"fibre_pct":86.5},{"code_insee":"50541","nom":"Saint-Planchers","codes_postaux":["50400"],"code_dep":"50","code_region":"28","population":1486,"surface_km2":12.07,"lat":48.8293,"lon":-1.5032,"fibre_pct":78.8},{"code_insee":"50542","nom":"Saint-Pois","codes_postaux":["50670"],"code_dep":"50","code_region":"28","population":454,"surface_km2":7.75,"lat":48.753,"lon":-1.0568,"fibre_pct":91.7},{"code_insee":"50543","nom":"Saint-Quentin-sur-le-Homme","codes_postaux":["50220"],"code_dep":"50","code_region":"28","population":1338,"surface_km2":17.03,"lat":48.6475,"lon":-1.3029,"fibre_pct":65.1},{"code_insee":"50546","nom":"Bourgvallées","codes_postaux":["50750"],"code_dep":"50","code_region":"28","population":3326,"surface_km2":48.93,"lat":49.0365,"lon":-1.132,"fibre_pct":85.3},{"code_insee":"50548","nom":"Saint-Sauveur-de-Pierrepont","codes_postaux":["50250"],"code_dep":"50","code_region":"28","population":126,"surface_km2":8.23,"lat":49.3355,"lon":-1.607,"fibre_pct":100.0},{"code_insee":"50549","nom":"Saint-Sauveur-la-Pommeraye","codes_postaux":["50510"],"code_dep":"50","code_region":"28","population":397,"surface_km2":5.34,"lat":48.8416,"lon":-1.4344,"fibre_pct":72.1},{"code_insee":"50550","nom":"Saint-Sauveur-Villages","codes_postaux":["50200","50490"],"code_dep":"50","code_region":"28","population":3208,"surface_km2":54.33,"lat":49.1342,"lon":-1.4117,"fibre_pct":95.1},{"code_insee":"50551","nom":"Saint-Sauveur-le-Vicomte","codes_postaux":["50390"],"code_dep":"50","code_region":"28","population":2114,"surface_km2":34.45,"lat":49.3828,"lon":-1.5452,"fibre_pct":93.1},{"code_insee":"50552","nom":"Saint-Sébastien-de-Raids","codes_postaux":["50190"],"code_dep":"50","code_region":"28","population":322,"surface_km2":5.23,"lat":49.1929,"lon":-1.3734,"fibre_pct":99.5},{"code_insee":"50553","nom":"Saint-Senier-de-Beuvron","codes_postaux":["50240"],"code_dep":"50","code_region":"28","population":324,"surface_km2":11.27,"lat":48.5568,"lon":-1.3188,"fibre_pct":39.3},{"code_insee":"50554","nom":"Saint-Senier-sous-Avranches","codes_postaux":["50300"],"code_dep":"50","code_region":"28","population":1451,"surface_km2":8.61,"lat":48.6911,"lon":-1.3156,"fibre_pct":95.2},{"code_insee":"50556","nom":"Sainte-Suzanne-sur-Vire","codes_postaux":["50750"],"code_dep":"50","code_region":"28","population":685,"surface_km2":5.07,"lat":49.0734,"lon":-1.0594,"fibre_pct":100.0},{"code_insee":"50562","nom":"Saint-Vaast-la-Hougue","codes_postaux":["50550"],"code_dep":"50","code_region":"28","population":1648,"surface_km2":6.43,"lat":49.5937,"lon":-1.266,"fibre_pct":99.7},{"code_insee":"50563","nom":"Saint-Vigor-des-Monts","codes_postaux":["50420"],"code_dep":"50","code_region":"28","population":284,"surface_km2":15.95,"lat":48.9097,"lon":-1.0596,"fibre_pct":100.0},{"code_insee":"50564","nom":"Terre-et-Marais","codes_postaux":["50500"],"code_dep":"50","code_region":"28","population":1271,"surface_km2":35.62,"lat":49.254,"lon":-1.2958,"fibre_pct":74.0},{"code_insee":"50565","nom":"Sartilly-Baie-Bocage","codes_postaux":["50530"],"code_dep":"50","code_region":"28","population":2778,"surface_km2":31.03,"lat":48.7448,"lon":-1.4441,"fibre_pct":89.7},{"code_insee":"50567","nom":"Saussemesnil","codes_postaux":["50700"],"code_dep":"50","code_region":"28","population":927,"surface_km2":21.63,"lat":49.5701,"lon":-1.4914,"fibre_pct":100.0},{"code_insee":"50568","nom":"Saussey","codes_postaux":["50200"],"code_dep":"50","code_region":"28","population":463,"surface_km2":9.04,"lat":49.0121,"lon":-1.4245,"fibre_pct":100.0},{"code_insee":"50569","nom":"Savigny","codes_postaux":["50210"],"code_dep":"50","code_region":"28","population":430,"surface_km2":10.3,"lat":49.0572,"lon":-1.3299,"fibre_pct":84.8},{"code_insee":"50570","nom":"Savigny-le-Vieux","codes_postaux":["50640"],"code_dep":"50","code_region":"28","population":399,"surface_km2":17.33,"lat":48.5161,"lon":-1.0279,"fibre_pct":100.0},{"code_insee":"50571","nom":"Sébeville","codes_postaux":["50480"],"code_dep":"50","code_region":"28","population":34,"surface_km2":2.88,"lat":49.3871,"lon":-1.2837,"fibre_pct":0.0},{"code_insee":"50572","nom":"Sénoville","codes_postaux":["50270"],"code_dep":"50","code_region":"28","population":188,"surface_km2":7.3,"lat":49.4302,"lon":-1.7718,"fibre_pct":86.6},{"code_insee":"50574","nom":"Servon","codes_postaux":["50170"],"code_dep":"50","code_region":"28","population":252,"surface_km2":9.28,"lat":48.6019,"lon":-1.4114,"fibre_pct":92.1},{"code_insee":"50575","nom":"Sideville","codes_postaux":["50690"],"code_dep":"50","code_region":"28","population":856,"surface_km2":7.68,"lat":49.5933,"lon":-1.6864,"fibre_pct":94.4},{"code_insee":"50576","nom":"Siouville-Hague","codes_postaux":["50340"],"code_dep":"50","code_region":"28","population":931,"surface_km2":6.31,"lat":49.5602,"lon":-1.8303,"fibre_pct":80.4},{"code_insee":"50577","nom":"Sortosville-en-Beaumont","codes_postaux":["50270"],"code_dep":"50","code_region":"28","population":297,"surface_km2":10.31,"lat":49.4229,"lon":-1.7038,"fibre_pct":94.0},{"code_insee":"50578","nom":"Sortosville","codes_postaux":["50310"],"code_dep":"50","code_region":"28","population":80,"surface_km2":2.46,"lat":49.4834,"lon":-1.4293,"fibre_pct":19.6},{"code_insee":"50579","nom":"Sottevast","codes_postaux":["50260"],"code_dep":"50","code_region":"28","population":1459,"surface_km2":11.05,"lat":49.5208,"lon":-1.605,"fibre_pct":99.2},{"code_insee":"50580","nom":"Sotteville","codes_postaux":["50340"],"code_dep":"50","code_region":"28","population":485,"surface_km2":6.22,"lat":49.5375,"lon":-1.7516,"fibre_pct":57.9},{"code_insee":"50582","nom":"Sourdeval","codes_postaux":["50150"],"code_dep":"50","code_region":"28","population":3026,"surface_km2":52.62,"lat":48.7333,"lon":-0.8965,"fibre_pct":92.6},{"code_insee":"50584","nom":"Subligny","codes_postaux":["50870"],"code_dep":"50","code_region":"28","population":375,"surface_km2":7.96,"lat":48.7533,"lon":-1.3589,"fibre_pct":99.6},{"code_insee":"50585","nom":"Surtainville","codes_postaux":["50270"],"code_dep":"50","code_region":"28","population":1166,"surface_km2":14.57,"lat":49.4555,"lon":-1.7875,"fibre_pct":99.5},{"code_insee":"50587","nom":"Taillepied","codes_postaux":["50390"],"code_dep":"50","code_region":"28","population":18,"surface_km2":2.19,"lat":49.3619,"lon":-1.5839,"fibre_pct":83.3},{"code_insee":"50588","nom":"Tamerville","codes_postaux":["50700"],"code_dep":"50","code_region":"28","population":691,"surface_km2":18.2,"lat":49.5402,"lon":-1.4675,"fibre_pct":97.9},{"code_insee":"50589","nom":"Tanis","codes_postaux":["50170"],"code_dep":"50","code_region":"28","population":268,"surface_km2":7.57,"lat":48.5856,"lon":-1.4446,"fibre_pct":76.2},{"code_insee":"50590","nom":"Le Tanu","codes_postaux":["50320"],"code_dep":"50","code_region":"28","population":430,"surface_km2":10.25,"lat":48.8052,"lon":-1.3338,"fibre_pct":76.7},{"code_insee":"50591","nom":"Le Teilleul","codes_postaux":["50640"],"code_dep":"50","code_region":"28","population":1706,"surface_km2":67.84,"lat":48.5509,"lon":-0.889,"fibre_pct":90.1},{"code_insee":"50592","nom":"Tessy-Bocage","codes_postaux":["50420"],"code_dep":"50","code_region":"28","population":2217,"surface_km2":34.57,"lat":48.9629,"lon":-1.0599,"fibre_pct":93.5},{"code_insee":"50593","nom":"Teurthéville-Bocage","codes_postaux":["50630"],"code_dep":"50","code_region":"28","population":594,"surface_km2":21.68,"lat":49.5907,"lon":-1.3959,"fibre_pct":99.0},{"code_insee":"50594","nom":"Teurthéville-Hague","codes_postaux":["50690"],"code_dep":"50","code_region":"28","population":1037,"surface_km2":12.77,"lat":49.5812,"lon":-1.7385,"fibre_pct":79.5},{"code_insee":"50596","nom":"Théville","codes_postaux":["50330"],"code_dep":"50","code_region":"28","population":310,"surface_km2":7.91,"lat":49.6514,"lon":-1.4151,"fibre_pct":84.4},{"code_insee":"50597","nom":"Tirepied-sur-Sée","codes_postaux":["50300","50870"],"code_dep":"50","code_region":"28","population":957,"surface_km2":22.88,"lat":48.721,"lon":-1.2756,"fibre_pct":65.4},{"code_insee":"50598","nom":"Tocqueville","codes_postaux":["50330"],"code_dep":"50","code_region":"28","population":258,"surface_km2":5.91,"lat":49.6707,"lon":-1.3322,"fibre_pct":93.0},{"code_insee":"50599","nom":"Tollevast","codes_postaux":["50470"],"code_dep":"50","code_region":"28","population":1654,"surface_km2":12.5,"lat":49.5798,"lon":-1.6083,"fibre_pct":98.6},{"code_insee":"50601","nom":"Torigny-les-Villes","codes_postaux":["50160"],"code_dep":"50","code_region":"28","population":4444,"surface_km2":39.38,"lat":48.9961,"lon":-0.974,"fibre_pct":93.7},{"code_insee":"50603","nom":"Tourville-sur-Sienne","codes_postaux":["50200"],"code_dep":"50","code_region":"28","population":787,"surface_km2":7.48,"lat":49.0491,"lon":-1.5233,"fibre_pct":94.5},{"code_insee":"50604","nom":"Tréauville","codes_postaux":["50340"],"code_dep":"50","code_region":"28","population":719,"surface_km2":13.0,"lat":49.5379,"lon":-1.8272,"fibre_pct":93.5},{"code_insee":"50606","nom":"Tribehou","codes_postaux":["50620"],"code_dep":"50","code_region":"28","population":525,"surface_km2":10.01,"lat":49.2119,"lon":-1.2501,"fibre_pct":100.0},{"code_insee":"50607","nom":"La Trinité","codes_postaux":["50800"],"code_dep":"50","code_region":"28","population":405,"surface_km2":9.2,"lat":48.7871,"lon":-1.2438,"fibre_pct":74.4},{"code_insee":"50609","nom":"Turqueville","codes_postaux":["50480"],"code_dep":"50","code_region":"28","population":129,"surface_km2":5.25,"lat":49.406,"lon":-1.2701,"fibre_pct":0.0},{"code_insee":"50610","nom":"Urville","codes_postaux":["50700"],"code_dep":"50","code_region":"28","population":190,"surface_km2":5.2,"lat":49.4495,"lon":-1.4432,"fibre_pct":100.0},{"code_insee":"50612","nom":"Vains","codes_postaux":["50300"],"code_dep":"50","code_region":"28","population":743,"surface_km2":8.84,"lat":48.6741,"lon":-1.4255,"fibre_pct":68.0},{"code_insee":"50613","nom":"Valcanville","codes_postaux":["50760"],"code_dep":"50","code_region":"28","population":389,"surface_km2":6.52,"lat":49.6488,"lon":-1.3149,"fibre_pct":100.0},{"code_insee":"50615","nom":"Valognes","codes_postaux":["50700"],"code_dep":"50","code_region":"28","population":6969,"surface_km2":15.8,"lat":49.5122,"lon":-1.4758,"fibre_pct":99.7},{"code_insee":"50616","nom":"Le Val-Saint-Père","codes_postaux":["50300"],"code_dep":"50","code_region":"28","population":1898,"surface_km2":11.6,"lat":48.659,"lon":-1.3758,"fibre_pct":100.0},{"code_insee":"50617","nom":"Varenguebec","codes_postaux":["50250"],"code_dep":"50","code_region":"28","population":321,"surface_km2":21.42,"lat":49.3394,"lon":-1.4956,"fibre_pct":93.0},{"code_insee":"50618","nom":"Varouville","codes_postaux":["50330"],"code_dep":"50","code_region":"28","population":216,"surface_km2":4.21,"lat":49.6717,"lon":-1.3711,"fibre_pct":100.0},{"code_insee":"50619","nom":"Le Vast","codes_postaux":["50630"],"code_dep":"50","code_region":"28","population":321,"surface_km2":13.12,"lat":49.6187,"lon":-1.3564,"fibre_pct":53.4},{"code_insee":"50621","nom":"Vaudreville","codes_postaux":["50310"],"code_dep":"50","code_region":"28","population":77,"surface_km2":3.04,"lat":49.5159,"lon":-1.3581,"fibre_pct":100.0},{"code_insee":"50624","nom":"La Vendelée","codes_postaux":["50200"],"code_dep":"50","code_region":"28","population":459,"surface_km2":5.11,"lat":49.0834,"lon":-1.4585,"fibre_pct":100.0},{"code_insee":"50626","nom":"Ver","codes_postaux":["50450"],"code_dep":"50","code_region":"28","population":386,"surface_km2":13.84,"lat":48.8973,"lon":-1.3855,"fibre_pct":84.5},{"code_insee":"50628","nom":"Vernix","codes_postaux":["50370"],"code_dep":"50","code_region":"28","population":154,"surface_km2":5.95,"lat":48.7152,"lon":-1.2266,"fibre_pct":93.8},{"code_insee":"50629","nom":"Vesly","codes_postaux":["50430"],"code_dep":"50","code_region":"28","population":728,"surface_km2":22.46,"lat":49.2516,"lon":-1.4933,"fibre_pct":99.3},{"code_insee":"50633","nom":"Le Vicel","codes_postaux":["50760"],"code_dep":"50","code_region":"28","population":119,"surface_km2":4.77,"lat":49.6315,"lon":-1.3185,"fibre_pct":100.0},{"code_insee":"50634","nom":"Videcosville","codes_postaux":["50630"],"code_dep":"50","code_region":"28","population":93,"surface_km2":2.55,"lat":49.5673,"lon":-1.3712,"fibre_pct":100.0},{"code_insee":"50637","nom":"Villebaudon","codes_postaux":["50410"],"code_dep":"50","code_region":"28","population":327,"surface_km2":5.76,"lat":48.9687,"lon":-1.1692,"fibre_pct":91.9},{"code_insee":"50639","nom":"Villedieu-les-Poêles-Rouffigny","codes_postaux":["50800"],"code_dep":"50","code_region":"28","population":3903,"surface_km2":14.69,"lat":48.8247,"lon":-1.2399,"fibre_pct":78.5},{"code_insee":"50641","nom":"Villiers-Fossard","codes_postaux":["50680"],"code_dep":"50","code_region":"28","population":646,"surface_km2":8.69,"lat":49.1612,"lon":-1.0605,"fibre_pct":67.2},{"code_insee":"50643","nom":"Virandeville","codes_postaux":["50690"],"code_dep":"50","code_region":"28","population":816,"surface_km2":8.24,"lat":49.5694,"lon":-1.7147,"fibre_pct":73.7},{"code_insee":"50647","nom":"Yquelon","codes_postaux":["50400"],"code_dep":"50","code_region":"28","population":1240,"surface_km2":2.18,"lat":48.8439,"lon":-1.5509,"fibre_pct":99.9},{"code_insee":"50648","nom":"Yvetot-Bocage","codes_postaux":["50700"],"code_dep":"50","code_region":"28","population":1212,"surface_km2":12.19,"lat":49.4945,"lon":-1.5129,"fibre_pct":87.3}]