[{"code_insee":"53001","nom":"Ahuillé","codes_postaux":["53940"],"code_dep":"53","code_region":"52","population":1852,"surface_km2":30.56,"lat":48.0221,"lon":-0.8803,"fibre_pct":100.0,"vivrescore":100},{"code_insee":"53002","nom":"Alexain","codes_postaux":["53240"],"code_dep":"53","code_region":"52","population":610,"surface_km2":16.43,"lat":48.2327,"lon":-0.7399,"fibre_pct":100.0,"vivrescore":100},{"code_insee":"53003","nom":"Ambrières-les-Vallées","codes_postaux":["53300"],"code_dep":"53","code_region":"52","population":2619,"surface_km2":38.4,"lat":48.4242,"lon":-0.6268,"fibre_pct":97.1,"vivrescore":100},{"code_insee":"53005","nom":"Andouillé","codes_postaux":["53240"],"code_dep":"53","code_region":"52","population":2321,"surface_km2":37.03,"lat":48.1769,"lon":-0.7911,"fibre_pct":97.7,"vivrescore":100},{"code_insee":"53007","nom":"Argentré","codes_postaux":["53210"],"code_dep":"53","code_region":"52","population":2906,"surface_km2":37.19,"lat":48.0942,"lon":-0.624,"fibre_pct":99.3,"vivrescore":100},{"code_insee":"53008","nom":"Aron","codes_postaux":["53440"],"code_dep":"53","code_region":"52","population":1828,"surface_km2":32.8,"lat":48.3058,"lon":-0.5539,"fibre_pct":99.4,"vivrescore":100},{"code_insee":"53009","nom":"Arquenay","codes_postaux":["53170"],"code_dep":"53","code_region":"52","population":674,"surface_km2":25.38,"lat":47.9816,"lon":-0.5932,"fibre_pct":96.2,"vivrescore":100},{"code_insee":"53010","nom":"Assé-le-Bérenger","codes_postaux":["53600"],"code_dep":"53","code_region":"52","population":395,"surface_km2":11.93,"lat":48.1553,"lon":-0.3195,"fibre_pct":100.0,"vivrescore":100},{"code_insee":"53011","nom":"Astillé","codes_postaux":["53230"],"code_dep":"53","code_region":"52","population":895,"surface_km2":21.02,"lat":47.9593,"lon":-0.8493,"fibre_pct":100.0,"vivrescore":100},{"code_insee":"53012","nom":"Athée","codes_postaux":["53400"],"code_dep":"53","code_region":"52","population":451,"surface_km2":17.3,"lat":47.8868,"lon":-0.9335,"fibre_pct":100.0,"vivrescore":100},{"code_insee":"53013","nom":"Averton","codes_postaux":["53700"],"code_dep":"53","code_region":"52","population":552,"surface_km2":40.54,"lat":48.3575,"lon":-0.2035,"fibre_pct":100.0,"vivrescore":100},{"code_insee":"53015","nom":"La Baconnière","codes_postaux":["53240"],"code_dep":"53","code_region":"52","population":1965,"surface_km2":27.82,"lat":48.1765,"lon":-0.9012,"fibre_pct":91.1,"vivrescore":80},{"code_insee":"53016","nom":"Bais","codes_postaux":["53160"],"code_dep":"53","code_region":"52","population":1222,"surface_km2":26.37,"lat":48.2485,"lon":-0.3573,"fibre_pct":99.1,"vivrescore":100},{"code_insee":"53017","nom":"Val-du-Maine","codes_postaux":["53340"],"code_dep":"53","code_region":"52","population":952,"surface_km2":23.98,"lat":47.9362,"lon":-0.3801,"fibre_pct":97.8,"vivrescore":100},{"code_insee":"53018","nom":"Ballots","codes_postaux":["53350"],"code_dep":"53","code_region":"52","population":1278,"surface_km2":36.06,"lat":47.9026,"lon":-1.0561,"fibre_pct":98.2,"vivrescore":100},{"code_insee":"53019","nom":"Bannes","codes_postaux":["53340"],"code_dep":"53","code_region":"52","population":119,"surface_km2":8.36,"lat":47.9859,"lon":-0.3491,"fibre_pct":100.0,"vivrescore":100},{"code_insee":"53021","nom":"La Bazoge-Montpinçon","codes_postaux":["53440"],"code_dep":"53","code_region":"52","population":953,"surface_km2":8.51,"lat":48.2704,"lon":-0.5853,"fibre_pct":99.5,"vivrescore":100},{"code_insee":"53022","nom":"La Bazouge-de-Chemeré","codes_postaux":["53170"],"code_dep":"53","code_region":"52","population":497,"surface_km2":25.1,"lat":48.0041,"lon":-0.5028,"fibre_pct":99.6,"vivrescore":100},{"code_insee":"53023","nom":"La Bazouge-des-Alleux","codes_postaux":["53470"],"code_dep":"53","code_region":"52","population":558,"surface_km2":18.16,"lat":48.1883,"lon":-0.602,"fibre_pct":100.0,"vivrescore":100},{"code_insee":"53025","nom":"Bazougers","codes_postaux":["53170"],"code_dep":"53","code_region":"52","population":1079,"surface_km2":31.97,"lat":48.03,"lon":-0.6002,"fibre_pct":99.5,"vivrescore":100},{"code_insee":"53026","nom":"Beaulieu-sur-Oudon","codes_postaux":["53320"],"code_dep":"53","code_region":"52","population":483,"surface_km2":20.2,"lat":47.9941,"lon":-0.9848,"fibre_pct":100.0,"vivrescore":100},{"code_insee":"53027","nom":"Beaumont-Pied-de-Bœuf","codes_postaux":["53290"],"code_dep":"53","code_region":"52","population":203,"surface_km2":13.62,"lat":47.9111,"lon":-0.4435,"fibre_pct":99.0,"vivrescore":100},{"code_insee":"53028","nom":"Belgeard","codes_postaux":["53440"],"code_dep":"53","code_region":"52","population":555,"surface_km2":13.09,"lat":48.2545,"lon":-0.5635,"fibre_pct":100.0,"vivrescore":100},{"code_insee":"53029","nom":"Bierné-les-Villages","codes_postaux":["53290"],"code_dep":"53","code_region":"52","population":1285,"surface_km2":48.18,"lat":47.7918,"lon":-0.5633,"fibre_pct":98.9,"vivrescore":100},{"code_insee":"53030","nom":"Le Bignon-du-Maine","codes_postaux":["53170"],"code_dep":"53","code_region":"52","population":322,"surface_km2":14.5,"lat":47.954,"lon":-0.6307,"fibre_pct":100.0,"vivrescore":100},{"code_insee":"53031","nom":"La Bigottière","codes_postaux":["53240"],"code_dep":"53","code_region":"52","population":489,"surface_km2":18.67,"lat":48.221,"lon":-0.798,"fibre_pct":96.9,"vivrescore":100},{"code_insee":"53033","nom":"La Boissière","codes_postaux":["53800"],"code_dep":"53","code_region":"52","population":115,"surface_km2":6.31,"lat":47.773,"lon":-0.9788,"fibre_pct":100.0,"vivrescore":100},{"code_insee":"53034","nom":"Bonchamp-lès-Laval","codes_postaux":["53960"],"code_dep":"53","code_region":"52","population":6302,"surface_km2":27.56,"lat":48.0715,"lon":-0.6996,"fibre_pct":96.2,"vivrescore":100},{"code_insee":"53035","nom":"Bouchamps-lès-Craon","codes_postaux":["53800"],"code_dep":"53","code_region":"52","population":595,"surface_km2":18.15,"lat":47.8075,"lon":-0.9851,"fibre_pct":100.0,"vivrescore":100},{"code_insee":"53036","nom":"Bouère","codes_postaux":["53290"],"code_dep":"53","code_region":"52","population":1058,"surface_km2":43.02,"lat":47.8601,"lon":-0.4852,"fibre_pct":99.7,"vivrescore":100},{"code_insee":"53037","nom":"Bouessay","codes_postaux":["53290"],"code_dep":"53","code_region":"52","population":714,"surface_km2":9.36,"lat":47.8722,"lon":-0.3939,"fibre_pct":98.6,"vivrescore":100},{"code_insee":"53038","nom":"Boulay-les-Ifs","codes_postaux":["53370"],"code_dep":"53","code_region":"52","population":136,"surface_km2":8.98,"lat":48.4272,"lon":-0.1369,"fibre_pct":100.0,"vivrescore":100},{"code_insee":"53039","nom":"Le Bourgneuf-la-Forêt","codes_postaux":["53410"],"code_dep":"53","code_region":"52","population":1769,"surface_km2":28.94,"lat":48.164,"lon":-0.9766,"fibre_pct":98.9,"vivrescore":100},{"code_insee":"53040","nom":"Bourgon","codes_postaux":["53410"],"code_dep":"53","code_region":"52","population":616,"surface_km2":21.34,"lat":48.1552,"lon":-1.0435,"fibre_pct":100.0,"vivrescore":100},{"code_insee":"53041","nom":"Brains-sur-les-Marches","codes_postaux":["53350"],"code_dep":"53","code_region":"52","population":279,"surface_km2":7.77,"lat":47.8853,"lon":-1.1769,"fibre_pct":100.0,"vivrescore":100},{"code_insee":"53042","nom":"Brecé","codes_postaux":["53120"],"code_dep":"53","code_region":"52","population":821,"surface_km2":35.33,"lat":48.391,"lon":-0.7738,"fibre_pct":99.8,"vivrescore":100},{"code_insee":"53043","nom":"Brée","codes_postaux":["53150"],"code_dep":"53","code_region":"52","population":591,"surface_km2":16.6,"lat":48.157,"lon":-0.5194,"fibre_pct":100.0,"vivrescore":100},{"code_insee":"53045","nom":"La Brûlatte","codes_postaux":["53410"],"code_dep":"53","code_region":"52","population":673,"surface_km2":15.51,"lat":48.0899,"lon":-0.9713,"fibre_pct":100.0,"vivrescore":100},{"code_insee":"53046","nom":"Le Buret","codes_postaux":["53170"],"code_dep":"53","code_region":"52","population":315,"surface_km2":12.9,"lat":47.92,"lon":-0.4991,"fibre_pct":100.0,"vivrescore":100},{"code_insee":"53047","nom":"Carelles","codes_postaux":["53120"],"code_dep":"53","code_region":"52","population":246,"surface_km2":13.05,"lat":48.3916,"lon":-0.9003,"fibre_pct":99.5,"vivrescore":100},{"code_insee":"53048","nom":"Chailland","codes_postaux":["53420"],"code_dep":"53","code_region":"52","population":1187,"surface_km2":35.81,"lat":48.2269,"lon":-0.8647,"fibre_pct":99.9,"vivrescore":100},{"code_insee":"53049","nom":"Châlons-du-Maine","codes_postaux":["53470"],"code_dep":"53","code_region":"52","population":682,"surface_km2":9.85,"lat":48.1562,"lon":-0.6484,"fibre_pct":100.0,"vivrescore":100},{"code_insee":"53051","nom":"Champéon","codes_postaux":["53640"],"code_dep":"53","code_region":"52","population":636,"surface_km2":20.98,"lat":48.3588,"lon":-0.5162,"fibre_pct":99.5,"vivrescore":100},{"code_insee":"53052","nom":"Champfrémont","codes_postaux":["53370"],"code_dep":"53","code_region":"52","population":282,"surface_km2":13.04,"lat":48.433,"lon":-0.1062,"fibre_pct":100.0,"vivrescore":100},{"code_insee":"53053","nom":"Champgenéteux","codes_postaux":["53160"],"code_dep":"53","code_region":"52","population":492,"surface_km2":25.23,"lat":48.2938,"lon":-0.3741,"fibre_pct":100.0,"vivrescore":100},{"code_insee":"53054","nom":"Changé","codes_postaux":["53810"],"code_dep":"53","code_region":"52","population":6502,"surface_km2":35.67,"lat":48.1131,"lon":-0.7961,"fibre_pct":97.1,"vivrescore":100},{"code_insee":"53055","nom":"Chantrigné","codes_postaux":["53300"],"code_dep":"53","code_region":"52","population":599,"surface_km2":18.67,"lat":48.4148,"lon":-0.5521,"fibre_pct":99.3,"vivrescore":100},{"code_insee":"53056","nom":"La Chapelle-Anthenaise","codes_postaux":["53950"],"code_dep":"53","code_region":"52","population":970,"surface_km2":20.2,"lat":48.1293,"lon":-0.6556,"fibre_pct":100.0,"vivrescore":100},{"code_insee":"53057","nom":"La Chapelle-au-Riboul","codes_postaux":["53440"],"code_dep":"53","code_region":"52","population":505,"surface_km2":13.08,"lat":48.3191,"lon":-0.4308,"fibre_pct":97.7,"vivrescore":100},{"code_insee":"53058","nom":"La Chapelle-Craonnaise","codes_postaux":["53230"],"code_dep":"53","code_region":"52","population":308,"surface_km2":10.48,"lat":47.8998,"lon":-0.9044,"fibre_pct":99.4,"vivrescore":100},{"code_insee":"53059","nom":"La Chapelle-Rainsouin","codes_postaux":["53150"],"code_dep":"53","code_region":"52","population":412,"surface_km2":18.24,"lat":48.0941,"lon":-0.5354,"fibre_pct":100.0,"vivrescore":100},{"code_insee":"53061","nom":"Charchigné","codes_postaux":["53250"],"code_dep":"53","code_region":"52","population":459,"surface_km2":14.9,"lat":48.415,"lon":-0.4057,"fibre_pct":100.0,"vivrescore":100},{"code_insee":"53062","nom":"Château-Gontier-sur-Mayenne","codes_postaux":["53200"],"code_dep":"53","code_region":"52","population":16584,"surface_km2":68.26,"lat":47.821,"lon":-0.701,"fibre_pct":96.3,"vivrescore":100},{"code_insee":"53063","nom":"Châtelain","codes_postaux":["53200"],"code_dep":"53","code_region":"52","population":470,"surface_km2":13.86,"lat":47.8057,"lon":-0.5998,"fibre_pct":99.2,"vivrescore":100},{"code_insee":"53064","nom":"Châtillon-sur-Colmont","codes_postaux":["53100"],"code_dep":"53","code_region":"52","population":949,"surface_km2":40.05,"lat":48.3352,"lon":-0.7574,"fibre_pct":99.4,"vivrescore":100},{"code_insee":"53066","nom":"Chemazé","codes_postaux":["53200"],"code_dep":"53","code_region":"52","population":1352,"surface_km2":38.69,"lat":47.7782,"lon":-0.7662,"fibre_pct":99.1,"vivrescore":100},{"code_insee":"53067","nom":"Chémeré-le-Roi","codes_postaux":["53340"],"code_dep":"53","code_region":"52","population":431,"surface_km2":15.36,"lat":47.9758,"lon":-0.4472,"fibre_pct":100.0,"vivrescore":100},{"code_insee":"53068","nom":"Chérancé","codes_postaux":["53400"],"code_dep":"53","code_region":"52","population":155,"surface_km2":8.72,"lat":47.8006,"lon":-0.9265,"fibre_pct":99.0,"vivrescore":100},{"code_insee":"53069","nom":"Chevaigné-du-Maine","codes_postaux":["53250"],"code_dep":"53","code_region":"52","population":150,"surface_km2":13.24,"lat":48.4393,"lon":-0.4046,"fibre_pct":100.0,"vivrescore":100},{"code_insee":"53071","nom":"Colombiers-du-Plessis","codes_postaux":["53120"],"code_dep":"53","code_region":"52","population":482,"surface_km2":21.45,"lat":48.3873,"lon":-0.8459,"fibre_pct":99.1,"vivrescore":100},{"code_insee":"53072","nom":"Commer","codes_postaux":["53470"],"code_dep":"53","code_region":"52","population":1286,"surface_km2":23.07,"lat":48.2343,"lon":-0.6264,"fibre_pct":91.1,"vivrescore":80},{"code_insee":"53073","nom":"Congrier","codes_postaux":["53800"],"code_dep":"53","code_region":"52","population":932,"surface_km2":24.57,"lat":47.8062,"lon":-1.124,"fibre_pct":100.0,"vivrescore":100},{"code_insee":"53074","nom":"Contest","codes_postaux":["53100"],"code_dep":"53","code_region":"52","population":834,"surface_km2":23.28,"lat":48.2563,"lon":-0.6924,"fibre_pct":98.9,"vivrescore":100},{"code_insee":"53075","nom":"Cosmes","codes_postaux":["53230"],"code_dep":"53","code_region":"52","population":302,"surface_km2":13.78,"lat":47.9189,"lon":-0.8746,"fibre_pct":100.0,"vivrescore":100},{"code_insee":"53076","nom":"Cossé-en-Champagne","codes_postaux":["53340"],"code_dep":"53","code_region":"52","population":299,"surface_km2":21.22,"lat":47.9707,"lon":-0.3233,"fibre_pct":93.7,"vivrescore":80},{"code_insee":"53077","nom":"Cossé-le-Vivien","codes_postaux":["53230"],"code_dep":"53","code_region":"52","population":3174,"surface_km2":44.89,"lat":47.9452,"lon":-0.9284,"fibre_pct":95.1,"vivrescore":100},{"code_insee":"53078","nom":"Coudray","codes_postaux":["53200"],"code_dep":"53","code_region":"52","population":869,"surface_km2":10.97,"lat":47.7914,"lon":-0.6374,"fibre_pct":100.0,"vivrescore":100},{"code_insee":"53079","nom":"Couesmes-Vaucé","codes_postaux":["53300"],"code_dep":"53","code_region":"52","population":379,"surface_km2":19.13,"lat":48.4479,"lon":-0.7093,"fibre_pct":99.1,"vivrescore":100},{"code_insee":"53080","nom":"Couptrain","codes_postaux":["53250"],"code_dep":"53","code_region":"52","population":103,"surface_km2":0.69,"lat":48.4827,"lon":-0.2918,"fibre_pct":97.3,"vivrescore":100},{"code_insee":"53082","nom":"Courbeveille","codes_postaux":["53230"],"code_dep":"53","code_region":"52","population":631,"surface_km2":18.62,"lat":47.9852,"lon":-0.8914,"fibre_pct":99.3,"vivrescore":100},{"code_insee":"53083","nom":"Courcité","codes_postaux":["53700"],"code_dep":"53","code_region":"52","population":797,"surface_km2":30.61,"lat":48.3019,"lon":-0.2583,"fibre_pct":100.0,"vivrescore":100},{"code_insee":"53084","nom":"Craon","codes_postaux":["53400"],"code_dep":"53","code_region":"52","population":4431,"surface_km2":24.32,"lat":47.8431,"lon":-0.9396,"fibre_pct":98.5,"vivrescore":100},{"code_insee":"53085","nom":"Crennes-sur-Fraubée","codes_postaux":["53700"],"code_dep":"53","code_region":"52","population":192,"surface_km2":12.68,"lat":48.3858,"lon":-0.2614,"fibre_pct":100.0,"vivrescore":100},{"code_insee":"53086","nom":"La Croixille","codes_postaux":["53380"],"code_dep":"53","code_region":"52","population":629,"surface_km2":20.17,"lat":48.1968,"lon":-1.0391,"fibre_pct":100.0,"vivrescore":100},{"code_insee":"53087","nom":"La Cropte","codes_postaux":["53170"],"code_dep":"53","code_region":"52","population":235,"surface_km2":14.23,"lat":47.9541,"lon":-0.4911,"fibre_pct":100.0,"vivrescore":100},{"code_insee":"53088","nom":"Cuillé","codes_postaux":["53540"],"code_dep":"53","code_region":"52","population":888,"surface_km2":21.73,"lat":47.9637,"lon":-1.1114,"fibre_pct":100.0,"vivrescore":100},{"code_insee":"53089","nom":"Daon","codes_postaux":["53200"],"code_dep":"53","code_region":"52","population":543,"surface_km2":18.25,"lat":47.7563,"lon":-0.6335,"fibre_pct":100.0,"vivrescore":100},{"code_insee":"53090","nom":"Denazé","codes_postaux":["53400"],"code_dep":"53","code_region":"52","population":194,"surface_km2":9.27,"lat":47.8818,"lon":-0.881,"fibre_pct":100.0,"vivrescore":100},{"code_insee":"53091","nom":"Désertines","codes_postaux":["53190"],"code_dep":"53","code_region":"52","population":468,"surface_km2":26.06,"lat":48.4697,"lon":-0.8715,"fibre_pct":100.0,"vivrescore":100},{"code_insee":"53093","nom":"La Dorée","codes_postaux":["53190"],"code_dep":"53","code_region":"52","population":286,"surface_km2":18.0,"lat":48.4489,"lon":-0.9649,"fibre_pct":100.0,"vivrescore":100},{"code_insee":"53094","nom":"Entrammes","codes_postaux":["53260"],"code_dep":"53","code_region":"52","population":2294,"surface_km2":26.81,"lat":47.9924,"lon":-0.7149,"fibre_pct":99.9,"vivrescore":100},{"code_insee":"53096","nom":"Ernée","codes_postaux":["53500"],"code_dep":"53","code_region":"52","population":5499,"surface_km2":36.41,"lat":48.2954,"lon":-0.9316,"fibre_pct":98.6,"vivrescore":100},{"code_insee":"53097","nom":"Évron","codes_postaux":["53150","53600"],"code_dep":"53","code_region":"52","population":8252,"surface_km2":69.07,"lat":48.1423,"lon":-0.4328,"fibre_pct":98.4,"vivrescore":100},{"code_insee":"53098","nom":"Fontaine-Couverte","codes_postaux":["53350"],"code_dep":"53","code_region":"52","population":420,"surface_km2":21.67,"lat":47.9124,"lon":-1.1344,"fibre_pct":100.0,"vivrescore":100},{"code_insee":"53099","nom":"Forcé","codes_postaux":["53260"],"code_dep":"53","code_region":"52","population":1099,"surface_km2":5.05,"lat":48.0291,"lon":-0.7058,"fibre_pct":99.8,"vivrescore":100},{"code_insee":"53100","nom":"Fougerolles-du-Plessis","codes_postaux":["53190"],"code_dep":"53","code_region":"52","population":1215,"surface_km2":33.81,"lat":48.4834,"lon":-0.9499,"fibre_pct":96.9,"vivrescore":100},{"code_insee":"53101","nom":"Fromentières","codes_postaux":["53200"],"code_dep":"53","code_region":"52","population":848,"surface_km2":22.18,"lat":47.8711,"lon":-0.6641,"fibre_pct":96.4,"vivrescore":100},{"code_insee":"53102","nom":"Gastines","codes_postaux":["53540"],"code_dep":"53","code_region":"52","population":165,"surface_km2":8.98,"lat":47.9407,"lon":-1.1141,"fibre_pct":100.0,"vivrescore":100},{"code_insee":"53103","nom":"Le Genest-Saint-Isle","codes_postaux":["53940"],"code_dep":"53","code_region":"52","population":2166,"surface_km2":18.77,"lat":48.1029,"lon":-0.8966,"fibre_pct":96.5,"vivrescore":100},{"code_insee":"53104","nom":"Gennes-Longuefuye","codes_postaux":["53200"],"code_dep":"53","code_region":"52","population":1354,"surface_km2":40.91,"lat":47.8605,"lon":-0.585,"fibre_pct":98.7,"vivrescore":100},{"code_insee":"53105","nom":"Gesnes","codes_postaux":["53150"],"code_dep":"53","code_region":"52","population":249,"surface_km2":11.2,"lat":48.1509,"lon":-0.5944,"fibre_pct":100.0,"vivrescore":100},{"code_insee":"53106","nom":"Gesvres","codes_postaux":["53370"],"code_dep":"53","code_region":"52","population":539,"surface_km2":21.66,"lat":48.3722,"lon":-0.1644,"fibre_pct":99.5,"vivrescore":100},{"code_insee":"53107","nom":"Gorron","codes_postaux":["53120"],"code_dep":"53","code_region":"52","population":2440,"surface_km2":14.83,"lat":48.4209,"lon":-0.7969,"fibre_pct":97.6,"vivrescore":100},{"code_insee":"53108","nom":"La Gravelle","codes_postaux":["53410"],"code_dep":"53","code_region":"52","population":557,"surface_km2":6.26,"lat":48.0768,"lon":-1.027,"fibre_pct":99.7,"vivrescore":100},{"code_insee":"53109","nom":"Grazay","codes_postaux":["53440"],"code_dep":"53","code_region":"52","population":629,"surface_km2":16.82,"lat":48.2871,"lon":-0.4766,"fibre_pct":100.0,"vivrescore":100},{"code_insee":"53110","nom":"Grez-en-Bouère","codes_postaux":["53290"],"code_dep":"53","code_region":"52","population":980,"surface_km2":27.65,"lat":47.8709,"lon":-0.5403,"fibre_pct":99.5,"vivrescore":100},{"code_insee":"53111","nom":"La Haie-Traversaine","codes_postaux":["53300"],"code_dep":"53","code_region":"52","population":468,"surface_km2":11.78,"lat":48.3576,"lon":-0.6108,"fibre_pct":99.7,"vivrescore":100},{"code_insee":"53112","nom":"Le Ham","codes_postaux":["53250"],"code_dep":"53","code_region":"52","population":338,"surface_km2":25.11,"lat":48.3767,"lon":-0.3525,"fibre_pct":100.0,"vivrescore":100},{"code_insee":"53113","nom":"Hambers","codes_postaux":["53160"],"code_dep":"53","code_region":"52","population":624,"surface_km2":26.13,"lat":48.2534,"lon":-0.4274,"fibre_pct":99.4,"vivrescore":100},{"code_insee":"53114","nom":"Hardanges","codes_postaux":["53640"],"code_dep":"53","code_region":"52","population":169,"surface_km2":18.46,"lat":48.3365,"lon":-0.4091,"fibre_pct":100.0,"vivrescore":100},{"code_insee":"53115","nom":"Hercé","codes_postaux":["53120"],"code_dep":"53","code_region":"52","population":297,"surface_km2":10.27,"lat":48.4221,"lon":-0.8638,"fibre_pct":100.0,"vivrescore":100},{"code_insee":"53116","nom":"Le Horps","codes_postaux":["53640"],"code_dep":"53","code_region":"52","population":716,"surface_km2":23.16,"lat":48.3878,"lon":-0.4628,"fibre_pct":99.8,"vivrescore":100},{"code_insee":"53117","nom":"Houssay","codes_postaux":["53360"],"code_dep":"53","code_region":"52","population":493,"surface_km2":14.07,"lat":47.9124,"lon":-0.7452,"fibre_pct":99.2,"vivrescore":100},{"code_insee":"53118","nom":"Le Housseau-Brétignolles","codes_postaux":["53110"],"code_dep":"53","code_region":"52","population":231,"surface_km2":9.36,"lat":48.473,"lon":-0.5424,"fibre_pct":99.5,"vivrescore":100},{"code_insee":"53119","nom":"L'Huisserie","codes_postaux":["53970"],"code_dep":"53","code_region":"52","population":4672,"surface_km2":15.13,"lat":48.0147,"lon":-0.7704,"fibre_pct":90.9,"vivrescore":80},{"code_insee":"53120","nom":"Izé","codes_postaux":["53160"],"code_dep":"53","code_region":"52","population":464,"surface_km2":28.46,"lat":48.2237,"lon":-0.2986,"fibre_pct":100.0,"vivrescore":100},{"code_insee":"53121","nom":"Javron-les-Chapelles","codes_postaux":["53250"],"code_dep":"53","code_region":"52","population":1314,"surface_km2":38.56,"lat":48.4229,"lon":-0.3257,"fibre_pct":100.0,"vivrescore":100},{"code_insee":"53122","nom":"Jublains","codes_postaux":["53160"],"code_dep":"53","code_region":"52","population":747,"surface_km2":36.47,"lat":48.2442,"lon":-0.4941,"fibre_pct":100.0,"vivrescore":100},{"code_insee":"53123","nom":"Juvigné","codes_postaux":["53380"],"code_dep":"53","code_region":"52","population":1327,"surface_km2":62.51,"lat":48.2342,"lon":-1.028,"fibre_pct":99.3,"vivrescore":100},{"code_insee":"53124","nom":"Prée-d'Anjou","codes_postaux":["53200"],"code_dep":"53","code_region":"52","population":1381,"surface_km2":42.88,"lat":47.8212,"lon":-0.8273,"fibre_pct":98.8,"vivrescore":100},{"code_insee":"53125","nom":"Landivy","codes_postaux":["53190"],"code_dep":"53","code_region":"52","population":1094,"surface_km2":29.06,"lat":48.4811,"lon":-1.0365,"fibre_pct":93.5,"vivrescore":80},{"code_insee":"53126","nom":"Larchamp","codes_postaux":["53220"],"code_dep":"53","code_region":"52","population":1001,"surface_km2":41.37,"lat":48.3492,"lon":-1.003,"fibre_pct":100.0,"vivrescore":100},{"code_insee":"53127","nom":"Lassay-les-Châteaux","codes_postaux":["53110"],"code_dep":"53","code_region":"52","population":2247,"surface_km2":58.36,"lat":48.446,"lon":-0.5059,"fibre_pct":98.0,"vivrescore":100},{"code_insee":"53128","nom":"Laubrières","codes_postaux":["53540"],"code_dep":"53","code_region":"52","population":324,"surface_km2":8.54,"lat":47.9478,"lon":-1.0691,"fibre_pct":100.0,"vivrescore":100},{"code_insee":"53129","nom":"Launay-Villiers","codes_postaux":["53410"],"code_dep":"53","code_region":"52","population":350,"surface_km2":9.43,"lat":48.1363,"lon":-1.0084,"fibre_pct":100.0,"vivrescore":100},{"code_insee":"53130","nom":"Laval","codes_postaux":["53000"],"code_dep":"53","code_region":"52","population":49400,"surface_km2":34.18,"lat":48.0578,"lon":-0.7692,"fibre_pct":96.7,"vivrescore":100},{"code_insee":"53131","nom":"Lesbois","codes_postaux":["53120"],"code_dep":"53","code_region":"52","population":179,"surface_km2":5.97,"lat":48.4519,"lon":-0.7933,"fibre_pct":100.0,"vivrescore":100},{"code_insee":"53132","nom":"Levaré","codes_postaux":["53120"],"code_dep":"53","code_region":"52","population":269,"surface_km2":11.74,"lat":48.416,"lon":-0.899,"fibre_pct":100.0,"vivrescore":100},{"code_insee":"53133","nom":"Lignières-Orgères","codes_postaux":["53140"],"code_dep":"53","code_region":"52","population":719,"surface_km2":41.17,"lat":48.5331,"lon":-0.2096,"fibre_pct":99.8,"vivrescore":100},{"code_insee":"53134","nom":"Livet","codes_postaux":["53150"],"code_dep":"53","code_region":"52","population":191,"surface_km2":11.29,"lat":48.1126,"lon":-0.4613,"fibre_pct":100.0,"vivrescore":100},{"code_insee":"53135","nom":"Livré-la-Touche","codes_postaux":["53400"],"code_dep":"53","code_region":"52","population":729,"surface_km2":30.07,"lat":47.8906,"lon":-0.995,"fibre_pct":100.0,"vivrescore":100},{"code_insee":"53136","nom":"La Roche-Neuville","codes_postaux":["53200","53360"],"code_dep":"53","code_region":"52","population":1240,"surface_km2":28.43,"lat":47.8773,"lon":-0.7363,"fibre_pct":97.3,"vivrescore":100},{"code_insee":"53137","nom":"Loiron-Ruillé","codes_postaux":["53320"],"code_dep":"53","code_region":"52","population":2758,"surface_km2":40.06,"lat":48.062,"lon":-0.942,"fibre_pct":94.6,"vivrescore":80},{"code_insee":"53139","nom":"Loupfougères","codes_postaux":["53700"],"code_dep":"53","code_region":"52","population":408,"surface_km2":18.66,"lat":48.3343,"lon":-0.3541,"fibre_pct":100.0,"vivrescore":100},{"code_insee":"53140","nom":"Louverné","codes_postaux":["53950"],"code_dep":"53","code_region":"52","population":4344,"surface_km2":20.82,"lat":48.1256,"lon":-0.7119,"fibre_pct":99.9,"vivrescore":100},{"code_insee":"53141","nom":"Louvigné","codes_postaux":["53210"],"code_dep":"53","code_region":"52","population":1193,"surface_km2":12.73,"lat":48.0544,"lon":-0.6347,"fibre_pct":100.0,"vivrescore":100},{"code_insee":"53142","nom":"Madré","codes_postaux":["53250"],"code_dep":"53","code_region":"52","population":280,"surface_km2":17.7,"lat":48.4699,"lon":-0.3713,"fibre_pct":100.0,"vivrescore":100},{"code_insee":"53143","nom":"Maisoncelles-du-Maine","codes_postaux":["53170"],"code_dep":"53","code_region":"52","population":506,"surface_km2":15.96,"lat":47.9677,"lon":-0.6574,"fibre_pct":99.6,"vivrescore":100},{"code_insee":"53144","nom":"Marcillé-la-Ville","codes_postaux":["53440"],"code_dep":"53","code_region":"52","population":758,"surface_km2":27.17,"lat":48.3271,"lon":-0.4821,"fibre_pct":100.0,"vivrescore":100},{"code_insee":"53145","nom":"Marigné-Peuton","codes_postaux":["53200"],"code_dep":"53","code_region":"52","population":543,"surface_km2":16.58,"lat":47.8544,"lon":-0.801,"fibre_pct":98.6,"vivrescore":100},{"code_insee":"53146","nom":"Martigné-sur-Mayenne","codes_postaux":["53470"],"code_dep":"53","code_region":"52","population":1902,"surface_km2":31.86,"lat":48.2014,"lon":-0.6611,"fibre_pct":99.3,"vivrescore":100},{"code_insee":"53147","nom":"Mayenne","codes_postaux":["53100"],"code_dep":"53","code_region":"52","population":12883,"surface_km2":20.17,"lat":48.3066,"lon":-0.614,"fibre_pct":95.4,"vivrescore":100},{"code_insee":"53148","nom":"Mée","codes_postaux":["53400"],"code_dep":"53","code_region":"52","population":226,"surface_km2":8.72,"lat":47.8026,"lon":-0.8678,"fibre_pct":99.6,"vivrescore":100},{"code_insee":"53150","nom":"Ménil","codes_postaux":["53200"],"code_dep":"53","code_region":"52","population":923,"surface_km2":28.52,"lat":47.7707,"lon":-0.6863,"fibre_pct":98.4,"vivrescore":100},{"code_insee":"53151","nom":"Méral","codes_postaux":["53230"],"code_dep":"53","code_region":"52","population":1053,"surface_km2":29.7,"lat":47.9549,"lon":-1.0187,"fibre_pct":98.8,"vivrescore":100},{"code_insee":"53152","nom":"Meslay-du-Maine","codes_postaux":["53170"],"code_dep":"53","code_region":"52","population":2779,"surface_km2":24.51,"lat":47.9451,"lon":-0.5604,"fibre_pct":96.9,"vivrescore":100},{"code_insee":"53153","nom":"Mézangers","codes_postaux":["53600"],"code_dep":"53","code_region":"52","population":627,"surface_km2":29.57,"lat":48.2013,"lon":-0.4547,"fibre_pct":99.7,"vivrescore":100},{"code_insee":"53154","nom":"Montaudin","codes_postaux":["53220"],"code_dep":"53","code_region":"52","population":879,"surface_km2":21.9,"lat":48.3821,"lon":-0.9872,"fibre_pct":99.8,"vivrescore":100},{"code_insee":"53155","nom":"Montenay","codes_postaux":["53500"],"code_dep":"53","code_region":"52","population":1291,"surface_km2":37.77,"lat":48.2894,"lon":-0.8928,"fibre_pct":99.7,"vivrescore":100},{"code_insee":"53156","nom":"Montflours","codes_postaux":["53240"],"code_dep":"53","code_region":"52","population":247,"surface_km2":7.98,"lat":48.1714,"lon":-0.7233,"fibre_pct":100.0,"vivrescore":100},{"code_insee":"53157","nom":"Montigné-le-Brillant","codes_postaux":["53970"],"code_dep":"53","code_region":"52","population":1366,"surface_km2":17.87,"lat":48.0126,"lon":-0.8144,"fibre_pct":99.5,"vivrescore":100},{"code_insee":"53158","nom":"Montjean","codes_postaux":["53320"],"code_dep":"53","code_region":"52","population":1020,"surface_km2":20.14,"lat":48.0056,"lon":-0.9384,"fibre_pct":99.1,"vivrescore":100},{"code_insee":"53160","nom":"Montreuil-Poulay","codes_postaux":["53640"],"code_dep":"53","code_region":"52","population":373,"surface_km2":16.21,"lat":48.386,"lon":-0.5333,"fibre_pct":100.0,"vivrescore":100},{"code_insee":"53161","nom":"Montsûrs","codes_postaux":["53150"],"code_dep":"53","code_region":"52","population":3192,"surface_km2":68.62,"lat":48.1636,"lon":-0.5575,"fibre_pct":99.0,"vivrescore":100},{"code_insee":"53162","nom":"Moulay","codes_postaux":["53100"],"code_dep":"53","code_region":"52","population":973,"surface_km2":8.73,"lat":48.2662,"lon":-0.6228,"fibre_pct":100.0,"vivrescore":100},{"code_insee":"53163","nom":"Neau","codes_postaux":["53150"],"code_dep":"53","code_region":"52","population":750,"surface_km2":12.8,"lat":48.1702,"lon":-0.474,"fibre_pct":99.5,"vivrescore":100},{"code_insee":"53164","nom":"Neuilly-le-Vendin","codes_postaux":["53250"],"code_dep":"53","code_region":"52","population":352,"surface_km2":14.7,"lat":48.4939,"lon":-0.3227,"fibre_pct":98.2,"vivrescore":100},{"code_insee":"53165","nom":"Niafles","codes_postaux":["53400"],"code_dep":"53","code_region":"52","population":344,"surface_km2":7.98,"lat":47.846,"lon":-1.0003,"fibre_pct":100.0,"vivrescore":100},{"code_insee":"53168","nom":"Nuillé-sur-Vicoin","codes_postaux":["53970"],"code_dep":"53","code_region":"52","population":1247,"surface_km2":24.12,"lat":47.9808,"lon":-0.7781,"fibre_pct":95.4,"vivrescore":100},{"code_insee":"53169","nom":"Olivet","codes_postaux":["53410"],"code_dep":"53","code_region":"52","population":404,"surface_km2":9.89,"lat":48.1196,"lon":-0.933,"fibre_pct":99.0,"vivrescore":100},{"code_insee":"53170","nom":"Oisseau","codes_postaux":["53300"],"code_dep":"53","code_region":"52","population":1136,"surface_km2":30.85,"lat":48.3673,"lon":-0.6724,"fibre_pct":99.3,"vivrescore":100},{"code_insee":"53172","nom":"Origné","codes_postaux":["53360"],"code_dep":"53","code_region":"52","population":390,"surface_km2":10.38,"lat":47.9552,"lon":-0.7336,"fibre_pct":99.5,"vivrescore":100},{"code_insee":"53173","nom":"La Pallu","codes_postaux":["53140"],"code_dep":"53","code_region":"52","population":171,"surface_km2":6.55,"lat":48.5056,"lon":-0.2955,"fibre_pct":100.0,"vivrescore":100},{"code_insee":"53174","nom":"Parigné-sur-Braye","codes_postaux":["53100"],"code_dep":"53","code_region":"52","population":848,"surface_km2":9.7,"lat":48.3246,"lon":-0.6477,"fibre_pct":100.0,"vivrescore":100},{"code_insee":"53175","nom":"Parné-sur-Roc","codes_postaux":["53260"],"code_dep":"53","code_region":"52","population":1378,"surface_km2":23.99,"lat":48.0085,"lon":-0.6607,"fibre_pct":99.1,"vivrescore":100},{"code_insee":"53176","nom":"Le Pas","codes_postaux":["53300"],"code_dep":"53","code_region":"52","population":517,"surface_km2":22.02,"lat":48.4198,"lon":-0.6969,"fibre_pct":100.0,"vivrescore":100},{"code_insee":"53177","nom":"La Pellerine","codes_postaux":["53220"],"code_dep":"53","code_region":"52","population":297,"surface_km2":8.39,"lat":48.3227,"lon":-1.0322,"fibre_pct":99.5,"vivrescore":100},{"code_insee":"53178","nom":"Peuton","codes_postaux":["53360"],"code_dep":"53","code_region":"52","population":222,"surface_km2":10.69,"lat":47.8905,"lon":-0.8084,"fibre_pct":95.4,"vivrescore":100},{"code_insee":"53179","nom":"Placé","codes_postaux":["53240"],"code_dep":"53","code_region":"52","population":359,"surface_km2":25.69,"lat":48.267,"lon":-0.7767,"fibre_pct":99.0,"vivrescore":100},{"code_insee":"53180","nom":"Pommerieux","codes_postaux":["53400"],"code_dep":"53","code_region":"52","population":667,"surface_km2":23.12,"lat":47.832,"lon":-0.8999,"fibre_pct":100.0,"vivrescore":100},{"code_insee":"53181","nom":"Pontmain","codes_postaux":["53220"],"code_dep":"53","code_region":"52","population":809,"surface_km2":5.91,"lat":48.4368,"lon":-1.0628,"fibre_pct":98.6,"vivrescore":100},{"code_insee":"53182","nom":"Port-Brillet","codes_postaux":["53410"],"code_dep":"53","code_region":"52","population":1827,"surface_km2":8.22,"lat":48.124,"lon":-0.9662,"fibre_pct":97.0,"vivrescore":100},{"code_insee":"53184","nom":"Préaux","codes_postaux":["53340"],"code_dep":"53","code_region":"52","population":158,"surface_km2":9.81,"lat":47.9392,"lon":-0.4681,"fibre_pct":100.0,"vivrescore":100},{"code_insee":"53185","nom":"Pré-en-Pail-Saint-Samson","codes_postaux":["53140"],"code_dep":"53","code_region":"52","population":2273,"surface_km2":57.96,"lat":48.4529,"lon":-0.1993,"fibre_pct":98.7,"vivrescore":100},{"code_insee":"53186","nom":"Quelaines-Saint-Gault","codes_postaux":["53360"],"code_dep":"53","code_region":"52","population":2152,"surface_km2":42.65,"lat":47.924,"lon":-0.8042,"fibre_pct":96.1,"vivrescore":100},{"code_insee":"53187","nom":"Ravigny","codes_postaux":["53370"],"code_dep":"53","code_region":"52","population":232,"surface_km2":6.57,"lat":48.4438,"lon":-0.0702,"fibre_pct":100.0,"vivrescore":100},{"code_insee":"53188","nom":"Renazé","codes_postaux":["53800"],"code_dep":"53","code_region":"52","population":2504,"surface_km2":16.76,"lat":47.7846,"lon":-1.0363,"fibre_pct":98.5,"vivrescore":100},{"code_insee":"53189","nom":"Rennes-en-Grenouilles","codes_postaux":["53110"],"code_dep":"53","code_region":"52","population":112,"surface_km2":8.04,"lat":48.4885,"lon":-0.5066,"fibre_pct":100.0,"vivrescore":100},{"code_insee":"53190","nom":"Le Ribay","codes_postaux":["53640"],"code_dep":"53","code_region":"52","population":463,"surface_km2":17.14,"lat":48.3802,"lon":-0.4134,"fibre_pct":100.0,"vivrescore":100},{"code_insee":"53191","nom":"La Roë","codes_postaux":["53350"],"code_dep":"53","code_region":"52","population":248,"surface_km2":8.77,"lat":47.8932,"lon":-1.1072,"fibre_pct":100.0,"vivrescore":100},{"code_insee":"53192","nom":"La Rouaudière","codes_postaux":["53390"],"code_dep":"53","code_region":"52","population":320,"surface_km2":19.27,"lat":47.8383,"lon":-1.1858,"fibre_pct":100.0,"vivrescore":100},{"code_insee":"53193","nom":"Ruillé-Froid-Fonds","codes_postaux":["53170"],"code_dep":"53","code_region":"52","population":583,"surface_km2":23.82,"lat":47.9044,"lon":-0.6249,"fibre_pct":99.6,"vivrescore":100},{"code_insee":"53195","nom":"Sacé","codes_postaux":["53470"],"code_dep":"53","code_region":"52","population":472,"surface_km2":12.48,"lat":48.1795,"lon":-0.7038,"fibre_pct":98.4,"vivrescore":100},{"code_insee":"53196","nom":"Saint-Aignan-de-Couptrain","codes_postaux":["53250"],"code_dep":"53","code_region":"52","population":349,"surface_km2":17.26,"lat":48.4575,"lon":-0.2966,"fibre_pct":100.0,"vivrescore":100},{"code_insee":"53197","nom":"Saint-Aignan-sur-Roë","codes_postaux":["53390"],"code_dep":"53","code_region":"52","population":949,"surface_km2":18.23,"lat":47.8469,"lon":-1.1487,"fibre_pct":98.2,"vivrescore":100},{"code_insee":"53198","nom":"Saint-Aubin-du-Désert","codes_postaux":["53700"],"code_dep":"53","code_region":"52","population":227,"surface_km2":12.68,"lat":48.3142,"lon":-0.1886,"fibre_pct":98.2,"vivrescore":100},{"code_insee":"53199","nom":"Saint-Aubin-Fosse-Louvain","codes_postaux":["53120"],"code_dep":"53","code_region":"52","population":209,"surface_km2":14.52,"lat":48.4465,"lon":-0.8387,"fibre_pct":100.0,"vivrescore":100},{"code_insee":"53200","nom":"Saint-Baudelle","codes_postaux":["53100"],"code_dep":"53","code_region":"52","population":1189,"surface_km2":7.3,"lat":48.2871,"lon":-0.6514,"fibre_pct":87.5,"vivrescore":80},{"code_insee":"53201","nom":"Saint-Berthevin","codes_postaux":["53940"],"code_dep":"53","code_region":"52","population":7479,"surface_km2":32.19,"lat":48.0739,"lon":-0.8462,"fibre_pct":98.9,"vivrescore":100},{"code_insee":"53202","nom":"Saint-Berthevin-la-Tannière","codes_postaux":["53220"],"code_dep":"53","code_region":"52","population":308,"surface_km2":17.78,"lat":48.4084,"lon":-0.9539,"fibre_pct":100.0,"vivrescore":100},{"code_insee":"53203","nom":"Saint-Brice","codes_postaux":["53290"],"code_dep":"53","code_region":"52","population":517,"surface_km2":13.26,"lat":47.8612,"lon":-0.4388,"fibre_pct":99.7,"vivrescore":100},{"code_insee":"53204","nom":"Saint-Calais-du-Désert","codes_postaux":["53140"],"code_dep":"53","code_region":"52","population":396,"surface_km2":17.23,"lat":48.4916,"lon":-0.2495,"fibre_pct":96.1,"vivrescore":100},{"code_insee":"53206","nom":"Saint-Charles-la-Forêt","codes_postaux":["53170"],"code_dep":"53","code_region":"52","population":231,"surface_km2":10.63,"lat":47.9204,"lon":-0.574,"fibre_pct":88.6,"vivrescore":80},{"code_insee":"53208","nom":"Saint-Cyr-en-Pail","codes_postaux":["53140"],"code_dep":"53","code_region":"52","population":500,"surface_km2":20.5,"lat":48.4369,"lon":-0.2518,"fibre_pct":100.0,"vivrescore":100},{"code_insee":"53209","nom":"Saint-Cyr-le-Gravelais","codes_postaux":["53320"],"code_dep":"53","code_region":"52","population":567,"surface_km2":20.46,"lat":48.0401,"lon":-1.0041,"fibre_pct":91.6,"vivrescore":80},{"code_insee":"53210","nom":"Saint-Denis-d'Anjou","codes_postaux":["53290"],"code_dep":"53","code_region":"52","population":1495,"surface_km2":41.85,"lat":47.79,"lon":-0.4412,"fibre_pct":99.8,"vivrescore":100},{"code_insee":"53211","nom":"Saint-Denis-de-Gastines","codes_postaux":["53500"],"code_dep":"53","code_region":"52","population":1463,"surface_km2":49.03,"lat":48.3449,"lon":-0.8738,"fibre_pct":99.9,"vivrescore":100},{"code_insee":"53212","nom":"Saint-Denis-du-Maine","codes_postaux":["53170"],"code_dep":"53","code_region":"52","population":449,"surface_km2":14.61,"lat":47.9807,"lon":-0.5224,"fibre_pct":98.7,"vivrescore":100},{"code_insee":"53213","nom":"Saint-Ellier-du-Maine","codes_postaux":["53220"],"code_dep":"53","code_region":"52","population":508,"surface_km2":17.98,"lat":48.4037,"lon":-1.0408,"fibre_pct":99.7,"vivrescore":100},{"code_insee":"53214","nom":"Saint-Erblon","codes_postaux":["53390"],"code_dep":"53","code_region":"52","population":153,"surface_km2":5.56,"lat":47.7876,"lon":-1.1578,"fibre_pct":100.0,"vivrescore":100},{"code_insee":"53216","nom":"Saint-Fraimbault-de-Prières","codes_postaux":["53300"],"code_dep":"53","code_region":"52","population":926,"surface_km2":16.94,"lat":48.3472,"lon":-0.5799,"fibre_pct":99.7,"vivrescore":100},{"code_insee":"53218","nom":"Sainte-Gemmes-le-Robert","codes_postaux":["53600"],"code_dep":"53","code_region":"52","population":773,"surface_km2":35.75,"lat":48.202,"lon":-0.3768,"fibre_pct":96.5,"vivrescore":100},{"code_insee":"53219","nom":"Saint-Georges-Buttavent","codes_postaux":["53100"],"code_dep":"53","code_region":"52","population":1367,"surface_km2":37.03,"lat":48.3046,"lon":-0.7165,"fibre_pct":84.5,"vivrescore":80},{"code_insee":"53220","nom":"Saint-Georges-le-Fléchard","codes_postaux":["53480"],"code_dep":"53","code_region":"52","population":373,"surface_km2":8.46,"lat":48.0338,"lon":-0.5186,"fibre_pct":100.0,"vivrescore":100},{"code_insee":"53221","nom":"Saint-Georges-sur-Erve","codes_postaux":["53600"],"code_dep":"53","code_region":"52","population":393,"surface_km2":20.53,"lat":48.1779,"lon":-0.2974,"fibre_pct":99.2,"vivrescore":100},{"code_insee":"53222","nom":"Saint-Germain-d'Anxure","codes_postaux":["53240"],"code_dep":"53","code_region":"52","population":354,"surface_km2":10.46,"lat":48.2232,"lon":-0.7361,"fibre_pct":100.0,"vivrescore":100},{"code_insee":"53223","nom":"Saint-Germain-de-Coulamer","codes_postaux":["53700"],"code_dep":"53","code_region":"52","population":329,"surface_km2":17.79,"lat":48.2653,"lon":-0.1887,"fibre_pct":100.0,"vivrescore":100},{"code_insee":"53224","nom":"Saint-Germain-le-Fouilloux","codes_postaux":["53240"],"code_dep":"53","code_region":"52","population":1172,"surface_km2":15.67,"lat":48.1398,"lon":-0.8126,"fibre_pct":98.7,"vivrescore":100},{"code_insee":"53225","nom":"Saint-Germain-le-Guillaume","codes_postaux":["53240"],"code_dep":"53","code_region":"52","population":507,"surface_km2":13.47,"lat":48.2094,"lon":-0.8293,"fibre_pct":97.2,"vivrescore":100},{"code_insee":"53226","nom":"Saint-Hilaire-du-Maine","codes_postaux":["53380"],"code_dep":"53","code_region":"52","population":797,"surface_km2":30.49,"lat":48.2236,"lon":-0.9235,"fibre_pct":99.7,"vivrescore":100},{"code_insee":"53228","nom":"Blandouet-Saint Jean","codes_postaux":["53270"],"code_dep":"53","code_region":"52","population":554,"surface_km2":36.5,"lat":48.048,"lon":-0.3608,"fibre_pct":99.7,"vivrescore":100},{"code_insee":"53229","nom":"Saint-Jean-sur-Mayenne","codes_postaux":["53240"],"code_dep":"53","code_region":"52","population":1732,"surface_km2":18.03,"lat":48.1422,"lon":-0.7452,"fibre_pct":99.6,"vivrescore":100},{"code_insee":"53230","nom":"Saint-Julien-du-Terroux","codes_postaux":["53110"],"code_dep":"53","code_region":"52","population":258,"surface_km2":11.43,"lat":48.4826,"lon":-0.4095,"fibre_pct":99.5,"vivrescore":100},{"code_insee":"53232","nom":"Saint-Léger","codes_postaux":["53480"],"code_dep":"53","code_region":"52","population":312,"surface_km2":17.17,"lat":48.0847,"lon":-0.4495,"fibre_pct":100.0,"vivrescore":100},{"code_insee":"53233","nom":"Saint-Loup-du-Dorat","codes_postaux":["53290"],"code_dep":"53","code_region":"52","population":338,"surface_km2":8.26,"lat":47.8823,"lon":-0.4225,"fibre_pct":100.0,"vivrescore":100},{"code_insee":"53234","nom":"Saint-Loup-du-Gast","codes_postaux":["53300"],"code_dep":"53","code_region":"52","population":313,"surface_km2":10.01,"lat":48.387,"lon":-0.5855,"fibre_pct":100.0,"vivrescore":100},{"code_insee":"53235","nom":"Sainte-Marie-du-Bois","codes_postaux":["53110"],"code_dep":"53","code_region":"52","population":226,"surface_km2":11.4,"lat":48.4674,"lon":-0.4846,"fibre_pct":100.0,"vivrescore":100},{"code_insee":"53236","nom":"Saint-Mars-du-Désert","codes_postaux":["53700"],"code_dep":"53","code_region":"52","population":162,"surface_km2":11.87,"lat":48.2955,"lon":-0.1819,"fibre_pct":100.0,"vivrescore":100},{"code_insee":"53237","nom":"Saint-Mars-sur-Colmont","codes_postaux":["53300"],"code_dep":"53","code_region":"52","population":440,"surface_km2":16.72,"lat":48.3855,"lon":-0.707,"fibre_pct":100.0,"vivrescore":100},{"code_insee":"53238","nom":"Saint-Mars-sur-la-Futaie","codes_postaux":["53220"],"code_dep":"53","code_region":"52","population":522,"surface_km2":22.4,"lat":48.4319,"lon":-1.0095,"fibre_pct":95.9,"vivrescore":100},{"code_insee":"53240","nom":"Saint-Martin-du-Limet","codes_postaux":["53800"],"code_dep":"53","code_region":"52","population":420,"surface_km2":12.3,"lat":47.8143,"lon":-1.0294,"fibre_pct":100.0,"vivrescore":100},{"code_insee":"53242","nom":"Saint-Michel-de-la-Roë","codes_postaux":["53350"],"code_dep":"53","code_region":"52","population":252,"surface_km2":13.21,"lat":47.87,"lon":-1.1277,"fibre_pct":100.0,"vivrescore":100},{"code_insee":"53243","nom":"Saint-Ouën-des-Toits","codes_postaux":["53410"],"code_dep":"53","code_region":"52","population":1785,"surface_km2":21.22,"lat":48.141,"lon":-0.8991,"fibre_pct":99.7,"vivrescore":100},{"code_insee":"53245","nom":"Saint-Pierre-des-Landes","codes_postaux":["53500"],"code_dep":"53","code_region":"52","population":923,"surface_km2":42.17,"lat":48.2894,"lon":-1.0295,"fibre_pct":99.8,"vivrescore":100},{"code_insee":"53246","nom":"Saint-Pierre-des-Nids","codes_postaux":["53370"],"code_dep":"53","code_region":"52","population":1748,"surface_km2":37.13,"lat":48.4,"lon":-0.1175,"fibre_pct":99.8,"vivrescore":100},{"code_insee":"53247","nom":"Saint-Pierre-la-Cour","codes_postaux":["53410"],"code_dep":"53","code_region":"52","population":2320,"surface_km2":16.03,"lat":48.1083,"lon":-1.0188,"fibre_pct":99.0,"vivrescore":100},{"code_insee":"53248","nom":"Saint-Pierre-sur-Erve","codes_postaux":["53270"],"code_dep":"53","code_region":"52","population":130,"surface_km2":9.69,"lat":48.0112,"lon":-0.4098,"fibre_pct":95.7,"vivrescore":100},{"code_insee":"53249","nom":"Vimartin-sur-Orthe","codes_postaux":["53160"],"code_dep":"53","code_region":"52","population":1100,"surface_km2":72.04,"lat":48.2169,"lon":-0.2144,"fibre_pct":99.9,"vivrescore":100},{"code_insee":"53250","nom":"Saint-Poix","codes_postaux":["53540"],"code_dep":"53","code_region":"52","population":383,"surface_km2":7.49,"lat":47.9646,"lon":-1.0472,"fibre_pct":100.0,"vivrescore":100},{"code_insee":"53251","nom":"Saint-Quentin-les-Anges","codes_postaux":["53400"],"code_dep":"53","code_region":"52","population":472,"surface_km2":17.85,"lat":47.7766,"lon":-0.8838,"fibre_pct":99.1,"vivrescore":100},{"code_insee":"53253","nom":"Saint-Saturnin-du-Limet","codes_postaux":["53800"],"code_dep":"53","code_region":"52","population":515,"surface_km2":10.71,"lat":47.8135,"lon":-1.0915,"fibre_pct":100.0,"vivrescore":100},{"code_insee":"53255","nom":"Sainte-Suzanne-et-Chammes","codes_postaux":["53270"],"code_dep":"53","code_region":"52","population":1175,"surface_km2":43.95,"lat":48.0917,"lon":-0.3821,"fibre_pct":81.6,"vivrescore":80},{"code_insee":"53256","nom":"Saint-Thomas-de-Courceriers","codes_postaux":["53160"],"code_dep":"53","code_region":"52","population":166,"surface_km2":13.05,"lat":48.2595,"lon":-0.2594,"fibre_pct":100.0,"vivrescore":100},{"code_insee":"53257","nom":"Saulges","codes_postaux":["53340"],"code_dep":"53","code_region":"52","population":329,"surface_km2":21.92,"lat":47.9769,"lon":-0.4103,"fibre_pct":100.0,"vivrescore":100},{"code_insee":"53258","nom":"La Selle-Craonnaise","codes_postaux":["53800"],"code_dep":"53","code_region":"52","population":895,"surface_km2":29.38,"lat":47.8446,"lon":-1.0591,"fibre_pct":100.0,"vivrescore":100},{"code_insee":"53259","nom":"Senonnes","codes_postaux":["53390"],"code_dep":"53","code_region":"52","population":392,"surface_km2":13.24,"lat":47.8045,"lon":-1.2007,"fibre_pct":100.0,"vivrescore":100},{"code_insee":"53260","nom":"Simplé","codes_postaux":["53360"],"code_dep":"53","code_region":"52","population":380,"surface_km2":9.2,"lat":47.8835,"lon":-0.8526,"fibre_pct":100.0,"vivrescore":100},{"code_insee":"53261","nom":"Soucé","codes_postaux":["53300"],"code_dep":"53","code_region":"52","population":139,"surface_km2":6.65,"lat":48.4689,"lon":-0.6708,"fibre_pct":96.7,"vivrescore":100},{"code_insee":"53262","nom":"Soulgé-sur-Ouette","codes_postaux":["53210"],"code_dep":"53","code_region":"52","population":1063,"surface_km2":23.19,"lat":48.0634,"lon":-0.5608,"fibre_pct":100.0,"vivrescore":100},{"code_insee":"53263","nom":"Thubœuf","codes_postaux":["53110"],"code_dep":"53","code_region":"52","population":271,"surface_km2":14.12,"lat":48.4943,"lon":-0.4554,"fibre_pct":100.0,"vivrescore":100},{"code_insee":"53264","nom":"Thorigné-en-Charnie","codes_postaux":["53270"],"code_dep":"53","code_region":"52","population":191,"surface_km2":17.35,"lat":48.0074,"lon":-0.3584,"fibre_pct":100.0,"vivrescore":100},{"code_insee":"53265","nom":"Torcé-Viviers-en-Charnie","codes_postaux":["53270"],"code_dep":"53","code_region":"52","population":768,"surface_km2":48.95,"lat":48.0981,"lon":-0.2733,"fibre_pct":95.0,"vivrescore":100},{"code_insee":"53266","nom":"Trans","codes_postaux":["53160"],"code_dep":"53","code_region":"52","population":231,"surface_km2":15.59,"lat":48.2798,"lon":-0.3111,"fibre_pct":99.5,"vivrescore":100},{"code_insee":"53267","nom":"Vaiges","codes_postaux":["53480"],"code_dep":"53","code_region":"52","population":1178,"surface_km2":36.2,"lat":48.0503,"lon":-0.474,"fibre_pct":98.4,"vivrescore":100},{"code_insee":"53269","nom":"Vautorte","codes_postaux":["53500"],"code_dep":"53","code_region":"52","population":607,"surface_km2":24.28,"lat":48.2961,"lon":-0.825,"fibre_pct":98.2,"vivrescore":100},{"code_insee":"53270","nom":"Vieuvy","codes_postaux":["53120"],"code_dep":"53","code_region":"52","population":112,"surface_km2":7.31,"lat":48.4482,"lon":-0.877,"fibre_pct":100.0,"vivrescore":100},{"code_insee":"53271","nom":"Villaines-la-Juhel","codes_postaux":["53700"],"code_dep":"53","code_region":"52","population":2671,"surface_km2":28.73,"lat":48.3379,"lon":-0.2918,"fibre_pct":99.2,"vivrescore":100},{"code_insee":"53272","nom":"Villepail","codes_postaux":["53250"],"code_dep":"53","code_region":"52","population":192,"surface_km2":15.61,"lat":48.4027,"lon":-0.26,"fibre_pct":100.0,"vivrescore":100},{"code_insee":"53273","nom":"Villiers-Charlemagne","codes_postaux":["53170"],"code_dep":"53","code_region":"52","population":1109,"surface_km2":27.61,"lat":47.9214,"lon":-0.6753,"fibre_pct":99.6,"vivrescore":100},{"code_insee":"53276","nom":"Voutré","codes_postaux":["53600"],"code_dep":"53","code_region":"52","population":893,"surface_km2":18.62,"lat":48.1361,"lon":-0.2905,"fibre_pct":98.6,"vivrescore":100}]