[{"code_insee":"54001","nom":"Abaucourt","codes_postaux":["54610"],"code_dep":"54","code_region":"44","population":330,"surface_km2":7.93,"lat":48.8903,"lon":6.2655},{"code_insee":"54002","nom":"Abbéville-lès-Conflans","codes_postaux":["54800"],"code_dep":"54","code_region":"44","population":240,"surface_km2":7.88,"lat":49.2005,"lon":5.8464},{"code_insee":"54003","nom":"Aboncourt","codes_postaux":["54115"],"code_dep":"54","code_region":"44","population":91,"surface_km2":6.93,"lat":48.3605,"lon":5.9875},{"code_insee":"54004","nom":"Affléville","codes_postaux":["54800"],"code_dep":"54","code_region":"44","population":172,"surface_km2":9.58,"lat":49.2627,"lon":5.7579},{"code_insee":"54005","nom":"Affracourt","codes_postaux":["54740"],"code_dep":"54","code_region":"44","population":113,"surface_km2":5.66,"lat":48.4602,"lon":6.1655},{"code_insee":"54006","nom":"Agincourt","codes_postaux":["54770"],"code_dep":"54","code_region":"44","population":424,"surface_km2":4.25,"lat":48.7294,"lon":6.2351},{"code_insee":"54007","nom":"Aingeray","codes_postaux":["54460"],"code_dep":"54","code_region":"44","population":532,"surface_km2":12.93,"lat":48.7371,"lon":6.0192},{"code_insee":"54008","nom":"Allain","codes_postaux":["54170"],"code_dep":"54","code_region":"44","population":490,"surface_km2":16.56,"lat":48.5489,"lon":5.9202},{"code_insee":"54009","nom":"Allamont","codes_postaux":["54800"],"code_dep":"54","code_region":"44","population":156,"surface_km2":9.27,"lat":49.1266,"lon":5.7815},{"code_insee":"54010","nom":"Allamps","codes_postaux":["54112"],"code_dep":"54","code_region":"44","population":505,"surface_km2":7.28,"lat":48.5501,"lon":5.8111},{"code_insee":"54011","nom":"Allondrelle-la-Malmaison","codes_postaux":["54260"],"code_dep":"54","code_region":"44","population":635,"surface_km2":13.54,"lat":49.5111,"lon":5.5705},{"code_insee":"54012","nom":"Amance","codes_postaux":["54770"],"code_dep":"54","code_region":"44","population":365,"surface_km2":13.61,"lat":48.7573,"lon":6.308},{"code_insee":"54013","nom":"Amenoncourt","codes_postaux":["54450"],"code_dep":"54","code_region":"44","population":87,"surface_km2":7.28,"lat":48.6308,"lon":6.7865},{"code_insee":"54014","nom":"Ancerviller","codes_postaux":["54450"],"code_dep":"54","code_region":"44","population":245,"surface_km2":12.45,"lat":48.5328,"lon":6.8352},{"code_insee":"54015","nom":"Anderny","codes_postaux":["54560"],"code_dep":"54","code_region":"44","population":254,"surface_km2":9.67,"lat":49.3371,"lon":5.8818},{"code_insee":"54016","nom":"Andilly","codes_postaux":["54200"],"code_dep":"54","code_region":"44","population":275,"surface_km2":7.22,"lat":48.7665,"lon":5.8883},{"code_insee":"54017","nom":"Angomont","codes_postaux":["54540"],"code_dep":"54","code_region":"44","population":75,"surface_km2":17.36,"lat":48.5043,"lon":6.9799},{"code_insee":"54018","nom":"Anoux","codes_postaux":["54150"],"code_dep":"54","code_region":"44","population":270,"surface_km2":9.9,"lat":49.2739,"lon":5.8683},{"code_insee":"54019","nom":"Ansauville","codes_postaux":["54470"],"code_dep":"54","code_region":"44","population":76,"surface_km2":6.92,"lat":48.811,"lon":5.826},{"code_insee":"54020","nom":"Anthelupt","codes_postaux":["54110"],"code_dep":"54","code_region":"44","population":440,"surface_km2":7.78,"lat":48.6012,"lon":6.4167},{"code_insee":"54021","nom":"Armaucourt","codes_postaux":["54760"],"code_dep":"54","code_region":"44","population":239,"surface_km2":3.7,"lat":48.8096,"lon":6.2979},{"code_insee":"54022","nom":"Arnaville","codes_postaux":["54530"],"code_dep":"54","code_region":"44","population":556,"surface_km2":5.26,"lat":49.0176,"lon":6.0251},{"code_insee":"54023","nom":"Arracourt","codes_postaux":["54370"],"code_dep":"54","code_region":"44","population":254,"surface_km2":17.76,"lat":48.7274,"lon":6.5362},{"code_insee":"54024","nom":"Arraye-et-Han","codes_postaux":["54760"],"code_dep":"54","code_region":"44","population":370,"surface_km2":10.32,"lat":48.8377,"lon":6.2972},{"code_insee":"54025","nom":"Art-sur-Meurthe","codes_postaux":["54510"],"code_dep":"54","code_region":"44","population":1700,"surface_km2":11.59,"lat":48.6604,"lon":6.2585},{"code_insee":"54026","nom":"Athienville","codes_postaux":["54370"],"code_dep":"54","code_region":"44","population":163,"surface_km2":13.13,"lat":48.7172,"lon":6.48},{"code_insee":"54027","nom":"Atton","codes_postaux":["54700"],"code_dep":"54","code_region":"44","population":897,"surface_km2":15.83,"lat":48.8973,"lon":6.1074},{"code_insee":"54028","nom":"Auboué","codes_postaux":["54580"],"code_dep":"54","code_region":"44","population":2650,"surface_km2":4.5,"lat":49.2125,"lon":5.9752},{"code_insee":"54029","nom":"Audun-le-Roman","codes_postaux":["54560"],"code_dep":"54","code_region":"44","population":2483,"surface_km2":7.57,"lat":49.3639,"lon":5.8939},{"code_insee":"54030","nom":"Autrepierre","codes_postaux":["54450"],"code_dep":"54","code_region":"44","population":74,"surface_km2":7.93,"lat":48.6081,"lon":6.7974},{"code_insee":"54031","nom":"Autreville-sur-Moselle","codes_postaux":["54380"],"code_dep":"54","code_region":"44","population":264,"surface_km2":4.56,"lat":48.8284,"lon":6.1101},{"code_insee":"54032","nom":"Autrey","codes_postaux":["54160"],"code_dep":"54","code_region":"44","population":192,"surface_km2":6.19,"lat":48.5322,"lon":6.1257},{"code_insee":"54033","nom":"Avillers","codes_postaux":["54490"],"code_dep":"54","code_region":"44","population":141,"surface_km2":5.19,"lat":49.324,"lon":5.7387},{"code_insee":"54034","nom":"Avrainville","codes_postaux":["54385"],"code_dep":"54","code_region":"44","population":215,"surface_km2":9.75,"lat":48.7716,"lon":5.9439},{"code_insee":"54035","nom":"Avricourt","codes_postaux":["54450"],"code_dep":"54","code_region":"44","population":377,"surface_km2":2.25,"lat":48.6423,"lon":6.811},{"code_insee":"54036","nom":"Avril","codes_postaux":["54150"],"code_dep":"54","code_region":"44","population":1225,"surface_km2":20.26,"lat":49.2924,"lon":5.9666},{"code_insee":"54037","nom":"Azelot","codes_postaux":["54210"],"code_dep":"54","code_region":"44","population":411,"surface_km2":4.72,"lat":48.5807,"lon":6.2281},{"code_insee":"54038","nom":"Azerailles","codes_postaux":["54122"],"code_dep":"54","code_region":"44","population":786,"surface_km2":13.68,"lat":48.4942,"lon":6.6922},{"code_insee":"54039","nom":"Baccarat","codes_postaux":["54120"],"code_dep":"54","code_region":"44","population":4089,"surface_km2":13.72,"lat":48.4475,"lon":6.7436},{"code_insee":"54040","nom":"Badonviller","codes_postaux":["54540"],"code_dep":"54","code_region":"44","population":1497,"surface_km2":22.4,"lat":48.4916,"lon":6.9073},{"code_insee":"54041","nom":"Bagneux","codes_postaux":["54170"],"code_dep":"54","code_region":"44","population":127,"surface_km2":8.72,"lat":48.5569,"lon":5.8751},{"code_insee":"54042","nom":"Bainville-aux-Miroirs","codes_postaux":["54290"],"code_dep":"54","code_region":"44","population":304,"surface_km2":6.78,"lat":48.4362,"lon":6.2867},{"code_insee":"54043","nom":"Bainville-sur-Madon","codes_postaux":["54550"],"code_dep":"54","code_region":"44","population":1441,"surface_km2":5.93,"lat":48.5903,"lon":6.0814},{"code_insee":"54044","nom":"Barbas","codes_postaux":["54450"],"code_dep":"54","code_region":"44","population":204,"surface_km2":7.48,"lat":48.5714,"lon":6.8469},{"code_insee":"54045","nom":"Barbonville","codes_postaux":["54360"],"code_dep":"54","code_region":"44","population":434,"surface_km2":10.81,"lat":48.5486,"lon":6.3519},{"code_insee":"54046","nom":"Barisey-au-Plain","codes_postaux":["54170"],"code_dep":"54","code_region":"44","population":393,"surface_km2":10.88,"lat":48.5238,"lon":5.8502},{"code_insee":"54047","nom":"Barisey-la-Côte","codes_postaux":["54170"],"code_dep":"54","code_region":"44","population":275,"surface_km2":3.96,"lat":48.5458,"lon":5.8467},{"code_insee":"54048","nom":"Les Baroches","codes_postaux":["54150"],"code_dep":"54","code_region":"44","population":325,"surface_km2":13.27,"lat":49.2307,"lon":5.8881},{"code_insee":"54049","nom":"Baslieux","codes_postaux":["54620"],"code_dep":"54","code_region":"44","population":528,"surface_km2":10.19,"lat":49.4406,"lon":5.7545},{"code_insee":"54050","nom":"Bathelémont","codes_postaux":["54370"],"code_dep":"54","code_region":"44","population":69,"surface_km2":6.6,"lat":48.6919,"lon":6.5274},{"code_insee":"54051","nom":"Batilly","codes_postaux":["54980"],"code_dep":"54","code_region":"44","population":1313,"surface_km2":6.36,"lat":49.1756,"lon":5.9686},{"code_insee":"54052","nom":"Battigny","codes_postaux":["54115"],"code_dep":"54","code_region":"44","population":139,"surface_km2":6.52,"lat":48.4428,"lon":5.984},{"code_insee":"54053","nom":"Bauzemont","codes_postaux":["54370"],"code_dep":"54","code_region":"44","population":154,"surface_km2":6.32,"lat":48.6725,"lon":6.5323},{"code_insee":"54054","nom":"Bayon","codes_postaux":["54290"],"code_dep":"54","code_region":"44","population":1561,"surface_km2":6.09,"lat":48.482,"lon":6.3207},{"code_insee":"54055","nom":"Bayonville-sur-Mad","codes_postaux":["54890"],"code_dep":"54","code_region":"44","population":331,"surface_km2":9.56,"lat":49.0168,"lon":5.9972},{"code_insee":"54056","nom":"Bazailles","codes_postaux":["54620"],"code_dep":"54","code_region":"44","population":151,"surface_km2":4.3,"lat":49.4124,"lon":5.7653},{"code_insee":"54057","nom":"Beaumont","codes_postaux":["54470"],"code_dep":"54","code_region":"44","population":69,"surface_km2":3.07,"lat":48.8483,"lon":5.792},{"code_insee":"54058","nom":"Béchamps","codes_postaux":["54800"],"code_dep":"54","code_region":"44","population":80,"surface_km2":9.39,"lat":49.2144,"lon":5.7415},{"code_insee":"54059","nom":"Belleau","codes_postaux":["54610"],"code_dep":"54","code_region":"44","population":766,"surface_km2":20.64,"lat":48.85,"lon":6.1831},{"code_insee":"54060","nom":"Belleville","codes_postaux":["54940"],"code_dep":"54","code_region":"44","population":1512,"surface_km2":10.35,"lat":48.8169,"lon":6.0934},{"code_insee":"54061","nom":"Bénaménil","codes_postaux":["54450"],"code_dep":"54","code_region":"44","population":592,"surface_km2":9.42,"lat":48.5632,"lon":6.6621},{"code_insee":"54062","nom":"Benney","codes_postaux":["54740"],"code_dep":"54","code_region":"44","population":637,"surface_km2":18.6,"lat":48.5274,"lon":6.2273},{"code_insee":"54063","nom":"Bernécourt","codes_postaux":["54470"],"code_dep":"54","code_region":"44","population":178,"surface_km2":9.51,"lat":48.8531,"lon":5.8423},{"code_insee":"54064","nom":"Bertrambois","codes_postaux":["54480"],"code_dep":"54","code_region":"44","population":320,"surface_km2":18.39,"lat":48.5761,"lon":7.0217},{"code_insee":"54065","nom":"Bertrichamps","codes_postaux":["54120"],"code_dep":"54","code_region":"44","population":1081,"surface_km2":19.9,"lat":48.434,"lon":6.805},{"code_insee":"54066","nom":"Bettainvillers","codes_postaux":["54640"],"code_dep":"54","code_region":"44","population":374,"surface_km2":4.55,"lat":49.2982,"lon":5.9073},{"code_insee":"54067","nom":"Beuveille","codes_postaux":["54620"],"code_dep":"54","code_region":"44","population":783,"surface_km2":11.99,"lat":49.4356,"lon":5.6722},{"code_insee":"54068","nom":"Beuvezin","codes_postaux":["54115"],"code_dep":"54","code_region":"44","population":90,"surface_km2":7.62,"lat":48.3794,"lon":5.9705},{"code_insee":"54069","nom":"Beuvillers","codes_postaux":["54560"],"code_dep":"54","code_region":"44","population":557,"surface_km2":5.99,"lat":49.388,"lon":5.9174},{"code_insee":"54070","nom":"Bey-sur-Seille","codes_postaux":["54760"],"code_dep":"54","code_region":"44","population":196,"surface_km2":5.58,"lat":48.7958,"lon":6.3352},{"code_insee":"54071","nom":"Bezange-la-Grande","codes_postaux":["54370"],"code_dep":"54","code_region":"44","population":169,"surface_km2":17.19,"lat":48.7487,"lon":6.4753},{"code_insee":"54072","nom":"Bezaumont","codes_postaux":["54380"],"code_dep":"54","code_region":"44","population":258,"surface_km2":4.27,"lat":48.8476,"lon":6.1033},{"code_insee":"54073","nom":"Bicqueley","codes_postaux":["54200"],"code_dep":"54","code_region":"44","population":925,"surface_km2":16.9,"lat":48.6268,"lon":5.9386},{"code_insee":"54074","nom":"Bienville-la-Petite","codes_postaux":["54300"],"code_dep":"54","code_region":"44","population":36,"surface_km2":1.79,"lat":48.6318,"lon":6.513},{"code_insee":"54075","nom":"Bionville","codes_postaux":["54540"],"code_dep":"54","code_region":"44","population":112,"surface_km2":12.3,"lat":48.494,"lon":7.0234},{"code_insee":"54076","nom":"Blainville-sur-l'Eau","codes_postaux":["54360"],"code_dep":"54","code_region":"44","population":3893,"surface_km2":11.89,"lat":48.5499,"lon":6.4158},{"code_insee":"54077","nom":"Blâmont","codes_postaux":["54450"],"code_dep":"54","code_region":"44","population":1042,"surface_km2":7.48,"lat":48.5883,"lon":6.845},{"code_insee":"54078","nom":"Blémerey","codes_postaux":["54450"],"code_dep":"54","code_region":"44","population":56,"surface_km2":3.86,"lat":48.5807,"lon":6.7387},{"code_insee":"54079","nom":"Blénod-lès-Pont-à-Mousson","codes_postaux":["54700"],"code_dep":"54","code_region":"44","population":4659,"surface_km2":9.75,"lat":48.8746,"lon":6.0635},{"code_insee":"54080","nom":"Blénod-lès-Toul","codes_postaux":["54113"],"code_dep":"54","code_region":"44","population":1013,"surface_km2":17.66,"lat":48.5918,"lon":5.83},{"code_insee":"54081","nom":"Boismont","codes_postaux":["54620"],"code_dep":"54","code_region":"44","population":410,"surface_km2":5.44,"lat":49.4113,"lon":5.7395},{"code_insee":"54082","nom":"Boncourt","codes_postaux":["54800"],"code_dep":"54","code_region":"44","population":179,"surface_km2":6.71,"lat":49.1707,"lon":5.8259},{"code_insee":"54083","nom":"Bonviller","codes_postaux":["54300"],"code_dep":"54","code_region":"44","population":183,"surface_km2":5.06,"lat":48.6296,"lon":6.4982},{"code_insee":"54084","nom":"Mont-Bonvillers","codes_postaux":["54111"],"code_dep":"54","code_region":"44","population":965,"surface_km2":7.1,"lat":49.3283,"lon":5.844},{"code_insee":"54085","nom":"Borville","codes_postaux":["54290"],"code_dep":"54","code_region":"44","population":83,"surface_km2":4.76,"lat":48.446,"lon":6.3953},{"code_insee":"54086","nom":"Boucq","codes_postaux":["54200"],"code_dep":"54","code_region":"44","population":359,"surface_km2":22.64,"lat":48.7579,"lon":5.7529},{"code_insee":"54087","nom":"Bouillonville","codes_postaux":["54470"],"code_dep":"54","code_region":"44","population":145,"surface_km2":5.37,"lat":48.9409,"lon":5.8455},{"code_insee":"54088","nom":"Bouvron","codes_postaux":["54200"],"code_dep":"54","code_region":"44","population":196,"surface_km2":10.01,"lat":48.7385,"lon":5.8836},{"code_insee":"54089","nom":"Bouxières-aux-Chênes","codes_postaux":["54770"],"code_dep":"54","code_region":"44","population":1415,"surface_km2":19.86,"lat":48.7705,"lon":6.2749},{"code_insee":"54090","nom":"Bouxières-aux-Dames","codes_postaux":["54136"],"code_dep":"54","code_region":"44","population":4106,"surface_km2":3.95,"lat":48.7602,"lon":6.1624},{"code_insee":"54091","nom":"Bouxières-sous-Froidmont","codes_postaux":["54700"],"code_dep":"54","code_region":"44","population":430,"surface_km2":7.79,"lat":48.9556,"lon":6.1015},{"code_insee":"54092","nom":"Bouzanville","codes_postaux":["54930"],"code_dep":"54","code_region":"44","population":64,"surface_km2":5.84,"lat":48.3714,"lon":6.107},{"code_insee":"54093","nom":"Brainville","codes_postaux":["54800"],"code_dep":"54","code_region":"44","population":167,"surface_km2":10.03,"lat":49.1251,"lon":5.809},{"code_insee":"54094","nom":"Bralleville","codes_postaux":["54740"],"code_dep":"54","code_region":"44","population":171,"surface_km2":4.49,"lat":48.4088,"lon":6.1932},{"code_insee":"54095","nom":"Bratte","codes_postaux":["54610"],"code_dep":"54","code_region":"44","population":46,"surface_km2":3.34,"lat":48.8174,"lon":6.2156},{"code_insee":"54096","nom":"Bréhain-la-Ville","codes_postaux":["54190"],"code_dep":"54","code_region":"44","population":463,"surface_km2":10.08,"lat":49.4378,"lon":5.8853},{"code_insee":"54097","nom":"Bréménil","codes_postaux":["54540"],"code_dep":"54","code_region":"44","population":92,"surface_km2":5.62,"lat":48.5222,"lon":6.916},{"code_insee":"54098","nom":"Brémoncourt","codes_postaux":["54290"],"code_dep":"54","code_region":"44","population":166,"surface_km2":5.25,"lat":48.4921,"lon":6.3614},{"code_insee":"54099","nom":"Val de Briey","codes_postaux":["54150","54790"],"code_dep":"54","code_region":"44","population":8130,"surface_km2":38.89,"lat":49.2663,"lon":5.9546},{"code_insee":"54100","nom":"Brin-sur-Seille","codes_postaux":["54280"],"code_dep":"54","code_region":"44","population":764,"surface_km2":11.66,"lat":48.7745,"lon":6.3566},{"code_insee":"54101","nom":"Brouville","codes_postaux":["54120"],"code_dep":"54","code_region":"44","population":115,"surface_km2":9.83,"lat":48.4907,"lon":6.7469},{"code_insee":"54102","nom":"Bruley","codes_postaux":["54200"],"code_dep":"54","code_region":"44","population":611,"surface_km2":6.3,"lat":48.7147,"lon":5.8494},{"code_insee":"54103","nom":"Bruville","codes_postaux":["54800"],"code_dep":"54","code_region":"44","population":217,"surface_km2":10.87,"lat":49.1219,"lon":5.9287},{"code_insee":"54104","nom":"Buissoncourt","codes_postaux":["54110"],"code_dep":"54","code_region":"44","population":262,"surface_km2":6.92,"lat":48.682,"lon":6.3434},{"code_insee":"54105","nom":"Bulligny","codes_postaux":["54113"],"code_dep":"54","code_region":"44","population":538,"surface_km2":10.53,"lat":48.5719,"lon":5.8399},{"code_insee":"54106","nom":"Bures","codes_postaux":["54370"],"code_dep":"54","code_region":"44","population":64,"surface_km2":5.76,"lat":48.6969,"lon":6.569},{"code_insee":"54107","nom":"Buriville","codes_postaux":["54450"],"code_dep":"54","code_region":"44","population":69,"surface_km2":11.51,"lat":48.5375,"lon":6.6843},{"code_insee":"54108","nom":"Burthecourt-aux-Chênes","codes_postaux":["54210"],"code_dep":"54","code_region":"44","population":151,"surface_km2":5.62,"lat":48.5773,"lon":6.2487},{"code_insee":"54109","nom":"Ceintrey","codes_postaux":["54134"],"code_dep":"54","code_region":"44","population":889,"surface_km2":11.13,"lat":48.5277,"lon":6.1787},{"code_insee":"54110","nom":"Cerville","codes_postaux":["54420"],"code_dep":"54","code_region":"44","population":531,"surface_km2":8.19,"lat":48.6952,"lon":6.3121},{"code_insee":"54111","nom":"Chaligny","codes_postaux":["54230"],"code_dep":"54","code_region":"44","population":2729,"surface_km2":13.44,"lat":48.6421,"lon":6.0905},{"code_insee":"54112","nom":"Chambley-Bussières","codes_postaux":["54890"],"code_dep":"54","code_region":"44","population":729,"surface_km2":19.31,"lat":49.0516,"lon":5.9136},{"code_insee":"54113","nom":"Champenoux","codes_postaux":["54280"],"code_dep":"54","code_region":"44","population":1568,"surface_km2":11.11,"lat":48.7329,"lon":6.3541},{"code_insee":"54114","nom":"Champey-sur-Moselle","codes_postaux":["54700"],"code_dep":"54","code_region":"44","population":315,"surface_km2":2.48,"lat":48.9568,"lon":6.0628},{"code_insee":"54115","nom":"Champigneulles","codes_postaux":["54250"],"code_dep":"54","code_region":"44","population":6551,"surface_km2":24.03,"lat":48.7199,"lon":6.1268},{"code_insee":"54116","nom":"Chanteheux","codes_postaux":["54300"],"code_dep":"54","code_region":"44","population":2111,"surface_km2":5.76,"lat":48.5932,"lon":6.5414},{"code_insee":"54117","nom":"Chaouilley","codes_postaux":["54330"],"code_dep":"54","code_region":"44","population":111,"surface_km2":5.13,"lat":48.4427,"lon":6.0675},{"code_insee":"54118","nom":"Charency-Vezin","codes_postaux":["54260"],"code_dep":"54","code_region":"44","population":625,"surface_km2":14.78,"lat":49.4874,"lon":5.5165},{"code_insee":"54119","nom":"Charey","codes_postaux":["54470"],"code_dep":"54","code_region":"44","population":88,"surface_km2":9.42,"lat":48.9959,"lon":5.8605},{"code_insee":"54120","nom":"Charmes-la-Côte","codes_postaux":["54113"],"code_dep":"54","code_region":"44","population":315,"surface_km2":6.28,"lat":48.6246,"lon":5.8273},{"code_insee":"54121","nom":"Charmois","codes_postaux":["54360"],"code_dep":"54","code_region":"44","population":201,"surface_km2":5.47,"lat":48.5341,"lon":6.3908},{"code_insee":"54122","nom":"Chaudeney-sur-Moselle","codes_postaux":["54200"],"code_dep":"54","code_region":"44","population":730,"surface_km2":8.38,"lat":48.6565,"lon":5.926},{"code_insee":"54123","nom":"Chavigny","codes_postaux":["54230"],"code_dep":"54","code_region":"44","population":1686,"surface_km2":6.75,"lat":48.6323,"lon":6.1311},{"code_insee":"54124","nom":"Chazelles-sur-Albe","codes_postaux":["54450"],"code_dep":"54","code_region":"44","population":50,"surface_km2":3.45,"lat":48.5869,"lon":6.7696},{"code_insee":"54125","nom":"Chenevières","codes_postaux":["54122"],"code_dep":"54","code_region":"44","population":469,"surface_km2":4.6,"lat":48.5229,"lon":6.6343},{"code_insee":"54126","nom":"Chenicourt","codes_postaux":["54610"],"code_dep":"54","code_region":"44","population":209,"surface_km2":3.87,"lat":48.859,"lon":6.2808},{"code_insee":"54127","nom":"Chenières","codes_postaux":["54720"],"code_dep":"54","code_region":"44","population":596,"surface_km2":8.47,"lat":49.4746,"lon":5.7662},{"code_insee":"54128","nom":"Choloy-Ménillot","codes_postaux":["54200"],"code_dep":"54","code_region":"44","population":700,"surface_km2":12.05,"lat":48.648,"lon":5.8053},{"code_insee":"54129","nom":"Cirey-sur-Vezouze","codes_postaux":["54480"],"code_dep":"54","code_region":"44","population":1555,"surface_km2":16.55,"lat":48.5855,"lon":6.9438},{"code_insee":"54130","nom":"Clayeures","codes_postaux":["54290"],"code_dep":"54","code_region":"44","population":175,"surface_km2":9.35,"lat":48.4705,"lon":6.4118},{"code_insee":"54131","nom":"Clémery","codes_postaux":["54610"],"code_dep":"54","code_region":"44","population":491,"surface_km2":9.55,"lat":48.8811,"lon":6.1803},{"code_insee":"54132","nom":"Clérey-sur-Brenon","codes_postaux":["54330"],"code_dep":"54","code_region":"44","population":57,"surface_km2":4.42,"lat":48.5059,"lon":6.1377},{"code_insee":"54133","nom":"Coincourt","codes_postaux":["54370"],"code_dep":"54","code_region":"44","population":129,"surface_km2":8.07,"lat":48.7028,"lon":6.618},{"code_insee":"54134","nom":"Colmey","codes_postaux":["54260"],"code_dep":"54","code_region":"44","population":248,"surface_km2":9.88,"lat":49.4656,"lon":5.548},{"code_insee":"54135","nom":"Colombey-les-Belles","codes_postaux":["54170"],"code_dep":"54","code_region":"44","population":1416,"surface_km2":17.63,"lat":48.5192,"lon":5.8997},{"code_insee":"54136","nom":"Conflans-en-Jarnisy","codes_postaux":["54800"],"code_dep":"54","code_region":"44","population":2389,"surface_km2":8.78,"lat":49.1666,"lon":5.8462},{"code_insee":"54137","nom":"Cons-la-Grandville","codes_postaux":["54870"],"code_dep":"54","code_region":"44","population":522,"surface_km2":8.38,"lat":49.4929,"lon":5.6934},{"code_insee":"54138","nom":"Cosnes-et-Romain","codes_postaux":["54400"],"code_dep":"54","code_region":"44","population":2802,"surface_km2":16.16,"lat":49.5269,"lon":5.7084},{"code_insee":"54139","nom":"Courbesseaux","codes_postaux":["54110"],"code_dep":"54","code_region":"44","population":397,"surface_km2":6.4,"lat":48.6932,"lon":6.4005},{"code_insee":"54140","nom":"Courcelles","codes_postaux":["54930"],"code_dep":"54","code_region":"44","population":85,"surface_km2":4.32,"lat":48.3693,"lon":6.0296},{"code_insee":"54141","nom":"Coyviller","codes_postaux":["54210"],"code_dep":"54","code_region":"44","population":157,"surface_km2":4.55,"lat":48.5848,"lon":6.2835},{"code_insee":"54142","nom":"Crantenoy","codes_postaux":["54740"],"code_dep":"54","code_region":"44","population":147,"surface_km2":5.19,"lat":48.4679,"lon":6.2307},{"code_insee":"54143","nom":"Crépey","codes_postaux":["54170"],"code_dep":"54","code_region":"44","population":388,"surface_km2":21.35,"lat":48.5289,"lon":5.9644},{"code_insee":"54144","nom":"Crévéchamps","codes_postaux":["54290"],"code_dep":"54","code_region":"44","population":341,"surface_km2":4.89,"lat":48.5205,"lon":6.2632},{"code_insee":"54145","nom":"Crévic","codes_postaux":["54110"],"code_dep":"54","code_region":"44","population":935,"surface_km2":10.65,"lat":48.638,"lon":6.4064},{"code_insee":"54146","nom":"Crézilles","codes_postaux":["54113"],"code_dep":"54","code_region":"44","population":291,"surface_km2":9.59,"lat":48.5817,"lon":5.8902},{"code_insee":"54147","nom":"Crion","codes_postaux":["54300"],"code_dep":"54","code_region":"44","population":112,"surface_km2":8.21,"lat":48.6446,"lon":6.5566},{"code_insee":"54148","nom":"Croismare","codes_postaux":["54300"],"code_dep":"54","code_region":"44","population":626,"surface_km2":15.93,"lat":48.6093,"lon":6.5763},{"code_insee":"54149","nom":"Crusnes","codes_postaux":["54680"],"code_dep":"54","code_region":"44","population":1559,"surface_km2":6.08,"lat":49.4335,"lon":5.9197},{"code_insee":"54150","nom":"Custines","codes_postaux":["54670"],"code_dep":"54","code_region":"44","population":3089,"surface_km2":11.73,"lat":48.7896,"lon":6.1416},{"code_insee":"54151","nom":"Cutry","codes_postaux":["54720"],"code_dep":"54","code_region":"44","population":1032,"surface_km2":5.93,"lat":49.4812,"lon":5.7383},{"code_insee":"54152","nom":"Damelevières","codes_postaux":["54360"],"code_dep":"54","code_region":"44","population":3080,"surface_km2":8.21,"lat":48.5648,"lon":6.3967},{"code_insee":"54153","nom":"Dampvitoux","codes_postaux":["54470"],"code_dep":"54","code_region":"44","population":55,"surface_km2":9.15,"lat":49.0037,"lon":5.8333},{"code_insee":"54154","nom":"Deneuvre","codes_postaux":["54120"],"code_dep":"54","code_region":"44","population":454,"surface_km2":9.31,"lat":48.429,"lon":6.7181},{"code_insee":"54155","nom":"Deuxville","codes_postaux":["54370"],"code_dep":"54","code_region":"44","population":400,"surface_km2":7.24,"lat":48.6196,"lon":6.4575},{"code_insee":"54156","nom":"Diarville","codes_postaux":["54930"],"code_dep":"54","code_region":"44","population":460,"surface_km2":11.16,"lat":48.387,"lon":6.1273},{"code_insee":"54157","nom":"Dieulouard","codes_postaux":["54380"],"code_dep":"54","code_region":"44","population":4581,"surface_km2":18.04,"lat":48.8324,"lon":6.0568},{"code_insee":"54158","nom":"Dolcourt","codes_postaux":["54170"],"code_dep":"54","code_region":"44","population":150,"surface_km2":6.1,"lat":48.4925,"lon":5.9678},{"code_insee":"54159","nom":"Dombasle-sur-Meurthe","codes_postaux":["54110"],"code_dep":"54","code_region":"44","population":9424,"surface_km2":11.25,"lat":48.6209,"lon":6.3613},{"code_insee":"54160","nom":"Domèvre-en-Haye","codes_postaux":["54385"],"code_dep":"54","code_region":"44","population":410,"surface_km2":8.6,"lat":48.8153,"lon":5.9362},{"code_insee":"54161","nom":"Domèvre-sur-Vezouze","codes_postaux":["54450"],"code_dep":"54","code_region":"44","population":314,"surface_km2":15.19,"lat":48.5597,"lon":6.7997},{"code_insee":"54162","nom":"Domgermain","codes_postaux":["54119"],"code_dep":"54","code_region":"44","population":1120,"surface_km2":13.18,"lat":48.6424,"lon":5.8134},{"code_insee":"54163","nom":"Domjevin","codes_postaux":["54450"],"code_dep":"54","code_region":"44","population":268,"surface_km2":10.37,"lat":48.5794,"lon":6.6995},{"code_insee":"54164","nom":"Dommarie-Eulmont","codes_postaux":["54115"],"code_dep":"54","code_region":"44","population":74,"surface_km2":5.48,"lat":48.4192,"lon":6.0335},{"code_insee":"54165","nom":"Dommartemont","codes_postaux":["54130"],"code_dep":"54","code_region":"44","population":566,"surface_km2":1.32,"lat":48.717,"lon":6.2163},{"code_insee":"54166","nom":"Dommartin-la-Chaussée","codes_postaux":["54470"],"code_dep":"54","code_region":"44","population":29,"surface_km2":2.76,"lat":49.0095,"lon":5.8677},{"code_insee":"54167","nom":"Dommartin-lès-Toul","codes_postaux":["54200"],"code_dep":"54","code_region":"44","population":2013,"surface_km2":6.94,"lat":48.6728,"lon":5.9268},{"code_insee":"54168","nom":"Dommartin-sous-Amance","codes_postaux":["54770"],"code_dep":"54","code_region":"44","population":319,"surface_km2":4.09,"lat":48.7336,"lon":6.2479},{"code_insee":"54169","nom":"Domprix","codes_postaux":["54490"],"code_dep":"54","code_region":"44","population":97,"surface_km2":7.81,"lat":49.3303,"lon":5.7641},{"code_insee":"54170","nom":"Domptail-en-l'Air","codes_postaux":["54290"],"code_dep":"54","code_region":"44","population":69,"surface_km2":3.19,"lat":48.5104,"lon":6.3325},{"code_insee":"54171","nom":"Doncourt-lès-Conflans","codes_postaux":["54800"],"code_dep":"54","code_region":"44","population":1110,"surface_km2":7.4,"lat":49.1465,"lon":5.9311},{"code_insee":"54172","nom":"Doncourt-lès-Longuyon","codes_postaux":["54620"],"code_dep":"54","code_region":"44","population":297,"surface_km2":5.56,"lat":49.4401,"lon":5.7137},{"code_insee":"54173","nom":"Drouville","codes_postaux":["54370"],"code_dep":"54","code_region":"44","population":191,"surface_km2":7.14,"lat":48.67,"lon":6.4123},{"code_insee":"54174","nom":"Écrouves","codes_postaux":["54200"],"code_dep":"54","code_region":"44","population":4474,"surface_km2":10.43,"lat":48.6835,"lon":5.846},{"code_insee":"54175","nom":"Einvaux","codes_postaux":["54360"],"code_dep":"54","code_region":"44","population":338,"surface_km2":7.44,"lat":48.495,"lon":6.3929},{"code_insee":"54176","nom":"Einville-au-Jard","codes_postaux":["54370"],"code_dep":"54","code_region":"44","population":1053,"surface_km2":17.09,"lat":48.6523,"lon":6.4813},{"code_insee":"54177","nom":"Emberménil","codes_postaux":["54370"],"code_dep":"54","code_region":"44","population":229,"surface_km2":14.52,"lat":48.6402,"lon":6.6852},{"code_insee":"54178","nom":"Épiez-sur-Chiers","codes_postaux":["54260"],"code_dep":"54","code_region":"44","population":192,"surface_km2":5.22,"lat":49.5008,"lon":5.5007},{"code_insee":"54179","nom":"Éply","codes_postaux":["54610"],"code_dep":"54","code_region":"44","population":291,"surface_km2":11.36,"lat":48.925,"lon":6.1789},{"code_insee":"54180","nom":"Erbéviller-sur-Amezule","codes_postaux":["54280"],"code_dep":"54","code_region":"44","population":68,"surface_km2":4.48,"lat":48.7306,"lon":6.3883},{"code_insee":"54181","nom":"Errouville","codes_postaux":["54680"],"code_dep":"54","code_region":"44","population":682,"surface_km2":5.18,"lat":49.4176,"lon":5.8951},{"code_insee":"54182","nom":"Essey-et-Maizerais","codes_postaux":["54470"],"code_dep":"54","code_region":"44","population":339,"surface_km2":13.11,"lat":48.9112,"lon":5.8034},{"code_insee":"54183","nom":"Essey-la-Côte","codes_postaux":["54830"],"code_dep":"54","code_region":"44","population":76,"surface_km2":6.68,"lat":48.4231,"lon":6.4718},{"code_insee":"54184","nom":"Essey-lès-Nancy","codes_postaux":["54270"],"code_dep":"54","code_region":"44","population":8670,"surface_km2":5.76,"lat":48.7077,"lon":6.2326},{"code_insee":"54185","nom":"Étreval","codes_postaux":["54330"],"code_dep":"54","code_region":"44","population":59,"surface_km2":2.39,"lat":48.4561,"lon":6.0529},{"code_insee":"54186","nom":"Eulmont","codes_postaux":["54690"],"code_dep":"54","code_region":"44","population":1120,"surface_km2":8.1,"lat":48.7487,"lon":6.2216},{"code_insee":"54187","nom":"Euvezin","codes_postaux":["54470"],"code_dep":"54","code_region":"44","population":107,"surface_km2":11.37,"lat":48.9173,"lon":5.8599},{"code_insee":"54188","nom":"Faulx","codes_postaux":["54760"],"code_dep":"54","code_region":"44","population":1370,"surface_km2":17.27,"lat":48.7944,"lon":6.2002},{"code_insee":"54189","nom":"Favières","codes_postaux":["54115"],"code_dep":"54","code_region":"44","population":572,"surface_km2":29.84,"lat":48.4574,"lon":5.9335},{"code_insee":"54190","nom":"Fécocourt","codes_postaux":["54115"],"code_dep":"54","code_region":"44","population":105,"surface_km2":7.98,"lat":48.4033,"lon":5.998},{"code_insee":"54191","nom":"Fenneviller","codes_postaux":["54540"],"code_dep":"54","code_region":"44","population":108,"surface_km2":3.02,"lat":48.4834,"lon":6.8773},{"code_insee":"54192","nom":"Ferrières","codes_postaux":["54210"],"code_dep":"54","code_region":"44","population":361,"surface_km2":6.22,"lat":48.5536,"lon":6.2935},{"code_insee":"54193","nom":"Fey-en-Haye","codes_postaux":["54470"],"code_dep":"54","code_region":"44","population":57,"surface_km2":7.19,"lat":48.9037,"lon":5.9642},{"code_insee":"54194","nom":"Fillières","codes_postaux":["54560"],"code_dep":"54","code_region":"44","population":531,"surface_km2":14.27,"lat":49.4119,"lon":5.8408},{"code_insee":"54195","nom":"Flainval","codes_postaux":["54110"],"code_dep":"54","code_region":"44","population":159,"surface_km2":3.61,"lat":48.6196,"lon":6.3997},{"code_insee":"54196","nom":"Flavigny-sur-Moselle","codes_postaux":["54630"],"code_dep":"54","code_region":"44","population":1661,"surface_km2":17.65,"lat":48.5735,"lon":6.1906},{"code_insee":"54197","nom":"Fléville-devant-Nancy","codes_postaux":["54710"],"code_dep":"54","code_region":"44","population":2171,"surface_km2":7.48,"lat":48.6283,"lon":6.2012},{"code_insee":"54198","nom":"Fléville-Lixières","codes_postaux":["54150"],"code_dep":"54","code_region":"44","population":299,"surface_km2":14.68,"lat":49.2428,"lon":5.8052},{"code_insee":"54199","nom":"Flin","codes_postaux":["54122"],"code_dep":"54","code_region":"44","population":398,"surface_km2":11.48,"lat":48.5051,"lon":6.6584},{"code_insee":"54200","nom":"Flirey","codes_postaux":["54470"],"code_dep":"54","code_region":"44","population":159,"surface_km2":15.75,"lat":48.8862,"lon":5.8506},{"code_insee":"54201","nom":"Fontenoy-la-Joûte","codes_postaux":["54122"],"code_dep":"54","code_region":"44","population":311,"surface_km2":11.11,"lat":48.449,"lon":6.657},{"code_insee":"54202","nom":"Fontenoy-sur-Moselle","codes_postaux":["54840"],"code_dep":"54","code_region":"44","population":365,"surface_km2":5.51,"lat":48.7076,"lon":5.9893},{"code_insee":"54203","nom":"Forcelles-Saint-Gorgon","codes_postaux":["54330"],"code_dep":"54","code_region":"44","population":168,"surface_km2":5.32,"lat":48.4574,"lon":6.1047},{"code_insee":"54204","nom":"Forcelles-sous-Gugney","codes_postaux":["54930"],"code_dep":"54","code_region":"44","population":85,"surface_km2":5.39,"lat":48.3924,"lon":6.0832},{"code_insee":"54205","nom":"Foug","codes_postaux":["54570"],"code_dep":"54","code_region":"44","population":2628,"surface_km2":25.71,"lat":48.6748,"lon":5.779},{"code_insee":"54206","nom":"Fraimbois","codes_postaux":["54300"],"code_dep":"54","code_region":"44","population":348,"surface_km2":15.13,"lat":48.5263,"lon":6.5448},{"code_insee":"54207","nom":"Fraisnes-en-Saintois","codes_postaux":["54930"],"code_dep":"54","code_region":"44","population":85,"surface_km2":6.47,"lat":48.3735,"lon":6.0598},{"code_insee":"54208","nom":"Francheville","codes_postaux":["54200"],"code_dep":"54","code_region":"44","population":297,"surface_km2":11.04,"lat":48.7394,"lon":5.9288},{"code_insee":"54209","nom":"Franconville","codes_postaux":["54830"],"code_dep":"54","code_region":"44","population":63,"surface_km2":4.57,"lat":48.5004,"lon":6.4528},{"code_insee":"54210","nom":"Fréménil","codes_postaux":["54450"],"code_dep":"54","code_region":"44","population":222,"surface_km2":3.09,"lat":48.5623,"lon":6.7053},{"code_insee":"54211","nom":"Frémonville","codes_postaux":["54450"],"code_dep":"54","code_region":"44","population":211,"surface_km2":14.08,"lat":48.6086,"lon":6.9045},{"code_insee":"54212","nom":"Fresnois-la-Montagne","codes_postaux":["54260"],"code_dep":"54","code_region":"44","population":415,"surface_km2":8.58,"lat":49.4991,"lon":5.6486},{"code_insee":"54213","nom":"Friauville","codes_postaux":["54800"],"code_dep":"54","code_region":"44","population":364,"surface_km2":6.32,"lat":49.1425,"lon":5.8298},{"code_insee":"54214","nom":"Frolois","codes_postaux":["54160"],"code_dep":"54","code_region":"44","population":717,"surface_km2":9.39,"lat":48.5698,"lon":6.1284},{"code_insee":"54215","nom":"Frouard","codes_postaux":["54390"],"code_dep":"54","code_region":"44","population":6444,"surface_km2":13.07,"lat":48.757,"lon":6.1231},{"code_insee":"54216","nom":"Froville","codes_postaux":["54290"],"code_dep":"54","code_region":"44","population":119,"surface_km2":5.89,"lat":48.4679,"lon":6.3627},{"code_insee":"54217","nom":"Gélacourt","codes_postaux":["54120"],"code_dep":"54","code_region":"44","population":191,"surface_km2":4.87,"lat":48.476,"lon":6.7316},{"code_insee":"54218","nom":"Gélaucourt","codes_postaux":["54115"],"code_dep":"54","code_region":"44","population":49,"surface_km2":2.26,"lat":48.4606,"lon":5.9897},{"code_insee":"54219","nom":"Gellenoncourt","codes_postaux":["54110"],"code_dep":"54","code_region":"44","population":81,"surface_km2":3.63,"lat":48.6749,"lon":6.3828},{"code_insee":"54220","nom":"Gémonville","codes_postaux":["54115"],"code_dep":"54","code_region":"44","population":74,"surface_km2":9.13,"lat":48.4193,"lon":5.8823},{"code_insee":"54221","nom":"Gerbécourt-et-Haplemont","codes_postaux":["54740"],"code_dep":"54","code_region":"44","population":248,"surface_km2":5.34,"lat":48.4896,"lon":6.1515},{"code_insee":"54222","nom":"Gerbéviller","codes_postaux":["54830"],"code_dep":"54","code_region":"44","population":1316,"surface_km2":23.78,"lat":48.4922,"lon":6.5102},{"code_insee":"54223","nom":"Germiny","codes_postaux":["54170"],"code_dep":"54","code_region":"44","population":188,"surface_km2":11.9,"lat":48.5475,"lon":6.0027},{"code_insee":"54224","nom":"Germonville","codes_postaux":["54740"],"code_dep":"54","code_region":"44","population":133,"surface_km2":5.21,"lat":48.4112,"lon":6.219},{"code_insee":"54225","nom":"Gézoncourt","codes_postaux":["54380"],"code_dep":"54","code_region":"44","population":185,"surface_km2":5.33,"lat":48.8449,"lon":5.987},{"code_insee":"54226","nom":"Gibeaumeix","codes_postaux":["54112"],"code_dep":"54","code_region":"44","population":177,"surface_km2":7.94,"lat":48.5915,"lon":5.7444},{"code_insee":"54227","nom":"Giraumont","codes_postaux":["54780"],"code_dep":"54","code_region":"44","population":1380,"surface_km2":7.72,"lat":49.171,"lon":5.9149},{"code_insee":"54228","nom":"Giriviller","codes_postaux":["54830"],"code_dep":"54","code_region":"44","population":71,"surface_km2":7.73,"lat":48.4343,"lon":6.4955},{"code_insee":"54229","nom":"Glonville","codes_postaux":["54122"],"code_dep":"54","code_region":"44","population":385,"surface_km2":18.9,"lat":48.4546,"lon":6.6856},{"code_insee":"54230","nom":"Gogney","codes_postaux":["54450"],"code_dep":"54","code_region":"44","population":58,"surface_km2":8.91,"lat":48.6146,"lon":6.871},{"code_insee":"54231","nom":"Gondrecourt-Aix","codes_postaux":["54800"],"code_dep":"54","code_region":"44","population":183,"surface_km2":12.33,"lat":49.2443,"lon":5.7601},{"code_insee":"54232","nom":"Gondreville","codes_postaux":["54840"],"code_dep":"54","code_region":"44","population":2635,"surface_km2":25.4,"lat":48.684,"lon":5.9801},{"code_insee":"54233","nom":"Gondrexon","codes_postaux":["54450"],"code_dep":"54","code_region":"44","population":31,"surface_km2":2.51,"lat":48.6051,"lon":6.768},{"code_insee":"54234","nom":"Gorcy","codes_postaux":["54730"],"code_dep":"54","code_region":"44","population":2971,"surface_km2":4.15,"lat":49.5351,"lon":5.6852},{"code_insee":"54235","nom":"Goviller","codes_postaux":["54330"],"code_dep":"54","code_region":"44","population":418,"surface_km2":12.27,"lat":48.5039,"lon":6.0164},{"code_insee":"54236","nom":"Grand-Failly","codes_postaux":["54260"],"code_dep":"54","code_region":"44","population":356,"surface_km2":22.13,"lat":49.419,"lon":5.5084},{"code_insee":"54237","nom":"Grimonviller","codes_postaux":["54115"],"code_dep":"54","code_region":"44","population":116,"surface_km2":4.84,"lat":48.3815,"lon":6.0087},{"code_insee":"54238","nom":"Gripport","codes_postaux":["54290"],"code_dep":"54","code_region":"44","population":264,"surface_km2":5.79,"lat":48.4128,"lon":6.2468},{"code_insee":"54239","nom":"Griscourt","codes_postaux":["54380"],"code_dep":"54","code_region":"44","population":137,"surface_km2":3.72,"lat":48.8418,"lon":6.0186},{"code_insee":"54240","nom":"Grosrouvres","codes_postaux":["54470"],"code_dep":"54","code_region":"44","population":53,"surface_km2":4.64,"lat":48.8285,"lon":5.8459},{"code_insee":"54241","nom":"Gugney","codes_postaux":["54930"],"code_dep":"54","code_region":"44","population":67,"surface_km2":2.93,"lat":48.3961,"lon":6.0571},{"code_insee":"54242","nom":"Gye","codes_postaux":["54113"],"code_dep":"54","code_region":"44","population":283,"surface_km2":6.56,"lat":48.628,"lon":5.8752},{"code_insee":"54243","nom":"Hablainville","codes_postaux":["54120"],"code_dep":"54","code_region":"44","population":220,"surface_km2":7.58,"lat":48.5143,"lon":6.7131},{"code_insee":"54244","nom":"Hagéville","codes_postaux":["54470"],"code_dep":"54","code_region":"44","population":111,"surface_km2":8.89,"lat":49.0323,"lon":5.8602},{"code_insee":"54245","nom":"Haigneville","codes_postaux":["54290"],"code_dep":"54","code_region":"44","population":53,"surface_km2":2.9,"lat":48.4851,"lon":6.3419},{"code_insee":"54246","nom":"Halloville","codes_postaux":["54450"],"code_dep":"54","code_region":"44","population":66,"surface_km2":3.94,"lat":48.55,"lon":6.8588},{"code_insee":"54247","nom":"Hammeville","codes_postaux":["54330"],"code_dep":"54","code_region":"44","population":195,"surface_km2":5.48,"lat":48.5003,"lon":6.075},{"code_insee":"54248","nom":"Hamonville","codes_postaux":["54470"],"code_dep":"54","code_region":"44","population":94,"surface_km2":6.66,"lat":48.8207,"lon":5.8089},{"code_insee":"54249","nom":"Hannonville-Suzémont","codes_postaux":["54800"],"code_dep":"54","code_region":"44","population":262,"surface_km2":8.61,"lat":49.0995,"lon":5.8369},{"code_insee":"54250","nom":"Haraucourt","codes_postaux":["54110"],"code_dep":"54","code_region":"44","population":729,"surface_km2":12.46,"lat":48.6671,"lon":6.3589},{"code_insee":"54251","nom":"Harbouey","codes_postaux":["54450"],"code_dep":"54","code_region":"44","population":136,"surface_km2":10.21,"lat":48.5709,"lon":6.894},{"code_insee":"54252","nom":"Haroué","codes_postaux":["54740"],"code_dep":"54","code_region":"44","population":508,"surface_km2":4.28,"lat":48.4735,"lon":6.1917},{"code_insee":"54253","nom":"Hatrize","codes_postaux":["54800"],"code_dep":"54","code_region":"44","population":838,"surface_km2":7.44,"lat":49.1962,"lon":5.8963},{"code_insee":"54254","nom":"Haucourt-Moulaine","codes_postaux":["54860"],"code_dep":"54","code_region":"44","population":3495,"surface_km2":7.48,"lat":49.4984,"lon":5.8102},{"code_insee":"54255","nom":"Haudonville","codes_postaux":["54830"],"code_dep":"54","code_region":"44","population":82,"surface_km2":7.6,"lat":48.5033,"lon":6.4779},{"code_insee":"54256","nom":"Haussonville","codes_postaux":["54290"],"code_dep":"54","code_region":"44","population":324,"surface_km2":11.24,"lat":48.5278,"lon":6.3182},{"code_insee":"54257","nom":"Heillecourt","codes_postaux":["54180"],"code_dep":"54","code_region":"44","population":5414,"surface_km2":3.67,"lat":48.6501,"lon":6.1967},{"code_insee":"54258","nom":"Hénaménil","codes_postaux":["54370"],"code_dep":"54","code_region":"44","population":147,"surface_km2":14.51,"lat":48.6653,"lon":6.5732},{"code_insee":"54259","nom":"Herbéviller","codes_postaux":["54450"],"code_dep":"54","code_region":"44","population":214,"surface_km2":8.2,"lat":48.5509,"lon":6.7519},{"code_insee":"54260","nom":"Hériménil","codes_postaux":["54300"],"code_dep":"54","code_region":"44","population":894,"surface_km2":12.56,"lat":48.5487,"lon":6.5111},{"code_insee":"54261","nom":"Herserange","codes_postaux":["54440"],"code_dep":"54","code_region":"44","population":4170,"surface_km2":3.57,"lat":49.5187,"lon":5.793},{"code_insee":"54262","nom":"Hoéville","codes_postaux":["54370"],"code_dep":"54","code_region":"44","population":199,"surface_km2":8.58,"lat":48.7179,"lon":6.4328},{"code_insee":"54263","nom":"Homécourt","codes_postaux":["54310"],"code_dep":"54","code_region":"44","population":6254,"surface_km2":4.46,"lat":49.2246,"lon":5.9932},{"code_insee":"54264","nom":"Houdelmont","codes_postaux":["54330"],"code_dep":"54","code_region":"44","population":363,"surface_km2":3.89,"lat":48.5378,"lon":6.0939},{"code_insee":"54265","nom":"Houdemont","codes_postaux":["54180"],"code_dep":"54","code_region":"44","population":2066,"surface_km2":3.64,"lat":48.6409,"lon":6.1718},{"code_insee":"54266","nom":"Houdreville","codes_postaux":["54330"],"code_dep":"54","code_region":"44","population":403,"surface_km2":10.44,"lat":48.5129,"lon":6.1009},{"code_insee":"54268","nom":"Housséville","codes_postaux":["54930"],"code_dep":"54","code_region":"44","population":139,"surface_km2":5.36,"lat":48.4092,"lon":6.1155},{"code_insee":"54269","nom":"Hudiviller","codes_postaux":["54110"],"code_dep":"54","code_region":"44","population":313,"surface_km2":3.01,"lat":48.5992,"lon":6.3896},{"code_insee":"54270","nom":"Hussigny-Godbrange","codes_postaux":["54590"],"code_dep":"54","code_region":"44","population":3912,"surface_km2":15.29,"lat":49.4984,"lon":5.855},{"code_insee":"54271","nom":"Igney","codes_postaux":["54450"],"code_dep":"54","code_region":"44","population":109,"surface_km2":4.77,"lat":48.6313,"lon":6.8206},{"code_insee":"54272","nom":"Jaillon","codes_postaux":["54200"],"code_dep":"54","code_region":"44","population":469,"surface_km2":7.47,"lat":48.764,"lon":5.9736},{"code_insee":"54273","nom":"Jarny","codes_postaux":["54800"],"code_dep":"54","code_region":"44","population":8050,"surface_km2":15.62,"lat":49.1491,"lon":5.8739},{"code_insee":"54274","nom":"Jarville-la-Malgrange","codes_postaux":["54140"],"code_dep":"54","code_region":"44","population":9356,"surface_km2":2.41,"lat":48.6676,"lon":6.2057},{"code_insee":"54275","nom":"Jaulny","codes_postaux":["54470"],"code_dep":"54","code_region":"44","population":220,"surface_km2":8.24,"lat":48.9679,"lon":5.8947},{"code_insee":"54276","nom":"Jeandelaincourt","codes_postaux":["54114"],"code_dep":"54","code_region":"44","population":785,"surface_km2":4.6,"lat":48.8501,"lon":6.2378},{"code_insee":"54277","nom":"Jeandelize","codes_postaux":["54800"],"code_dep":"54","code_region":"44","population":375,"surface_km2":6.72,"lat":49.1732,"lon":5.7987},{"code_insee":"54278","nom":"Jevoncourt","codes_postaux":["54740"],"code_dep":"54","code_region":"44","population":103,"surface_km2":3.33,"lat":48.4149,"lon":6.1634},{"code_insee":"54279","nom":"Jezainville","codes_postaux":["54700"],"code_dep":"54","code_region":"44","population":1051,"surface_km2":18.29,"lat":48.8637,"lon":6.0127},{"code_insee":"54280","nom":"Jœuf","codes_postaux":["54240"],"code_dep":"54","code_region":"44","population":6392,"surface_km2":3.18,"lat":49.2322,"lon":6.0142},{"code_insee":"54281","nom":"Jolivet","codes_postaux":["54300"],"code_dep":"54","code_region":"44","population":888,"surface_km2":7.24,"lat":48.6108,"lon":6.5175},{"code_insee":"54282","nom":"Joppécourt","codes_postaux":["54620"],"code_dep":"54","code_region":"44","population":150,"surface_km2":6.99,"lat":49.3882,"lon":5.804},{"code_insee":"54283","nom":"Jouaville","codes_postaux":["54800"],"code_dep":"54","code_region":"44","population":274,"surface_km2":11.3,"lat":49.1603,"lon":5.9643},{"code_insee":"54284","nom":"Joudreville","codes_postaux":["54490"],"code_dep":"54","code_region":"44","population":1101,"surface_km2":5.6,"lat":49.287,"lon":5.781},{"code_insee":"54285","nom":"Juvrecourt","codes_postaux":["54370"],"code_dep":"54","code_region":"44","population":35,"surface_km2":6.23,"lat":48.7407,"lon":6.5638},{"code_insee":"54286","nom":"Labry","codes_postaux":["54800"],"code_dep":"54","code_region":"44","population":1554,"surface_km2":6.17,"lat":49.1819,"lon":5.868},{"code_insee":"54287","nom":"Lachapelle","codes_postaux":["54120"],"code_dep":"54","code_region":"44","population":257,"surface_km2":10.14,"lat":48.4162,"lon":6.7725},{"code_insee":"54288","nom":"Lagney","codes_postaux":["54200"],"code_dep":"54","code_region":"44","population":500,"surface_km2":14.3,"lat":48.7465,"lon":5.8329},{"code_insee":"54289","nom":"Laître-sous-Amance","codes_postaux":["54770"],"code_dep":"54","code_region":"44","population":361,"surface_km2":5.18,"lat":48.7368,"lon":6.2749},{"code_insee":"54290","nom":"Laix","codes_postaux":["54720"],"code_dep":"54","code_region":"44","population":211,"surface_km2":7.57,"lat":49.4498,"lon":5.7756},{"code_insee":"54291","nom":"Lalœuf","codes_postaux":["54115"],"code_dep":"54","code_region":"44","population":306,"surface_km2":10.98,"lat":48.4662,"lon":6.0087},{"code_insee":"54292","nom":"Lamath","codes_postaux":["54300"],"code_dep":"54","code_region":"44","population":180,"surface_km2":5.6,"lat":48.522,"lon":6.4388},{"code_insee":"54293","nom":"Landécourt","codes_postaux":["54360"],"code_dep":"54","code_region":"44","population":86,"surface_km2":5.86,"lat":48.5007,"lon":6.4223},{"code_insee":"54294","nom":"Landremont","codes_postaux":["54380"],"code_dep":"54","code_region":"44","population":134,"surface_km2":5.6,"lat":48.8586,"lon":6.1506},{"code_insee":"54295","nom":"Landres","codes_postaux":["54970"],"code_dep":"54","code_region":"44","population":989,"surface_km2":8.03,"lat":49.3179,"lon":5.8072},{"code_insee":"54296","nom":"Laneuvelotte","codes_postaux":["54280"],"code_dep":"54","code_region":"44","population":430,"surface_km2":9.14,"lat":48.7213,"lon":6.3046},{"code_insee":"54297","nom":"Laneuveville-aux-Bois","codes_postaux":["54370"],"code_dep":"54","code_region":"44","population":300,"surface_km2":19.17,"lat":48.621,"lon":6.6415},{"code_insee":"54298","nom":"Laneuveville-derrière-Foug","codes_postaux":["54570"],"code_dep":"54","code_region":"44","population":155,"surface_km2":1.13,"lat":48.7077,"lon":5.8047},{"code_insee":"54299","nom":"Laneuveville-devant-Bayon","codes_postaux":["54740"],"code_dep":"54","code_region":"44","population":231,"surface_km2":5.8,"lat":48.4694,"lon":6.2638},{"code_insee":"54300","nom":"Laneuveville-devant-Nancy","codes_postaux":["54410"],"code_dep":"54","code_region":"44","population":6630,"surface_km2":12.46,"lat":48.6503,"lon":6.2471},{"code_insee":"54301","nom":"Lanfroicourt","codes_postaux":["54760"],"code_dep":"54","code_region":"44","population":133,"surface_km2":6.24,"lat":48.804,"lon":6.3199},{"code_insee":"54302","nom":"Lantéfontaine","codes_postaux":["54150"],"code_dep":"54","code_region":"44","population":730,"surface_km2":8.27,"lat":49.2534,"lon":5.8866},{"code_insee":"54303","nom":"Laronxe","codes_postaux":["54950"],"code_dep":"54","code_region":"44","population":361,"surface_km2":6.81,"lat":48.5437,"lon":6.6022},{"code_insee":"54304","nom":"Laxou","codes_postaux":["54520"],"code_dep":"54","code_region":"44","population":14771,"surface_km2":15.96,"lat":48.6839,"lon":6.1183},{"code_insee":"54305","nom":"Lay-Saint-Christophe","codes_postaux":["54690"],"code_dep":"54","code_region":"44","population":2355,"surface_km2":11.63,"lat":48.7516,"lon":6.1924},{"code_insee":"54306","nom":"Lay-Saint-Remy","codes_postaux":["54570"],"code_dep":"54","code_region":"44","population":340,"surface_km2":3.86,"lat":48.6801,"lon":5.7643},{"code_insee":"54307","nom":"Lebeuville","codes_postaux":["54740"],"code_dep":"54","code_region":"44","population":146,"surface_km2":6.29,"lat":48.4338,"lon":6.2409},{"code_insee":"54308","nom":"Leintrey","codes_postaux":["54450"],"code_dep":"54","code_region":"44","population":151,"surface_km2":15.7,"lat":48.6313,"lon":6.7423},{"code_insee":"54309","nom":"Lemainville","codes_postaux":["54740"],"code_dep":"54","code_region":"44","population":407,"surface_km2":4.79,"lat":48.5086,"lon":6.1879},{"code_insee":"54310","nom":"Leménil-Mitry","codes_postaux":["54740"],"code_dep":"54","code_region":"44","population":2,"surface_km2":3.47,"lat":48.4549,"lon":6.2563},{"code_insee":"54311","nom":"Lenoncourt","codes_postaux":["54110"],"code_dep":"54","code_region":"44","population":593,"surface_km2":11.64,"lat":48.6724,"lon":6.3002},{"code_insee":"54312","nom":"Lesménils","codes_postaux":["54700"],"code_dep":"54","code_region":"44","population":506,"surface_km2":10.97,"lat":48.9317,"lon":6.1116},{"code_insee":"54313","nom":"Létricourt","codes_postaux":["54610"],"code_dep":"54","code_region":"44","population":224,"surface_km2":7.31,"lat":48.8772,"lon":6.2844},{"code_insee":"54314","nom":"Lexy","codes_postaux":["54720"],"code_dep":"54","code_region":"44","population":3904,"surface_km2":5.98,"lat":49.5019,"lon":5.7302},{"code_insee":"54315","nom":"Leyr","codes_postaux":["54760"],"code_dep":"54","code_region":"44","population":906,"surface_km2":10.87,"lat":48.8059,"lon":6.2687},{"code_insee":"54316","nom":"Limey-Remenauville","codes_postaux":["54470"],"code_dep":"54","code_region":"44","population":317,"surface_km2":18.66,"lat":48.8934,"lon":5.9061},{"code_insee":"54317","nom":"Lironville","codes_postaux":["54470"],"code_dep":"54","code_region":"44","population":131,"surface_km2":9.0,"lat":48.8676,"lon":5.9106},{"code_insee":"54318","nom":"Liverdun","codes_postaux":["54460"],"code_dep":"54","code_region":"44","population":5580,"surface_km2":25.24,"lat":48.75,"lon":6.0524},{"code_insee":"54320","nom":"Loisy","codes_postaux":["54700"],"code_dep":"54","code_region":"44","population":322,"surface_km2":5.59,"lat":48.8692,"lon":6.1004},{"code_insee":"54321","nom":"Longlaville","codes_postaux":["54810"],"code_dep":"54","code_region":"44","population":2377,"surface_km2":3.15,"lat":49.5347,"lon":5.8002},{"code_insee":"54322","nom":"Longuyon","codes_postaux":["54260"],"code_dep":"54","code_region":"44","population":5134,"surface_km2":30.01,"lat":49.4625,"lon":5.5887},{"code_insee":"54323","nom":"Longwy","codes_postaux":["54400"],"code_dep":"54","code_region":"44","population":15679,"surface_km2":5.45,"lat":49.5217,"lon":5.7672},{"code_insee":"54324","nom":"Lorey","codes_postaux":["54290"],"code_dep":"54","code_region":"44","population":91,"surface_km2":5.1,"lat":48.4958,"lon":6.3165},{"code_insee":"54325","nom":"Loromontzey","codes_postaux":["54290"],"code_dep":"54","code_region":"44","population":77,"surface_km2":7.84,"lat":48.4308,"lon":6.3716},{"code_insee":"54326","nom":"Lubey","codes_postaux":["54150"],"code_dep":"54","code_region":"44","population":215,"surface_km2":3.97,"lat":49.2464,"lon":5.8575},{"code_insee":"54327","nom":"Lucey","codes_postaux":["54200"],"code_dep":"54","code_region":"44","population":623,"surface_km2":11.04,"lat":48.7233,"lon":5.8296},{"code_insee":"54328","nom":"Ludres","codes_postaux":["54710"],"code_dep":"54","code_region":"44","population":5843,"surface_km2":8.23,"lat":48.6213,"lon":6.1751},{"code_insee":"54329","nom":"Lunéville","codes_postaux":["54300"],"code_dep":"54","code_region":"44","population":18262,"surface_km2":16.57,"lat":48.5963,"lon":6.5101},{"code_insee":"54330","nom":"Lupcourt","codes_postaux":["54210"],"code_dep":"54","code_region":"44","population":428,"surface_km2":6.88,"lat":48.6006,"lon":6.2203},{"code_insee":"54331","nom":"Magnières","codes_postaux":["54129"],"code_dep":"54","code_region":"44","population":290,"surface_km2":11.65,"lat":48.4433,"lon":6.5653},{"code_insee":"54332","nom":"Maidières","codes_postaux":["54700"],"code_dep":"54","code_region":"44","population":1492,"surface_km2":1.81,"lat":48.8963,"lon":6.0323},{"code_insee":"54333","nom":"Mailly-sur-Seille","codes_postaux":["54610"],"code_dep":"54","code_region":"44","population":245,"surface_km2":6.26,"lat":48.918,"lon":6.2512},{"code_insee":"54334","nom":"Mairy-Mainville","codes_postaux":["54150"],"code_dep":"54","code_region":"44","population":551,"surface_km2":12.47,"lat":49.3046,"lon":5.8631},{"code_insee":"54335","nom":"Maixe","codes_postaux":["54370"],"code_dep":"54","code_region":"44","population":409,"surface_km2":9.38,"lat":48.6464,"lon":6.4372},{"code_insee":"54336","nom":"Maizières","codes_postaux":["54550"],"code_dep":"54","code_region":"44","population":932,"surface_km2":15.81,"lat":48.5955,"lon":6.0491},{"code_insee":"54337","nom":"Malavillers","codes_postaux":["54560"],"code_dep":"54","code_region":"44","population":122,"surface_km2":4.37,"lat":49.3588,"lon":5.8649},{"code_insee":"54338","nom":"Malleloy","codes_postaux":["54670"],"code_dep":"54","code_region":"44","population":1007,"surface_km2":4.14,"lat":48.7909,"lon":6.1672},{"code_insee":"54339","nom":"Malzéville","codes_postaux":["54220"],"code_dep":"54","code_region":"44","population":7820,"surface_km2":7.62,"lat":48.7223,"lon":6.1927},{"code_insee":"54340","nom":"Mamey","codes_postaux":["54470"],"code_dep":"54","code_region":"44","population":333,"surface_km2":7.58,"lat":48.8797,"lon":5.9565},{"code_insee":"54343","nom":"Mandres-aux-Quatre-Tours","codes_postaux":["54470"],"code_dep":"54","code_region":"44","population":207,"surface_km2":10.38,"lat":48.8277,"lon":5.7893},{"code_insee":"54344","nom":"Mangonville","codes_postaux":["54290"],"code_dep":"54","code_region":"44","population":208,"surface_km2":3.86,"lat":48.451,"lon":6.2902},{"code_insee":"54345","nom":"Manoncourt-en-Vermois","codes_postaux":["54210"],"code_dep":"54","code_region":"44","population":345,"surface_km2":6.69,"lat":48.5999,"lon":6.2699},{"code_insee":"54346","nom":"Manoncourt-en-Woëvre","codes_postaux":["54385"],"code_dep":"54","code_region":"44","population":256,"surface_km2":10.68,"lat":48.7774,"lon":5.9268},{"code_insee":"54348","nom":"Manonville","codes_postaux":["54385"],"code_dep":"54","code_region":"44","population":221,"surface_km2":9.43,"lat":48.8329,"lon":5.914},{"code_insee":"54349","nom":"Manonviller","codes_postaux":["54300"],"code_dep":"54","code_region":"44","population":172,"surface_km2":6.91,"lat":48.5909,"lon":6.6626},{"code_insee":"54350","nom":"Marainviller","codes_postaux":["54300"],"code_dep":"54","code_region":"44","population":704,"surface_km2":17.2,"lat":48.6012,"lon":6.61},{"code_insee":"54351","nom":"Marbache","codes_postaux":["54820"],"code_dep":"54","code_region":"44","population":1665,"surface_km2":10.8,"lat":48.7908,"lon":6.0938},{"code_insee":"54352","nom":"Maron","codes_postaux":["54230"],"code_dep":"54","code_region":"44","population":841,"surface_km2":19.05,"lat":48.6574,"lon":6.0511},{"code_insee":"54353","nom":"Mars-la-Tour","codes_postaux":["54800"],"code_dep":"54","code_region":"44","population":875,"surface_km2":12.92,"lat":49.0942,"lon":5.8912},{"code_insee":"54354","nom":"Marthemont","codes_postaux":["54330"],"code_dep":"54","code_region":"44","population":52,"surface_km2":2.13,"lat":48.5593,"lon":6.04},{"code_insee":"54355","nom":"Martincourt","codes_postaux":["54380"],"code_dep":"54","code_region":"44","population":89,"surface_km2":10.72,"lat":48.8483,"lon":5.9488},{"code_insee":"54356","nom":"Mattexey","codes_postaux":["54830"],"code_dep":"54","code_region":"44","population":62,"surface_km2":4.99,"lat":48.4389,"lon":6.523},{"code_insee":"54357","nom":"Maxéville","codes_postaux":["54320"],"code_dep":"54","code_region":"44","population":10090,"surface_km2":5.66,"lat":48.7093,"lon":6.1432},{"code_insee":"54358","nom":"Mazerulles","codes_postaux":["54280"],"code_dep":"54","code_region":"44","population":283,"surface_km2":6.37,"lat":48.7527,"lon":6.3732},{"code_insee":"54359","nom":"Méhoncourt","codes_postaux":["54360"],"code_dep":"54","code_region":"44","population":240,"surface_km2":7.87,"lat":48.5109,"lon":6.3819},{"code_insee":"54360","nom":"Ménil-la-Tour","codes_postaux":["54200"],"code_dep":"54","code_region":"44","population":342,"surface_km2":8.86,"lat":48.7742,"lon":5.8473},{"code_insee":"54362","nom":"Mercy-le-Bas","codes_postaux":["54960"],"code_dep":"54","code_region":"44","population":1273,"surface_km2":8.21,"lat":49.3852,"lon":5.7582},{"code_insee":"54363","nom":"Mercy-le-Haut","codes_postaux":["54560"],"code_dep":"54","code_region":"44","population":276,"surface_km2":13.47,"lat":49.3694,"lon":5.8233},{"code_insee":"54364","nom":"Méréville","codes_postaux":["54850"],"code_dep":"54","code_region":"44","population":1288,"surface_km2":8.58,"lat":48.589,"lon":6.1337},{"code_insee":"54365","nom":"Merviller","codes_postaux":["54120"],"code_dep":"54","code_region":"44","population":327,"surface_km2":12.6,"lat":48.4742,"lon":6.7771},{"code_insee":"54366","nom":"Messein","codes_postaux":["54850"],"code_dep":"54","code_region":"44","population":1981,"surface_km2":5.19,"lat":48.6124,"lon":6.1463},{"code_insee":"54367","nom":"Mexy","codes_postaux":["54135"],"code_dep":"54","code_region":"44","population":2300,"surface_km2":4.88,"lat":49.5025,"lon":5.7877},{"code_insee":"54368","nom":"Mignéville","codes_postaux":["54540"],"code_dep":"54","code_region":"44","population":170,"surface_km2":6.48,"lat":48.5332,"lon":6.7858},{"code_insee":"54369","nom":"Millery","codes_postaux":["54670"],"code_dep":"54","code_region":"44","population":599,"surface_km2":7.42,"lat":48.8151,"lon":6.1389},{"code_insee":"54370","nom":"Minorville","codes_postaux":["54385"],"code_dep":"54","code_region":"44","population":227,"surface_km2":12.67,"lat":48.8082,"lon":5.877},{"code_insee":"54371","nom":"Moineville","codes_postaux":["54580"],"code_dep":"54","code_region":"44","population":1114,"surface_km2":8.34,"lat":49.1991,"lon":5.9489},{"code_insee":"54372","nom":"Moivrons","codes_postaux":["54760"],"code_dep":"54","code_region":"44","population":528,"surface_km2":6.14,"lat":48.8282,"lon":6.2491},{"code_insee":"54373","nom":"Moncel-lès-Lunéville","codes_postaux":["54300"],"code_dep":"54","code_region":"44","population":612,"surface_km2":22.19,"lat":48.5611,"lon":6.5612},{"code_insee":"54374","nom":"Moncel-sur-Seille","codes_postaux":["54280"],"code_dep":"54","code_region":"44","population":548,"surface_km2":12.63,"lat":48.7706,"lon":6.423},{"code_insee":"54375","nom":"Montauville","codes_postaux":["54700"],"code_dep":"54","code_region":"44","population":1097,"surface_km2":16.47,"lat":48.8931,"lon":6.0014},{"code_insee":"54376","nom":"Montenoy","codes_postaux":["54760"],"code_dep":"54","code_region":"44","population":397,"surface_km2":4.01,"lat":48.7947,"lon":6.2395},{"code_insee":"54377","nom":"Montigny","codes_postaux":["54540"],"code_dep":"54","code_region":"44","population":147,"surface_km2":6.15,"lat":48.5127,"lon":6.8014},{"code_insee":"54378","nom":"Montigny-sur-Chiers","codes_postaux":["54870"],"code_dep":"54","code_region":"44","population":486,"surface_km2":9.43,"lat":49.4753,"lon":5.6672},{"code_insee":"54379","nom":"Mont-l'Étroit","codes_postaux":["54170"],"code_dep":"54","code_region":"44","population":93,"surface_km2":6.47,"lat":48.4995,"lon":5.7862},{"code_insee":"54380","nom":"Mont-le-Vignoble","codes_postaux":["54113"],"code_dep":"54","code_region":"44","population":421,"surface_km2":4.18,"lat":48.6224,"lon":5.8487},{"code_insee":"54381","nom":"Montreux","codes_postaux":["54450"],"code_dep":"54","code_region":"44","population":50,"surface_km2":3.79,"lat":48.5358,"lon":6.8898},{"code_insee":"54382","nom":"Mont-Saint-Martin","codes_postaux":["54350"],"code_dep":"54","code_region":"44","population":9361,"surface_km2":8.77,"lat":49.5469,"lon":5.7872},{"code_insee":"54383","nom":"Mont-sur-Meurthe","codes_postaux":["54360"],"code_dep":"54","code_region":"44","population":1135,"surface_km2":9.65,"lat":48.5489,"lon":6.4453},{"code_insee":"54385","nom":"Morfontaine","codes_postaux":["54920"],"code_dep":"54","code_region":"44","population":1073,"surface_km2":11.43,"lat":49.4453,"lon":5.8193},{"code_insee":"54386","nom":"Moriviller","codes_postaux":["54830"],"code_dep":"54","code_region":"44","population":95,"surface_km2":7.3,"lat":48.4801,"lon":6.4393},{"code_insee":"54387","nom":"Morville-sur-Seille","codes_postaux":["54700"],"code_dep":"54","code_region":"44","population":169,"surface_km2":5.35,"lat":48.9188,"lon":6.1448},{"code_insee":"54388","nom":"Mouacourt","codes_postaux":["54370"],"code_dep":"54","code_region":"44","population":71,"surface_km2":8.59,"lat":48.6688,"lon":6.6388},{"code_insee":"54389","nom":"Mouaville","codes_postaux":["54800"],"code_dep":"54","code_region":"44","population":106,"surface_km2":8.58,"lat":49.2134,"lon":5.7817},{"code_insee":"54390","nom":"Mousson","codes_postaux":["54700"],"code_dep":"54","code_region":"44","population":101,"surface_km2":5.85,"lat":48.9119,"lon":6.0914},{"code_insee":"54391","nom":"Moutiers","codes_postaux":["54660"],"code_dep":"54","code_region":"44","population":1602,"surface_km2":6.82,"lat":49.2338,"lon":5.9555},{"code_insee":"54392","nom":"Moutrot","codes_postaux":["54113"],"code_dep":"54","code_region":"44","population":327,"surface_km2":7.27,"lat":48.6039,"lon":5.8984},{"code_insee":"54393","nom":"Moyen","codes_postaux":["54118"],"code_dep":"54","code_region":"44","population":517,"surface_km2":23.63,"lat":48.4927,"lon":6.5932},{"code_insee":"54394","nom":"Murville","codes_postaux":["54490"],"code_dep":"54","code_region":"44","population":239,"surface_km2":5.6,"lat":49.3445,"lon":5.83},{"code_insee":"54395","nom":"Nancy","codes_postaux":["54000","54100"],"code_dep":"54","code_region":"44","population":103671,"surface_km2":14.94,"lat":48.6881,"lon":6.1734},{"code_insee":"54396","nom":"Neufmaisons","codes_postaux":["54540"],"code_dep":"54","code_region":"44","population":208,"surface_km2":21.94,"lat":48.4495,"lon":6.8727},{"code_insee":"54397","nom":"Neuves-Maisons","codes_postaux":["54230"],"code_dep":"54","code_region":"44","population":6524,"surface_km2":4.44,"lat":48.6164,"lon":6.1083},{"code_insee":"54398","nom":"Neuviller-lès-Badonviller","codes_postaux":["54540"],"code_dep":"54","code_region":"44","population":89,"surface_km2":5.82,"lat":48.5201,"lon":6.877},{"code_insee":"54399","nom":"Neuviller-sur-Moselle","codes_postaux":["54290"],"code_dep":"54","code_region":"44","population":250,"surface_km2":6.91,"lat":48.4897,"lon":6.2798},{"code_insee":"54400","nom":"Nomeny","codes_postaux":["54610"],"code_dep":"54","code_region":"44","population":1142,"surface_km2":18.12,"lat":48.8778,"lon":6.2327},{"code_insee":"54401","nom":"Nonhigny","codes_postaux":["54450"],"code_dep":"54","code_region":"44","population":140,"surface_km2":5.82,"lat":48.5469,"lon":6.8908},{"code_insee":"54402","nom":"Norroy-le-Sec","codes_postaux":["54150"],"code_dep":"54","code_region":"44","population":431,"surface_km2":13.78,"lat":49.2744,"lon":5.8083},{"code_insee":"54403","nom":"Norroy-lès-Pont-à-Mousson","codes_postaux":["54700"],"code_dep":"54","code_region":"44","population":1149,"surface_km2":5.89,"lat":48.9314,"lon":6.0104},{"code_insee":"54404","nom":"Noviant-aux-Prés","codes_postaux":["54385"],"code_dep":"54","code_region":"44","population":216,"surface_km2":11.22,"lat":48.8451,"lon":5.8947},{"code_insee":"54405","nom":"Ochey","codes_postaux":["54170"],"code_dep":"54","code_region":"44","population":518,"surface_km2":18.12,"lat":48.5955,"lon":5.953},{"code_insee":"54406","nom":"Ogéviller","codes_postaux":["54450"],"code_dep":"54","code_region":"44","population":276,"surface_km2":3.6,"lat":48.553,"lon":6.7129},{"code_insee":"54407","nom":"Ognéville","codes_postaux":["54330"],"code_dep":"54","code_region":"44","population":87,"surface_km2":4.13,"lat":48.472,"lon":6.0577},{"code_insee":"54408","nom":"Olley","codes_postaux":["54800"],"code_dep":"54","code_region":"44","population":220,"surface_km2":9.51,"lat":49.1738,"lon":5.7653},{"code_insee":"54409","nom":"Omelmont","codes_postaux":["54330"],"code_dep":"54","code_region":"44","population":192,"surface_km2":4.66,"lat":48.495,"lon":6.118},{"code_insee":"54410","nom":"Onville","codes_postaux":["54890"],"code_dep":"54","code_region":"44","population":501,"surface_km2":9.23,"lat":49.0181,"lon":5.9654},{"code_insee":"54411","nom":"Ormes-et-Ville","codes_postaux":["54740"],"code_dep":"54","code_region":"44","population":218,"surface_km2":12.55,"lat":48.4876,"lon":6.2026},{"code_insee":"54412","nom":"Othe","codes_postaux":["54260"],"code_dep":"54","code_region":"44","population":37,"surface_km2":3.01,"lat":49.4924,"lon":5.4493},{"code_insee":"54413","nom":"Ozerailles","codes_postaux":["54150"],"code_dep":"54","code_region":"44","population":145,"surface_km2":6.36,"lat":49.2248,"lon":5.8429},{"code_insee":"54414","nom":"Pagney-derrière-Barine","codes_postaux":["54200"],"code_dep":"54","code_region":"44","population":646,"surface_km2":6.23,"lat":48.7009,"lon":5.85},{"code_insee":"54415","nom":"Pagny-sur-Moselle","codes_postaux":["54530"],"code_dep":"54","code_region":"44","population":3919,"surface_km2":11.27,"lat":48.9879,"lon":6.0057},{"code_insee":"54416","nom":"Pannes","codes_postaux":["54470"],"code_dep":"54","code_region":"44","population":172,"surface_km2":8.4,"lat":48.9301,"lon":5.7903},{"code_insee":"54417","nom":"Parey-Saint-Césaire","codes_postaux":["54330"],"code_dep":"54","code_region":"44","population":248,"surface_km2":5.61,"lat":48.5291,"lon":6.0612},{"code_insee":"54418","nom":"Parroy","codes_postaux":["54370"],"code_dep":"54","code_region":"44","population":183,"surface_km2":17.76,"lat":48.6733,"lon":6.6107},{"code_insee":"54419","nom":"Parux","codes_postaux":["54480"],"code_dep":"54","code_region":"44","population":69,"surface_km2":4.37,"lat":48.5429,"lon":6.922},{"code_insee":"54420","nom":"Petit-Failly","codes_postaux":["54260"],"code_dep":"54","code_region":"44","population":98,"surface_km2":8.11,"lat":49.4395,"lon":5.4988},{"code_insee":"54421","nom":"Petitmont","codes_postaux":["54480"],"code_dep":"54","code_region":"44","population":305,"surface_km2":17.85,"lat":48.5468,"lon":6.9885},{"code_insee":"54422","nom":"Pettonville","codes_postaux":["54120"],"code_dep":"54","code_region":"44","population":65,"surface_km2":3.0,"lat":48.5289,"lon":6.7425},{"code_insee":"54423","nom":"Pexonne","codes_postaux":["54540"],"code_dep":"54","code_region":"44","population":326,"surface_km2":13.5,"lat":48.4674,"lon":6.8818},{"code_insee":"54424","nom":"Phlin","codes_postaux":["54610"],"code_dep":"54","code_region":"44","population":40,"surface_km2":3.73,"lat":48.9173,"lon":6.2752},{"code_insee":"54425","nom":"Piennes","codes_postaux":["54490"],"code_dep":"54","code_region":"44","population":2441,"surface_km2":4.82,"lat":49.3074,"lon":5.7851},{"code_insee":"54426","nom":"Pierre-la-Treiche","codes_postaux":["54200"],"code_dep":"54","code_region":"44","population":472,"surface_km2":12.96,"lat":48.6401,"lon":5.9535},{"code_insee":"54427","nom":"Pierre-Percée","codes_postaux":["54540"],"code_dep":"54","code_region":"44","population":90,"surface_km2":9.88,"lat":48.4612,"lon":6.9418},{"code_insee":"54428","nom":"Pierrepont","codes_postaux":["54620"],"code_dep":"54","code_region":"44","population":824,"surface_km2":7.04,"lat":49.42,"lon":5.7063},{"code_insee":"54429","nom":"Pierreville","codes_postaux":["54160"],"code_dep":"54","code_region":"44","population":299,"surface_km2":2.97,"lat":48.5483,"lon":6.1109},{"code_insee":"54430","nom":"Pompey","codes_postaux":["54340"],"code_dep":"54","code_region":"44","population":4780,"surface_km2":8.29,"lat":48.774,"lon":6.109},{"code_insee":"54431","nom":"Pont-à-Mousson","codes_postaux":["54700"],"code_dep":"54","code_region":"44","population":14190,"surface_km2":21.55,"lat":48.9222,"lon":6.047},{"code_insee":"54432","nom":"Pont-Saint-Vincent","codes_postaux":["54550"],"code_dep":"54","code_region":"44","population":1775,"surface_km2":6.68,"lat":48.6084,"lon":6.0664},{"code_insee":"54433","nom":"Port-sur-Seille","codes_postaux":["54700"],"code_dep":"54","code_region":"44","population":232,"surface_km2":6.32,"lat":48.8976,"lon":6.1588},{"code_insee":"54434","nom":"Praye","codes_postaux":["54116"],"code_dep":"54","code_region":"44","population":267,"surface_km2":8.74,"lat":48.4356,"lon":6.1137},{"code_insee":"54435","nom":"Prény","codes_postaux":["54530"],"code_dep":"54","code_region":"44","population":374,"surface_km2":15.27,"lat":48.9741,"lon":5.9656},{"code_insee":"54436","nom":"Preutin-Higny","codes_postaux":["54490"],"code_dep":"54","code_region":"44","population":160,"surface_km2":7.09,"lat":49.348,"lon":5.7992},{"code_insee":"54437","nom":"Pulligny","codes_postaux":["54160"],"code_dep":"54","code_region":"44","population":1155,"surface_km2":9.29,"lat":48.5497,"lon":6.1498},{"code_insee":"54438","nom":"Pulney","codes_postaux":["54115"],"code_dep":"54","code_region":"44","population":54,"surface_km2":4.43,"lat":48.3907,"lon":6.0332},{"code_insee":"54439","nom":"Pulnoy","codes_postaux":["54425"],"code_dep":"54","code_region":"44","population":5099,"surface_km2":3.77,"lat":48.703,"lon":6.2677},{"code_insee":"54440","nom":"Puxe","codes_postaux":["54800"],"code_dep":"54","code_region":"44","population":107,"surface_km2":6.01,"lat":49.1513,"lon":5.7872},{"code_insee":"54441","nom":"Puxieux","codes_postaux":["54800"],"code_dep":"54","code_region":"44","population":221,"surface_km2":5.61,"lat":49.0738,"lon":5.8836},{"code_insee":"54442","nom":"Quevilloncourt","codes_postaux":["54330"],"code_dep":"54","code_region":"44","population":96,"surface_km2":2.89,"lat":48.4716,"lon":6.1038},{"code_insee":"54443","nom":"Raon-lès-Leau","codes_postaux":["54540"],"code_dep":"54","code_region":"44","population":40,"surface_km2":1.32,"lat":48.5137,"lon":7.1014},{"code_insee":"54444","nom":"Raucourt","codes_postaux":["54610"],"code_dep":"54","code_region":"44","population":235,"surface_km2":5.13,"lat":48.9247,"lon":6.2215},{"code_insee":"54445","nom":"Raville-sur-Sânon","codes_postaux":["54370"],"code_dep":"54","code_region":"44","population":106,"surface_km2":3.34,"lat":48.6518,"lon":6.5091},{"code_insee":"54446","nom":"Réchicourt-la-Petite","codes_postaux":["54370"],"code_dep":"54","code_region":"44","population":61,"surface_km2":5.48,"lat":48.7192,"lon":6.579},{"code_insee":"54447","nom":"Réclonville","codes_postaux":["54450"],"code_dep":"54","code_region":"44","population":68,"surface_km2":2.99,"lat":48.5367,"lon":6.7317},{"code_insee":"54449","nom":"Rehainviller","codes_postaux":["54300"],"code_dep":"54","code_region":"44","population":1057,"surface_km2":5.62,"lat":48.5668,"lon":6.4685},{"code_insee":"54450","nom":"Reherrey","codes_postaux":["54120"],"code_dep":"54","code_region":"44","population":146,"surface_km2":5.94,"lat":48.5084,"lon":6.7764},{"code_insee":"54451","nom":"Réhon","codes_postaux":["54430"],"code_dep":"54","code_region":"44","population":3863,"surface_km2":3.74,"lat":49.5007,"lon":5.7565},{"code_insee":"54452","nom":"Reillon","codes_postaux":["54450"],"code_dep":"54","code_region":"44","population":73,"surface_km2":4.49,"lat":48.6001,"lon":6.737},{"code_insee":"54453","nom":"Rembercourt-sur-Mad","codes_postaux":["54470"],"code_dep":"54","code_region":"44","population":164,"surface_km2":5.14,"lat":48.9854,"lon":5.901},{"code_insee":"54455","nom":"Remenoville","codes_postaux":["54830"],"code_dep":"54","code_region":"44","population":157,"surface_km2":8.49,"lat":48.4659,"lon":6.4727},{"code_insee":"54456","nom":"Réméréville","codes_postaux":["54110"],"code_dep":"54","code_region":"44","population":648,"surface_km2":13.49,"lat":48.7065,"lon":6.3786},{"code_insee":"54457","nom":"Remoncourt","codes_postaux":["54370"],"code_dep":"54","code_region":"44","population":39,"surface_km2":6.85,"lat":48.6552,"lon":6.7406},{"code_insee":"54458","nom":"Repaix","codes_postaux":["54450"],"code_dep":"54","code_region":"44","population":105,"surface_km2":4.97,"lat":48.613,"lon":6.8298},{"code_insee":"54459","nom":"Richardménil","codes_postaux":["54630"],"code_dep":"54","code_region":"44","population":2389,"surface_km2":7.06,"lat":48.5952,"lon":6.1772},{"code_insee":"54460","nom":"Rogéville","codes_postaux":["54380"],"code_dep":"54","code_region":"44","population":157,"surface_km2":6.99,"lat":48.8151,"lon":5.9758},{"code_insee":"54461","nom":"Romain","codes_postaux":["54360"],"code_dep":"54","code_region":"44","population":69,"surface_km2":3.11,"lat":48.5208,"lon":6.3558},{"code_insee":"54462","nom":"Rosières-aux-Salines","codes_postaux":["54110"],"code_dep":"54","code_region":"44","population":2810,"surface_km2":27.45,"lat":48.5961,"lon":6.341},{"code_insee":"54463","nom":"Rosières-en-Haye","codes_postaux":["54385"],"code_dep":"54","code_region":"44","population":258,"surface_km2":10.81,"lat":48.7883,"lon":5.9908},{"code_insee":"54464","nom":"Rouves","codes_postaux":["54610"],"code_dep":"54","code_region":"44","population":100,"surface_km2":3.69,"lat":48.9014,"lon":6.204},{"code_insee":"54465","nom":"Roville-devant-Bayon","codes_postaux":["54290"],"code_dep":"54","code_region":"44","population":739,"surface_km2":4.45,"lat":48.4682,"lon":6.2925},{"code_insee":"54466","nom":"Royaumeix","codes_postaux":["54200"],"code_dep":"54","code_region":"44","population":385,"surface_km2":21.87,"lat":48.7799,"lon":5.8231},{"code_insee":"54467","nom":"Rozelieures","codes_postaux":["54290"],"code_dep":"54","code_region":"44","population":185,"surface_km2":9.47,"lat":48.4436,"lon":6.4316},{"code_insee":"54468","nom":"Saffais","codes_postaux":["54210"],"code_dep":"54","code_region":"44","population":104,"surface_km2":4.06,"lat":48.5606,"lon":6.3151},{"code_insee":"54469","nom":"Saint-Ail","codes_postaux":["54580"],"code_dep":"54","code_region":"44","population":465,"surface_km2":7.38,"lat":49.169,"lon":6.0058},{"code_insee":"54470","nom":"Saint-Baussant","codes_postaux":["54470"],"code_dep":"54","code_region":"44","population":60,"surface_km2":9.11,"lat":48.894,"lon":5.794},{"code_insee":"54471","nom":"Saint-Boingt","codes_postaux":["54290"],"code_dep":"54","code_region":"44","population":76,"surface_km2":8.22,"lat":48.4162,"lon":6.4271},{"code_insee":"54472","nom":"Saint-Clément","codes_postaux":["54950"],"code_dep":"54","code_region":"44","population":848,"surface_km2":16.43,"lat":48.5435,"lon":6.6188},{"code_insee":"54473","nom":"Saint-Firmin","codes_postaux":["54930"],"code_dep":"54","code_region":"44","population":292,"surface_km2":6.73,"lat":48.425,"lon":6.136},{"code_insee":"54474","nom":"Sainte-Geneviève","codes_postaux":["54700"],"code_dep":"54","code_region":"44","population":184,"surface_km2":7.32,"lat":48.8693,"lon":6.1368},{"code_insee":"54475","nom":"Saint-Germain","codes_postaux":["54290"],"code_dep":"54","code_region":"44","population":156,"surface_km2":7.58,"lat":48.4232,"lon":6.3412},{"code_insee":"54476","nom":"Saint-Jean-lès-Longuyon","codes_postaux":["54260"],"code_dep":"54","code_region":"44","population":412,"surface_km2":4.22,"lat":49.4547,"lon":5.4884},{"code_insee":"54477","nom":"Saint-Julien-lès-Gorze","codes_postaux":["54470"],"code_dep":"54","code_region":"44","population":162,"surface_km2":10.31,"lat":49.0183,"lon":5.9037},{"code_insee":"54478","nom":"Saint-Marcel","codes_postaux":["54800"],"code_dep":"54","code_region":"44","population":150,"surface_km2":11.52,"lat":49.1255,"lon":5.9731},{"code_insee":"54479","nom":"Saint-Mard","codes_postaux":["54290"],"code_dep":"54","code_region":"44","population":104,"surface_km2":3.05,"lat":48.5099,"lon":6.2989},{"code_insee":"54480","nom":"Saint-Martin","codes_postaux":["54450"],"code_dep":"54","code_region":"44","population":53,"surface_km2":5.02,"lat":48.5736,"lon":6.7466},{"code_insee":"54481","nom":"Saint-Maurice-aux-Forges","codes_postaux":["54540"],"code_dep":"54","code_region":"44","population":103,"surface_km2":3.31,"lat":48.5074,"lon":6.849},{"code_insee":"54482","nom":"Saint-Max","codes_postaux":["54130"],"code_dep":"54","code_region":"44","population":9913,"surface_km2":1.83,"lat":48.7061,"lon":6.2041},{"code_insee":"54483","nom":"Saint-Nicolas-de-Port","codes_postaux":["54210"],"code_dep":"54","code_region":"44","population":7359,"surface_km2":8.39,"lat":48.62,"lon":6.2953},{"code_insee":"54484","nom":"Sainte-Pôle","codes_postaux":["54540"],"code_dep":"54","code_region":"44","population":177,"surface_km2":5.75,"lat":48.5057,"lon":6.8341},{"code_insee":"54485","nom":"Saint-Pancré","codes_postaux":["54730"],"code_dep":"54","code_region":"44","population":307,"surface_km2":6.19,"lat":49.5265,"lon":5.6403},{"code_insee":"54486","nom":"Saint-Remimont","codes_postaux":["54740"],"code_dep":"54","code_region":"44","population":324,"surface_km2":6.76,"lat":48.4972,"lon":6.2587},{"code_insee":"54487","nom":"Saint-Rémy-aux-Bois","codes_postaux":["54290"],"code_dep":"54","code_region":"44","population":66,"surface_km2":9.62,"lat":48.4157,"lon":6.3921},{"code_insee":"54488","nom":"Saint-Sauveur","codes_postaux":["54480"],"code_dep":"54","code_region":"44","population":43,"surface_km2":19.41,"lat":48.5242,"lon":7.0071},{"code_insee":"54489","nom":"Saint-Supplet","codes_postaux":["54620"],"code_dep":"54","code_region":"44","population":150,"surface_km2":7.37,"lat":49.3768,"lon":5.7303},{"code_insee":"54490","nom":"Saizerais","codes_postaux":["54380"],"code_dep":"54","code_region":"44","population":1453,"surface_km2":14.46,"lat":48.7891,"lon":6.0386},{"code_insee":"54491","nom":"Sancy","codes_postaux":["54560"],"code_dep":"54","code_region":"44","population":365,"surface_km2":13.28,"lat":49.3523,"lon":5.9372},{"code_insee":"54492","nom":"Sanzey","codes_postaux":["54200"],"code_dep":"54","code_region":"44","population":137,"surface_km2":3.58,"lat":48.7632,"lon":5.8224},{"code_insee":"54493","nom":"Saulnes","codes_postaux":["54650"],"code_dep":"54","code_region":"44","population":2259,"surface_km2":4.02,"lat":49.5285,"lon":5.8252},{"code_insee":"54494","nom":"Saulxerotte","codes_postaux":["54115"],"code_dep":"54","code_region":"44","population":104,"surface_km2":3.11,"lat":48.474,"lon":5.9357},{"code_insee":"54495","nom":"Saulxures-lès-Nancy","codes_postaux":["54420"],"code_dep":"54","code_region":"44","population":4344,"surface_km2":7.17,"lat":48.686,"lon":6.2576},{"code_insee":"54496","nom":"Saulxures-lès-Vannes","codes_postaux":["54170"],"code_dep":"54","code_region":"44","population":376,"surface_km2":18.32,"lat":48.5191,"lon":5.7992},{"code_insee":"54497","nom":"Saxon-Sion","codes_postaux":["54330"],"code_dep":"54","code_region":"44","population":46,"surface_km2":6.26,"lat":48.4187,"lon":6.086},{"code_insee":"54498","nom":"Seichamps","codes_postaux":["54280"],"code_dep":"54","code_region":"44","population":5165,"surface_km2":4.27,"lat":48.7159,"lon":6.2709},{"code_insee":"54499","nom":"Seicheprey","codes_postaux":["54470"],"code_dep":"54","code_region":"44","population":104,"surface_km2":8.52,"lat":48.8682,"lon":5.7945},{"code_insee":"54500","nom":"Selaincourt","codes_postaux":["54170"],"code_dep":"54","code_region":"44","population":193,"surface_km2":11.06,"lat":48.4979,"lon":5.9483},{"code_insee":"54501","nom":"Seranville","codes_postaux":["54830"],"code_dep":"54","code_region":"44","population":102,"surface_km2":5.34,"lat":48.4615,"lon":6.5153},{"code_insee":"54502","nom":"Serres","codes_postaux":["54370"],"code_dep":"54","code_region":"44","population":254,"surface_km2":15.8,"lat":48.6933,"lon":6.4551},{"code_insee":"54504","nom":"Serrouville","codes_postaux":["54560"],"code_dep":"54","code_region":"44","population":683,"surface_km2":15.58,"lat":49.3941,"lon":5.8783},{"code_insee":"54505","nom":"Sexey-aux-Forges","codes_postaux":["54550"],"code_dep":"54","code_region":"44","population":718,"surface_km2":14.42,"lat":48.6376,"lon":6.0301},{"code_insee":"54507","nom":"Sionviller","codes_postaux":["54300"],"code_dep":"54","code_region":"44","population":102,"surface_km2":6.84,"lat":48.6332,"lon":6.5474},{"code_insee":"54508","nom":"Sivry","codes_postaux":["54610"],"code_dep":"54","code_region":"44","population":235,"surface_km2":5.85,"lat":48.8291,"lon":6.2099},{"code_insee":"54509","nom":"Sommerviller","codes_postaux":["54110"],"code_dep":"54","code_region":"44","population":1010,"surface_km2":3.85,"lat":48.636,"lon":6.3745},{"code_insee":"54510","nom":"Sornéville","codes_postaux":["54280"],"code_dep":"54","code_region":"44","population":356,"surface_km2":9.28,"lat":48.7379,"lon":6.417},{"code_insee":"54511","nom":"Sponville","codes_postaux":["54800"],"code_dep":"54","code_region":"44","population":108,"surface_km2":7.22,"lat":49.0737,"lon":5.8346},{"code_insee":"54512","nom":"Tanconville","codes_postaux":["54480"],"code_dep":"54","code_region":"44","population":105,"surface_km2":4.2,"lat":48.6045,"lon":6.9363},{"code_insee":"54513","nom":"Tantonville","codes_postaux":["54116"],"code_dep":"54","code_region":"44","population":663,"surface_km2":8.07,"lat":48.4672,"lon":6.1403},{"code_insee":"54514","nom":"Tellancourt","codes_postaux":["54260"],"code_dep":"54","code_region":"44","population":633,"surface_km2":3.73,"lat":49.509,"lon":5.6311},{"code_insee":"54515","nom":"Thélod","codes_postaux":["54330"],"code_dep":"54","code_region":"44","population":251,"surface_km2":10.82,"lat":48.5422,"lon":6.0536},{"code_insee":"54516","nom":"They-sous-Vaudemont","codes_postaux":["54930"],"code_dep":"54","code_region":"44","population":17,"surface_km2":1.67,"lat":48.4041,"lon":6.054},{"code_insee":"54517","nom":"Thézey-Saint-Martin","codes_postaux":["54610"],"code_dep":"54","code_region":"44","population":200,"surface_km2":8.02,"lat":48.9016,"lon":6.3039},{"code_insee":"54518","nom":"Thiaucourt-Regniéville","codes_postaux":["54470"],"code_dep":"54","code_region":"44","population":1120,"surface_km2":19.19,"lat":48.9313,"lon":5.8961},{"code_insee":"54519","nom":"Thiaville-sur-Meurthe","codes_postaux":["54120"],"code_dep":"54","code_region":"44","population":597,"surface_km2":4.53,"lat":48.4053,"lon":6.8034},{"code_insee":"54520","nom":"Thiébauménil","codes_postaux":["54300"],"code_dep":"54","code_region":"44","population":383,"surface_km2":3.9,"lat":48.5808,"lon":6.6272},{"code_insee":"54521","nom":"Thil","codes_postaux":["54880"],"code_dep":"54","code_region":"44","population":2016,"surface_km2":3.35,"lat":49.4716,"lon":5.9033},{"code_insee":"54522","nom":"Thorey-Lyautey","codes_postaux":["54115"],"code_dep":"54","code_region":"44","population":119,"surface_km2":6.18,"lat":48.4484,"lon":6.029},{"code_insee":"54523","nom":"Thuilley-aux-Groseilles","codes_postaux":["54170"],"code_dep":"54","code_region":"44","population":447,"surface_km2":9.26,"lat":48.5799,"lon":5.9699},{"code_insee":"54524","nom":"Thumeréville","codes_postaux":["54800"],"code_dep":"54","code_region":"44","population":103,"surface_km2":8.02,"lat":49.2061,"lon":5.805},{"code_insee":"54525","nom":"Tiercelet","codes_postaux":["54190"],"code_dep":"54","code_region":"44","population":633,"surface_km2":7.78,"lat":49.4606,"lon":5.8839},{"code_insee":"54526","nom":"Tomblaine","codes_postaux":["54510"],"code_dep":"54","code_region":"44","population":9117,"surface_km2":5.53,"lat":48.6851,"lon":6.2212},{"code_insee":"54527","nom":"Tonnoy","codes_postaux":["54210"],"code_dep":"54","code_region":"44","population":645,"surface_km2":12.4,"lat":48.5552,"lon":6.2579},{"code_insee":"54528","nom":"Toul","codes_postaux":["54200"],"code_dep":"54","code_region":"44","population":15768,"surface_km2":30.88,"lat":48.6794,"lon":5.898},{"code_insee":"54529","nom":"Tramont-Émy","codes_postaux":["54115"],"code_dep":"54","code_region":"44","population":28,"surface_km2":3.95,"lat":48.4134,"lon":5.9484},{"code_insee":"54530","nom":"Tramont-Lassus","codes_postaux":["54115"],"code_dep":"54","code_region":"44","population":89,"surface_km2":5.8,"lat":48.4042,"lon":5.968},{"code_insee":"54531","nom":"Tramont-Saint-André","codes_postaux":["54115"],"code_dep":"54","code_region":"44","population":62,"surface_km2":7.04,"lat":48.414,"lon":5.9247},{"code_insee":"54532","nom":"Tremblecourt","codes_postaux":["54385"],"code_dep":"54","code_region":"44","population":155,"surface_km2":6.03,"lat":48.8065,"lon":5.945},{"code_insee":"54533","nom":"Trieux","codes_postaux":["54750"],"code_dep":"54","code_region":"44","population":2753,"surface_km2":8.83,"lat":49.3222,"lon":5.9507},{"code_insee":"54534","nom":"Trondes","codes_postaux":["54570"],"code_dep":"54","code_region":"44","population":522,"surface_km2":12.48,"lat":48.7244,"lon":5.7662},{"code_insee":"54535","nom":"Tronville","codes_postaux":["54800"],"code_dep":"54","code_region":"44","population":200,"surface_km2":6.95,"lat":49.0842,"lon":5.9207},{"code_insee":"54536","nom":"Tucquegnieux","codes_postaux":["54640"],"code_dep":"54","code_region":"44","population":2441,"surface_km2":9.14,"lat":49.3093,"lon":5.8947},{"code_insee":"54537","nom":"Ugny","codes_postaux":["54870"],"code_dep":"54","code_region":"44","population":689,"surface_km2":9.14,"lat":49.4653,"lon":5.7064},{"code_insee":"54538","nom":"Uruffe","codes_postaux":["54112"],"code_dep":"54","code_region":"44","population":365,"surface_km2":13.12,"lat":48.5688,"lon":5.743},{"code_insee":"54539","nom":"Vacqueville","codes_postaux":["54540"],"code_dep":"54","code_region":"44","population":230,"surface_km2":10.12,"lat":48.4792,"lon":6.8162},{"code_insee":"54540","nom":"Val-et-Châtillon","codes_postaux":["54480"],"code_dep":"54","code_region":"44","population":552,"surface_km2":18.31,"lat":48.553,"lon":7.0153},{"code_insee":"54541","nom":"Valhey","codes_postaux":["54370"],"code_dep":"54","code_region":"44","population":158,"surface_km2":6.23,"lat":48.6856,"lon":6.4948},{"code_insee":"54542","nom":"Valleroy","codes_postaux":["54910"],"code_dep":"54","code_region":"44","population":2375,"surface_km2":12.26,"lat":49.2151,"lon":5.9096},{"code_insee":"54543","nom":"Vallois","codes_postaux":["54830"],"code_dep":"54","code_region":"44","population":121,"surface_km2":7.33,"lat":48.4594,"lon":6.5462},{"code_insee":"54544","nom":"Vandelainville","codes_postaux":["54890"],"code_dep":"54","code_region":"44","population":144,"surface_km2":1.37,"lat":49.0302,"lon":5.9821},{"code_insee":"54545","nom":"Vandeléville","codes_postaux":["54115"],"code_dep":"54","code_region":"44","population":209,"surface_km2":10.02,"lat":48.4251,"lon":5.9867},{"code_insee":"54546","nom":"Vandières","codes_postaux":["54121"],"code_dep":"54","code_region":"44","population":934,"surface_km2":12.62,"lat":48.959,"lon":6.0094},{"code_insee":"54547","nom":"Vandœuvre-lès-Nancy","codes_postaux":["54500"],"code_dep":"54","code_region":"44","population":29942,"surface_km2":9.46,"lat":48.66,"lon":6.1603},{"code_insee":"54548","nom":"Vannes-le-Châtel","codes_postaux":["54112"],"code_dep":"54","code_region":"44","population":506,"surface_km2":17.4,"lat":48.5738,"lon":5.7849},{"code_insee":"54549","nom":"Varangéville","codes_postaux":["54110"],"code_dep":"54","code_region":"44","population":3536,"surface_km2":12.03,"lat":48.6405,"lon":6.3158},{"code_insee":"54550","nom":"Vathiménil","codes_postaux":["54122"],"code_dep":"54","code_region":"44","population":317,"surface_km2":12.21,"lat":48.5034,"lon":6.6134},{"code_insee":"54551","nom":"Vaucourt","codes_postaux":["54370"],"code_dep":"54","code_region":"44","population":64,"surface_km2":6.32,"lat":48.6676,"lon":6.688},{"code_insee":"54552","nom":"Vaudémont","codes_postaux":["54330"],"code_dep":"54","code_region":"44","population":70,"surface_km2":5.79,"lat":48.4214,"lon":6.0599},{"code_insee":"54553","nom":"Vaudeville","codes_postaux":["54740"],"code_dep":"54","code_region":"44","population":166,"surface_km2":9.08,"lat":48.4557,"lon":6.2093},{"code_insee":"54554","nom":"Vaudigny","codes_postaux":["54740"],"code_dep":"54","code_region":"44","population":84,"surface_km2":4.03,"lat":48.436,"lon":6.206},{"code_insee":"54555","nom":"Vaxainville","codes_postaux":["54120"],"code_dep":"54","code_region":"44","population":83,"surface_km2":3.63,"lat":48.5204,"lon":6.7554},{"code_insee":"54556","nom":"Vého","codes_postaux":["54450"],"code_dep":"54","code_region":"44","population":112,"surface_km2":7.82,"lat":48.6035,"lon":6.7114},{"code_insee":"54557","nom":"Bois-de-Haye","codes_postaux":["54840"],"code_dep":"54","code_region":"44","population":2312,"surface_km2":24.96,"lat":48.7002,"lon":6.0435},{"code_insee":"54558","nom":"Velaine-sous-Amance","codes_postaux":["54280"],"code_dep":"54","code_region":"44","population":286,"surface_km2":6.49,"lat":48.7168,"lon":6.3226},{"code_insee":"54559","nom":"Velle-sur-Moselle","codes_postaux":["54290"],"code_dep":"54","code_region":"44","population":327,"surface_km2":4.49,"lat":48.5287,"lon":6.2849},{"code_insee":"54560","nom":"Veney","codes_postaux":["54540"],"code_dep":"54","code_region":"44","population":49,"surface_km2":3.51,"lat":48.4615,"lon":6.8148},{"code_insee":"54561","nom":"Vennezey","codes_postaux":["54830"],"code_dep":"54","code_region":"44","population":37,"surface_km2":3.46,"lat":48.4428,"lon":6.4598},{"code_insee":"54562","nom":"Verdenal","codes_postaux":["54450"],"code_dep":"54","code_region":"44","population":120,"surface_km2":6.56,"lat":48.587,"lon":6.8028},{"code_insee":"54563","nom":"Vézelise","codes_postaux":["54330"],"code_dep":"54","code_region":"44","population":1346,"surface_km2":5.36,"lat":48.4838,"lon":6.0961},{"code_insee":"54564","nom":"Viéville-en-Haye","codes_postaux":["54470"],"code_dep":"54","code_region":"44","population":141,"surface_km2":8.56,"lat":48.941,"lon":5.9133},{"code_insee":"54565","nom":"Vigneulles","codes_postaux":["54360"],"code_dep":"54","code_region":"44","population":235,"surface_km2":5.65,"lat":48.5673,"lon":6.3491},{"code_insee":"54566","nom":"Vilcey-sur-Trey","codes_postaux":["54700"],"code_dep":"54","code_region":"44","population":145,"surface_km2":13.48,"lat":48.9417,"lon":5.9589},{"code_insee":"54567","nom":"Villacourt","codes_postaux":["54290"],"code_dep":"54","code_region":"44","population":360,"surface_km2":14.16,"lat":48.438,"lon":6.3404},{"code_insee":"54568","nom":"Ville-au-Montois","codes_postaux":["54620"],"code_dep":"54","code_region":"44","population":242,"surface_km2":12.36,"lat":49.4161,"lon":5.804},{"code_insee":"54569","nom":"Ville-au-Val","codes_postaux":["54380"],"code_dep":"54","code_region":"44","population":177,"surface_km2":5.74,"lat":48.8429,"lon":6.1323},{"code_insee":"54570","nom":"Villecey-sur-Mad","codes_postaux":["54890"],"code_dep":"54","code_region":"44","population":344,"surface_km2":7.38,"lat":48.9942,"lon":5.9475},{"code_insee":"54571","nom":"Ville-en-Vermois","codes_postaux":["54210"],"code_dep":"54","code_region":"44","population":599,"surface_km2":10.55,"lat":48.6162,"lon":6.2396},{"code_insee":"54572","nom":"Ville-Houdlémont","codes_postaux":["54730"],"code_dep":"54","code_region":"44","population":772,"surface_km2":6.0,"lat":49.5367,"lon":5.6536},{"code_insee":"54573","nom":"Villers-en-Haye","codes_postaux":["54380"],"code_dep":"54","code_region":"44","population":157,"surface_km2":7.33,"lat":48.8214,"lon":6.0073},{"code_insee":"54574","nom":"Villers-la-Chèvre","codes_postaux":["54870"],"code_dep":"54","code_region":"44","population":580,"surface_km2":4.01,"lat":49.5059,"lon":5.6907},{"code_insee":"54575","nom":"Villers-la-Montagne","codes_postaux":["54920"],"code_dep":"54","code_region":"44","population":1570,"surface_km2":18.19,"lat":49.4667,"lon":5.8294},{"code_insee":"54576","nom":"Villers-le-Rond","codes_postaux":["54260"],"code_dep":"54","code_region":"44","population":109,"surface_km2":4.48,"lat":49.4706,"lon":5.4872},{"code_insee":"54577","nom":"Villers-lès-Moivrons","codes_postaux":["54760"],"code_dep":"54","code_region":"44","population":144,"surface_km2":2.86,"lat":48.8135,"lon":6.2532},{"code_insee":"54578","nom":"Villers-lès-Nancy","codes_postaux":["54600"],"code_dep":"54","code_region":"44","population":14718,"surface_km2":9.94,"lat":48.6603,"lon":6.1276},{"code_insee":"54579","nom":"Villers-sous-Prény","codes_postaux":["54700"],"code_dep":"54","code_region":"44","population":332,"surface_km2":6.27,"lat":48.9417,"lon":5.9937},{"code_insee":"54580","nom":"Villerupt","codes_postaux":["54190"],"code_dep":"54","code_region":"44","population":10102,"surface_km2":6.45,"lat":49.466,"lon":5.9275},{"code_insee":"54581","nom":"Ville-sur-Yron","codes_postaux":["54800"],"code_dep":"54","code_region":"44","population":293,"surface_km2":11.18,"lat":49.1225,"lon":5.8712},{"code_insee":"54582","nom":"Villette","codes_postaux":["54260"],"code_dep":"54","code_region":"44","population":190,"surface_km2":4.68,"lat":49.4758,"lon":5.5536},{"code_insee":"54583","nom":"Villey-le-Sec","codes_postaux":["54840"],"code_dep":"54","code_region":"44","population":419,"surface_km2":6.43,"lat":48.6582,"lon":5.9796},{"code_insee":"54584","nom":"Villey-Saint-Étienne","codes_postaux":["54200"],"code_dep":"54","code_region":"44","population":1024,"surface_km2":17.51,"lat":48.7277,"lon":5.9668},{"code_insee":"54585","nom":"Virecourt","codes_postaux":["54290"],"code_dep":"54","code_region":"44","population":487,"surface_km2":5.09,"lat":48.4541,"lon":6.3202},{"code_insee":"54586","nom":"Viterne","codes_postaux":["54123"],"code_dep":"54","code_region":"44","population":738,"surface_km2":23.32,"lat":48.5835,"lon":6.0133},{"code_insee":"54587","nom":"Vitrey","codes_postaux":["54330"],"code_dep":"54","code_region":"44","population":193,"surface_km2":11.69,"lat":48.4921,"lon":6.0423},{"code_insee":"54588","nom":"Vitrimont","codes_postaux":["54300"],"code_dep":"54","code_region":"44","population":384,"surface_km2":11.86,"lat":48.5913,"lon":6.4433},{"code_insee":"54589","nom":"Vittonville","codes_postaux":["54700"],"code_dep":"54","code_region":"44","population":126,"surface_km2":4.02,"lat":48.9703,"lon":6.0607},{"code_insee":"54590","nom":"Viviers-sur-Chiers","codes_postaux":["54260"],"code_dep":"54","code_region":"44","population":657,"surface_km2":16.11,"lat":49.469,"lon":5.6315},{"code_insee":"54591","nom":"Voinémont","codes_postaux":["54134"],"code_dep":"54","code_region":"44","population":334,"surface_km2":4.11,"lat":48.5178,"lon":6.1767},{"code_insee":"54592","nom":"Vroncourt","codes_postaux":["54330"],"code_dep":"54","code_region":"44","population":273,"surface_km2":4.17,"lat":48.4598,"lon":6.077},{"code_insee":"54593","nom":"Waville","codes_postaux":["54890"],"code_dep":"54","code_region":"44","population":433,"surface_km2":11.45,"lat":49.0069,"lon":5.9363},{"code_insee":"54594","nom":"Xammes","codes_postaux":["54470"],"code_dep":"54","code_region":"44","population":174,"surface_km2":8.26,"lat":48.9764,"lon":5.8464},{"code_insee":"54595","nom":"Xermaménil","codes_postaux":["54300"],"code_dep":"54","code_region":"44","population":539,"surface_km2":10.84,"lat":48.5398,"lon":6.4805},{"code_insee":"54596","nom":"Xeuilley","codes_postaux":["54990"],"code_dep":"54","code_region":"44","population":959,"surface_km2":7.44,"lat":48.5615,"lon":6.0884},{"code_insee":"54597","nom":"Xirocourt","codes_postaux":["54740"],"code_dep":"54","code_region":"44","population":456,"surface_km2":11.48,"lat":48.4325,"lon":6.1813},{"code_insee":"54598","nom":"Xivry-Circourt","codes_postaux":["54490"],"code_dep":"54","code_region":"44","population":266,"surface_km2":12.26,"lat":49.3577,"lon":5.7642},{"code_insee":"54599","nom":"Xonville","codes_postaux":["54800"],"code_dep":"54","code_region":"44","population":108,"surface_km2":7.28,"lat":49.0559,"lon":5.8556},{"code_insee":"54600","nom":"Xousse","codes_postaux":["54370"],"code_dep":"54","code_region":"44","population":115,"surface_km2":6.16,"lat":48.6553,"lon":6.7046},{"code_insee":"54601","nom":"Xures","codes_postaux":["54370"],"code_dep":"54","code_region":"44","population":91,"surface_km2":7.04,"lat":48.6887,"lon":6.6578},{"code_insee":"54602","nom":"Han-devant-Pierrepont","codes_postaux":["54620"],"code_dep":"54","code_region":"44","population":144,"surface_km2":5.04,"lat":49.3966,"lon":5.7114}]