[{"code_insee":"58001","nom":"Achun","codes_postaux":["58110"],"code_dep":"58","code_region":"27","population":160,"surface_km2":24.69,"lat":47.1317,"lon":3.6605,"fibre_pct":100.0,"vivrescore":100},{"code_insee":"58002","nom":"Alligny-Cosne","codes_postaux":["58200"],"code_dep":"58","code_region":"27","population":926,"surface_km2":34.72,"lat":47.4463,"lon":3.0726,"fibre_pct":95.8,"vivrescore":100},{"code_insee":"58003","nom":"Alligny-en-Morvan","codes_postaux":["58230"],"code_dep":"58","code_region":"27","population":594,"surface_km2":48.91,"lat":47.2102,"lon":4.1674,"fibre_pct":87.4,"vivrescore":80},{"code_insee":"58004","nom":"Alluy","codes_postaux":["58110"],"code_dep":"58","code_region":"27","population":365,"surface_km2":27.59,"lat":47.036,"lon":3.6417,"fibre_pct":100.0,"vivrescore":100},{"code_insee":"58005","nom":"Amazy","codes_postaux":["58190"],"code_dep":"58","code_region":"27","population":208,"surface_km2":13.89,"lat":47.384,"lon":3.5697,"fibre_pct":100.0,"vivrescore":100},{"code_insee":"58006","nom":"Anlezy","codes_postaux":["58270"],"code_dep":"58","code_region":"27","population":240,"surface_km2":21.57,"lat":46.9688,"lon":3.4925,"fibre_pct":96.8,"vivrescore":100},{"code_insee":"58007","nom":"Annay","codes_postaux":["58450"],"code_dep":"58","code_region":"27","population":343,"surface_km2":26.58,"lat":47.5297,"lon":2.9415,"fibre_pct":100.0,"vivrescore":100},{"code_insee":"58008","nom":"Anthien","codes_postaux":["58800"],"code_dep":"58","code_region":"27","population":173,"surface_km2":19.7,"lat":47.3087,"lon":3.7265,"fibre_pct":100.0,"vivrescore":100},{"code_insee":"58009","nom":"Arbourse","codes_postaux":["58350"],"code_dep":"58","code_region":"27","population":123,"surface_km2":9.23,"lat":47.2478,"lon":3.2275,"fibre_pct":100.0,"vivrescore":100},{"code_insee":"58010","nom":"Arleuf","codes_postaux":["58430"],"code_dep":"58","code_region":"27","population":637,"surface_km2":60.12,"lat":47.0388,"lon":4.0175,"fibre_pct":100.0,"vivrescore":100},{"code_insee":"58011","nom":"Armes","codes_postaux":["58500"],"code_dep":"58","code_region":"27","population":266,"surface_km2":8.59,"lat":47.464,"lon":3.5591,"fibre_pct":97.6,"vivrescore":100},{"code_insee":"58012","nom":"Arquian","codes_postaux":["58310"],"code_dep":"58","code_region":"27","population":540,"surface_km2":33.89,"lat":47.5313,"lon":3.0008,"fibre_pct":96.3,"vivrescore":100},{"code_insee":"58013","nom":"Arthel","codes_postaux":["58700"],"code_dep":"58","code_region":"27","population":89,"surface_km2":7.79,"lat":47.243,"lon":3.4104,"fibre_pct":100.0,"vivrescore":100},{"code_insee":"58014","nom":"Arzembouy","codes_postaux":["58700"],"code_dep":"58","code_region":"27","population":70,"surface_km2":12.97,"lat":47.2452,"lon":3.3596,"fibre_pct":100.0,"vivrescore":100},{"code_insee":"58015","nom":"Asnan","codes_postaux":["58420"],"code_dep":"58","code_region":"27","population":118,"surface_km2":4.84,"lat":47.3105,"lon":3.5519,"fibre_pct":100.0,"vivrescore":100},{"code_insee":"58016","nom":"Asnois","codes_postaux":["58190"],"code_dep":"58","code_region":"27","population":141,"surface_km2":5.76,"lat":47.4011,"lon":3.5868,"fibre_pct":100.0,"vivrescore":100},{"code_insee":"58017","nom":"Aunay-en-Bazois","codes_postaux":["58110"],"code_dep":"58","code_region":"27","population":231,"surface_km2":45.25,"lat":47.1268,"lon":3.724,"fibre_pct":97.6,"vivrescore":100},{"code_insee":"58018","nom":"Authiou","codes_postaux":["58700"],"code_dep":"58","code_region":"27","population":41,"surface_km2":7.39,"lat":47.2676,"lon":3.4145,"fibre_pct":100.0,"vivrescore":100},{"code_insee":"58019","nom":"Avrée","codes_postaux":["58170"],"code_dep":"58","code_region":"27","population":83,"surface_km2":13.04,"lat":46.8251,"lon":3.8801,"fibre_pct":98.9,"vivrescore":100},{"code_insee":"58020","nom":"Avril-sur-Loire","codes_postaux":["58300"],"code_dep":"58","code_region":"27","population":245,"surface_km2":24.96,"lat":46.8041,"lon":3.3654,"fibre_pct":96.3,"vivrescore":100},{"code_insee":"58021","nom":"Azy-le-Vif","codes_postaux":["58240"],"code_dep":"58","code_region":"27","population":188,"surface_km2":47.1,"lat":46.7873,"lon":3.2268,"fibre_pct":95.3,"vivrescore":100},{"code_insee":"58023","nom":"Bazoches","codes_postaux":["58190"],"code_dep":"58","code_region":"27","population":160,"surface_km2":14.76,"lat":47.3686,"lon":3.7938,"fibre_pct":100.0,"vivrescore":100},{"code_insee":"58024","nom":"Bazolles","codes_postaux":["58110"],"code_dep":"58","code_region":"27","population":286,"surface_km2":28.63,"lat":47.145,"lon":3.6075,"fibre_pct":91.6,"vivrescore":80},{"code_insee":"58025","nom":"Béard","codes_postaux":["58160"],"code_dep":"58","code_region":"27","population":160,"surface_km2":7.62,"lat":46.8682,"lon":3.3238,"fibre_pct":98.2,"vivrescore":100},{"code_insee":"58026","nom":"Beaulieu","codes_postaux":["58420"],"code_dep":"58","code_region":"27","population":142,"surface_km2":15.66,"lat":47.2593,"lon":3.536,"fibre_pct":100.0,"vivrescore":100},{"code_insee":"58027","nom":"Beaumont-la-Ferrière","codes_postaux":["58700"],"code_dep":"58","code_region":"27","population":119,"surface_km2":28.54,"lat":47.1847,"lon":3.2364,"fibre_pct":96.5,"vivrescore":100},{"code_insee":"58028","nom":"Beaumont-Sardolles","codes_postaux":["58270"],"code_dep":"58","code_region":"27","population":114,"surface_km2":29.57,"lat":46.9358,"lon":3.3987,"fibre_pct":100.0,"vivrescore":100},{"code_insee":"58029","nom":"Beuvron","codes_postaux":["58210"],"code_dep":"58","code_region":"27","population":84,"surface_km2":9.59,"lat":47.351,"lon":3.4997,"fibre_pct":98.7,"vivrescore":100},{"code_insee":"58030","nom":"Biches","codes_postaux":["58110"],"code_dep":"58","code_region":"27","population":240,"surface_km2":24.62,"lat":46.9936,"lon":3.6583,"fibre_pct":91.4,"vivrescore":80},{"code_insee":"58031","nom":"Billy-Chevannes","codes_postaux":["58270"],"code_dep":"58","code_region":"27","population":326,"surface_km2":23.87,"lat":47.0108,"lon":3.4662,"fibre_pct":100.0,"vivrescore":100},{"code_insee":"58032","nom":"Billy-sur-Oisy","codes_postaux":["58500"],"code_dep":"58","code_region":"27","population":381,"surface_km2":26.72,"lat":47.4836,"lon":3.3962,"fibre_pct":100.0,"vivrescore":100},{"code_insee":"58033","nom":"Bitry","codes_postaux":["58310"],"code_dep":"58","code_region":"27","population":308,"surface_km2":17.67,"lat":47.4908,"lon":3.0891,"fibre_pct":100.0,"vivrescore":100},{"code_insee":"58034","nom":"Blismes","codes_postaux":["58120"],"code_dep":"58","code_region":"27","population":185,"surface_km2":26.93,"lat":47.1296,"lon":3.8227,"fibre_pct":97.4,"vivrescore":100},{"code_insee":"58035","nom":"Bona","codes_postaux":["58330"],"code_dep":"58","code_region":"27","population":296,"surface_km2":23.59,"lat":47.0636,"lon":3.426,"fibre_pct":100.0,"vivrescore":100},{"code_insee":"58036","nom":"Bouhy","codes_postaux":["58310"],"code_dep":"58","code_region":"27","population":410,"surface_km2":36.69,"lat":47.4897,"lon":3.1831,"fibre_pct":100.0,"vivrescore":100},{"code_insee":"58037","nom":"Brassy","codes_postaux":["58140"],"code_dep":"58","code_region":"27","population":603,"surface_km2":56.63,"lat":47.2584,"lon":3.9374,"fibre_pct":97.1,"vivrescore":100},{"code_insee":"58038","nom":"Breugnon","codes_postaux":["58460"],"code_dep":"58","code_region":"27","population":153,"surface_km2":13.49,"lat":47.4281,"lon":3.4576,"fibre_pct":100.0,"vivrescore":100},{"code_insee":"58039","nom":"Brèves","codes_postaux":["58530"],"code_dep":"58","code_region":"27","population":258,"surface_km2":16.59,"lat":47.4299,"lon":3.6223,"fibre_pct":100.0,"vivrescore":100},{"code_insee":"58040","nom":"Brinay","codes_postaux":["58110"],"code_dep":"58","code_region":"27","population":145,"surface_km2":16.09,"lat":47.0113,"lon":3.7058,"fibre_pct":91.6,"vivrescore":80},{"code_insee":"58041","nom":"Brinon-sur-Beuvron","codes_postaux":["58420"],"code_dep":"58","code_region":"27","population":168,"surface_km2":8.08,"lat":47.2844,"lon":3.4912,"fibre_pct":100.0,"vivrescore":100},{"code_insee":"58042","nom":"Bulcy","codes_postaux":["58400"],"code_dep":"58","code_region":"27","population":146,"surface_km2":8.47,"lat":47.2405,"lon":3.0271,"fibre_pct":91.5,"vivrescore":80},{"code_insee":"58043","nom":"Bussy-la-Pesle","codes_postaux":["58420"],"code_dep":"58","code_region":"27","population":50,"surface_km2":5.21,"lat":47.2547,"lon":3.4746,"fibre_pct":100.0,"vivrescore":100},{"code_insee":"58044","nom":"La Celle-sur-Loire","codes_postaux":["58440"],"code_dep":"58","code_region":"27","population":785,"surface_km2":21.72,"lat":47.4835,"lon":2.9403,"fibre_pct":97.8,"vivrescore":100},{"code_insee":"58045","nom":"La Celle-sur-Nièvre","codes_postaux":["58700"],"code_dep":"58","code_region":"27","population":152,"surface_km2":13.04,"lat":47.2174,"lon":3.2005,"fibre_pct":97.8,"vivrescore":100},{"code_insee":"58046","nom":"Cercy-la-Tour","codes_postaux":["58340"],"code_dep":"58","code_region":"27","population":1653,"surface_km2":45.63,"lat":46.8492,"lon":3.6457,"fibre_pct":100.0,"vivrescore":100},{"code_insee":"58047","nom":"Cervon","codes_postaux":["58800"],"code_dep":"58","code_region":"27","population":588,"surface_km2":54.13,"lat":47.2415,"lon":3.744,"fibre_pct":98.9,"vivrescore":100},{"code_insee":"58048","nom":"Cessy-les-Bois","codes_postaux":["58220"],"code_dep":"58","code_region":"27","population":115,"surface_km2":17.64,"lat":47.3332,"lon":3.2194,"fibre_pct":100.0,"vivrescore":100},{"code_insee":"58049","nom":"Chalaux","codes_postaux":["58140"],"code_dep":"58","code_region":"27","population":89,"surface_km2":10.16,"lat":47.3348,"lon":3.9129,"fibre_pct":100.0,"vivrescore":100},{"code_insee":"58050","nom":"Challement","codes_postaux":["58420"],"code_dep":"58","code_region":"27","population":45,"surface_km2":9.59,"lat":47.3124,"lon":3.5974,"fibre_pct":100.0,"vivrescore":100},{"code_insee":"58051","nom":"Challuy","codes_postaux":["58000"],"code_dep":"58","code_region":"27","population":1453,"surface_km2":18.98,"lat":46.9446,"lon":3.1368,"fibre_pct":98.3,"vivrescore":100},{"code_insee":"58052","nom":"Champallement","codes_postaux":["58420"],"code_dep":"58","code_region":"27","population":56,"surface_km2":8.13,"lat":47.2297,"lon":3.4795,"fibre_pct":100.0,"vivrescore":100},{"code_insee":"58053","nom":"Champlemy","codes_postaux":["58210"],"code_dep":"58","code_region":"27","population":305,"surface_km2":37.01,"lat":47.2869,"lon":3.3328,"fibre_pct":95.7,"vivrescore":100},{"code_insee":"58054","nom":"Champlin","codes_postaux":["58700"],"code_dep":"58","code_region":"27","population":45,"surface_km2":7.98,"lat":47.2449,"lon":3.4506,"fibre_pct":99.9,"vivrescore":100},{"code_insee":"58055","nom":"Champvert","codes_postaux":["58300"],"code_dep":"58","code_region":"27","population":741,"surface_km2":46.48,"lat":46.8535,"lon":3.5305,"fibre_pct":93.5,"vivrescore":80},{"code_insee":"58056","nom":"Champvoux","codes_postaux":["58400"],"code_dep":"58","code_region":"27","population":282,"surface_km2":10.8,"lat":47.1459,"lon":3.0718,"fibre_pct":100.0,"vivrescore":100},{"code_insee":"58057","nom":"Chantenay-Saint-Imbert","codes_postaux":["58240"],"code_dep":"58","code_region":"27","population":1073,"surface_km2":41.93,"lat":46.7394,"lon":3.1681,"fibre_pct":99.7,"vivrescore":100},{"code_insee":"58058","nom":"La Chapelle-Saint-André","codes_postaux":["58210"],"code_dep":"58","code_region":"27","population":313,"surface_km2":27.3,"lat":47.3998,"lon":3.3254,"fibre_pct":97.3,"vivrescore":100},{"code_insee":"58059","nom":"La Charité-sur-Loire","codes_postaux":["58400"],"code_dep":"58","code_region":"27","population":4705,"surface_km2":15.83,"lat":47.183,"lon":3.0291,"fibre_pct":92.6,"vivrescore":80},{"code_insee":"58060","nom":"Charrin","codes_postaux":["58300"],"code_dep":"58","code_region":"27","population":605,"surface_km2":26.21,"lat":46.7993,"lon":3.599,"fibre_pct":98.5,"vivrescore":100},{"code_insee":"58061","nom":"Chasnay","codes_postaux":["58350"],"code_dep":"58","code_region":"27","population":128,"surface_km2":11.85,"lat":47.2351,"lon":3.1738,"fibre_pct":100.0,"vivrescore":100},{"code_insee":"58062","nom":"Château-Chinon (Ville)","codes_postaux":["58120"],"code_dep":"58","code_region":"27","population":1770,"surface_km2":4.18,"lat":47.066,"lon":3.9261,"fibre_pct":84.6,"vivrescore":80},{"code_insee":"58063","nom":"Château-Chinon (Campagne)","codes_postaux":["58120"],"code_dep":"58","code_region":"27","population":554,"surface_km2":28.54,"lat":47.0559,"lon":3.9408,"fibre_pct":96.0,"vivrescore":100},{"code_insee":"58064","nom":"Châteauneuf-Val-de-Bargis","codes_postaux":["58350"],"code_dep":"58","code_region":"27","population":499,"surface_km2":48.04,"lat":47.2807,"lon":3.2129,"fibre_pct":100.0,"vivrescore":100},{"code_insee":"58065","nom":"Châtillon-en-Bazois","codes_postaux":["58110"],"code_dep":"58","code_region":"27","population":795,"surface_km2":19.33,"lat":47.0554,"lon":3.6546,"fibre_pct":98.3,"vivrescore":100},{"code_insee":"58066","nom":"Châtin","codes_postaux":["58120"],"code_dep":"58","code_region":"27","population":84,"surface_km2":13.01,"lat":47.1048,"lon":3.8858,"fibre_pct":96.6,"vivrescore":100},{"code_insee":"58067","nom":"Chaulgnes","codes_postaux":["58400"],"code_dep":"58","code_region":"27","population":1500,"surface_km2":25.35,"lat":47.1242,"lon":3.1104,"fibre_pct":99.3,"vivrescore":100},{"code_insee":"58068","nom":"Chaumard","codes_postaux":["58120"],"code_dep":"58","code_region":"27","population":192,"surface_km2":19.88,"lat":47.1447,"lon":3.9151,"fibre_pct":95.6,"vivrescore":100},{"code_insee":"58069","nom":"Chaumot","codes_postaux":["58800"],"code_dep":"58","code_region":"27","population":164,"surface_km2":7.92,"lat":47.2506,"lon":3.6425,"fibre_pct":99.1,"vivrescore":100},{"code_insee":"58070","nom":"Chazeuil","codes_postaux":["58700"],"code_dep":"58","code_region":"27","population":60,"surface_km2":4.66,"lat":47.2743,"lon":3.4034,"fibre_pct":100.0,"vivrescore":100},{"code_insee":"58071","nom":"Chevannes-Changy","codes_postaux":["58420"],"code_dep":"58","code_region":"27","population":136,"surface_km2":18.94,"lat":47.2889,"lon":3.4547,"fibre_pct":100.0,"vivrescore":100},{"code_insee":"58072","nom":"Chevenon","codes_postaux":["58160"],"code_dep":"58","code_region":"27","population":635,"surface_km2":33.0,"lat":46.9128,"lon":3.2288,"fibre_pct":97.7,"vivrescore":100},{"code_insee":"58073","nom":"Chevroches","codes_postaux":["58500"],"code_dep":"58","code_region":"27","population":113,"surface_km2":3.27,"lat":47.4458,"lon":3.5445,"fibre_pct":100.0,"vivrescore":100},{"code_insee":"58074","nom":"Chiddes","codes_postaux":["58170"],"code_dep":"58","code_region":"27","population":353,"surface_km2":26.12,"lat":46.863,"lon":3.9318,"fibre_pct":100.0,"vivrescore":100},{"code_insee":"58075","nom":"Chitry-les-Mines","codes_postaux":["58800"],"code_dep":"58","code_region":"27","population":216,"surface_km2":5.83,"lat":47.2748,"lon":3.6623,"fibre_pct":100.0,"vivrescore":100},{"code_insee":"58076","nom":"Chougny","codes_postaux":["58110"],"code_dep":"58","code_region":"27","population":85,"surface_km2":14.9,"lat":47.0876,"lon":3.759,"fibre_pct":94.6,"vivrescore":80},{"code_insee":"58077","nom":"Ciez","codes_postaux":["58220"],"code_dep":"58","code_region":"27","population":378,"surface_km2":28.3,"lat":47.443,"lon":3.1643,"fibre_pct":100.0,"vivrescore":100},{"code_insee":"58078","nom":"Cizely","codes_postaux":["58270"],"code_dep":"58","code_region":"27","population":51,"surface_km2":7.16,"lat":46.985,"lon":3.4656,"fibre_pct":100.0,"vivrescore":100},{"code_insee":"58079","nom":"Clamecy","codes_postaux":["58500"],"code_dep":"58","code_region":"27","population":3544,"surface_km2":30.88,"lat":47.4588,"lon":3.5188,"fibre_pct":88.4,"vivrescore":80},{"code_insee":"58080","nom":"La Collancelle","codes_postaux":["58800"],"code_dep":"58","code_region":"27","population":158,"surface_km2":23.44,"lat":47.1779,"lon":3.6453,"fibre_pct":95.6,"vivrescore":100},{"code_insee":"58081","nom":"Colméry","codes_postaux":["58350"],"code_dep":"58","code_region":"27","population":268,"surface_km2":24.28,"lat":47.346,"lon":3.2441,"fibre_pct":100.0,"vivrescore":100},{"code_insee":"58082","nom":"Corancy","codes_postaux":["58120"],"code_dep":"58","code_region":"27","population":275,"surface_km2":30.13,"lat":47.1092,"lon":3.9638,"fibre_pct":100.0,"vivrescore":100},{"code_insee":"58083","nom":"Corbigny","codes_postaux":["58800"],"code_dep":"58","code_region":"27","population":1327,"surface_km2":20.17,"lat":47.2553,"lon":3.6947,"fibre_pct":99.5,"vivrescore":100},{"code_insee":"58084","nom":"Corvol-d'Embernard","codes_postaux":["58210"],"code_dep":"58","code_region":"27","population":117,"surface_km2":9.89,"lat":47.2943,"lon":3.4002,"fibre_pct":100.0,"vivrescore":100},{"code_insee":"58085","nom":"Corvol-l'Orgueilleux","codes_postaux":["58460"],"code_dep":"58","code_region":"27","population":721,"surface_km2":30.34,"lat":47.4342,"lon":3.3716,"fibre_pct":99.8,"vivrescore":100},{"code_insee":"58086","nom":"Cosne-Cours-sur-Loire","codes_postaux":["58200"],"code_dep":"58","code_region":"27","population":9733,"surface_km2":53.75,"lat":47.414,"lon":2.9419,"fibre_pct":96.8,"vivrescore":100},{"code_insee":"58087","nom":"Cossaye","codes_postaux":["58300"],"code_dep":"58","code_region":"27","population":652,"surface_km2":51.78,"lat":46.7556,"lon":3.511,"fibre_pct":100.0,"vivrescore":100},{"code_insee":"58088","nom":"Coulanges-lès-Nevers","codes_postaux":["58660"],"code_dep":"58","code_region":"27","population":3688,"surface_km2":10.61,"lat":47.0157,"lon":3.2005,"fibre_pct":98.9,"vivrescore":100},{"code_insee":"58089","nom":"Couloutre","codes_postaux":["58220"],"code_dep":"58","code_region":"27","population":234,"surface_km2":21.2,"lat":47.3989,"lon":3.2232,"fibre_pct":98.5,"vivrescore":100},{"code_insee":"58090","nom":"Courcelles","codes_postaux":["58210"],"code_dep":"58","code_region":"27","population":233,"surface_km2":9.65,"lat":47.4013,"lon":3.3924,"fibre_pct":93.1,"vivrescore":80},{"code_insee":"58092","nom":"Crux-la-Ville","codes_postaux":["58330"],"code_dep":"58","code_region":"27","population":399,"surface_km2":46.02,"lat":47.1556,"lon":3.53,"fibre_pct":100.0,"vivrescore":100},{"code_insee":"58093","nom":"Cuncy-lès-Varzy","codes_postaux":["58210"],"code_dep":"58","code_region":"27","population":120,"surface_km2":15.31,"lat":47.3619,"lon":3.4585,"fibre_pct":92.7,"vivrescore":80},{"code_insee":"58094","nom":"Dampierre-sous-Bouhy","codes_postaux":["58310"],"code_dep":"58","code_region":"27","population":461,"surface_km2":27.17,"lat":47.5061,"lon":3.1323,"fibre_pct":100.0,"vivrescore":100},{"code_insee":"58095","nom":"Decize","codes_postaux":["58300"],"code_dep":"58","code_region":"27","population":4932,"surface_km2":48.33,"lat":46.809,"lon":3.4695,"fibre_pct":93.3,"vivrescore":80},{"code_insee":"58096","nom":"Devay","codes_postaux":["58300"],"code_dep":"58","code_region":"27","population":460,"surface_km2":12.6,"lat":46.8022,"lon":3.5375,"fibre_pct":100.0,"vivrescore":100},{"code_insee":"58097","nom":"Diennes-Aubigny","codes_postaux":["58340"],"code_dep":"58","code_region":"27","population":88,"surface_km2":37.37,"lat":46.9185,"lon":3.5751,"fibre_pct":99.4,"vivrescore":100},{"code_insee":"58098","nom":"Dirol","codes_postaux":["58190"],"code_dep":"58","code_region":"27","population":104,"surface_km2":9.62,"lat":47.3223,"lon":3.6424,"fibre_pct":99.3,"vivrescore":100},{"code_insee":"58099","nom":"Dommartin","codes_postaux":["58120"],"code_dep":"58","code_region":"27","population":154,"surface_km2":13.54,"lat":47.0709,"lon":3.8479,"fibre_pct":100.0,"vivrescore":100},{"code_insee":"58101","nom":"Dompierre-sur-Nièvre","codes_postaux":["58350"],"code_dep":"58","code_region":"27","population":180,"surface_km2":18.61,"lat":47.2327,"lon":3.2556,"fibre_pct":100.0,"vivrescore":100},{"code_insee":"58102","nom":"Donzy","codes_postaux":["58220"],"code_dep":"58","code_region":"27","population":1525,"surface_km2":63.47,"lat":47.3798,"lon":3.1171,"fibre_pct":92.8,"vivrescore":80},{"code_insee":"58103","nom":"Dornecy","codes_postaux":["58530"],"code_dep":"58","code_region":"27","population":451,"surface_km2":17.42,"lat":47.4428,"lon":3.5891,"fibre_pct":99.8,"vivrescore":100},{"code_insee":"58104","nom":"Dornes","codes_postaux":["58390"],"code_dep":"58","code_region":"27","population":1437,"surface_km2":40.07,"lat":46.7196,"lon":3.3373,"fibre_pct":99.9,"vivrescore":100},{"code_insee":"58105","nom":"Druy-Parigny","codes_postaux":["58160"],"code_dep":"58","code_region":"27","population":298,"surface_km2":25.13,"lat":46.8771,"lon":3.3749,"fibre_pct":100.0,"vivrescore":100},{"code_insee":"58106","nom":"Dun-les-Places","codes_postaux":["58230"],"code_dep":"58","code_region":"27","population":358,"surface_km2":45.19,"lat":47.2868,"lon":4.0174,"fibre_pct":94.5,"vivrescore":80},{"code_insee":"58107","nom":"Dun-sur-Grandry","codes_postaux":["58110"],"code_dep":"58","code_region":"27","population":151,"surface_km2":11.89,"lat":47.0877,"lon":3.7996,"fibre_pct":93.0,"vivrescore":80},{"code_insee":"58108","nom":"Empury","codes_postaux":["58140"],"code_dep":"58","code_region":"27","population":72,"surface_km2":11.8,"lat":47.3484,"lon":3.8207,"fibre_pct":96.1,"vivrescore":100},{"code_insee":"58109","nom":"Entrains-sur-Nohain","codes_postaux":["58410"],"code_dep":"58","code_region":"27","population":740,"surface_km2":59.78,"lat":47.4559,"lon":3.2763,"fibre_pct":98.8,"vivrescore":100},{"code_insee":"58110","nom":"Epiry","codes_postaux":["58800"],"code_dep":"58","code_region":"27","population":225,"surface_km2":12.21,"lat":47.1718,"lon":3.7308,"fibre_pct":97.2,"vivrescore":100},{"code_insee":"58111","nom":"Fâchin","codes_postaux":["58430"],"code_dep":"58","code_region":"27","population":106,"surface_km2":13.94,"lat":47.0019,"lon":3.9683,"fibre_pct":100.0,"vivrescore":100},{"code_insee":"58112","nom":"La Fermeté","codes_postaux":["58160"],"code_dep":"58","code_region":"27","population":617,"surface_km2":35.65,"lat":46.9587,"lon":3.3295,"fibre_pct":100.0,"vivrescore":100},{"code_insee":"58113","nom":"Fertrève","codes_postaux":["58270"],"code_dep":"58","code_region":"27","population":89,"surface_km2":24.83,"lat":46.9615,"lon":3.5892,"fibre_pct":94.9,"vivrescore":80},{"code_insee":"58114","nom":"Fléty","codes_postaux":["58170"],"code_dep":"58","code_region":"27","population":94,"surface_km2":20.25,"lat":46.8006,"lon":3.9095,"fibre_pct":99.3,"vivrescore":100},{"code_insee":"58115","nom":"Fleury-sur-Loire","codes_postaux":["58240"],"code_dep":"58","code_region":"27","population":230,"surface_km2":19.85,"lat":46.8307,"lon":3.3173,"fibre_pct":93.8,"vivrescore":80},{"code_insee":"58116","nom":"Flez-Cuzy","codes_postaux":["58190"],"code_dep":"58","code_region":"27","population":134,"surface_km2":5.96,"lat":47.3592,"lon":3.6315,"fibre_pct":99.1,"vivrescore":100},{"code_insee":"58117","nom":"Fourchambault","codes_postaux":["58600"],"code_dep":"58","code_region":"27","population":3992,"surface_km2":4.45,"lat":47.0159,"lon":3.0932,"fibre_pct":93.0,"vivrescore":80},{"code_insee":"58118","nom":"Fours","codes_postaux":["58250"],"code_dep":"58","code_region":"27","population":582,"surface_km2":25.79,"lat":46.8114,"lon":3.722,"fibre_pct":96.2,"vivrescore":100},{"code_insee":"58119","nom":"Frasnay-Reugny","codes_postaux":["58270"],"code_dep":"58","code_region":"27","population":79,"surface_km2":13.94,"lat":46.9901,"lon":3.5237,"fibre_pct":100.0,"vivrescore":100},{"code_insee":"58120","nom":"Gâcogne","codes_postaux":["58140"],"code_dep":"58","code_region":"27","population":233,"surface_km2":25.61,"lat":47.2321,"lon":3.8788,"fibre_pct":87.6,"vivrescore":80},{"code_insee":"58121","nom":"Garchizy","codes_postaux":["58600"],"code_dep":"58","code_region":"27","population":3648,"surface_km2":16.55,"lat":47.0445,"lon":3.0944,"fibre_pct":97.2,"vivrescore":100},{"code_insee":"58122","nom":"Garchy","codes_postaux":["58150"],"code_dep":"58","code_region":"27","population":424,"surface_km2":21.39,"lat":47.2776,"lon":3.0476,"fibre_pct":100.0,"vivrescore":100},{"code_insee":"58123","nom":"Germenay","codes_postaux":["58800"],"code_dep":"58","code_region":"27","population":118,"surface_km2":12.93,"lat":47.2886,"lon":3.5993,"fibre_pct":97.6,"vivrescore":100},{"code_insee":"58124","nom":"Germigny-sur-Loire","codes_postaux":["58320"],"code_dep":"58","code_region":"27","population":738,"surface_km2":18.89,"lat":47.0762,"lon":3.0479,"fibre_pct":99.0,"vivrescore":100},{"code_insee":"58125","nom":"Gien-sur-Cure","codes_postaux":["58230"],"code_dep":"58","code_region":"27","population":90,"surface_km2":11.02,"lat":47.1425,"lon":4.0892,"fibre_pct":95.3,"vivrescore":100},{"code_insee":"58126","nom":"Gimouille","codes_postaux":["58470"],"code_dep":"58","code_region":"27","population":405,"surface_km2":14.19,"lat":46.9397,"lon":3.0942,"fibre_pct":100.0,"vivrescore":100},{"code_insee":"58127","nom":"Giry","codes_postaux":["58700"],"code_dep":"58","code_region":"27","population":187,"surface_km2":23.79,"lat":47.2152,"lon":3.3305,"fibre_pct":100.0,"vivrescore":100},{"code_insee":"58128","nom":"Glux-en-Glenne","codes_postaux":["58370"],"code_dep":"58","code_region":"27","population":87,"surface_km2":21.97,"lat":46.9541,"lon":4.019,"fibre_pct":100.0,"vivrescore":100},{"code_insee":"58129","nom":"Gouloux","codes_postaux":["58230"],"code_dep":"58","code_region":"27","population":164,"surface_km2":21.93,"lat":47.2314,"lon":4.0843,"fibre_pct":90.6,"vivrescore":80},{"code_insee":"58130","nom":"Grenois","codes_postaux":["58420"],"code_dep":"58","code_region":"27","population":93,"surface_km2":14.5,"lat":47.3183,"lon":3.52,"fibre_pct":100.0,"vivrescore":100},{"code_insee":"58131","nom":"Guérigny","codes_postaux":["58130"],"code_dep":"58","code_region":"27","population":2505,"surface_km2":7.47,"lat":47.0972,"lon":3.2177,"fibre_pct":99.3,"vivrescore":100},{"code_insee":"58132","nom":"Guipy","codes_postaux":["58420"],"code_dep":"58","code_region":"27","population":222,"surface_km2":18.46,"lat":47.228,"lon":3.5825,"fibre_pct":100.0,"vivrescore":100},{"code_insee":"58133","nom":"Héry","codes_postaux":["58800"],"code_dep":"58","code_region":"27","population":72,"surface_km2":7.8,"lat":47.2617,"lon":3.5932,"fibre_pct":100.0,"vivrescore":100},{"code_insee":"58134","nom":"Imphy","codes_postaux":["58160"],"code_dep":"58","code_region":"27","population":3182,"surface_km2":16.59,"lat":46.9366,"lon":3.2815,"fibre_pct":92.8,"vivrescore":80},{"code_insee":"58135","nom":"Isenay","codes_postaux":["58290"],"code_dep":"58","code_region":"27","population":94,"surface_km2":20.51,"lat":46.9124,"lon":3.7127,"fibre_pct":100.0,"vivrescore":100},{"code_insee":"58136","nom":"Jailly","codes_postaux":["58330"],"code_dep":"58","code_region":"27","population":67,"surface_km2":10.92,"lat":47.0853,"lon":3.4693,"fibre_pct":100.0,"vivrescore":100},{"code_insee":"58137","nom":"Lamenay-sur-Loire","codes_postaux":["58300"],"code_dep":"58","code_region":"27","population":64,"surface_km2":12.02,"lat":46.7459,"lon":3.5788,"fibre_pct":87.5,"vivrescore":80},{"code_insee":"58138","nom":"Langeron","codes_postaux":["58240"],"code_dep":"58","code_region":"27","population":337,"surface_km2":20.33,"lat":46.818,"lon":3.0832,"fibre_pct":100.0,"vivrescore":100},{"code_insee":"58139","nom":"Lanty","codes_postaux":["58250"],"code_dep":"58","code_region":"27","population":126,"surface_km2":12.09,"lat":46.8085,"lon":3.8288,"fibre_pct":93.5,"vivrescore":80},{"code_insee":"58140","nom":"Larochemillay","codes_postaux":["58370"],"code_dep":"58","code_region":"27","population":226,"surface_km2":40.39,"lat":46.8855,"lon":3.9836,"fibre_pct":93.4,"vivrescore":80},{"code_insee":"58141","nom":"Lavault-de-Frétoy","codes_postaux":["58230"],"code_dep":"58","code_region":"27","population":65,"surface_km2":15.27,"lat":47.1024,"lon":4.0162,"fibre_pct":92.5,"vivrescore":80},{"code_insee":"58142","nom":"Limanton","codes_postaux":["58290"],"code_dep":"58","code_region":"27","population":242,"surface_km2":46.91,"lat":46.9835,"lon":3.7344,"fibre_pct":90.8,"vivrescore":80},{"code_insee":"58143","nom":"Limon","codes_postaux":["58270"],"code_dep":"58","code_region":"27","population":151,"surface_km2":8.07,"lat":46.9649,"lon":3.3945,"fibre_pct":98.9,"vivrescore":100},{"code_insee":"58144","nom":"Livry","codes_postaux":["58240"],"code_dep":"58","code_region":"27","population":643,"surface_km2":26.97,"lat":46.7714,"lon":3.072,"fibre_pct":100.0,"vivrescore":100},{"code_insee":"58145","nom":"Lormes","codes_postaux":["58140"],"code_dep":"58","code_region":"27","population":1251,"surface_km2":51.98,"lat":47.2941,"lon":3.827,"fibre_pct":100.0,"vivrescore":100},{"code_insee":"58146","nom":"Lucenay-lès-Aix","codes_postaux":["58380"],"code_dep":"58","code_region":"27","population":936,"surface_km2":55.93,"lat":46.694,"lon":3.4947,"fibre_pct":99.9,"vivrescore":100},{"code_insee":"58147","nom":"Lurcy-le-Bourg","codes_postaux":["58700"],"code_dep":"58","code_region":"27","population":275,"surface_km2":22.78,"lat":47.167,"lon":3.3962,"fibre_pct":100.0,"vivrescore":100},{"code_insee":"58148","nom":"Luthenay-Uxeloup","codes_postaux":["58240"],"code_dep":"58","code_region":"27","population":606,"surface_km2":38.98,"lat":46.8583,"lon":3.2686,"fibre_pct":99.7,"vivrescore":100},{"code_insee":"58149","nom":"Luzy","codes_postaux":["58170"],"code_dep":"58","code_region":"27","population":2006,"surface_km2":41.96,"lat":46.7986,"lon":3.9929,"fibre_pct":97.4,"vivrescore":100},{"code_insee":"58150","nom":"Lys","codes_postaux":["58190"],"code_dep":"58","code_region":"27","population":104,"surface_km2":10.76,"lat":47.3361,"lon":3.6003,"fibre_pct":100.0,"vivrescore":100},{"code_insee":"58151","nom":"La Machine","codes_postaux":["58260"],"code_dep":"58","code_region":"27","population":3192,"surface_km2":18.13,"lat":46.8875,"lon":3.4617,"fibre_pct":100.0,"vivrescore":100},{"code_insee":"58152","nom":"Magny-Cours","codes_postaux":["58470"],"code_dep":"58","code_region":"27","population":1432,"surface_km2":32.22,"lat":46.8906,"lon":3.1562,"fibre_pct":99.5,"vivrescore":100},{"code_insee":"58153","nom":"Magny-Lormes","codes_postaux":["58800"],"code_dep":"58","code_region":"27","population":67,"surface_km2":8.44,"lat":47.2904,"lon":3.7479,"fibre_pct":100.0,"vivrescore":100},{"code_insee":"58154","nom":"La Maison-Dieu","codes_postaux":["58190"],"code_dep":"58","code_region":"27","population":113,"surface_km2":13.85,"lat":47.4255,"lon":3.6704,"fibre_pct":100.0,"vivrescore":100},{"code_insee":"58155","nom":"La Marche","codes_postaux":["58400"],"code_dep":"58","code_region":"27","population":509,"surface_km2":10.84,"lat":47.148,"lon":3.0453,"fibre_pct":100.0,"vivrescore":100},{"code_insee":"58156","nom":"Marcy","codes_postaux":["58210"],"code_dep":"58","code_region":"27","population":139,"surface_km2":14.6,"lat":47.3203,"lon":3.3997,"fibre_pct":100.0,"vivrescore":100},{"code_insee":"58157","nom":"Marigny-l'Église","codes_postaux":["58140"],"code_dep":"58","code_region":"27","population":294,"surface_km2":39.91,"lat":47.3445,"lon":3.9346,"fibre_pct":96.8,"vivrescore":100},{"code_insee":"58158","nom":"Mars-sur-Allier","codes_postaux":["58240"],"code_dep":"58","code_region":"27","population":301,"surface_km2":21.19,"lat":46.8597,"lon":3.0879,"fibre_pct":96.1,"vivrescore":100},{"code_insee":"58159","nom":"Marigny-sur-Yonne","codes_postaux":["58800"],"code_dep":"58","code_region":"27","population":191,"surface_km2":11.31,"lat":47.2871,"lon":3.643,"fibre_pct":100.0,"vivrescore":100},{"code_insee":"58160","nom":"Marzy","codes_postaux":["58180"],"code_dep":"58","code_region":"27","population":3623,"surface_km2":21.61,"lat":46.9865,"lon":3.0942,"fibre_pct":98.1,"vivrescore":100},{"code_insee":"58161","nom":"Maux","codes_postaux":["58290"],"code_dep":"58","code_region":"27","population":140,"surface_km2":22.79,"lat":47.0405,"lon":3.7729,"fibre_pct":90.9,"vivrescore":80},{"code_insee":"58162","nom":"Menestreau","codes_postaux":["58410"],"code_dep":"58","code_region":"27","population":96,"surface_km2":19.44,"lat":47.4115,"lon":3.2638,"fibre_pct":92.4,"vivrescore":80},{"code_insee":"58163","nom":"Menou","codes_postaux":["58210"],"code_dep":"58","code_region":"27","population":179,"surface_km2":17.58,"lat":47.3664,"lon":3.2817,"fibre_pct":97.9,"vivrescore":100},{"code_insee":"58164","nom":"Mesves-sur-Loire","codes_postaux":["58400"],"code_dep":"58","code_region":"27","population":662,"surface_km2":18.94,"lat":47.2329,"lon":3.0089,"fibre_pct":99.8,"vivrescore":100},{"code_insee":"58165","nom":"Metz-le-Comte","codes_postaux":["58190"],"code_dep":"58","code_region":"27","population":177,"surface_km2":14.4,"lat":47.3925,"lon":3.6405,"fibre_pct":100.0,"vivrescore":100},{"code_insee":"58166","nom":"Mhère","codes_postaux":["58140"],"code_dep":"58","code_region":"27","population":226,"surface_km2":25.19,"lat":47.1946,"lon":3.8611,"fibre_pct":89.9,"vivrescore":80},{"code_insee":"58168","nom":"Millay","codes_postaux":["58170"],"code_dep":"58","code_region":"27","population":440,"surface_km2":37.43,"lat":46.8363,"lon":3.9813,"fibre_pct":96.0,"vivrescore":100},{"code_insee":"58169","nom":"Moissy-Moulinot","codes_postaux":["58190"],"code_dep":"58","code_region":"27","population":14,"surface_km2":2.87,"lat":47.3275,"lon":3.7053,"fibre_pct":100.0,"vivrescore":100},{"code_insee":"58170","nom":"Monceaux-le-Comte","codes_postaux":["58190"],"code_dep":"58","code_region":"27","population":128,"surface_km2":3.35,"lat":47.331,"lon":3.6637,"fibre_pct":98.5,"vivrescore":100},{"code_insee":"58171","nom":"Montapas","codes_postaux":["58110"],"code_dep":"58","code_region":"27","population":269,"surface_km2":23.79,"lat":47.0816,"lon":3.5852,"fibre_pct":94.9,"vivrescore":80},{"code_insee":"58172","nom":"Montambert","codes_postaux":["58250"],"code_dep":"58","code_region":"27","population":114,"surface_km2":26.28,"lat":46.7736,"lon":3.689,"fibre_pct":100.0,"vivrescore":100},{"code_insee":"58173","nom":"Montaron","codes_postaux":["58250"],"code_dep":"58","code_region":"27","population":159,"surface_km2":33.92,"lat":46.8803,"lon":3.7476,"fibre_pct":100.0,"vivrescore":100},{"code_insee":"58174","nom":"Montenoison","codes_postaux":["58700"],"code_dep":"58","code_region":"27","population":129,"surface_km2":16.8,"lat":47.2151,"lon":3.4173,"fibre_pct":100.0,"vivrescore":100},{"code_insee":"58175","nom":"Mont-et-Marré","codes_postaux":["58110"],"code_dep":"58","code_region":"27","population":155,"surface_km2":18.21,"lat":47.0902,"lon":3.6432,"fibre_pct":91.2,"vivrescore":80},{"code_insee":"58176","nom":"Montigny-aux-Amognes","codes_postaux":["58130"],"code_dep":"58","code_region":"27","population":621,"surface_km2":25.15,"lat":47.0243,"lon":3.2792,"fibre_pct":99.7,"vivrescore":100},{"code_insee":"58177","nom":"Montigny-en-Morvan","codes_postaux":["58120"],"code_dep":"58","code_region":"27","population":308,"surface_km2":21.36,"lat":47.1422,"lon":3.8603,"fibre_pct":100.0,"vivrescore":100},{"code_insee":"58178","nom":"Montigny-sur-Canne","codes_postaux":["58340"],"code_dep":"58","code_region":"27","population":153,"surface_km2":30.65,"lat":46.9458,"lon":3.6504,"fibre_pct":94.8,"vivrescore":80},{"code_insee":"58179","nom":"Montreuillon","codes_postaux":["58800"],"code_dep":"58","code_region":"27","population":243,"surface_km2":35.72,"lat":47.168,"lon":3.7935,"fibre_pct":94.4,"vivrescore":80},{"code_insee":"58180","nom":"Montsauche-les-Settons","codes_postaux":["58230"],"code_dep":"58","code_region":"27","population":480,"surface_km2":46.34,"lat":47.2179,"lon":4.0395,"fibre_pct":99.9,"vivrescore":100},{"code_insee":"58181","nom":"Moraches","codes_postaux":["58420"],"code_dep":"58","code_region":"27","population":128,"surface_km2":15.02,"lat":47.2854,"lon":3.5443,"fibre_pct":100.0,"vivrescore":100},{"code_insee":"58182","nom":"Moulins-Engilbert","codes_postaux":["58290"],"code_dep":"58","code_region":"27","population":1352,"surface_km2":41.47,"lat":46.9759,"lon":3.8216,"fibre_pct":99.8,"vivrescore":100},{"code_insee":"58183","nom":"Mouron-sur-Yonne","codes_postaux":["58800"],"code_dep":"58","code_region":"27","population":88,"surface_km2":11.02,"lat":47.1965,"lon":3.7372,"fibre_pct":87.1,"vivrescore":80},{"code_insee":"58184","nom":"Moussy","codes_postaux":["58700"],"code_dep":"58","code_region":"27","population":107,"surface_km2":12.0,"lat":47.197,"lon":3.4581,"fibre_pct":99.9,"vivrescore":100},{"code_insee":"58185","nom":"Moux-en-Morvan","codes_postaux":["58230"],"code_dep":"58","code_region":"27","population":538,"surface_km2":44.61,"lat":47.1714,"lon":4.1258,"fibre_pct":87.8,"vivrescore":80},{"code_insee":"58186","nom":"Murlin","codes_postaux":["58700"],"code_dep":"58","code_region":"27","population":57,"surface_km2":15.09,"lat":47.1955,"lon":3.1729,"fibre_pct":100.0,"vivrescore":100},{"code_insee":"58187","nom":"Myennes","codes_postaux":["58440"],"code_dep":"58","code_region":"27","population":535,"surface_km2":7.17,"lat":47.4549,"lon":2.9449,"fibre_pct":100.0,"vivrescore":100},{"code_insee":"58188","nom":"Nannay","codes_postaux":["58350"],"code_dep":"58","code_region":"27","population":108,"surface_km2":11.46,"lat":47.2615,"lon":3.1705,"fibre_pct":100.0,"vivrescore":100},{"code_insee":"58189","nom":"Narcy","codes_postaux":["58400"],"code_dep":"58","code_region":"27","population":464,"surface_km2":29.6,"lat":47.2308,"lon":3.0989,"fibre_pct":90.6,"vivrescore":80},{"code_insee":"58190","nom":"Neuffontaines","codes_postaux":["58190"],"code_dep":"58","code_region":"27","population":87,"surface_km2":14.64,"lat":47.3536,"lon":3.7335,"fibre_pct":94.9,"vivrescore":80},{"code_insee":"58191","nom":"Neuilly","codes_postaux":["58420"],"code_dep":"58","code_region":"27","population":107,"surface_km2":14.08,"lat":47.2449,"lon":3.521,"fibre_pct":100.0,"vivrescore":100},{"code_insee":"58192","nom":"Neuville-lès-Decize","codes_postaux":["58300"],"code_dep":"58","code_region":"27","population":208,"surface_km2":27.08,"lat":46.7755,"lon":3.2981,"fibre_pct":99.3,"vivrescore":100},{"code_insee":"58193","nom":"Neuvy-sur-Loire","codes_postaux":["58450"],"code_dep":"58","code_region":"27","population":1445,"surface_km2":20.87,"lat":47.5294,"lon":2.8866,"fibre_pct":97.0,"vivrescore":100},{"code_insee":"58194","nom":"Nevers","codes_postaux":["58000"],"code_dep":"58","code_region":"27","population":33085,"surface_km2":17.41,"lat":46.9852,"lon":3.1598,"fibre_pct":97.0,"vivrescore":100},{"code_insee":"58195","nom":"La Nocle-Maulaix","codes_postaux":["58250"],"code_dep":"58","code_region":"27","population":267,"surface_km2":32.64,"lat":46.7636,"lon":3.7531,"fibre_pct":98.1,"vivrescore":100},{"code_insee":"58196","nom":"Nolay","codes_postaux":["58700"],"code_dep":"58","code_region":"27","population":353,"surface_km2":42.98,"lat":47.1178,"lon":3.3197,"fibre_pct":100.0,"vivrescore":100},{"code_insee":"58197","nom":"Nuars","codes_postaux":["58190"],"code_dep":"58","code_region":"27","population":172,"surface_km2":15.82,"lat":47.3881,"lon":3.7144,"fibre_pct":98.9,"vivrescore":100},{"code_insee":"58198","nom":"Oisy","codes_postaux":["58500"],"code_dep":"58","code_region":"27","population":305,"surface_km2":17.38,"lat":47.4717,"lon":3.4461,"fibre_pct":100.0,"vivrescore":100},{"code_insee":"58199","nom":"Onlay","codes_postaux":["58370"],"code_dep":"58","code_region":"27","population":163,"surface_km2":19.78,"lat":46.9659,"lon":3.8967,"fibre_pct":100.0,"vivrescore":100},{"code_insee":"58200","nom":"Ouagne","codes_postaux":["58500"],"code_dep":"58","code_region":"27","population":149,"surface_km2":11.81,"lat":47.4025,"lon":3.5016,"fibre_pct":93.5,"vivrescore":80},{"code_insee":"58201","nom":"Oudan","codes_postaux":["58210"],"code_dep":"58","code_region":"27","population":148,"surface_km2":20.09,"lat":47.3419,"lon":3.3292,"fibre_pct":99.7,"vivrescore":100},{"code_insee":"58202","nom":"Ougny","codes_postaux":["58110"],"code_dep":"58","code_region":"27","population":28,"surface_km2":8.16,"lat":47.0751,"lon":3.7103,"fibre_pct":78.9,"vivrescore":60},{"code_insee":"58203","nom":"Oulon","codes_postaux":["58700"],"code_dep":"58","code_region":"27","population":64,"surface_km2":11.0,"lat":47.1966,"lon":3.4035,"fibre_pct":98.7,"vivrescore":100},{"code_insee":"58204","nom":"Vaux d'Amognes","codes_postaux":["58130"],"code_dep":"58","code_region":"27","population":539,"surface_km2":38.78,"lat":47.077,"lon":3.2904,"fibre_pct":100.0,"vivrescore":100},{"code_insee":"58205","nom":"Ouroux-en-Morvan","codes_postaux":["58230"],"code_dep":"58","code_region":"27","population":599,"surface_km2":60.66,"lat":47.1917,"lon":3.9483,"fibre_pct":99.2,"vivrescore":100},{"code_insee":"58206","nom":"Parigny-la-Rose","codes_postaux":["58210"],"code_dep":"58","code_region":"27","population":32,"surface_km2":8.85,"lat":47.3318,"lon":3.4577,"fibre_pct":100.0,"vivrescore":100},{"code_insee":"58207","nom":"Parigny-les-Vaux","codes_postaux":["58320"],"code_dep":"58","code_region":"27","population":964,"surface_km2":31.41,"lat":47.102,"lon":3.141,"fibre_pct":97.7,"vivrescore":100},{"code_insee":"58208","nom":"Pazy","codes_postaux":["58800"],"code_dep":"58","code_region":"27","population":293,"surface_km2":22.09,"lat":47.2329,"lon":3.6353,"fibre_pct":98.7,"vivrescore":100},{"code_insee":"58209","nom":"Perroy","codes_postaux":["58220"],"code_dep":"58","code_region":"27","population":152,"surface_km2":21.7,"lat":47.4014,"lon":3.1597,"fibre_pct":100.0,"vivrescore":100},{"code_insee":"58210","nom":"Planchez","codes_postaux":["58230"],"code_dep":"58","code_region":"27","population":313,"surface_km2":43.95,"lat":47.1483,"lon":4.0241,"fibre_pct":91.5,"vivrescore":80},{"code_insee":"58211","nom":"Poil","codes_postaux":["58170"],"code_dep":"58","code_region":"27","population":152,"surface_km2":27.03,"lat":46.8704,"lon":4.0559,"fibre_pct":94.4,"vivrescore":80},{"code_insee":"58212","nom":"Poiseux","codes_postaux":["58130"],"code_dep":"58","code_region":"27","population":331,"surface_km2":30.65,"lat":47.1251,"lon":3.2413,"fibre_pct":94.7,"vivrescore":80},{"code_insee":"58213","nom":"Pougny","codes_postaux":["58200"],"code_dep":"58","code_region":"27","population":473,"surface_km2":19.25,"lat":47.3965,"lon":3.0251,"fibre_pct":100.0,"vivrescore":100},{"code_insee":"58214","nom":"Pougues-les-Eaux","codes_postaux":["58320"],"code_dep":"58","code_region":"27","population":2401,"surface_km2":13.03,"lat":47.0763,"lon":3.0944,"fibre_pct":98.4,"vivrescore":100},{"code_insee":"58215","nom":"Pouilly-sur-Loire","codes_postaux":["58150"],"code_dep":"58","code_region":"27","population":1635,"surface_km2":19.9,"lat":47.2815,"lon":2.9799,"fibre_pct":99.6,"vivrescore":100},{"code_insee":"58216","nom":"Pouques-Lormes","codes_postaux":["58140"],"code_dep":"58","code_region":"27","population":134,"surface_km2":14.14,"lat":47.3259,"lon":3.7742,"fibre_pct":100.0,"vivrescore":100},{"code_insee":"58217","nom":"Pousseaux","codes_postaux":["58500"],"code_dep":"58","code_region":"27","population":186,"surface_km2":11.13,"lat":47.4974,"lon":3.5446,"fibre_pct":93.9,"vivrescore":80},{"code_insee":"58218","nom":"Prémery","codes_postaux":["58700"],"code_dep":"58","code_region":"27","population":1734,"surface_km2":45.7,"lat":47.168,"lon":3.3205,"fibre_pct":100.0,"vivrescore":100},{"code_insee":"58219","nom":"Préporché","codes_postaux":["58360"],"code_dep":"58","code_region":"27","population":212,"surface_km2":29.7,"lat":46.9406,"lon":3.861,"fibre_pct":100.0,"vivrescore":100},{"code_insee":"58220","nom":"Raveau","codes_postaux":["58400"],"code_dep":"58","code_region":"27","population":594,"surface_km2":36.05,"lat":47.1832,"lon":3.1161,"fibre_pct":100.0,"vivrescore":100},{"code_insee":"58221","nom":"Rémilly","codes_postaux":["58250"],"code_dep":"58","code_region":"27","population":157,"surface_km2":36.31,"lat":46.8304,"lon":3.7932,"fibre_pct":90.1,"vivrescore":80},{"code_insee":"58222","nom":"Rix","codes_postaux":["58500"],"code_dep":"58","code_region":"27","population":150,"surface_km2":3.99,"lat":47.4265,"lon":3.4963,"fibre_pct":100.0,"vivrescore":100},{"code_insee":"58223","nom":"Rouy","codes_postaux":["58110"],"code_dep":"58","code_region":"27","population":628,"surface_km2":36.17,"lat":47.0395,"lon":3.5365,"fibre_pct":94.8,"vivrescore":80},{"code_insee":"58224","nom":"Ruages","codes_postaux":["58190"],"code_dep":"58","code_region":"27","population":84,"surface_km2":10.46,"lat":47.3097,"lon":3.6831,"fibre_pct":97.0,"vivrescore":100},{"code_insee":"58225","nom":"Saincaize-Meauce","codes_postaux":["58470"],"code_dep":"58","code_region":"27","population":358,"surface_km2":21.58,"lat":46.9088,"lon":3.0869,"fibre_pct":85.4,"vivrescore":80},{"code_insee":"58226","nom":"Saint-Agnan","codes_postaux":["58230"],"code_dep":"58","code_region":"27","population":143,"surface_km2":24.33,"lat":47.3251,"lon":4.0917,"fibre_pct":78.9,"vivrescore":60},{"code_insee":"58227","nom":"Saint-Amand-en-Puisaye","codes_postaux":["58310"],"code_dep":"58","code_region":"27","population":1216,"surface_km2":41.7,"lat":47.5479,"lon":3.0774,"fibre_pct":99.9,"vivrescore":100},{"code_insee":"58228","nom":"Saint-Andelain","codes_postaux":["58150"],"code_dep":"58","code_region":"27","population":583,"surface_km2":20.48,"lat":47.3104,"lon":2.976,"fibre_pct":99.7,"vivrescore":100},{"code_insee":"58229","nom":"Saint-André-en-Morvan","codes_postaux":["58140"],"code_dep":"58","code_region":"27","population":309,"surface_km2":22.87,"lat":47.3979,"lon":3.8569,"fibre_pct":100.0,"vivrescore":100},{"code_insee":"58230","nom":"Saint-Aubin-des-Chaumes","codes_postaux":["58190"],"code_dep":"58","code_region":"27","population":70,"surface_km2":10.8,"lat":47.3886,"lon":3.7451,"fibre_pct":100.0,"vivrescore":100},{"code_insee":"58231","nom":"Saint-Aubin-les-Forges","codes_postaux":["58130"],"code_dep":"58","code_region":"27","population":376,"surface_km2":26.59,"lat":47.1359,"lon":3.1927,"fibre_pct":98.2,"vivrescore":100},{"code_insee":"58232","nom":"Saint-Benin-d'Azy","codes_postaux":["58270"],"code_dep":"58","code_region":"27","population":1255,"surface_km2":36.3,"lat":46.9928,"lon":3.406,"fibre_pct":100.0,"vivrescore":100},{"code_insee":"58233","nom":"Saint-Benin-des-Bois","codes_postaux":["58330"],"code_dep":"58","code_region":"27","population":195,"surface_km2":19.53,"lat":47.1202,"lon":3.4064,"fibre_pct":100.0,"vivrescore":100},{"code_insee":"58234","nom":"Saint-Bonnot","codes_postaux":["58700"],"code_dep":"58","code_region":"27","population":155,"surface_km2":16.12,"lat":47.2492,"lon":3.3074,"fibre_pct":100.0,"vivrescore":100},{"code_insee":"58235","nom":"Saint-Brisson","codes_postaux":["58230"],"code_dep":"58","code_region":"27","population":252,"surface_km2":29.9,"lat":47.2623,"lon":4.0869,"fibre_pct":95.3,"vivrescore":100},{"code_insee":"58236","nom":"Sainte-Colombe-des-Bois","codes_postaux":["58220"],"code_dep":"58","code_region":"27","population":140,"surface_km2":29.57,"lat":47.3202,"lon":3.1511,"fibre_pct":100.0,"vivrescore":100},{"code_insee":"58237","nom":"Saint-Didier","codes_postaux":["58190"],"code_dep":"58","code_region":"27","population":30,"surface_km2":3.62,"lat":47.3475,"lon":3.6198,"fibre_pct":100.0,"vivrescore":100},{"code_insee":"58238","nom":"Saint-Éloi","codes_postaux":["58000"],"code_dep":"58","code_region":"27","population":2296,"surface_km2":16.47,"lat":46.9865,"lon":3.227,"fibre_pct":99.8,"vivrescore":100},{"code_insee":"58239","nom":"Saint-Firmin","codes_postaux":["58270"],"code_dep":"58","code_region":"27","population":152,"surface_km2":10.54,"lat":47.0412,"lon":3.3923,"fibre_pct":93.5,"vivrescore":80},{"code_insee":"58240","nom":"Saint-Franchy","codes_postaux":["58330"],"code_dep":"58","code_region":"27","population":81,"surface_km2":18.81,"lat":47.1515,"lon":3.4603,"fibre_pct":100.0,"vivrescore":100},{"code_insee":"58241","nom":"Saint-Germain-Chassenay","codes_postaux":["58300"],"code_dep":"58","code_region":"27","population":306,"surface_km2":24.22,"lat":46.7829,"lon":3.3955,"fibre_pct":100.0,"vivrescore":100},{"code_insee":"58242","nom":"Saint-Germain-des-Bois","codes_postaux":["58210"],"code_dep":"58","code_region":"27","population":112,"surface_km2":12.54,"lat":47.3679,"lon":3.5146,"fibre_pct":88.4,"vivrescore":80},{"code_insee":"58243","nom":"Saint-Gratien-Savigny","codes_postaux":["58340"],"code_dep":"58","code_region":"27","population":114,"surface_km2":19.89,"lat":46.8986,"lon":3.655,"fibre_pct":89.1,"vivrescore":80},{"code_insee":"58244","nom":"Saint-Hilaire-en-Morvan","codes_postaux":["58120"],"code_dep":"58","code_region":"27","population":221,"surface_km2":21.33,"lat":47.0665,"lon":3.8884,"fibre_pct":93.9,"vivrescore":80},{"code_insee":"58245","nom":"Saint-Hilaire-Fontaine","codes_postaux":["58300"],"code_dep":"58","code_region":"27","population":179,"surface_km2":23.57,"lat":46.7799,"lon":3.6315,"fibre_pct":98.2,"vivrescore":100},{"code_insee":"58246","nom":"Saint-Honoré-les-Bains","codes_postaux":["58360"],"code_dep":"58","code_region":"27","population":678,"surface_km2":25.1,"lat":46.8991,"lon":3.8556,"fibre_pct":87.6,"vivrescore":80},{"code_insee":"58247","nom":"Saint-Jean-aux-Amognes","codes_postaux":["58270"],"code_dep":"58","code_region":"27","population":547,"surface_km2":18.31,"lat":47.008,"lon":3.339,"fibre_pct":99.6,"vivrescore":100},{"code_insee":"58248","nom":"Saint-Laurent-l'Abbaye","codes_postaux":["58150"],"code_dep":"58","code_region":"27","population":216,"surface_km2":1.41,"lat":47.3362,"lon":2.9939,"fibre_pct":100.0,"vivrescore":100},{"code_insee":"58249","nom":"Saint-Léger-de-Fougeret","codes_postaux":["58120"],"code_dep":"58","code_region":"27","population":315,"surface_km2":32.36,"lat":47.0079,"lon":3.9077,"fibre_pct":100.0,"vivrescore":100},{"code_insee":"58250","nom":"Saint-Léger-des-Vignes","codes_postaux":["58300"],"code_dep":"58","code_region":"27","population":1646,"surface_km2":9.1,"lat":46.8516,"lon":3.4537,"fibre_pct":96.5,"vivrescore":100},{"code_insee":"58251","nom":"Saint-Loup-des-Bois","codes_postaux":["58200"],"code_dep":"58","code_region":"27","population":459,"surface_km2":17.38,"lat":47.4512,"lon":3.0077,"fibre_pct":100.0,"vivrescore":100},{"code_insee":"58252","nom":"Saint-Malo-en-Donziois","codes_postaux":["58350"],"code_dep":"58","code_region":"27","population":150,"surface_km2":14.85,"lat":47.3094,"lon":3.2789,"fibre_pct":100.0,"vivrescore":100},{"code_insee":"58253","nom":"Sainte-Marie","codes_postaux":["58330"],"code_dep":"58","code_region":"27","population":87,"surface_km2":15.72,"lat":47.1138,"lon":3.4493,"fibre_pct":98.6,"vivrescore":100},{"code_insee":"58254","nom":"Saint-Martin-d'Heuille","codes_postaux":["58130"],"code_dep":"58","code_region":"27","population":565,"surface_km2":13.53,"lat":47.0494,"lon":3.2326,"fibre_pct":95.7,"vivrescore":100},{"code_insee":"58255","nom":"Saint-Martin-du-Puy","codes_postaux":["58140"],"code_dep":"58","code_region":"27","population":290,"surface_km2":30.8,"lat":47.3293,"lon":3.8788,"fibre_pct":100.0,"vivrescore":100},{"code_insee":"58256","nom":"Saint-Martin-sur-Nohain","codes_postaux":["58150"],"code_dep":"58","code_region":"27","population":375,"surface_km2":24.28,"lat":47.3578,"lon":2.9904,"fibre_pct":100.0,"vivrescore":100},{"code_insee":"58257","nom":"Saint-Maurice","codes_postaux":["58330"],"code_dep":"58","code_region":"27","population":48,"surface_km2":10.54,"lat":47.1151,"lon":3.5713,"fibre_pct":98.5,"vivrescore":100},{"code_insee":"58258","nom":"Saint-Ouen-sur-Loire","codes_postaux":["58160"],"code_dep":"58","code_region":"27","population":475,"surface_km2":23.92,"lat":46.8982,"lon":3.3196,"fibre_pct":99.3,"vivrescore":100},{"code_insee":"58259","nom":"Saint-Parize-en-Viry","codes_postaux":["58300"],"code_dep":"58","code_region":"27","population":139,"surface_km2":15.8,"lat":46.7518,"lon":3.3616,"fibre_pct":99.2,"vivrescore":100},{"code_insee":"58260","nom":"Saint-Parize-le-Châtel","codes_postaux":["58490"],"code_dep":"58","code_region":"27","population":1227,"surface_km2":49.73,"lat":46.8536,"lon":3.178,"fibre_pct":100.0,"vivrescore":100},{"code_insee":"58261","nom":"Saint-Père","codes_postaux":["58200"],"code_dep":"58","code_region":"27","population":1056,"surface_km2":17.24,"lat":47.4011,"lon":2.9777,"fibre_pct":98.8,"vivrescore":100},{"code_insee":"58262","nom":"Saint-Péreuse","codes_postaux":["58110"],"code_dep":"58","code_region":"27","population":199,"surface_km2":16.46,"lat":47.0559,"lon":3.8054,"fibre_pct":93.1,"vivrescore":80},{"code_insee":"58263","nom":"Saint-Pierre-du-Mont","codes_postaux":["58210"],"code_dep":"58","code_region":"27","population":165,"surface_km2":17.63,"lat":47.3999,"lon":3.4459,"fibre_pct":100.0,"vivrescore":100},{"code_insee":"58264","nom":"Saint-Pierre-le-Moûtier","codes_postaux":["58240"],"code_dep":"58","code_region":"27","population":1823,"surface_km2":48.02,"lat":46.7915,"lon":3.1374,"fibre_pct":98.6,"vivrescore":100},{"code_insee":"58265","nom":"Saint-Quentin-sur-Nohain","codes_postaux":["58150"],"code_dep":"58","code_region":"27","population":101,"surface_km2":16.13,"lat":47.323,"lon":3.0201,"fibre_pct":99.3,"vivrescore":100},{"code_insee":"58266","nom":"Saint-Révérien","codes_postaux":["58420"],"code_dep":"58","code_region":"27","population":191,"surface_km2":18.61,"lat":47.203,"lon":3.5146,"fibre_pct":100.0,"vivrescore":100},{"code_insee":"58267","nom":"Saint-Saulge","codes_postaux":["58330"],"code_dep":"58","code_region":"27","population":650,"surface_km2":26.18,"lat":47.0975,"lon":3.5142,"fibre_pct":98.5,"vivrescore":100},{"code_insee":"58268","nom":"Saint-Seine","codes_postaux":["58250"],"code_dep":"58","code_region":"27","population":187,"surface_km2":17.9,"lat":46.7253,"lon":3.8152,"fibre_pct":98.2,"vivrescore":100},{"code_insee":"58269","nom":"Saint-Sulpice","codes_postaux":["58270"],"code_dep":"58","code_region":"27","population":418,"surface_km2":25.79,"lat":47.0609,"lon":3.3596,"fibre_pct":99.5,"vivrescore":100},{"code_insee":"58270","nom":"Saint-Vérain","codes_postaux":["58310"],"code_dep":"58","code_region":"27","population":349,"surface_km2":24.95,"lat":47.4863,"lon":3.0344,"fibre_pct":95.8,"vivrescore":100},{"code_insee":"58271","nom":"Saizy","codes_postaux":["58190"],"code_dep":"58","code_region":"27","population":189,"surface_km2":13.43,"lat":47.3573,"lon":3.698,"fibre_pct":100.0,"vivrescore":100},{"code_insee":"58272","nom":"Sardy-lès-Épiry","codes_postaux":["58800"],"code_dep":"58","code_region":"27","population":113,"surface_km2":15.63,"lat":47.1941,"lon":3.6917,"fibre_pct":98.2,"vivrescore":100},{"code_insee":"58273","nom":"Sauvigny-les-Bois","codes_postaux":["58160"],"code_dep":"58","code_region":"27","population":1409,"surface_km2":29.76,"lat":46.9738,"lon":3.267,"fibre_pct":99.7,"vivrescore":100},{"code_insee":"58274","nom":"Savigny-Poil-Fol","codes_postaux":["58170"],"code_dep":"58","code_region":"27","population":108,"surface_km2":17.52,"lat":46.7845,"lon":3.8199,"fibre_pct":96.9,"vivrescore":100},{"code_insee":"58275","nom":"Saxi-Bourdon","codes_postaux":["58330"],"code_dep":"58","code_region":"27","population":267,"surface_km2":18.68,"lat":47.0593,"lon":3.4885,"fibre_pct":91.3,"vivrescore":80},{"code_insee":"58276","nom":"Sémelay","codes_postaux":["58360"],"code_dep":"58","code_region":"27","population":223,"surface_km2":33.46,"lat":46.8628,"lon":3.8595,"fibre_pct":86.1,"vivrescore":80},{"code_insee":"58277","nom":"Sermages","codes_postaux":["58290"],"code_dep":"58","code_region":"27","population":189,"surface_km2":22.45,"lat":47.0159,"lon":3.8414,"fibre_pct":98.8,"vivrescore":100},{"code_insee":"58278","nom":"Sermoise-sur-Loire","codes_postaux":["58000"],"code_dep":"58","code_region":"27","population":1486,"surface_km2":25.13,"lat":46.9442,"lon":3.1877,"fibre_pct":98.2,"vivrescore":100},{"code_insee":"58279","nom":"Sichamps","codes_postaux":["58700"],"code_dep":"58","code_region":"27","population":173,"surface_km2":5.92,"lat":47.1565,"lon":3.277,"fibre_pct":100.0,"vivrescore":100},{"code_insee":"58280","nom":"Sougy-sur-Loire","codes_postaux":["58300"],"code_dep":"58","code_region":"27","population":594,"surface_km2":32.64,"lat":46.8653,"lon":3.4002,"fibre_pct":100.0,"vivrescore":100},{"code_insee":"58281","nom":"Suilly-la-Tour","codes_postaux":["58150"],"code_dep":"58","code_region":"27","population":569,"surface_km2":37.16,"lat":47.3341,"lon":3.0758,"fibre_pct":100.0,"vivrescore":100},{"code_insee":"58282","nom":"Surgy","codes_postaux":["58500"],"code_dep":"58","code_region":"27","population":335,"surface_km2":16.27,"lat":47.5171,"lon":3.5078,"fibre_pct":99.3,"vivrescore":100},{"code_insee":"58283","nom":"Taconnay","codes_postaux":["58420"],"code_dep":"58","code_region":"27","population":73,"surface_km2":7.96,"lat":47.3148,"lon":3.4885,"fibre_pct":100.0,"vivrescore":100},{"code_insee":"58284","nom":"Talon","codes_postaux":["58190"],"code_dep":"58","code_region":"27","population":42,"surface_km2":6.25,"lat":47.3335,"lon":3.5502,"fibre_pct":100.0,"vivrescore":100},{"code_insee":"58285","nom":"Tamnay-en-Bazois","codes_postaux":["58110"],"code_dep":"58","code_region":"27","population":171,"surface_km2":10.58,"lat":47.0536,"lon":3.724,"fibre_pct":96.8,"vivrescore":100},{"code_insee":"58286","nom":"Tannay","codes_postaux":["58190"],"code_dep":"58","code_region":"27","population":530,"surface_km2":15.52,"lat":47.3622,"lon":3.5787,"fibre_pct":100.0,"vivrescore":100},{"code_insee":"58287","nom":"Tazilly","codes_postaux":["58170"],"code_dep":"58","code_region":"27","population":180,"surface_km2":25.89,"lat":46.7561,"lon":3.9174,"fibre_pct":96.8,"vivrescore":100},{"code_insee":"58288","nom":"Teigny","codes_postaux":["58190"],"code_dep":"58","code_region":"27","population":115,"surface_km2":7.42,"lat":47.3913,"lon":3.6674,"fibre_pct":100.0,"vivrescore":100},{"code_insee":"58289","nom":"Ternant","codes_postaux":["58250"],"code_dep":"58","code_region":"27","population":166,"surface_km2":19.48,"lat":46.7508,"lon":3.8489,"fibre_pct":100.0,"vivrescore":100},{"code_insee":"58290","nom":"Thaix","codes_postaux":["58250"],"code_dep":"58","code_region":"27","population":42,"surface_km2":20.19,"lat":46.8519,"lon":3.7169,"fibre_pct":85.3,"vivrescore":80},{"code_insee":"58291","nom":"Thianges","codes_postaux":["58260"],"code_dep":"58","code_region":"27","population":165,"surface_km2":12.85,"lat":46.9128,"lon":3.4837,"fibre_pct":88.1,"vivrescore":80},{"code_insee":"58292","nom":"Tintury","codes_postaux":["58110"],"code_dep":"58","code_region":"27","population":164,"surface_km2":23.4,"lat":47.0031,"lon":3.5862,"fibre_pct":100.0,"vivrescore":100},{"code_insee":"58293","nom":"Toury-Lurcy","codes_postaux":["58300"],"code_dep":"58","code_region":"27","population":404,"surface_km2":25.91,"lat":46.7408,"lon":3.4218,"fibre_pct":100.0,"vivrescore":100},{"code_insee":"58294","nom":"Toury-sur-Jour","codes_postaux":["58240"],"code_dep":"58","code_region":"27","population":125,"surface_km2":24.64,"lat":46.7271,"lon":3.2562,"fibre_pct":100.0,"vivrescore":100},{"code_insee":"58295","nom":"Tracy-sur-Loire","codes_postaux":["58150"],"code_dep":"58","code_region":"27","population":975,"surface_km2":22.68,"lat":47.3333,"lon":2.9148,"fibre_pct":99.6,"vivrescore":100},{"code_insee":"58296","nom":"Tresnay","codes_postaux":["58240"],"code_dep":"58","code_region":"27","population":131,"surface_km2":17.94,"lat":46.7,"lon":3.1915,"fibre_pct":100.0,"vivrescore":100},{"code_insee":"58297","nom":"Trois-Vèvres","codes_postaux":["58260"],"code_dep":"58","code_region":"27","population":241,"surface_km2":7.57,"lat":46.9094,"lon":3.4217,"fibre_pct":99.4,"vivrescore":100},{"code_insee":"58298","nom":"Tronsanges","codes_postaux":["58400"],"code_dep":"58","code_region":"27","population":392,"surface_km2":8.74,"lat":47.1149,"lon":3.0515,"fibre_pct":100.0,"vivrescore":100},{"code_insee":"58299","nom":"Trucy-l'Orgueilleux","codes_postaux":["58460"],"code_dep":"58","code_region":"27","population":217,"surface_km2":13.6,"lat":47.4528,"lon":3.3993,"fibre_pct":100.0,"vivrescore":100},{"code_insee":"58300","nom":"Urzy","codes_postaux":["58130"],"code_dep":"58","code_region":"27","population":1727,"surface_km2":23.82,"lat":47.0542,"lon":3.2078,"fibre_pct":98.6,"vivrescore":100},{"code_insee":"58301","nom":"Vandenesse","codes_postaux":["58290"],"code_dep":"58","code_region":"27","population":287,"surface_km2":32.93,"lat":46.912,"lon":3.7766,"fibre_pct":79.9,"vivrescore":60},{"code_insee":"58302","nom":"Varennes-lès-Narcy","codes_postaux":["58400"],"code_dep":"58","code_region":"27","population":901,"surface_km2":18.52,"lat":47.2164,"lon":3.0689,"fibre_pct":100.0,"vivrescore":100},{"code_insee":"58303","nom":"Varennes-Vauzelles","codes_postaux":["58640"],"code_dep":"58","code_region":"27","population":9146,"surface_km2":33.97,"lat":47.0381,"lon":3.1447,"fibre_pct":97.3,"vivrescore":100},{"code_insee":"58304","nom":"Varzy","codes_postaux":["58210"],"code_dep":"58","code_region":"27","population":1069,"surface_km2":41.34,"lat":47.3543,"lon":3.3895,"fibre_pct":100.0,"vivrescore":100},{"code_insee":"58305","nom":"Vauclaix","codes_postaux":["58140"],"code_dep":"58","code_region":"27","population":134,"surface_km2":14.56,"lat":47.2282,"lon":3.8196,"fibre_pct":81.6,"vivrescore":80},{"code_insee":"58306","nom":"Verneuil","codes_postaux":["58300"],"code_dep":"58","code_region":"27","population":274,"surface_km2":26.99,"lat":46.8569,"lon":3.5815,"fibre_pct":96.7,"vivrescore":100},{"code_insee":"58307","nom":"Vielmanay","codes_postaux":["58150"],"code_dep":"58","code_region":"27","population":173,"surface_km2":21.45,"lat":47.2759,"lon":3.113,"fibre_pct":100.0,"vivrescore":100},{"code_insee":"58308","nom":"Vignol","codes_postaux":["58190"],"code_dep":"58","code_region":"27","population":59,"surface_km2":9.14,"lat":47.3553,"lon":3.6637,"fibre_pct":93.2,"vivrescore":80},{"code_insee":"58309","nom":"Villapourçon","codes_postaux":["58370"],"code_dep":"58","code_region":"27","population":410,"surface_km2":51.02,"lat":46.9358,"lon":3.9551,"fibre_pct":99.0,"vivrescore":100},{"code_insee":"58310","nom":"Villiers-le-Sec","codes_postaux":["58210"],"code_dep":"58","code_region":"27","population":47,"surface_km2":1.38,"lat":47.3768,"lon":3.4376,"fibre_pct":89.2,"vivrescore":80},{"code_insee":"58311","nom":"Ville-Langy","codes_postaux":["58270"],"code_dep":"58","code_region":"27","population":236,"surface_km2":27.29,"lat":46.9359,"lon":3.5031,"fibre_pct":96.5,"vivrescore":100},{"code_insee":"58312","nom":"Villiers-sur-Yonne","codes_postaux":["58500"],"code_dep":"58","code_region":"27","population":267,"surface_km2":15.95,"lat":47.4145,"lon":3.557,"fibre_pct":100.0,"vivrescore":100},{"code_insee":"58313","nom":"Vitry-Laché","codes_postaux":["58420"],"code_dep":"58","code_region":"27","population":103,"surface_km2":22.47,"lat":47.1924,"lon":3.5652,"fibre_pct":100.0,"vivrescore":100}]