[{"code_insee":"61001","nom":"Alençon","codes_postaux":["61000"],"code_dep":"61","code_region":"28","population":25490,"surface_km2":10.79,"lat":48.431,"lon":0.0923},{"code_insee":"61002","nom":"Almenêches","codes_postaux":["61570"],"code_dep":"61","code_region":"28","population":638,"surface_km2":20.37,"lat":48.6975,"lon":0.1242},{"code_insee":"61005","nom":"Appenai-sous-Bellême","codes_postaux":["61130"],"code_dep":"61","code_region":"28","population":275,"surface_km2":10.91,"lat":48.3398,"lon":0.5661},{"code_insee":"61006","nom":"Argentan","codes_postaux":["61200"],"code_dep":"61","code_region":"28","population":13527,"surface_km2":18.42,"lat":48.7263,"lon":-0.013},{"code_insee":"61007","nom":"Athis-Val de Rouvre","codes_postaux":["61100","61430"],"code_dep":"61","code_region":"28","population":4201,"surface_km2":77.76,"lat":48.7934,"lon":-0.4621},{"code_insee":"61008","nom":"Aube","codes_postaux":["61270"],"code_dep":"61","code_region":"28","population":1254,"surface_km2":5.73,"lat":48.7312,"lon":0.5479},{"code_insee":"61010","nom":"Aubry-le-Panthou","codes_postaux":["61120"],"code_dep":"61","code_region":"28","population":133,"surface_km2":6.85,"lat":48.8531,"lon":0.2219},{"code_insee":"61011","nom":"Aubusson","codes_postaux":["61100"],"code_dep":"61","code_region":"28","population":391,"surface_km2":3.94,"lat":48.7794,"lon":-0.5534},{"code_insee":"61012","nom":"Auguaise","codes_postaux":["61270"],"code_dep":"61","code_region":"28","population":196,"surface_km2":2.21,"lat":48.6964,"lon":0.5521},{"code_insee":"61013","nom":"Aunay-les-Bois","codes_postaux":["61500"],"code_dep":"61","code_region":"28","population":138,"surface_km2":8.56,"lat":48.5448,"lon":0.2957},{"code_insee":"61014","nom":"Aunou-le-Faucon","codes_postaux":["61200"],"code_dep":"61","code_region":"28","population":246,"surface_km2":6.76,"lat":48.7189,"lon":0.0532},{"code_insee":"61015","nom":"Aunou-sur-Orne","codes_postaux":["61500"],"code_dep":"61","code_region":"28","population":283,"surface_km2":18.2,"lat":48.608,"lon":0.2387},{"code_insee":"61018","nom":"Avernes-Saint-Gourgon","codes_postaux":["61470"],"code_dep":"61","code_region":"28","population":71,"surface_km2":12.14,"lat":48.9359,"lon":0.3178},{"code_insee":"61020","nom":"Avoine","codes_postaux":["61150"],"code_dep":"61","code_region":"28","population":219,"surface_km2":9.53,"lat":48.6734,"lon":-0.1012},{"code_insee":"61021","nom":"Avrilly","codes_postaux":["61700"],"code_dep":"61","code_region":"28","population":92,"surface_km2":5.51,"lat":48.5367,"lon":-0.6177},{"code_insee":"61023","nom":"Bailleul","codes_postaux":["61160"],"code_dep":"61","code_region":"28","population":609,"surface_km2":16.91,"lat":48.8129,"lon":-0.0223},{"code_insee":"61024","nom":"Banvou","codes_postaux":["61450"],"code_dep":"61","code_region":"28","population":630,"surface_km2":13.0,"lat":48.6657,"lon":-0.5537},{"code_insee":"61026","nom":"Barville","codes_postaux":["61170"],"code_dep":"61","code_region":"28","population":193,"surface_km2":7.61,"lat":48.4737,"lon":0.3449},{"code_insee":"61028","nom":"Bazoches-au-Houlme","codes_postaux":["61210"],"code_dep":"61","code_region":"28","population":449,"surface_km2":28.94,"lat":48.8271,"lon":-0.2674},{"code_insee":"61029","nom":"Bazoches-sur-Hoëne","codes_postaux":["61560"],"code_dep":"61","code_region":"28","population":827,"surface_km2":21.52,"lat":48.5509,"lon":0.4644},{"code_insee":"61030","nom":"La Bazoque","codes_postaux":["61100"],"code_dep":"61","code_region":"28","population":269,"surface_km2":2.69,"lat":48.7856,"lon":-0.598},{"code_insee":"61032","nom":"Beaufai","codes_postaux":["61270"],"code_dep":"61","code_region":"28","population":314,"surface_km2":12.98,"lat":48.758,"lon":0.5125},{"code_insee":"61034","nom":"Beaulieu","codes_postaux":["61190"],"code_dep":"61","code_region":"28","population":212,"surface_km2":18.08,"lat":48.6801,"lon":0.7341},{"code_insee":"61035","nom":"Beauvain","codes_postaux":["61600"],"code_dep":"61","code_region":"28","population":258,"surface_km2":12.72,"lat":48.6213,"lon":-0.3178},{"code_insee":"61036","nom":"Belfonds","codes_postaux":["61500"],"code_dep":"61","code_region":"28","population":212,"surface_km2":14.26,"lat":48.6117,"lon":0.1089},{"code_insee":"61037","nom":"Bellavilliers","codes_postaux":["61360"],"code_dep":"61","code_region":"28","population":142,"surface_km2":15.87,"lat":48.4208,"lon":0.4843},{"code_insee":"61038","nom":"Bellême","codes_postaux":["61130"],"code_dep":"61","code_region":"28","population":1457,"surface_km2":1.72,"lat":48.3719,"lon":0.5638},{"code_insee":"61039","nom":"La Bellière","codes_postaux":["61570"],"code_dep":"61","code_region":"28","population":125,"surface_km2":13.75,"lat":48.6182,"lon":-0.0173},{"code_insee":"61040","nom":"Bellou-en-Houlme","codes_postaux":["61220"],"code_dep":"61","code_region":"28","population":1024,"surface_km2":39.0,"lat":48.6912,"lon":-0.4416},{"code_insee":"61041","nom":"Bellou-le-Trichard","codes_postaux":["61130"],"code_dep":"61","code_region":"28","population":195,"surface_km2":9.68,"lat":48.2676,"lon":0.5549},{"code_insee":"61043","nom":"Berd'huis","codes_postaux":["61340"],"code_dep":"61","code_region":"28","population":1097,"surface_km2":11.47,"lat":48.3517,"lon":0.7411},{"code_insee":"61044","nom":"Berjou","codes_postaux":["61430"],"code_dep":"61","code_region":"28","population":417,"surface_km2":8.94,"lat":48.8512,"lon":-0.4813},{"code_insee":"61046","nom":"Bizou","codes_postaux":["61290"],"code_dep":"61","code_region":"28","population":142,"surface_km2":9.17,"lat":48.4909,"lon":0.7484},{"code_insee":"61048","nom":"Boëcé","codes_postaux":["61560"],"code_dep":"61","code_region":"28","population":125,"surface_km2":2.4,"lat":48.5148,"lon":0.4535},{"code_insee":"61049","nom":"Boissei-la-Lande","codes_postaux":["61570"],"code_dep":"61","code_region":"28","population":108,"surface_km2":7.18,"lat":48.6879,"lon":0.0592},{"code_insee":"61050","nom":"Cour-Maugis sur Huisne","codes_postaux":["61110","61340"],"code_dep":"61","code_region":"28","population":583,"surface_km2":47.34,"lat":48.4567,"lon":0.6962},{"code_insee":"61051","nom":"Boitron","codes_postaux":["61500"],"code_dep":"61","code_region":"28","population":349,"surface_km2":13.51,"lat":48.5696,"lon":0.2687},{"code_insee":"61052","nom":"Bonnefoi","codes_postaux":["61270"],"code_dep":"61","code_region":"28","population":187,"surface_km2":5.46,"lat":48.6751,"lon":0.5652},{"code_insee":"61053","nom":"Bonsmoulins","codes_postaux":["61380"],"code_dep":"61","code_region":"28","population":232,"surface_km2":7.6,"lat":48.661,"lon":0.5432},{"code_insee":"61054","nom":"Le Bosc-Renoult","codes_postaux":["61470"],"code_dep":"61","code_region":"28","population":262,"surface_km2":12.84,"lat":48.9149,"lon":0.3128},{"code_insee":"61055","nom":"Boucé","codes_postaux":["61570"],"code_dep":"61","code_region":"28","population":570,"surface_km2":20.41,"lat":48.6306,"lon":-0.0935},{"code_insee":"61056","nom":"Le Bouillon","codes_postaux":["61500"],"code_dep":"61","code_region":"28","population":167,"surface_km2":17.91,"lat":48.5587,"lon":0.0978},{"code_insee":"61060","nom":"Brethel","codes_postaux":["61270"],"code_dep":"61","code_region":"28","population":133,"surface_km2":3.01,"lat":48.7167,"lon":0.5426},{"code_insee":"61061","nom":"Bretoncelles","codes_postaux":["61110"],"code_dep":"61","code_region":"28","population":1455,"surface_km2":40.4,"lat":48.4388,"lon":0.9055},{"code_insee":"61062","nom":"Brieux","codes_postaux":["61160"],"code_dep":"61","code_region":"28","population":88,"surface_km2":5.2,"lat":48.8334,"lon":-0.0802},{"code_insee":"61063","nom":"Briouze","codes_postaux":["61220"],"code_dep":"61","code_region":"28","population":1512,"surface_km2":17.23,"lat":48.7084,"lon":-0.3852},{"code_insee":"61064","nom":"Brullemail","codes_postaux":["61390"],"code_dep":"61","code_region":"28","population":90,"surface_km2":10.45,"lat":48.6582,"lon":0.3238},{"code_insee":"61066","nom":"Buré","codes_postaux":["61170"],"code_dep":"61","code_region":"28","population":98,"surface_km2":5.78,"lat":48.5048,"lon":0.402},{"code_insee":"61067","nom":"Bures","codes_postaux":["61170"],"code_dep":"61","code_region":"28","population":166,"surface_km2":9.6,"lat":48.557,"lon":0.3974},{"code_insee":"61068","nom":"Bursard","codes_postaux":["61500"],"code_dep":"61","code_region":"28","population":199,"surface_km2":10.68,"lat":48.5404,"lon":0.204},{"code_insee":"61069","nom":"Cahan","codes_postaux":["61430"],"code_dep":"61","code_region":"28","population":161,"surface_km2":5.91,"lat":48.8577,"lon":-0.4475},{"code_insee":"61070","nom":"Caligny","codes_postaux":["61100"],"code_dep":"61","code_region":"28","population":845,"surface_km2":15.17,"lat":48.8025,"lon":-0.6013},{"code_insee":"61071","nom":"Camembert","codes_postaux":["61120"],"code_dep":"61","code_region":"28","population":168,"surface_km2":10.26,"lat":48.8924,"lon":0.1701},{"code_insee":"61072","nom":"Canapville","codes_postaux":["61120"],"code_dep":"61","code_region":"28","population":226,"surface_km2":8.2,"lat":48.9485,"lon":0.2534},{"code_insee":"61074","nom":"Carrouges","codes_postaux":["61320"],"code_dep":"61","code_region":"28","population":623,"surface_km2":8.52,"lat":48.5688,"lon":-0.1603},{"code_insee":"61075","nom":"Ceaucé","codes_postaux":["61330"],"code_dep":"61","code_region":"28","population":1165,"surface_km2":41.66,"lat":48.4892,"lon":-0.6321},{"code_insee":"61076","nom":"Le Cercueil","codes_postaux":["61500"],"code_dep":"61","code_region":"28","population":145,"surface_km2":13.43,"lat":48.5962,"lon":0.0087},{"code_insee":"61077","nom":"Cerisé","codes_postaux":["61000"],"code_dep":"61","code_region":"28","population":844,"surface_km2":4.43,"lat":48.4451,"lon":0.1314},{"code_insee":"61078","nom":"Cerisy-Belle-Étoile","codes_postaux":["61100"],"code_dep":"61","code_region":"28","population":693,"surface_km2":13.44,"lat":48.7841,"lon":-0.6256},{"code_insee":"61079","nom":"Ceton","codes_postaux":["61260"],"code_dep":"61","code_region":"28","population":1734,"surface_km2":59.88,"lat":48.2209,"lon":0.7563},{"code_insee":"61080","nom":"Chahains","codes_postaux":["61320"],"code_dep":"61","code_region":"28","population":81,"surface_km2":7.59,"lat":48.5614,"lon":-0.1099},{"code_insee":"61081","nom":"Chailloué","codes_postaux":["61240","61500"],"code_dep":"61","code_region":"28","population":890,"surface_km2":35.86,"lat":48.6597,"lon":0.2124},{"code_insee":"61082","nom":"Le Chalange","codes_postaux":["61390"],"code_dep":"61","code_region":"28","population":86,"surface_km2":6.35,"lat":48.5895,"lon":0.3128},{"code_insee":"61084","nom":"Champcerie","codes_postaux":["61210"],"code_dep":"61","code_region":"28","population":177,"surface_km2":9.01,"lat":48.7993,"lon":-0.2288},{"code_insee":"61085","nom":"Le Champ-de-la-Pierre","codes_postaux":["61320"],"code_dep":"61","code_region":"28","population":28,"surface_km2":4.12,"lat":48.6008,"lon":-0.2071},{"code_insee":"61086","nom":"Les Champeaux","codes_postaux":["61120"],"code_dep":"61","code_region":"28","population":96,"surface_km2":9.68,"lat":48.8904,"lon":0.1333},{"code_insee":"61087","nom":"Champeaux-sur-Sarthe","codes_postaux":["61560"],"code_dep":"61","code_region":"28","population":159,"surface_km2":9.46,"lat":48.5743,"lon":0.4458},{"code_insee":"61088","nom":"Champ-Haut","codes_postaux":["61240"],"code_dep":"61","code_region":"28","population":41,"surface_km2":5.13,"lat":48.7276,"lon":0.3232},{"code_insee":"61089","nom":"Champosoult","codes_postaux":["61120"],"code_dep":"61","code_region":"28","population":105,"surface_km2":7.08,"lat":48.8649,"lon":0.1662},{"code_insee":"61091","nom":"Champsecret","codes_postaux":["61700"],"code_dep":"61","code_region":"28","population":963,"surface_km2":45.11,"lat":48.6066,"lon":-0.5254},{"code_insee":"61092","nom":"Chandai","codes_postaux":["61300"],"code_dep":"61","code_region":"28","population":672,"surface_km2":13.82,"lat":48.7424,"lon":0.7444},{"code_insee":"61093","nom":"Chanu","codes_postaux":["61800"],"code_dep":"61","code_region":"28","population":1243,"surface_km2":15.69,"lat":48.7242,"lon":-0.6733},{"code_insee":"61094","nom":"La Chapelle-au-Moine","codes_postaux":["61100"],"code_dep":"61","code_region":"28","population":586,"surface_km2":5.44,"lat":48.7039,"lon":-0.5921},{"code_insee":"61095","nom":"La Chapelle-Biche","codes_postaux":["61100"],"code_dep":"61","code_region":"28","population":525,"surface_km2":6.48,"lat":48.7139,"lon":-0.6231},{"code_insee":"61096","nom":"Rives d'Andaine","codes_postaux":["61140","61410"],"code_dep":"61","code_region":"28","population":2844,"surface_km2":37.44,"lat":48.5352,"lon":-0.4434},{"code_insee":"61097","nom":"La Chapelle-Montligeon","codes_postaux":["61400"],"code_dep":"61","code_region":"28","population":509,"surface_km2":8.44,"lat":48.4836,"lon":0.6583},{"code_insee":"61098","nom":"La Chapelle-près-Sées","codes_postaux":["61500"],"code_dep":"61","code_region":"28","population":492,"surface_km2":9.86,"lat":48.5692,"lon":0.1493},{"code_insee":"61099","nom":"La Chapelle-Souëf","codes_postaux":["61130"],"code_dep":"61","code_region":"28","population":246,"surface_km2":11.26,"lat":48.3177,"lon":0.5893},{"code_insee":"61100","nom":"La Chapelle-Viel","codes_postaux":["61270"],"code_dep":"61","code_region":"28","population":289,"surface_km2":11.78,"lat":48.7114,"lon":0.6123},{"code_insee":"61101","nom":"Le Château-d'Almenêches","codes_postaux":["61570"],"code_dep":"61","code_region":"28","population":182,"surface_km2":10.64,"lat":48.672,"lon":0.1322},{"code_insee":"61102","nom":"Le Châtellier","codes_postaux":["61450"],"code_dep":"61","code_region":"28","population":401,"surface_km2":8.35,"lat":48.6747,"lon":-0.5811},{"code_insee":"61103","nom":"Chaumont","codes_postaux":["61230"],"code_dep":"61","code_region":"28","population":165,"surface_km2":19.55,"lat":48.8472,"lon":0.3341},{"code_insee":"61104","nom":"La Chaux","codes_postaux":["61600"],"code_dep":"61","code_region":"28","population":53,"surface_km2":5.1,"lat":48.6007,"lon":-0.2668},{"code_insee":"61105","nom":"Chemilli","codes_postaux":["61360"],"code_dep":"61","code_region":"28","population":170,"surface_km2":10.97,"lat":48.3618,"lon":0.4528},{"code_insee":"61107","nom":"Ciral","codes_postaux":["61320"],"code_dep":"61","code_region":"28","population":409,"surface_km2":18.09,"lat":48.5115,"lon":-0.1343},{"code_insee":"61108","nom":"Cisai-Saint-Aubin","codes_postaux":["61230"],"code_dep":"61","code_region":"28","population":184,"surface_km2":14.59,"lat":48.7746,"lon":0.3572},{"code_insee":"61111","nom":"Colombiers","codes_postaux":["61250"],"code_dep":"61","code_region":"28","population":336,"surface_km2":12.26,"lat":48.4746,"lon":0.047},{"code_insee":"61113","nom":"Comblot","codes_postaux":["61400"],"code_dep":"61","code_region":"28","population":58,"surface_km2":4.37,"lat":48.4617,"lon":0.5854},{"code_insee":"61114","nom":"Commeaux","codes_postaux":["61200"],"code_dep":"61","code_region":"28","population":146,"surface_km2":6.38,"lat":48.7874,"lon":-0.0958},{"code_insee":"61116","nom":"Sablons sur Huisne","codes_postaux":["61110"],"code_dep":"61","code_region":"28","population":1976,"surface_km2":52.8,"lat":48.384,"lon":0.8714},{"code_insee":"61117","nom":"Condé-sur-Sarthe","codes_postaux":["61250"],"code_dep":"61","code_region":"28","population":2494,"surface_km2":8.46,"lat":48.4316,"lon":0.0319},{"code_insee":"61118","nom":"Corbon","codes_postaux":["61400"],"code_dep":"61","code_region":"28","population":111,"surface_km2":8.49,"lat":48.4577,"lon":0.6445},{"code_insee":"61120","nom":"Coudehard","codes_postaux":["61160"],"code_dep":"61","code_region":"28","population":77,"surface_km2":8.47,"lat":48.848,"lon":0.1399},{"code_insee":"61121","nom":"Coulimer","codes_postaux":["61360"],"code_dep":"61","code_region":"28","population":285,"surface_km2":17.28,"lat":48.4795,"lon":0.4634},{"code_insee":"61122","nom":"Coulmer","codes_postaux":["61230"],"code_dep":"61","code_region":"28","population":81,"surface_km2":6.7,"lat":48.7664,"lon":0.3024},{"code_insee":"61123","nom":"Coulonces","codes_postaux":["61160"],"code_dep":"61","code_region":"28","population":209,"surface_km2":6.14,"lat":48.8328,"lon":0.0166},{"code_insee":"61124","nom":"La Coulonche","codes_postaux":["61220"],"code_dep":"61","code_region":"28","population":497,"surface_km2":14.05,"lat":48.6375,"lon":-0.4635},{"code_insee":"61126","nom":"Coulonges-sur-Sarthe","codes_postaux":["61170"],"code_dep":"61","code_region":"28","population":480,"surface_km2":9.72,"lat":48.5284,"lon":0.3915},{"code_insee":"61129","nom":"Courgeon","codes_postaux":["61400"],"code_dep":"61","code_region":"28","population":350,"surface_km2":10.58,"lat":48.4786,"lon":0.6159},{"code_insee":"61130","nom":"Courgeoût","codes_postaux":["61560"],"code_dep":"61","code_region":"28","population":458,"surface_km2":18.02,"lat":48.5069,"lon":0.4829},{"code_insee":"61133","nom":"Courtomer","codes_postaux":["61390"],"code_dep":"61","code_region":"28","population":731,"surface_km2":20.28,"lat":48.6267,"lon":0.3504},{"code_insee":"61137","nom":"Craménil","codes_postaux":["61220"],"code_dep":"61","code_region":"28","population":131,"surface_km2":8.15,"lat":48.7437,"lon":-0.3712},{"code_insee":"61138","nom":"Croisilles","codes_postaux":["61230"],"code_dep":"61","code_region":"28","population":184,"surface_km2":11.41,"lat":48.7609,"lon":0.2663},{"code_insee":"61139","nom":"Crouttes","codes_postaux":["61120"],"code_dep":"61","code_region":"28","population":306,"surface_km2":13.46,"lat":48.9241,"lon":0.1459},{"code_insee":"61140","nom":"Crulai","codes_postaux":["61300"],"code_dep":"61","code_region":"28","population":797,"surface_km2":22.79,"lat":48.6937,"lon":0.6599},{"code_insee":"61141","nom":"Cuissai","codes_postaux":["61250"],"code_dep":"61","code_region":"28","population":436,"surface_km2":8.92,"lat":48.4723,"lon":0.0026},{"code_insee":"61142","nom":"Dame-Marie","codes_postaux":["61130"],"code_dep":"61","code_region":"28","population":167,"surface_km2":13.32,"lat":48.3582,"lon":0.6179},{"code_insee":"61143","nom":"Damigny","codes_postaux":["61250"],"code_dep":"61","code_region":"28","population":2446,"surface_km2":4.88,"lat":48.4519,"lon":0.0699},{"code_insee":"61145","nom":"Domfront en Poiraie","codes_postaux":["61700"],"code_dep":"61","code_region":"28","population":4113,"surface_km2":65.46,"lat":48.5866,"lon":-0.6554},{"code_insee":"61146","nom":"Dompierre","codes_postaux":["61700"],"code_dep":"61","code_region":"28","population":380,"surface_km2":8.65,"lat":48.6356,"lon":-0.5557},{"code_insee":"61148","nom":"Durcet","codes_postaux":["61100"],"code_dep":"61","code_region":"28","population":286,"surface_km2":9.65,"lat":48.7397,"lon":-0.4444},{"code_insee":"61149","nom":"Échalou","codes_postaux":["61440"],"code_dep":"61","code_region":"28","population":319,"surface_km2":5.61,"lat":48.7229,"lon":-0.4922},{"code_insee":"61150","nom":"Échauffour","codes_postaux":["61370"],"code_dep":"61","code_region":"28","population":717,"surface_km2":33.21,"lat":48.7352,"lon":0.3949},{"code_insee":"61151","nom":"Écorcei","codes_postaux":["61270"],"code_dep":"61","code_region":"28","population":367,"surface_km2":9.57,"lat":48.7208,"lon":0.5749},{"code_insee":"61152","nom":"Écorches","codes_postaux":["61160"],"code_dep":"61","code_region":"28","population":101,"surface_km2":9.8,"lat":48.8715,"lon":0.0891},{"code_insee":"61153","nom":"Écouché-les-Vallées","codes_postaux":["61150","61200"],"code_dep":"61","code_region":"28","population":2193,"surface_km2":41.5,"lat":48.7232,"lon":-0.1316},{"code_insee":"61156","nom":"Essay","codes_postaux":["61500"],"code_dep":"61","code_region":"28","population":556,"surface_km2":16.03,"lat":48.5388,"lon":0.2471},{"code_insee":"61158","nom":"Faverolles","codes_postaux":["61600"],"code_dep":"61","code_region":"28","population":130,"surface_km2":10.59,"lat":48.6691,"lon":-0.2898},{"code_insee":"61159","nom":"Fay","codes_postaux":["61390"],"code_dep":"61","code_region":"28","population":69,"surface_km2":8.5,"lat":48.6637,"lon":0.411},{"code_insee":"61160","nom":"Feings","codes_postaux":["61400"],"code_dep":"61","code_region":"28","population":194,"surface_km2":20.34,"lat":48.5423,"lon":0.648},{"code_insee":"61162","nom":"La Ferrière-au-Doyen","codes_postaux":["61380"],"code_dep":"61","code_region":"28","population":157,"surface_km2":22.65,"lat":48.6781,"lon":0.5072},{"code_insee":"61163","nom":"La Ferrière-aux-Étangs","codes_postaux":["61450"],"code_dep":"61","code_region":"28","population":1506,"surface_km2":11.15,"lat":48.6527,"lon":-0.5069},{"code_insee":"61164","nom":"La Ferrière-Béchet","codes_postaux":["61500"],"code_dep":"61","code_region":"28","population":245,"surface_km2":13.83,"lat":48.573,"lon":0.0736},{"code_insee":"61165","nom":"La Ferrière-Bochard","codes_postaux":["61420"],"code_dep":"61","code_region":"28","population":709,"surface_km2":10.82,"lat":48.4143,"lon":-0.0345},{"code_insee":"61166","nom":"Ferrières-la-Verrerie","codes_postaux":["61390"],"code_dep":"61","code_region":"28","population":161,"surface_km2":14.63,"lat":48.6534,"lon":0.3819},{"code_insee":"61167","nom":"La Ferté-en-Ouche","codes_postaux":["61470","61550"],"code_dep":"61","code_region":"28","population":2938,"surface_km2":132.63,"lat":48.8436,"lon":0.4951},{"code_insee":"61168","nom":"La Ferté Macé","codes_postaux":["61410","61600"],"code_dep":"61","code_region":"28","population":5071,"surface_km2":32.16,"lat":48.5688,"lon":-0.3592},{"code_insee":"61169","nom":"Flers","codes_postaux":["61100"],"code_dep":"61","code_region":"28","population":14432,"surface_km2":21.45,"lat":48.7389,"lon":-0.5603},{"code_insee":"61170","nom":"Fleuré","codes_postaux":["61200"],"code_dep":"61","code_region":"28","population":203,"surface_km2":12.02,"lat":48.6803,"lon":-0.0458},{"code_insee":"61171","nom":"Fontaine-les-Bassets","codes_postaux":["61160"],"code_dep":"61","code_region":"28","population":114,"surface_km2":5.94,"lat":48.8618,"lon":0.0017},{"code_insee":"61176","nom":"Francheville","codes_postaux":["61570"],"code_dep":"61","code_region":"28","population":130,"surface_km2":9.58,"lat":48.6371,"lon":-0.0615},{"code_insee":"61178","nom":"La Fresnaie-Fayel","codes_postaux":["61230"],"code_dep":"61","code_region":"28","population":50,"surface_km2":5.05,"lat":48.8343,"lon":0.2279},{"code_insee":"61180","nom":"Fresnay-le-Samson","codes_postaux":["61120"],"code_dep":"61","code_region":"28","population":108,"surface_km2":6.76,"lat":48.8747,"lon":0.2052},{"code_insee":"61181","nom":"Gacé","codes_postaux":["61230"],"code_dep":"61","code_region":"28","population":1766,"surface_km2":6.49,"lat":48.7895,"lon":0.3118},{"code_insee":"61182","nom":"Gandelain","codes_postaux":["61420"],"code_dep":"61","code_region":"28","population":408,"surface_km2":14.93,"lat":48.4724,"lon":-0.0852},{"code_insee":"61183","nom":"Gâprée","codes_postaux":["61390"],"code_dep":"61","code_region":"28","population":142,"surface_km2":10.09,"lat":48.6262,"lon":0.2899},{"code_insee":"61187","nom":"Les Genettes","codes_postaux":["61270"],"code_dep":"61","code_region":"28","population":160,"surface_km2":6.51,"lat":48.6623,"lon":0.5822},{"code_insee":"61189","nom":"Giel-Courteilles","codes_postaux":["61210"],"code_dep":"61","code_region":"28","population":488,"surface_km2":12.73,"lat":48.7638,"lon":-0.2117},{"code_insee":"61190","nom":"Ginai","codes_postaux":["61310"],"code_dep":"61","code_region":"28","population":74,"surface_km2":9.34,"lat":48.7447,"lon":0.2093},{"code_insee":"61193","nom":"La Gonfrière","codes_postaux":["61550"],"code_dep":"61","code_region":"28","population":271,"surface_km2":13.0,"lat":48.8145,"lon":0.4919},{"code_insee":"61194","nom":"Monts-sur-Orne","codes_postaux":["61150"],"code_dep":"61","code_region":"28","population":874,"surface_km2":31.23,"lat":48.7509,"lon":-0.1194},{"code_insee":"61195","nom":"Le Grais","codes_postaux":["61600"],"code_dep":"61","code_region":"28","population":208,"surface_km2":12.26,"lat":48.6446,"lon":-0.3253},{"code_insee":"61196","nom":"Belforêt-en-Perche","codes_postaux":["61130","61360","61400"],"code_dep":"61","code_region":"28","population":1474,"surface_km2":75.36,"lat":48.3841,"lon":0.5039},{"code_insee":"61197","nom":"Guêprei","codes_postaux":["61160"],"code_dep":"61","code_region":"28","population":153,"surface_km2":7.15,"lat":48.8361,"lon":-0.0188},{"code_insee":"61198","nom":"Guerquesalles","codes_postaux":["61120"],"code_dep":"61","code_region":"28","population":122,"surface_km2":8.64,"lat":48.8967,"lon":0.2179},{"code_insee":"61199","nom":"Habloville","codes_postaux":["61210"],"code_dep":"61","code_region":"28","population":336,"surface_km2":11.77,"lat":48.7862,"lon":-0.1761},{"code_insee":"61202","nom":"Hauterive","codes_postaux":["61250"],"code_dep":"61","code_region":"28","population":457,"surface_km2":6.99,"lat":48.4807,"lon":0.2057},{"code_insee":"61203","nom":"Héloup","codes_postaux":["61250"],"code_dep":"61","code_region":"28","population":899,"surface_km2":12.88,"lat":48.3994,"lon":0.0353},{"code_insee":"61206","nom":"L'Hôme-Chamondot","codes_postaux":["61290"],"code_dep":"61","code_region":"28","population":266,"surface_km2":16.05,"lat":48.6032,"lon":0.7373},{"code_insee":"61207","nom":"Igé","codes_postaux":["61130"],"code_dep":"61","code_region":"28","population":585,"surface_km2":27.92,"lat":48.3142,"lon":0.5129},{"code_insee":"61208","nom":"Irai","codes_postaux":["61190"],"code_dep":"61","code_region":"28","population":603,"surface_km2":15.09,"lat":48.6721,"lon":0.6883},{"code_insee":"61209","nom":"Joué-du-Bois","codes_postaux":["61320"],"code_dep":"61","code_region":"28","population":382,"surface_km2":21.3,"lat":48.5854,"lon":-0.2356},{"code_insee":"61210","nom":"Joué-du-Plain","codes_postaux":["61150"],"code_dep":"61","code_region":"28","population":233,"surface_km2":14.69,"lat":48.6829,"lon":-0.1462},{"code_insee":"61211","nom":"Juvigny Val d'Andaine","codes_postaux":["61140","61330"],"code_dep":"61","code_region":"28","population":2094,"surface_km2":80.01,"lat":48.5269,"lon":-0.5205},{"code_insee":"61212","nom":"Juvigny-sur-Orne","codes_postaux":["61200"],"code_dep":"61","code_region":"28","population":106,"surface_km2":3.31,"lat":48.7247,"lon":0.024},{"code_insee":"61213","nom":"Lalacelle","codes_postaux":["61320"],"code_dep":"61","code_region":"28","population":263,"surface_km2":13.37,"lat":48.4694,"lon":-0.1249},{"code_insee":"61214","nom":"L'Aigle","codes_postaux":["61300"],"code_dep":"61","code_region":"28","population":7663,"surface_km2":18.46,"lat":48.7566,"lon":0.6118},{"code_insee":"61215","nom":"Laleu","codes_postaux":["61170"],"code_dep":"61","code_region":"28","population":362,"surface_km2":11.46,"lat":48.5369,"lon":0.3669},{"code_insee":"61216","nom":"La Lande-de-Goult","codes_postaux":["61320"],"code_dep":"61","code_region":"28","population":182,"surface_km2":28.54,"lat":48.5852,"lon":-0.0535},{"code_insee":"61217","nom":"La Lande-de-Lougé","codes_postaux":["61210"],"code_dep":"61","code_region":"28","population":57,"surface_km2":4.98,"lat":48.7021,"lon":-0.2499},{"code_insee":"61218","nom":"La Lande-Patry","codes_postaux":["61100"],"code_dep":"61","code_region":"28","population":1730,"surface_km2":6.49,"lat":48.7529,"lon":-0.5988},{"code_insee":"61219","nom":"La Lande-Saint-Siméon","codes_postaux":["61100"],"code_dep":"61","code_region":"28","population":166,"surface_km2":5.42,"lat":48.8271,"lon":-0.4311},{"code_insee":"61221","nom":"Landigou","codes_postaux":["61100"],"code_dep":"61","code_region":"28","population":417,"surface_km2":5.42,"lat":48.7429,"lon":-0.4753},{"code_insee":"61222","nom":"Landisacq","codes_postaux":["61100"],"code_dep":"61","code_region":"28","population":765,"surface_km2":10.9,"lat":48.7507,"lon":-0.654},{"code_insee":"61224","nom":"Larré","codes_postaux":["61250"],"code_dep":"61","code_region":"28","population":459,"surface_km2":5.67,"lat":48.4939,"lon":0.1658},{"code_insee":"61225","nom":"Lignères","codes_postaux":["61240"],"code_dep":"61","code_region":"28","population":32,"surface_km2":5.4,"lat":48.7395,"lon":0.3031},{"code_insee":"61227","nom":"Lignou","codes_postaux":["61220"],"code_dep":"61","code_region":"28","population":136,"surface_km2":7.68,"lat":48.6756,"lon":-0.345},{"code_insee":"61228","nom":"L'Orée-d'Écouves","codes_postaux":["61320","61420"],"code_dep":"61","code_region":"28","population":709,"surface_km2":44.58,"lat":48.5182,"lon":-0.0135},{"code_insee":"61229","nom":"Loisail","codes_postaux":["61400"],"code_dep":"61","code_region":"28","population":135,"surface_km2":5.23,"lat":48.5048,"lon":0.5841},{"code_insee":"61230","nom":"Longny les Villages","codes_postaux":["61290"],"code_dep":"61","code_region":"28","population":2811,"surface_km2":152.91,"lat":48.5419,"lon":0.8033},{"code_insee":"61232","nom":"Lonlay-l'Abbaye","codes_postaux":["61700"],"code_dep":"61","code_region":"28","population":1123,"surface_km2":53.15,"lat":48.6547,"lon":-0.7082},{"code_insee":"61233","nom":"Lonlay-le-Tesson","codes_postaux":["61600"],"code_dep":"61","code_region":"28","population":229,"surface_km2":12.66,"lat":48.6527,"lon":-0.3506},{"code_insee":"61234","nom":"Lonrai","codes_postaux":["61250"],"code_dep":"61","code_region":"28","population":1062,"surface_km2":6.16,"lat":48.4537,"lon":0.0379},{"code_insee":"61237","nom":"Lougé-sur-Maire","codes_postaux":["61150"],"code_dep":"61","code_region":"28","population":312,"surface_km2":13.83,"lat":48.7014,"lon":-0.2187},{"code_insee":"61238","nom":"Louvières-en-Auge","codes_postaux":["61160"],"code_dep":"61","code_region":"28","population":90,"surface_km2":6.23,"lat":48.8684,"lon":0.0267},{"code_insee":"61240","nom":"Macé","codes_postaux":["61500"],"code_dep":"61","code_region":"28","population":460,"surface_km2":14.43,"lat":48.6479,"lon":0.1372},{"code_insee":"61241","nom":"La Madeleine-Bouvet","codes_postaux":["61110"],"code_dep":"61","code_region":"28","population":400,"surface_km2":12.88,"lat":48.4712,"lon":0.8952},{"code_insee":"61242","nom":"Le Mage","codes_postaux":["61290"],"code_dep":"61","code_region":"28","population":231,"surface_km2":25.58,"lat":48.5039,"lon":0.8128},{"code_insee":"61243","nom":"Magny-le-Désert","codes_postaux":["61600"],"code_dep":"61","code_region":"28","population":1391,"surface_km2":33.81,"lat":48.5685,"lon":-0.3217},{"code_insee":"61244","nom":"Mahéru","codes_postaux":["61380"],"code_dep":"61","code_region":"28","population":278,"surface_km2":19.76,"lat":48.6597,"lon":0.4392},{"code_insee":"61248","nom":"Mantilly","codes_postaux":["61350"],"code_dep":"61","code_region":"28","population":508,"surface_km2":29.19,"lat":48.5124,"lon":-0.8179},{"code_insee":"61251","nom":"Marchemaisons","codes_postaux":["61170"],"code_dep":"61","code_region":"28","population":162,"surface_km2":8.83,"lat":48.5232,"lon":0.3176},{"code_insee":"61252","nom":"Mardilly","codes_postaux":["61230"],"code_dep":"61","code_region":"28","population":131,"surface_km2":12.77,"lat":48.8283,"lon":0.2651},{"code_insee":"61255","nom":"Mauves-sur-Huisne","codes_postaux":["61400"],"code_dep":"61","code_region":"28","population":533,"surface_km2":14.53,"lat":48.44,"lon":0.6071},{"code_insee":"61256","nom":"Médavy","codes_postaux":["61570"],"code_dep":"61","code_region":"28","population":152,"surface_km2":4.4,"lat":48.6729,"lon":0.0806},{"code_insee":"61257","nom":"Méhoudin","codes_postaux":["61410"],"code_dep":"61","code_region":"28","population":121,"surface_km2":3.83,"lat":48.5085,"lon":-0.3808},{"code_insee":"61258","nom":"Le Mêle-sur-Sarthe","codes_postaux":["61170"],"code_dep":"61","code_region":"28","population":659,"surface_km2":0.62,"lat":48.5116,"lon":0.3536},{"code_insee":"61259","nom":"Le Ménil-Bérard","codes_postaux":["61270"],"code_dep":"61","code_region":"28","population":67,"surface_km2":7.45,"lat":48.7068,"lon":0.511},{"code_insee":"61260","nom":"Le Ménil-de-Briouze","codes_postaux":["61220"],"code_dep":"61","code_region":"28","population":541,"surface_km2":21.51,"lat":48.6645,"lon":-0.3974},{"code_insee":"61261","nom":"Le Ménil-Broût","codes_postaux":["61250"],"code_dep":"61","code_region":"28","population":177,"surface_km2":3.47,"lat":48.482,"lon":0.2396},{"code_insee":"61262","nom":"Le Ménil-Ciboult","codes_postaux":["61800"],"code_dep":"61","code_region":"28","population":126,"surface_km2":6.27,"lat":48.7637,"lon":-0.7924},{"code_insee":"61263","nom":"Ménil-Erreux","codes_postaux":["61250"],"code_dep":"61","code_region":"28","population":204,"surface_km2":11.12,"lat":48.5043,"lon":0.1844},{"code_insee":"61264","nom":"Ménil-Froger","codes_postaux":["61240"],"code_dep":"61","code_region":"28","population":63,"surface_km2":5.24,"lat":48.7331,"lon":0.2673},{"code_insee":"61265","nom":"Ménil-Gondouin","codes_postaux":["61210"],"code_dep":"61","code_region":"28","population":156,"surface_km2":9.29,"lat":48.754,"lon":-0.2961},{"code_insee":"61266","nom":"Le Ménil-Guyon","codes_postaux":["61170"],"code_dep":"61","code_region":"28","population":84,"surface_km2":2.81,"lat":48.5797,"lon":0.2937},{"code_insee":"61267","nom":"Ménil-Hermei","codes_postaux":["61210"],"code_dep":"61","code_region":"28","population":208,"surface_km2":6.58,"lat":48.8268,"lon":-0.319},{"code_insee":"61268","nom":"Ménil-Hubert-en-Exmes","codes_postaux":["61230"],"code_dep":"61","code_region":"28","population":126,"surface_km2":10.4,"lat":48.8031,"lon":0.2344},{"code_insee":"61269","nom":"Ménil-Hubert-sur-Orne","codes_postaux":["61430"],"code_dep":"61","code_region":"28","population":472,"surface_km2":10.83,"lat":48.8518,"lon":-0.4141},{"code_insee":"61271","nom":"Le Ménil-Scelleur","codes_postaux":["61320"],"code_dep":"61","code_region":"28","population":92,"surface_km2":5.46,"lat":48.614,"lon":-0.124},{"code_insee":"61272","nom":"Le Ménil-Vicomte","codes_postaux":["61240"],"code_dep":"61","code_region":"28","population":29,"surface_km2":3.83,"lat":48.7445,"lon":0.2958},{"code_insee":"61273","nom":"Ménil-Vin","codes_postaux":["61210"],"code_dep":"61","code_region":"28","population":51,"surface_km2":3.65,"lat":48.8466,"lon":-0.3173},{"code_insee":"61274","nom":"Les Menus","codes_postaux":["61290"],"code_dep":"61","code_region":"28","population":244,"surface_km2":11.84,"lat":48.5165,"lon":0.9289},{"code_insee":"61275","nom":"Merlerault-le-Pin","codes_postaux":["61240"],"code_dep":"61","code_region":"28","population":1429,"surface_km2":61.76,"lat":48.695,"lon":0.2669},{"code_insee":"61276","nom":"Merri","codes_postaux":["61160"],"code_dep":"61","code_region":"28","population":149,"surface_km2":5.99,"lat":48.8492,"lon":-0.0481},{"code_insee":"61277","nom":"La Mesnière","codes_postaux":["61560"],"code_dep":"61","code_region":"28","population":276,"surface_km2":12.21,"lat":48.5218,"lon":0.4385},{"code_insee":"61278","nom":"Messei","codes_postaux":["61440"],"code_dep":"61","code_region":"28","population":1827,"surface_km2":13.33,"lat":48.713,"lon":-0.536},{"code_insee":"61279","nom":"Mieuxcé","codes_postaux":["61250"],"code_dep":"61","code_region":"28","population":617,"surface_km2":10.29,"lat":48.4127,"lon":-0.0043},{"code_insee":"61281","nom":"Moncy","codes_postaux":["61800"],"code_dep":"61","code_region":"28","population":261,"surface_km2":7.83,"lat":48.8347,"lon":-0.6736},{"code_insee":"61283","nom":"Montabard","codes_postaux":["61160"],"code_dep":"61","code_region":"28","population":287,"surface_km2":11.1,"lat":48.812,"lon":-0.0845},{"code_insee":"61284","nom":"Montchevrel","codes_postaux":["61170"],"code_dep":"61","code_region":"28","population":228,"surface_km2":11.03,"lat":48.5819,"lon":0.3348},{"code_insee":"61286","nom":"Montgaudry","codes_postaux":["61360"],"code_dep":"61","code_region":"28","population":108,"surface_km2":11.19,"lat":48.4071,"lon":0.4028},{"code_insee":"61287","nom":"Montilly-sur-Noireau","codes_postaux":["61100"],"code_dep":"61","code_region":"28","population":723,"surface_km2":11.19,"lat":48.8134,"lon":-0.5728},{"code_insee":"61288","nom":"Montmerrei","codes_postaux":["61570"],"code_dep":"61","code_region":"28","population":560,"surface_km2":12.88,"lat":48.6307,"lon":0.031},{"code_insee":"61289","nom":"Mont-Ormel","codes_postaux":["61160"],"code_dep":"61","code_region":"28","population":50,"surface_km2":3.73,"lat":48.8357,"lon":0.1537},{"code_insee":"61290","nom":"Montreuil-au-Houlme","codes_postaux":["61210"],"code_dep":"61","code_region":"28","population":125,"surface_km2":7.82,"lat":48.6813,"lon":-0.266},{"code_insee":"61291","nom":"Montreuil-la-Cambe","codes_postaux":["61160"],"code_dep":"61","code_region":"28","population":80,"surface_km2":9.7,"lat":48.8844,"lon":0.0325},{"code_insee":"61292","nom":"Montsecret-Clairefougère","codes_postaux":["61800"],"code_dep":"61","code_region":"28","population":667,"surface_km2":13.99,"lat":48.8006,"lon":-0.6787},{"code_insee":"61293","nom":"Mortagne-au-Perche","codes_postaux":["61400"],"code_dep":"61","code_region":"28","population":3898,"surface_km2":8.66,"lat":48.5189,"lon":0.5642},{"code_insee":"61294","nom":"Mortrée","codes_postaux":["61500","61570"],"code_dep":"61","code_region":"28","population":1115,"surface_km2":32.57,"lat":48.6242,"lon":0.0745},{"code_insee":"61295","nom":"La Motte-Fouquet","codes_postaux":["61600"],"code_dep":"61","code_region":"28","population":156,"surface_km2":9.48,"lat":48.5671,"lon":-0.2695},{"code_insee":"61297","nom":"Moulins-la-Marche","codes_postaux":["61380"],"code_dep":"61","code_region":"28","population":710,"surface_km2":13.16,"lat":48.6522,"lon":0.4767},{"code_insee":"61298","nom":"Moulins-sur-Orne","codes_postaux":["61200"],"code_dep":"61","code_region":"28","population":306,"surface_km2":9.22,"lat":48.7534,"lon":-0.0707},{"code_insee":"61300","nom":"Moutiers-au-Perche","codes_postaux":["61110"],"code_dep":"61","code_region":"28","population":366,"surface_km2":33.8,"lat":48.4804,"lon":0.8624},{"code_insee":"61301","nom":"Neauphe-sous-Essai","codes_postaux":["61500"],"code_dep":"61","code_region":"28","population":210,"surface_km2":11.42,"lat":48.562,"lon":0.1948},{"code_insee":"61302","nom":"Neauphe-sur-Dive","codes_postaux":["61160"],"code_dep":"61","code_region":"28","population":131,"surface_km2":14.0,"lat":48.8513,"lon":0.0913},{"code_insee":"61303","nom":"Nécy","codes_postaux":["61160"],"code_dep":"61","code_region":"28","population":533,"surface_km2":7.85,"lat":48.8294,"lon":-0.1189},{"code_insee":"61304","nom":"Neuilly-le-Bisson","codes_postaux":["61250"],"code_dep":"61","code_region":"28","population":276,"surface_km2":5.98,"lat":48.505,"lon":0.2186},{"code_insee":"61307","nom":"Neuville-sur-Touques","codes_postaux":["61120"],"code_dep":"61","code_region":"28","population":229,"surface_km2":15.58,"lat":48.8635,"lon":0.2871},{"code_insee":"61308","nom":"Neuvy-au-Houlme","codes_postaux":["61210"],"code_dep":"61","code_region":"28","population":195,"surface_km2":15.57,"lat":48.8231,"lon":-0.1901},{"code_insee":"61309","nom":"Perche en Nocé","codes_postaux":["61340"],"code_dep":"61","code_region":"28","population":1956,"surface_km2":87.08,"lat":48.3585,"lon":0.6958},{"code_insee":"61314","nom":"Occagnes","codes_postaux":["61200"],"code_dep":"61","code_region":"28","population":671,"surface_km2":15.64,"lat":48.7843,"lon":-0.0673},{"code_insee":"61316","nom":"Ommoy","codes_postaux":["61160"],"code_dep":"61","code_region":"28","population":117,"surface_km2":5.7,"lat":48.8551,"lon":-0.0251},{"code_insee":"61317","nom":"Orgères","codes_postaux":["61230"],"code_dep":"61","code_region":"28","population":180,"surface_km2":12.19,"lat":48.7484,"lon":0.3522},{"code_insee":"61319","nom":"Origny-le-Roux","codes_postaux":["61130"],"code_dep":"61","code_region":"28","population":251,"surface_km2":14.33,"lat":48.3333,"lon":0.4196},{"code_insee":"61321","nom":"Pacé","codes_postaux":["61250"],"code_dep":"61","code_region":"28","population":404,"surface_km2":7.6,"lat":48.4478,"lon":-0.0078},{"code_insee":"61322","nom":"Parfondeval","codes_postaux":["61400"],"code_dep":"61","code_region":"28","population":102,"surface_km2":3.1,"lat":48.4797,"lon":0.5058},{"code_insee":"61323","nom":"Le Pas-Saint-l'Homer","codes_postaux":["61290"],"code_dep":"61","code_region":"28","population":129,"surface_km2":9.43,"lat":48.4932,"lon":0.9265},{"code_insee":"61324","nom":"Passais Villages","codes_postaux":["61350"],"code_dep":"61","code_region":"28","population":1160,"surface_km2":42.87,"lat":48.4886,"lon":-0.7687},{"code_insee":"61326","nom":"Perrou","codes_postaux":["61700"],"code_dep":"61","code_region":"28","population":299,"surface_km2":4.42,"lat":48.5753,"lon":-0.5469},{"code_insee":"61327","nom":"Pervenchères","codes_postaux":["61360"],"code_dep":"61","code_region":"28","population":344,"surface_km2":28.55,"lat":48.442,"lon":0.4062},{"code_insee":"61328","nom":"Le Pin-au-Haras","codes_postaux":["61310"],"code_dep":"61","code_region":"28","population":243,"surface_km2":8.69,"lat":48.7461,"lon":0.1386},{"code_insee":"61329","nom":"Le Pin-la-Garenne","codes_postaux":["61400"],"code_dep":"61","code_region":"28","population":618,"surface_km2":15.85,"lat":48.4433,"lon":0.5494},{"code_insee":"61330","nom":"Planches","codes_postaux":["61370"],"code_dep":"61","code_region":"28","population":180,"surface_km2":12.56,"lat":48.687,"lon":0.376},{"code_insee":"61331","nom":"Le Plantis","codes_postaux":["61170"],"code_dep":"61","code_region":"28","population":125,"surface_km2":8.24,"lat":48.6027,"lon":0.3944},{"code_insee":"61332","nom":"Pointel","codes_postaux":["61220"],"code_dep":"61","code_region":"28","population":301,"surface_km2":7.6,"lat":48.697,"lon":-0.35},{"code_insee":"61333","nom":"Pontchardon","codes_postaux":["61120"],"code_dep":"61","code_region":"28","population":192,"surface_km2":4.79,"lat":48.9307,"lon":0.2613},{"code_insee":"61336","nom":"Pouvrai","codes_postaux":["61130"],"code_dep":"61","code_region":"28","population":103,"surface_km2":6.82,"lat":48.2797,"lon":0.5183},{"code_insee":"61339","nom":"Putanges-le-Lac","codes_postaux":["61210"],"code_dep":"61","code_region":"28","population":2093,"surface_km2":77.43,"lat":48.7711,"lon":-0.2889},{"code_insee":"61341","nom":"Écouves","codes_postaux":["61250"],"code_dep":"61","code_region":"28","population":1663,"surface_km2":36.32,"lat":48.5101,"lon":0.1057},{"code_insee":"61342","nom":"Rai","codes_postaux":["61270"],"code_dep":"61","code_region":"28","population":1430,"surface_km2":16.14,"lat":48.7552,"lon":0.5604},{"code_insee":"61344","nom":"Rânes","codes_postaux":["61150"],"code_dep":"61","code_region":"28","population":1036,"surface_km2":34.28,"lat":48.6424,"lon":-0.2196},{"code_insee":"61345","nom":"Rémalard en Perche","codes_postaux":["61110"],"code_dep":"61","code_region":"28","population":1866,"surface_km2":51.01,"lat":48.4405,"lon":0.7644},{"code_insee":"61346","nom":"Le Renouard","codes_postaux":["61120"],"code_dep":"61","code_region":"28","population":203,"surface_km2":14.5,"lat":48.9182,"lon":0.0946},{"code_insee":"61347","nom":"Résenlieu","codes_postaux":["61230"],"code_dep":"61","code_region":"28","population":171,"surface_km2":5.08,"lat":48.7907,"lon":0.276},{"code_insee":"61348","nom":"Réveillon","codes_postaux":["61400"],"code_dep":"61","code_region":"28","population":349,"surface_km2":11.9,"lat":48.4808,"lon":0.5595},{"code_insee":"61349","nom":"Ri","codes_postaux":["61210"],"code_dep":"61","code_region":"28","population":155,"surface_km2":7.47,"lat":48.7897,"lon":-0.1416},{"code_insee":"61350","nom":"La Roche-Mabile","codes_postaux":["61420"],"code_dep":"61","code_region":"28","population":164,"surface_km2":5.2,"lat":48.4892,"lon":-0.0699},{"code_insee":"61351","nom":"Roiville","codes_postaux":["61120"],"code_dep":"61","code_region":"28","population":133,"surface_km2":8.19,"lat":48.8797,"lon":0.2361},{"code_insee":"61352","nom":"Rônai","codes_postaux":["61160"],"code_dep":"61","code_region":"28","population":182,"surface_km2":5.39,"lat":48.8103,"lon":-0.1347},{"code_insee":"61357","nom":"Rouperroux","codes_postaux":["61320"],"code_dep":"61","code_region":"28","population":174,"surface_km2":9.8,"lat":48.5476,"lon":-0.079},{"code_insee":"61358","nom":"Sai","codes_postaux":["61200"],"code_dep":"61","code_region":"28","population":230,"surface_km2":5.1,"lat":48.7415,"lon":0.0246},{"code_insee":"61360","nom":"Saint-Agnan-sur-Sarthe","codes_postaux":["61170"],"code_dep":"61","code_region":"28","population":87,"surface_km2":6.63,"lat":48.6194,"lon":0.4304},{"code_insee":"61361","nom":"Saint-André-de-Briouze","codes_postaux":["61220"],"code_dep":"61","code_region":"28","population":178,"surface_km2":12.23,"lat":48.7327,"lon":-0.3243},{"code_insee":"61362","nom":"Saint-André-de-Messei","codes_postaux":["61440"],"code_dep":"61","code_region":"28","population":518,"surface_km2":15.23,"lat":48.6882,"lon":-0.5275},{"code_insee":"61363","nom":"Saint-Aquilin-de-Corbion","codes_postaux":["61380"],"code_dep":"61","code_region":"28","population":60,"surface_km2":6.08,"lat":48.6416,"lon":0.5285},{"code_insee":"61365","nom":"Saint-Aubin-d'Appenai","codes_postaux":["61170"],"code_dep":"61","code_region":"28","population":441,"surface_km2":11.31,"lat":48.5404,"lon":0.3413},{"code_insee":"61366","nom":"Saint-Aubin-de-Bonneval","codes_postaux":["61470"],"code_dep":"61","code_region":"28","population":131,"surface_km2":11.75,"lat":48.9495,"lon":0.3691},{"code_insee":"61367","nom":"Saint-Aubin-de-Courteraie","codes_postaux":["61560"],"code_dep":"61","code_region":"28","population":129,"surface_km2":10.26,"lat":48.6096,"lon":0.4512},{"code_insee":"61369","nom":"Saint-Bômer-les-Forges","codes_postaux":["61700"],"code_dep":"61","code_region":"28","population":1023,"surface_km2":31.44,"lat":48.6443,"lon":-0.6196},{"code_insee":"61370","nom":"Saint-Brice","codes_postaux":["61700"],"code_dep":"61","code_region":"28","population":150,"surface_km2":4.61,"lat":48.5486,"lon":-0.6398},{"code_insee":"61371","nom":"Saint-Brice-sous-Rânes","codes_postaux":["61150"],"code_dep":"61","code_region":"28","population":142,"surface_km2":9.5,"lat":48.6793,"lon":-0.1932},{"code_insee":"61372","nom":"Saint-Céneri-le-Gérei","codes_postaux":["61250"],"code_dep":"61","code_region":"28","population":110,"surface_km2":3.85,"lat":48.3872,"lon":-0.0391},{"code_insee":"61373","nom":"Sainte-Céronne-lès-Mortagne","codes_postaux":["61380"],"code_dep":"61","code_region":"28","population":251,"surface_km2":12.76,"lat":48.5911,"lon":0.5241},{"code_insee":"61374","nom":"Saint-Christophe-de-Chaulieu","codes_postaux":["61800"],"code_dep":"61","code_region":"28","population":84,"surface_km2":6.47,"lat":48.7439,"lon":-0.8303},{"code_insee":"61375","nom":"Boischampré","codes_postaux":["61570"],"code_dep":"61","code_region":"28","population":1169,"surface_km2":47.22,"lat":48.6765,"lon":0.0084},{"code_insee":"61376","nom":"Saint-Clair-de-Halouze","codes_postaux":["61490"],"code_dep":"61","code_region":"28","population":812,"surface_km2":11.9,"lat":48.6875,"lon":-0.6229},{"code_insee":"61379","nom":"Saint-Cyr-la-Rosière","codes_postaux":["61130"],"code_dep":"61","code_region":"28","population":231,"surface_km2":18.88,"lat":48.3164,"lon":0.6428},{"code_insee":"61381","nom":"Saint-Denis-sur-Huisne","codes_postaux":["61400"],"code_dep":"61","code_region":"28","population":59,"surface_km2":4.67,"lat":48.4706,"lon":0.5317},{"code_insee":"61382","nom":"Saint-Denis-sur-Sarthon","codes_postaux":["61420"],"code_dep":"61","code_region":"28","population":1055,"surface_km2":13.79,"lat":48.4563,"lon":-0.0346},{"code_insee":"61384","nom":"Saint-Ellier-les-Bois","codes_postaux":["61320"],"code_dep":"61","code_region":"28","population":254,"surface_km2":13.87,"lat":48.5263,"lon":-0.1008},{"code_insee":"61385","nom":"Saint-Evroult-de-Montfort","codes_postaux":["61230"],"code_dep":"61","code_region":"28","population":370,"surface_km2":22.49,"lat":48.8139,"lon":0.3134},{"code_insee":"61386","nom":"Saint-Evroult-Notre-Dame-du-Bois","codes_postaux":["61550"],"code_dep":"61","code_region":"28","population":440,"surface_km2":34.47,"lat":48.7829,"lon":0.4457},{"code_insee":"61387","nom":"Saint-Fraimbault","codes_postaux":["61350"],"code_dep":"61","code_region":"28","population":545,"surface_km2":28.94,"lat":48.4987,"lon":-0.7165},{"code_insee":"61388","nom":"Saint-Fulgent-des-Ormes","codes_postaux":["61130"],"code_dep":"61","code_region":"28","population":172,"surface_km2":8.44,"lat":48.3224,"lon":0.452},{"code_insee":"61389","nom":"Sainte-Gauburge-Sainte-Colombe","codes_postaux":["61370"],"code_dep":"61","code_region":"28","population":1006,"surface_km2":21.21,"lat":48.7082,"lon":0.4443},{"code_insee":"61390","nom":"Saint-Georges-d'Annebecq","codes_postaux":["61600"],"code_dep":"61","code_region":"28","population":163,"surface_km2":9.41,"lat":48.6271,"lon":-0.2657},{"code_insee":"61391","nom":"Saint-Georges-des-Groseillers","codes_postaux":["61100"],"code_dep":"61","code_region":"28","population":3173,"surface_km2":7.29,"lat":48.7705,"lon":-0.5655},{"code_insee":"61392","nom":"Saint-Germain-d'Aunay","codes_postaux":["61470"],"code_dep":"61","code_region":"28","population":116,"surface_km2":8.55,"lat":48.93,"lon":0.3809},{"code_insee":"61393","nom":"Saint-Germain-de-Clairefeuille","codes_postaux":["61240"],"code_dep":"61","code_region":"28","population":132,"surface_km2":12.23,"lat":48.7267,"lon":0.2338},{"code_insee":"61394","nom":"Saint-Germain-de-la-Coudre","codes_postaux":["61130"],"code_dep":"61","code_region":"28","population":831,"surface_km2":26.19,"lat":48.2729,"lon":0.5943},{"code_insee":"61395","nom":"Saint-Germain-des-Grois","codes_postaux":["61110"],"code_dep":"61","code_region":"28","population":203,"surface_km2":10.49,"lat":48.4066,"lon":0.8154},{"code_insee":"61396","nom":"Saint-Germain-de-Martigny","codes_postaux":["61560"],"code_dep":"61","code_region":"28","population":78,"surface_km2":3.91,"lat":48.5867,"lon":0.4656},{"code_insee":"61397","nom":"Saint-Germain-du-Corbéis","codes_postaux":["61000"],"code_dep":"61","code_region":"28","population":3636,"surface_km2":7.47,"lat":48.4178,"lon":0.0587},{"code_insee":"61398","nom":"Saint-Germain-le-Vieux","codes_postaux":["61390"],"code_dep":"61","code_region":"28","population":62,"surface_km2":3.25,"lat":48.612,"lon":0.3108},{"code_insee":"61399","nom":"Saint-Gervais-des-Sablons","codes_postaux":["61160"],"code_dep":"61","code_region":"28","population":70,"surface_km2":8.79,"lat":48.9029,"lon":0.0705},{"code_insee":"61400","nom":"Saint-Gervais-du-Perron","codes_postaux":["61500"],"code_dep":"61","code_region":"28","population":341,"surface_km2":11.37,"lat":48.5372,"lon":0.1456},{"code_insee":"61401","nom":"Saint-Gilles-des-Marais","codes_postaux":["61700"],"code_dep":"61","code_region":"28","population":106,"surface_km2":5.93,"lat":48.5863,"lon":-0.6973},{"code_insee":"61402","nom":"Saint-Hilaire-de-Briouze","codes_postaux":["61220"],"code_dep":"61","code_region":"28","population":292,"surface_km2":13.76,"lat":48.7059,"lon":-0.3051},{"code_insee":"61404","nom":"Saint-Hilaire-le-Châtel","codes_postaux":["61400"],"code_dep":"61","code_region":"28","population":667,"surface_km2":22.55,"lat":48.5563,"lon":0.5456},{"code_insee":"61405","nom":"Saint-Hilaire-sur-Erre","codes_postaux":["61340"],"code_dep":"61","code_region":"28","population":484,"surface_km2":15.32,"lat":48.3119,"lon":0.7495},{"code_insee":"61406","nom":"Saint-Hilaire-sur-Risle","codes_postaux":["61270"],"code_dep":"61","code_region":"28","population":289,"surface_km2":6.66,"lat":48.7246,"lon":0.5073},{"code_insee":"61407","nom":"Sainte-Honorine-la-Chardonne","codes_postaux":["61430"],"code_dep":"61","code_region":"28","population":684,"surface_km2":14.6,"lat":48.8233,"lon":-0.4824},{"code_insee":"61408","nom":"Sainte-Honorine-la-Guillaume","codes_postaux":["61210"],"code_dep":"61","code_region":"28","population":349,"surface_km2":14.83,"lat":48.7775,"lon":-0.3769},{"code_insee":"61411","nom":"Saint-Jouin-de-Blavou","codes_postaux":["61360"],"code_dep":"61","code_region":"28","population":311,"surface_km2":17.89,"lat":48.448,"lon":0.4816},{"code_insee":"61412","nom":"Saint-Julien-sur-Sarthe","codes_postaux":["61170"],"code_dep":"61","code_region":"28","population":672,"surface_km2":16.25,"lat":48.4887,"lon":0.372},{"code_insee":"61413","nom":"Saint-Lambert-sur-Dive","codes_postaux":["61160"],"code_dep":"61","code_region":"28","population":134,"surface_km2":7.76,"lat":48.8295,"lon":0.0933},{"code_insee":"61414","nom":"Saint-Langis-lès-Mortagne","codes_postaux":["61400"],"code_dep":"61","code_region":"28","population":877,"surface_km2":12.79,"lat":48.5101,"lon":0.5335},{"code_insee":"61415","nom":"Saint-Léger-sur-Sarthe","codes_postaux":["61170"],"code_dep":"61","code_region":"28","population":320,"surface_km2":13.29,"lat":48.4956,"lon":0.3166},{"code_insee":"61416","nom":"Saint-Léonard-des-Parcs","codes_postaux":["61390"],"code_dep":"61","code_region":"28","population":75,"surface_km2":13.48,"lat":48.6438,"lon":0.2789},{"code_insee":"61418","nom":"Saint-Mard-de-Réno","codes_postaux":["61400"],"code_dep":"61","code_region":"28","population":386,"surface_km2":19.2,"lat":48.5091,"lon":0.6368},{"code_insee":"61419","nom":"Sainte-Marguerite-de-Carrouges","codes_postaux":["61320"],"code_dep":"61","code_region":"28","population":210,"surface_km2":8.7,"lat":48.5937,"lon":-0.1515},{"code_insee":"61420","nom":"Sainte-Marie-la-Robert","codes_postaux":["61320"],"code_dep":"61","code_region":"28","population":86,"surface_km2":5.55,"lat":48.6276,"lon":-0.1435},{"code_insee":"61421","nom":"Saint-Mars-d'Égrenne","codes_postaux":["61350"],"code_dep":"61","code_region":"28","population":630,"surface_km2":25.43,"lat":48.5514,"lon":-0.7366},{"code_insee":"61422","nom":"Les Aspres","codes_postaux":["61270"],"code_dep":"61","code_region":"28","population":625,"surface_km2":23.34,"lat":48.6735,"lon":0.6026},{"code_insee":"61423","nom":"Saint-Martin-d'Écublei","codes_postaux":["61300"],"code_dep":"61","code_region":"28","population":625,"surface_km2":12.07,"lat":48.7947,"lon":0.6689},{"code_insee":"61424","nom":"Saint-Martin-des-Landes","codes_postaux":["61320"],"code_dep":"61","code_region":"28","population":184,"surface_km2":11.24,"lat":48.546,"lon":-0.1563},{"code_insee":"61425","nom":"Saint-Martin-des-Pézerits","codes_postaux":["61380"],"code_dep":"61","code_region":"28","population":117,"surface_km2":4.66,"lat":48.6285,"lon":0.489},{"code_insee":"61426","nom":"Saint-Martin-du-Vieux-Bellême","codes_postaux":["61130"],"code_dep":"61","code_region":"28","population":538,"surface_km2":16.06,"lat":48.37,"lon":0.5466},{"code_insee":"61427","nom":"Saint-Martin-l'Aiguillon","codes_postaux":["61320"],"code_dep":"61","code_region":"28","population":186,"surface_km2":14.79,"lat":48.6008,"lon":-0.176},{"code_insee":"61429","nom":"Charencey","codes_postaux":["61190"],"code_dep":"61","code_region":"28","population":754,"surface_km2":45.73,"lat":48.6394,"lon":0.7597},{"code_insee":"61432","nom":"Saint-Michel-Tubœuf","codes_postaux":["61300"],"code_dep":"61","code_region":"28","population":568,"surface_km2":8.8,"lat":48.7555,"lon":0.6856},{"code_insee":"61433","nom":"Saint-Nicolas-des-Bois","codes_postaux":["61250"],"code_dep":"61","code_region":"28","population":285,"surface_km2":25.39,"lat":48.5109,"lon":0.0186},{"code_insee":"61435","nom":"Saint-Nicolas-de-Sommaire","codes_postaux":["61550"],"code_dep":"61","code_region":"28","population":261,"surface_km2":16.26,"lat":48.814,"lon":0.5958},{"code_insee":"61436","nom":"Sainte-Opportune","codes_postaux":["61100"],"code_dep":"61","code_region":"28","population":244,"surface_km2":8.55,"lat":48.7358,"lon":-0.4124},{"code_insee":"61438","nom":"Saint-Ouen-de-Sécherouvre","codes_postaux":["61560"],"code_dep":"61","code_region":"28","population":153,"surface_km2":10.15,"lat":48.5972,"lon":0.4881},{"code_insee":"61439","nom":"Saint-Ouen-le-Brisoult","codes_postaux":["61410"],"code_dep":"61","code_region":"28","population":128,"surface_km2":9.72,"lat":48.5062,"lon":-0.3481},{"code_insee":"61440","nom":"Saint-Ouen-sur-Iton","codes_postaux":["61300"],"code_dep":"61","code_region":"28","population":826,"surface_km2":14.31,"lat":48.7364,"lon":0.6736},{"code_insee":"61442","nom":"Saint-Patrice-du-Désert","codes_postaux":["61600"],"code_dep":"61","code_region":"28","population":237,"surface_km2":20.64,"lat":48.5347,"lon":-0.2902},{"code_insee":"61443","nom":"Saint-Paul","codes_postaux":["61100"],"code_dep":"61","code_region":"28","population":631,"surface_km2":7.91,"lat":48.737,"lon":-0.6289},{"code_insee":"61444","nom":"Saint-Philbert-sur-Orne","codes_postaux":["61430"],"code_dep":"61","code_region":"28","population":111,"surface_km2":5.87,"lat":48.8347,"lon":-0.3741},{"code_insee":"61445","nom":"Saint-Pierre-d'Entremont","codes_postaux":["61800"],"code_dep":"61","code_region":"28","population":658,"surface_km2":6.23,"lat":48.812,"lon":-0.65},{"code_insee":"61446","nom":"Saint-Pierre-des-Loges","codes_postaux":["61370"],"code_dep":"61","code_region":"28","population":162,"surface_km2":9.94,"lat":48.7425,"lon":0.467},{"code_insee":"61447","nom":"Saint-Pierre-du-Regard","codes_postaux":["61790"],"code_dep":"61","code_region":"28","population":1321,"surface_km2":9.43,"lat":48.8322,"lon":-0.5399},{"code_insee":"61448","nom":"Saint-Pierre-la-Bruyère","codes_postaux":["61340"],"code_dep":"61","code_region":"28","population":423,"surface_km2":6.4,"lat":48.361,"lon":0.8014},{"code_insee":"61450","nom":"Saint-Quentin-de-Blavou","codes_postaux":["61360"],"code_dep":"61","code_region":"28","population":80,"surface_km2":6.43,"lat":48.4799,"lon":0.419},{"code_insee":"61451","nom":"Saint-Quentin-les-Chardonnets","codes_postaux":["61800"],"code_dep":"61","code_region":"28","population":322,"surface_km2":8.96,"lat":48.7824,"lon":-0.7498},{"code_insee":"61452","nom":"Saint-Roch-sur-Égrenne","codes_postaux":["61350"],"code_dep":"61","code_region":"28","population":148,"surface_km2":12.31,"lat":48.577,"lon":-0.7426},{"code_insee":"61453","nom":"Saint-Sauveur-de-Carrouges","codes_postaux":["61320"],"code_dep":"61","code_region":"28","population":236,"surface_km2":11.59,"lat":48.5887,"lon":-0.1111},{"code_insee":"61454","nom":"Sainte-Scolasse-sur-Sarthe","codes_postaux":["61170"],"code_dep":"61","code_region":"28","population":582,"surface_km2":14.23,"lat":48.5816,"lon":0.3862},{"code_insee":"61456","nom":"Saint-Sulpice-sur-Risle","codes_postaux":["61300"],"code_dep":"61","code_region":"28","population":1583,"surface_km2":28.62,"lat":48.7784,"lon":0.6806},{"code_insee":"61457","nom":"Saint-Symphorien-des-Bruyères","codes_postaux":["61300"],"code_dep":"61","code_region":"28","population":494,"surface_km2":16.16,"lat":48.7869,"lon":0.5634},{"code_insee":"61459","nom":"Saires-la-Verrerie","codes_postaux":["61220"],"code_dep":"61","code_region":"28","population":295,"surface_km2":8.18,"lat":48.6883,"lon":-0.4867},{"code_insee":"61460","nom":"Sap-en-Auge","codes_postaux":["61120","61470"],"code_dep":"61","code_region":"28","population":926,"surface_km2":29.91,"lat":48.8868,"lon":0.3196},{"code_insee":"61461","nom":"Le Sap-André","codes_postaux":["61230"],"code_dep":"61","code_region":"28","population":125,"surface_km2":9.5,"lat":48.8309,"lon":0.3893},{"code_insee":"61462","nom":"Sarceaux","codes_postaux":["61200"],"code_dep":"61","code_region":"28","population":1063,"surface_km2":10.84,"lat":48.7157,"lon":-0.0336},{"code_insee":"61463","nom":"Les Monts d'Andaine","codes_postaux":["61600"],"code_dep":"61","code_region":"28","population":1684,"surface_km2":37.55,"lat":48.6129,"lon":-0.4259},{"code_insee":"61464","nom":"Sées","codes_postaux":["61500"],"code_dep":"61","code_region":"28","population":4168,"surface_km2":40.48,"lat":48.6075,"lon":0.1645},{"code_insee":"61466","nom":"La Selle-la-Forge","codes_postaux":["61100"],"code_dep":"61","code_region":"28","population":1390,"surface_km2":8.17,"lat":48.736,"lon":-0.5302},{"code_insee":"61467","nom":"Semallé","codes_postaux":["61250"],"code_dep":"61","code_region":"28","population":379,"surface_km2":14.29,"lat":48.473,"lon":0.1578},{"code_insee":"61472","nom":"Sévigny","codes_postaux":["61200"],"code_dep":"61","code_region":"28","population":308,"surface_km2":7.69,"lat":48.7726,"lon":-0.0198},{"code_insee":"61473","nom":"Sevrai","codes_postaux":["61150"],"code_dep":"61","code_region":"28","population":292,"surface_km2":8.21,"lat":48.7038,"lon":-0.1495},{"code_insee":"61474","nom":"Gouffern en Auge","codes_postaux":["61160","61200","61310"],"code_dep":"61","code_region":"28","population":3636,"surface_km2":166.99,"lat":48.7851,"lon":0.1126},{"code_insee":"61475","nom":"Soligny-la-Trappe","codes_postaux":["61380"],"code_dep":"61","code_region":"28","population":627,"surface_km2":19.87,"lat":48.6256,"lon":0.5561},{"code_insee":"61476","nom":"Suré","codes_postaux":["61360"],"code_dep":"61","code_region":"28","population":277,"surface_km2":17.43,"lat":48.3692,"lon":0.4099},{"code_insee":"61479","nom":"Tanques","codes_postaux":["61150"],"code_dep":"61","code_region":"28","population":157,"surface_km2":6.27,"lat":48.6832,"lon":-0.0763},{"code_insee":"61480","nom":"Tanville","codes_postaux":["61500"],"code_dep":"61","code_region":"28","population":227,"surface_km2":13.25,"lat":48.566,"lon":0.0108},{"code_insee":"61481","nom":"Tellières-le-Plessis","codes_postaux":["61390"],"code_dep":"61","code_region":"28","population":66,"surface_km2":5.51,"lat":48.6232,"lon":0.3942},{"code_insee":"61482","nom":"Tessé-Froulay","codes_postaux":["61410"],"code_dep":"61","code_region":"28","population":375,"surface_km2":5.22,"lat":48.531,"lon":-0.4287},{"code_insee":"61483","nom":"Bagnoles de l'Orne Normandie","codes_postaux":["61140","61600"],"code_dep":"61","code_region":"28","population":2699,"surface_km2":15.93,"lat":48.5696,"lon":-0.4174},{"code_insee":"61484","nom":"Val-au-Perche","codes_postaux":["61130","61260","61340"],"code_dep":"61","code_region":"28","population":3336,"surface_km2":63.12,"lat":48.2883,"lon":0.6987},{"code_insee":"61485","nom":"Ticheville","codes_postaux":["61120"],"code_dep":"61","code_region":"28","population":200,"surface_km2":9.98,"lat":48.9055,"lon":0.2619},{"code_insee":"61486","nom":"Tinchebray-Bocage","codes_postaux":["61800"],"code_dep":"61","code_region":"28","population":4813,"surface_km2":90.57,"lat":48.7283,"lon":-0.7337},{"code_insee":"61487","nom":"Torchamp","codes_postaux":["61330"],"code_dep":"61","code_region":"28","population":291,"surface_km2":14.74,"lat":48.5376,"lon":-0.6741},{"code_insee":"61488","nom":"Touquettes","codes_postaux":["61550"],"code_dep":"61","code_region":"28","population":75,"surface_km2":9.8,"lat":48.7938,"lon":0.4186},{"code_insee":"61490","nom":"Tournai-sur-Dive","codes_postaux":["61160"],"code_dep":"61","code_region":"28","population":295,"surface_km2":12.52,"lat":48.81,"lon":0.0477},{"code_insee":"61491","nom":"Tourouvre au Perche","codes_postaux":["61190"],"code_dep":"61","code_region":"28","population":2955,"surface_km2":94.33,"lat":48.6065,"lon":0.6321},{"code_insee":"61492","nom":"Trémont","codes_postaux":["61390"],"code_dep":"61","code_region":"28","population":122,"surface_km2":6.44,"lat":48.5988,"lon":0.2737},{"code_insee":"61493","nom":"La Trinité-des-Laitiers","codes_postaux":["61230"],"code_dep":"61","code_region":"28","population":67,"surface_km2":11.29,"lat":48.7959,"lon":0.3774},{"code_insee":"61494","nom":"Trun","codes_postaux":["61160"],"code_dep":"61","code_region":"28","population":1165,"surface_km2":9.14,"lat":48.8504,"lon":0.0438},{"code_insee":"61497","nom":"Valframbert","codes_postaux":["61250"],"code_dep":"61","code_region":"28","population":1678,"surface_km2":14.31,"lat":48.4659,"lon":0.1157},{"code_insee":"61498","nom":"Vaunoise","codes_postaux":["61130"],"code_dep":"61","code_region":"28","population":97,"surface_km2":7.67,"lat":48.3495,"lon":0.4839},{"code_insee":"61499","nom":"Les Ventes-de-Bourse","codes_postaux":["61170"],"code_dep":"61","code_region":"28","population":148,"surface_km2":20.95,"lat":48.5061,"lon":0.2664},{"code_insee":"61500","nom":"La Ventrouze","codes_postaux":["61190"],"code_dep":"61","code_region":"28","population":120,"surface_km2":7.15,"lat":48.6124,"lon":0.6877},{"code_insee":"61501","nom":"Verrières","codes_postaux":["61110"],"code_dep":"61","code_region":"28","population":408,"surface_km2":17.82,"lat":48.3937,"lon":0.747},{"code_insee":"61502","nom":"Vidai","codes_postaux":["61360"],"code_dep":"61","code_region":"28","population":72,"surface_km2":1.6,"lat":48.46,"lon":0.3724},{"code_insee":"61503","nom":"Vieux-Pont","codes_postaux":["61150"],"code_dep":"61","code_region":"28","population":202,"surface_km2":9.75,"lat":48.6504,"lon":-0.1507},{"code_insee":"61505","nom":"Villedieu-lès-Bailleul","codes_postaux":["61160"],"code_dep":"61","code_region":"28","population":203,"surface_km2":4.72,"lat":48.8008,"lon":0.0171},{"code_insee":"61507","nom":"Villiers-sous-Mortagne","codes_postaux":["61400"],"code_dep":"61","code_region":"28","population":235,"surface_km2":13.18,"lat":48.542,"lon":0.5954},{"code_insee":"61508","nom":"Vimoutiers","codes_postaux":["61120"],"code_dep":"61","code_region":"28","population":2978,"surface_km2":16.03,"lat":48.9254,"lon":0.1954},{"code_insee":"61510","nom":"Vitrai-sous-Laigle","codes_postaux":["61300"],"code_dep":"61","code_region":"28","population":209,"surface_km2":11.43,"lat":48.7149,"lon":0.709},{"code_insee":"61512","nom":"Les Yveteaux","codes_postaux":["61210"],"code_dep":"61","code_region":"28","population":101,"surface_km2":5.81,"lat":48.7107,"lon":-0.271}]