[{"code_insee":"63001","nom":"Aigueperse","codes_postaux":["63260"],"code_dep":"63","code_region":"84","population":2665,"surface_km2":10.55,"lat":46.0145,"lon":3.2024},{"code_insee":"63002","nom":"Aix-la-Fayette","codes_postaux":["63980"],"code_dep":"63","code_region":"84","population":97,"surface_km2":13.02,"lat":45.5082,"lon":3.5295},{"code_insee":"63003","nom":"Ambert","codes_postaux":["63600"],"code_dep":"63","code_region":"84","population":6517,"surface_km2":60.72,"lat":45.5516,"lon":3.7556},{"code_insee":"63004","nom":"Les Ancizes-Comps","codes_postaux":["63770"],"code_dep":"63","code_region":"84","population":1682,"surface_km2":22.08,"lat":45.9378,"lon":2.8096},{"code_insee":"63005","nom":"Antoingt","codes_postaux":["63340"],"code_dep":"63","code_region":"84","population":413,"surface_km2":7.8,"lat":45.5051,"lon":3.1815},{"code_insee":"63006","nom":"Anzat-le-Luguet","codes_postaux":["63420"],"code_dep":"63","code_region":"84","population":167,"surface_km2":66.63,"lat":45.3265,"lon":3.0104},{"code_insee":"63007","nom":"Apchat","codes_postaux":["63420"],"code_dep":"63","code_region":"84","population":162,"surface_km2":36.78,"lat":45.3787,"lon":3.1488},{"code_insee":"63008","nom":"Arconsat","codes_postaux":["63250"],"code_dep":"63","code_region":"84","population":565,"surface_km2":22.63,"lat":45.9004,"lon":3.7154},{"code_insee":"63009","nom":"Ardes","codes_postaux":["63420"],"code_dep":"63","code_region":"84","population":592,"surface_km2":16.63,"lat":45.3978,"lon":3.127},{"code_insee":"63010","nom":"Arlanc","codes_postaux":["63220"],"code_dep":"63","code_region":"84","population":1785,"surface_km2":32.18,"lat":45.4239,"lon":3.7349},{"code_insee":"63011","nom":"Ars-les-Favets","codes_postaux":["63700"],"code_dep":"63","code_region":"84","population":220,"surface_km2":14.65,"lat":46.2023,"lon":2.7538},{"code_insee":"63012","nom":"Artonne","codes_postaux":["63460"],"code_dep":"63","code_region":"84","population":912,"surface_km2":17.66,"lat":46.0061,"lon":3.1489},{"code_insee":"63013","nom":"Aubiat","codes_postaux":["63260"],"code_dep":"63","code_region":"84","population":1023,"surface_km2":14.78,"lat":45.9792,"lon":3.1977},{"code_insee":"63014","nom":"Aubière","codes_postaux":["63170"],"code_dep":"63","code_region":"84","population":10459,"surface_km2":7.8,"lat":45.752,"lon":3.1272},{"code_insee":"63015","nom":"Aubusson-d'Auvergne","codes_postaux":["63120"],"code_dep":"63","code_region":"84","population":215,"surface_km2":6.92,"lat":45.7519,"lon":3.5999},{"code_insee":"63016","nom":"Augerolles","codes_postaux":["63930"],"code_dep":"63","code_region":"84","population":862,"surface_km2":32.85,"lat":45.7343,"lon":3.6372},{"code_insee":"63017","nom":"Augnat","codes_postaux":["63340"],"code_dep":"63","code_region":"84","population":183,"surface_km2":9.59,"lat":45.4129,"lon":3.1789},{"code_insee":"63019","nom":"Aulnat","codes_postaux":["63510"],"code_dep":"63","code_region":"84","population":4139,"surface_km2":4.32,"lat":45.7924,"lon":3.1726},{"code_insee":"63020","nom":"Aurières","codes_postaux":["63210"],"code_dep":"63","code_region":"84","population":373,"surface_km2":11.05,"lat":45.6829,"lon":2.9179},{"code_insee":"63021","nom":"Authezat","codes_postaux":["63114"],"code_dep":"63","code_region":"84","population":661,"surface_km2":5.81,"lat":45.6376,"lon":3.1942},{"code_insee":"63022","nom":"Auzat-la-Combelle","codes_postaux":["63570"],"code_dep":"63","code_region":"84","population":1956,"surface_km2":12.72,"lat":45.4495,"lon":3.3289},{"code_insee":"63023","nom":"Auzelles","codes_postaux":["63590"],"code_dep":"63","code_region":"84","population":391,"surface_km2":33.32,"lat":45.6136,"lon":3.5282},{"code_insee":"63024","nom":"Avèze","codes_postaux":["63690"],"code_dep":"63","code_region":"84","population":158,"surface_km2":22.13,"lat":45.5966,"lon":2.6023},{"code_insee":"63025","nom":"Ayat-sur-Sioule","codes_postaux":["63390"],"code_dep":"63","code_region":"84","population":138,"surface_km2":14.29,"lat":46.0609,"lon":2.8878},{"code_insee":"63026","nom":"Aydat","codes_postaux":["63970"],"code_dep":"63","code_region":"84","population":2574,"surface_km2":50.6,"lat":45.6663,"lon":2.9899},{"code_insee":"63027","nom":"Baffie","codes_postaux":["63600"],"code_dep":"63","code_region":"84","population":111,"surface_km2":10.84,"lat":45.4764,"lon":3.8242},{"code_insee":"63028","nom":"Bagnols","codes_postaux":["63810"],"code_dep":"63","code_region":"84","population":400,"surface_km2":42.9,"lat":45.4918,"lon":2.6376},{"code_insee":"63029","nom":"Bansat","codes_postaux":["63570"],"code_dep":"63","code_region":"84","population":264,"surface_km2":10.39,"lat":45.4848,"lon":3.3638},{"code_insee":"63030","nom":"Bas-et-Lezat","codes_postaux":["63310"],"code_dep":"63","code_region":"84","population":352,"surface_km2":12.64,"lat":46.0373,"lon":3.3041},{"code_insee":"63031","nom":"Beaulieu","codes_postaux":["63570"],"code_dep":"63","code_region":"84","population":473,"surface_km2":8.69,"lat":45.4437,"lon":3.2845},{"code_insee":"63032","nom":"Beaumont","codes_postaux":["63110"],"code_dep":"63","code_region":"84","population":10728,"surface_km2":4.0,"lat":45.75,"lon":3.0853},{"code_insee":"63033","nom":"Beaumont-lès-Randan","codes_postaux":["63310"],"code_dep":"63","code_region":"84","population":312,"surface_km2":6.03,"lat":45.9978,"lon":3.3818},{"code_insee":"63034","nom":"Beauregard-l'Évêque","codes_postaux":["63116"],"code_dep":"63","code_region":"84","population":1586,"surface_km2":12.07,"lat":45.8167,"lon":3.2969},{"code_insee":"63035","nom":"Beauregard-Vendon","codes_postaux":["63460"],"code_dep":"63","code_region":"84","population":1328,"surface_km2":7.3,"lat":45.9657,"lon":3.1108},{"code_insee":"63036","nom":"Bergonne","codes_postaux":["63500"],"code_dep":"63","code_region":"84","population":329,"surface_km2":5.83,"lat":45.5105,"lon":3.2171},{"code_insee":"63037","nom":"Bertignat","codes_postaux":["63480"],"code_dep":"63","code_region":"84","population":483,"surface_km2":24.4,"lat":45.6175,"lon":3.6918},{"code_insee":"63038","nom":"Besse-et-Saint-Anastaise","codes_postaux":["63610"],"code_dep":"63","code_region":"84","population":1442,"surface_km2":72.85,"lat":45.4984,"lon":2.9103},{"code_insee":"63039","nom":"Beurières","codes_postaux":["63220"],"code_dep":"63","code_region":"84","population":322,"surface_km2":16.26,"lat":45.433,"lon":3.7773},{"code_insee":"63040","nom":"Billom","codes_postaux":["63160"],"code_dep":"63","code_region":"84","population":4805,"surface_km2":16.91,"lat":45.726,"lon":3.3232},{"code_insee":"63041","nom":"Biollet","codes_postaux":["63640"],"code_dep":"63","code_region":"84","population":309,"surface_km2":23.56,"lat":45.9878,"lon":2.6944},{"code_insee":"63042","nom":"Blanzat","codes_postaux":["63112"],"code_dep":"63","code_region":"84","population":3709,"surface_km2":6.98,"lat":45.8251,"lon":3.0707},{"code_insee":"63043","nom":"Blot-l'Église","codes_postaux":["63440"],"code_dep":"63","code_region":"84","population":436,"surface_km2":25.24,"lat":46.0352,"lon":2.9564},{"code_insee":"63044","nom":"Bongheat","codes_postaux":["63160"],"code_dep":"63","code_region":"84","population":465,"surface_km2":11.28,"lat":45.7231,"lon":3.4271},{"code_insee":"63045","nom":"Bort-l'Étang","codes_postaux":["63190"],"code_dep":"63","code_region":"84","population":727,"surface_km2":15.65,"lat":45.7832,"lon":3.4399},{"code_insee":"63046","nom":"Boudes","codes_postaux":["63340"],"code_dep":"63","code_region":"84","population":260,"surface_km2":7.96,"lat":45.4536,"lon":3.1842},{"code_insee":"63047","nom":"La Bourboule","codes_postaux":["63150"],"code_dep":"63","code_region":"84","population":1727,"surface_km2":12.66,"lat":45.5788,"lon":2.7467},{"code_insee":"63048","nom":"Bourg-Lastic","codes_postaux":["63760"],"code_dep":"63","code_region":"84","population":874,"surface_km2":40.78,"lat":45.6582,"lon":2.5718},{"code_insee":"63049","nom":"Bouzel","codes_postaux":["63910"],"code_dep":"63","code_region":"84","population":703,"surface_km2":4.23,"lat":45.7827,"lon":3.3178},{"code_insee":"63050","nom":"Brassac-les-Mines","codes_postaux":["63570"],"code_dep":"63","code_region":"84","population":3412,"surface_km2":7.12,"lat":45.4157,"lon":3.3188},{"code_insee":"63051","nom":"Brenat","codes_postaux":["63500"],"code_dep":"63","code_region":"84","population":629,"surface_km2":8.92,"lat":45.549,"lon":3.3108},{"code_insee":"63052","nom":"Le Breuil-sur-Couze","codes_postaux":["63340"],"code_dep":"63","code_region":"84","population":1028,"surface_km2":5.92,"lat":45.4702,"lon":3.2688},{"code_insee":"63053","nom":"Briffons","codes_postaux":["63820"],"code_dep":"63","code_region":"84","population":267,"surface_km2":40.59,"lat":45.6954,"lon":2.6671},{"code_insee":"63054","nom":"Le Broc","codes_postaux":["63500"],"code_dep":"63","code_region":"84","population":623,"surface_km2":17.56,"lat":45.5036,"lon":3.2543},{"code_insee":"63055","nom":"Bromont-Lamothe","codes_postaux":["63230"],"code_dep":"63","code_region":"84","population":1032,"surface_km2":37.99,"lat":45.8358,"lon":2.8057},{"code_insee":"63056","nom":"Brousse","codes_postaux":["63490"],"code_dep":"63","code_region":"84","population":372,"surface_km2":22.48,"lat":45.6052,"lon":3.4641},{"code_insee":"63057","nom":"Le Brugeron","codes_postaux":["63880"],"code_dep":"63","code_region":"84","population":256,"surface_km2":27.6,"lat":45.7156,"lon":3.7331},{"code_insee":"63058","nom":"Bulhon","codes_postaux":["63350"],"code_dep":"63","code_region":"84","population":607,"surface_km2":12.51,"lat":45.8855,"lon":3.395},{"code_insee":"63059","nom":"Busséol","codes_postaux":["63270"],"code_dep":"63","code_region":"84","population":221,"surface_km2":5.69,"lat":45.6935,"lon":3.2639},{"code_insee":"63060","nom":"Bussières","codes_postaux":["63330"],"code_dep":"63","code_region":"84","population":109,"surface_km2":13.96,"lat":46.0647,"lon":2.6454},{"code_insee":"63061","nom":"Bussières-et-Pruns","codes_postaux":["63260"],"code_dep":"63","code_region":"84","population":512,"surface_km2":11.7,"lat":46.0055,"lon":3.2415},{"code_insee":"63062","nom":"Buxières-sous-Montaigut","codes_postaux":["63700"],"code_dep":"63","code_region":"84","population":244,"surface_km2":11.0,"lat":46.2035,"lon":2.8395},{"code_insee":"63063","nom":"Cébazat","codes_postaux":["63118"],"code_dep":"63","code_region":"84","population":8953,"surface_km2":10.13,"lat":45.8314,"lon":3.1094},{"code_insee":"63064","nom":"La Celle","codes_postaux":["63620"],"code_dep":"63","code_region":"84","population":81,"surface_km2":15.84,"lat":45.8512,"lon":2.4753},{"code_insee":"63065","nom":"Ceilloux","codes_postaux":["63520"],"code_dep":"63","code_region":"84","population":174,"surface_km2":9.06,"lat":45.6542,"lon":3.5145},{"code_insee":"63066","nom":"Celles-sur-Durolle","codes_postaux":["63250"],"code_dep":"63","code_region":"84","population":1627,"surface_km2":38.83,"lat":45.882,"lon":3.6449},{"code_insee":"63067","nom":"La Cellette","codes_postaux":["63330"],"code_dep":"63","code_region":"84","population":169,"surface_km2":11.08,"lat":46.0948,"lon":2.7268},{"code_insee":"63069","nom":"Le Cendre","codes_postaux":["63670"],"code_dep":"63","code_region":"84","population":5415,"surface_km2":4.29,"lat":45.7164,"lon":3.1947},{"code_insee":"63070","nom":"Ceyrat","codes_postaux":["63122"],"code_dep":"63","code_region":"84","population":6592,"surface_km2":9.52,"lat":45.7403,"lon":3.0651},{"code_insee":"63071","nom":"Ceyssat","codes_postaux":["63210"],"code_dep":"63","code_region":"84","population":697,"surface_km2":30.39,"lat":45.7744,"lon":2.9216},{"code_insee":"63072","nom":"Chabreloche","codes_postaux":["63250"],"code_dep":"63","code_region":"84","population":1156,"surface_km2":9.67,"lat":45.8723,"lon":3.7003},{"code_insee":"63073","nom":"Chadeleuf","codes_postaux":["63320"],"code_dep":"63","code_region":"84","population":427,"surface_km2":5.79,"lat":45.5827,"lon":3.1806},{"code_insee":"63074","nom":"Chalus","codes_postaux":["63340"],"code_dep":"63","code_region":"84","population":177,"surface_km2":6.58,"lat":45.465,"lon":3.2071},{"code_insee":"63075","nom":"Chamalières","codes_postaux":["63400"],"code_dep":"63","code_region":"84","population":17509,"surface_km2":3.77,"lat":45.7741,"lon":3.0605},{"code_insee":"63076","nom":"Chambon-sur-Dolore","codes_postaux":["63980"],"code_dep":"63","code_region":"84","population":141,"surface_km2":19.76,"lat":45.5031,"lon":3.6225},{"code_insee":"63077","nom":"Chambon-sur-Lac","codes_postaux":["63790"],"code_dep":"63","code_region":"84","population":407,"surface_km2":47.56,"lat":45.5599,"lon":2.8723},{"code_insee":"63079","nom":"Champagnat-le-Jeune","codes_postaux":["63580"],"code_dep":"63","code_region":"84","population":149,"surface_km2":9.41,"lat":45.4426,"lon":3.4235},{"code_insee":"63080","nom":"Champeix","codes_postaux":["63320"],"code_dep":"63","code_region":"84","population":1422,"surface_km2":12.19,"lat":45.5858,"lon":3.1281},{"code_insee":"63081","nom":"Champétières","codes_postaux":["63600"],"code_dep":"63","code_region":"84","population":282,"surface_km2":18.46,"lat":45.5175,"lon":3.6857},{"code_insee":"63082","nom":"Champs","codes_postaux":["63440"],"code_dep":"63","code_region":"84","population":441,"surface_km2":15.17,"lat":46.0601,"lon":3.0973},{"code_insee":"63083","nom":"Chanat-la-Mouteyre","codes_postaux":["63530"],"code_dep":"63","code_region":"84","population":950,"surface_km2":14.41,"lat":45.8213,"lon":3.0018},{"code_insee":"63084","nom":"Chanonat","codes_postaux":["63450"],"code_dep":"63","code_region":"84","population":1729,"surface_km2":12.72,"lat":45.6985,"lon":3.0784},{"code_insee":"63085","nom":"Chapdes-Beaufort","codes_postaux":["63230"],"code_dep":"63","code_region":"84","population":1140,"surface_km2":31.93,"lat":45.8907,"lon":2.8511},{"code_insee":"63086","nom":"La Chapelle-Agnon","codes_postaux":["63590"],"code_dep":"63","code_region":"84","population":361,"surface_km2":26.0,"lat":45.6324,"lon":3.6297},{"code_insee":"63087","nom":"La Chapelle-Marcousse","codes_postaux":["63420"],"code_dep":"63","code_region":"84","population":63,"surface_km2":19.95,"lat":45.4404,"lon":3.0811},{"code_insee":"63088","nom":"La Chapelle-sur-Usson","codes_postaux":["63580"],"code_dep":"63","code_region":"84","population":85,"surface_km2":6.79,"lat":45.4633,"lon":3.39},{"code_insee":"63089","nom":"Chappes","codes_postaux":["63720"],"code_dep":"63","code_region":"84","population":1607,"surface_km2":10.44,"lat":45.8662,"lon":3.225},{"code_insee":"63090","nom":"Chaptuzat","codes_postaux":["63260"],"code_dep":"63","code_region":"84","population":485,"surface_km2":8.26,"lat":46.0293,"lon":3.1705},{"code_insee":"63091","nom":"Charbonnier-les-Mines","codes_postaux":["63340"],"code_dep":"63","code_region":"84","population":930,"surface_km2":3.37,"lat":45.4182,"lon":3.2811},{"code_insee":"63092","nom":"Charbonnières-les-Varennes","codes_postaux":["63410"],"code_dep":"63","code_region":"84","population":1935,"surface_km2":32.34,"lat":45.89,"lon":2.9806},{"code_insee":"63093","nom":"Charbonnières-les-Vieilles","codes_postaux":["63410"],"code_dep":"63","code_region":"84","population":1170,"surface_km2":32.82,"lat":45.9896,"lon":3.0131},{"code_insee":"63094","nom":"Charensat","codes_postaux":["63640"],"code_dep":"63","code_region":"84","population":470,"surface_km2":46.87,"lat":45.9859,"lon":2.6471},{"code_insee":"63095","nom":"Charnat","codes_postaux":["63290"],"code_dep":"63","code_region":"84","population":207,"surface_km2":5.3,"lat":45.9439,"lon":3.4344},{"code_insee":"63096","nom":"Chas","codes_postaux":["63160"],"code_dep":"63","code_region":"84","population":361,"surface_km2":3.53,"lat":45.7474,"lon":3.3081},{"code_insee":"63097","nom":"Chassagne","codes_postaux":["63320"],"code_dep":"63","code_region":"84","population":76,"surface_km2":16.2,"lat":45.4914,"lon":3.0645},{"code_insee":"63098","nom":"Chastreix","codes_postaux":["63680"],"code_dep":"63","code_region":"84","population":226,"surface_km2":45.6,"lat":45.5132,"lon":2.7518},{"code_insee":"63099","nom":"Châteaugay","codes_postaux":["63119"],"code_dep":"63","code_region":"84","population":3189,"surface_km2":9.11,"lat":45.8544,"lon":3.0996},{"code_insee":"63100","nom":"Châteauneuf-les-Bains","codes_postaux":["63390"],"code_dep":"63","code_region":"84","population":301,"surface_km2":16.95,"lat":46.0231,"lon":2.8809},{"code_insee":"63101","nom":"Château-sur-Cher","codes_postaux":["63330"],"code_dep":"63","code_region":"84","population":71,"surface_km2":12.06,"lat":46.1155,"lon":2.5725},{"code_insee":"63102","nom":"Châteldon","codes_postaux":["63290"],"code_dep":"63","code_region":"84","population":740,"surface_km2":28.53,"lat":45.9734,"lon":3.5487},{"code_insee":"63103","nom":"Châtel-Guyon","codes_postaux":["63140"],"code_dep":"63","code_region":"84","population":6299,"surface_km2":14.09,"lat":45.9212,"lon":3.0634},{"code_insee":"63104","nom":"La Chaulme","codes_postaux":["63660"],"code_dep":"63","code_region":"84","population":118,"surface_km2":13.55,"lat":45.472,"lon":3.9556},{"code_insee":"63105","nom":"Chaumont-le-Bourg","codes_postaux":["63220"],"code_dep":"63","code_region":"84","population":238,"surface_km2":8.28,"lat":45.4619,"lon":3.7657},{"code_insee":"63106","nom":"Chauriat","codes_postaux":["63117"],"code_dep":"63","code_region":"84","population":1805,"surface_km2":8.72,"lat":45.7434,"lon":3.2776},{"code_insee":"63107","nom":"Chavaroux","codes_postaux":["63720"],"code_dep":"63","code_region":"84","population":529,"surface_km2":4.07,"lat":45.8538,"lon":3.2574},{"code_insee":"63108","nom":"Le Cheix-sur-Morge","codes_postaux":["63200"],"code_dep":"63","code_region":"84","population":695,"surface_km2":4.65,"lat":45.9563,"lon":3.1826},{"code_insee":"63109","nom":"Les Deux-Rives","codes_postaux":["63320"],"code_dep":"63","code_region":"84","population":825,"surface_km2":5.16,"lat":45.5538,"lon":3.1502},{"code_insee":"63110","nom":"Cisternes-la-Forêt","codes_postaux":["63740"],"code_dep":"63","code_region":"84","population":443,"surface_km2":33.57,"lat":45.8076,"lon":2.7245},{"code_insee":"63111","nom":"Clémensat","codes_postaux":["63320"],"code_dep":"63","code_region":"84","population":122,"surface_km2":3.21,"lat":45.5643,"lon":3.1045},{"code_insee":"63112","nom":"Clerlande","codes_postaux":["63720"],"code_dep":"63","code_region":"84","population":637,"surface_km2":8.55,"lat":45.917,"lon":3.1918},{"code_insee":"63113","nom":"Clermont-Ferrand","codes_postaux":["63000","63100"],"code_dep":"63","code_region":"84","population":146351,"surface_km2":43.11,"lat":45.787,"lon":3.1127},{"code_insee":"63114","nom":"Collanges","codes_postaux":["63340"],"code_dep":"63","code_region":"84","population":157,"surface_km2":4.46,"lat":45.4348,"lon":3.2157},{"code_insee":"63115","nom":"Combrailles","codes_postaux":["63380"],"code_dep":"63","code_region":"84","population":212,"surface_km2":20.53,"lat":45.8419,"lon":2.6439},{"code_insee":"63116","nom":"Combronde","codes_postaux":["63460"],"code_dep":"63","code_region":"84","population":2138,"surface_km2":18.0,"lat":45.9881,"lon":3.0819},{"code_insee":"63117","nom":"Compains","codes_postaux":["63610"],"code_dep":"63","code_region":"84","population":125,"surface_km2":50.45,"lat":45.4357,"lon":2.925},{"code_insee":"63118","nom":"Condat-en-Combraille","codes_postaux":["63380"],"code_dep":"63","code_region":"84","population":413,"surface_km2":45.69,"lat":45.8664,"lon":2.5582},{"code_insee":"63119","nom":"Condat-lès-Montboissier","codes_postaux":["63490"],"code_dep":"63","code_region":"84","population":228,"surface_km2":20.68,"lat":45.5573,"lon":3.4797},{"code_insee":"63120","nom":"Corent","codes_postaux":["63730"],"code_dep":"63","code_region":"84","population":799,"surface_km2":2.72,"lat":45.6599,"lon":3.195},{"code_insee":"63121","nom":"Coudes","codes_postaux":["63114"],"code_dep":"63","code_region":"84","population":1225,"surface_km2":4.7,"lat":45.6126,"lon":3.2032},{"code_insee":"63122","nom":"Courgoul","codes_postaux":["63320"],"code_dep":"63","code_region":"84","population":62,"surface_km2":8.56,"lat":45.5121,"lon":3.0443},{"code_insee":"63123","nom":"Cournols","codes_postaux":["63450"],"code_dep":"63","code_region":"84","population":230,"surface_km2":10.87,"lat":45.6408,"lon":3.0393},{"code_insee":"63124","nom":"Cournon-d'Auvergne","codes_postaux":["63800"],"code_dep":"63","code_region":"84","population":19951,"surface_km2":18.96,"lat":45.742,"lon":3.1885},{"code_insee":"63125","nom":"Courpière","codes_postaux":["63120"],"code_dep":"63","code_region":"84","population":4166,"surface_km2":31.81,"lat":45.7578,"lon":3.5405},{"code_insee":"63126","nom":"Le Crest","codes_postaux":["63450"],"code_dep":"63","code_region":"84","population":1300,"surface_km2":6.91,"lat":45.6882,"lon":3.1358},{"code_insee":"63128","nom":"Crevant-Laveine","codes_postaux":["63350"],"code_dep":"63","code_region":"84","population":967,"surface_km2":19.82,"lat":45.902,"lon":3.3937},{"code_insee":"63129","nom":"Cros","codes_postaux":["63810"],"code_dep":"63","code_region":"84","population":171,"surface_km2":20.0,"lat":45.4676,"lon":2.6088},{"code_insee":"63130","nom":"La Crouzille","codes_postaux":["63700"],"code_dep":"63","code_region":"84","population":262,"surface_km2":18.68,"lat":46.1727,"lon":2.7501},{"code_insee":"63131","nom":"Culhat","codes_postaux":["63350"],"code_dep":"63","code_region":"84","population":1182,"surface_km2":18.74,"lat":45.8605,"lon":3.3393},{"code_insee":"63132","nom":"Cunlhat","codes_postaux":["63590"],"code_dep":"63","code_region":"84","population":1290,"surface_km2":29.9,"lat":45.6326,"lon":3.5643},{"code_insee":"63134","nom":"Dauzat-sur-Vodable","codes_postaux":["63340"],"code_dep":"63","code_region":"84","population":70,"surface_km2":15.22,"lat":45.4742,"lon":3.0774},{"code_insee":"63135","nom":"Davayat","codes_postaux":["63200"],"code_dep":"63","code_region":"84","population":666,"surface_km2":2.34,"lat":45.9468,"lon":3.1143},{"code_insee":"63136","nom":"Domaize","codes_postaux":["63520"],"code_dep":"63","code_region":"84","population":386,"surface_km2":14.6,"lat":45.6851,"lon":3.5333},{"code_insee":"63137","nom":"Doranges","codes_postaux":["63220"],"code_dep":"63","code_region":"84","population":178,"surface_km2":19.48,"lat":45.3968,"lon":3.6081},{"code_insee":"63138","nom":"Dorat","codes_postaux":["63300"],"code_dep":"63","code_region":"84","population":719,"surface_km2":17.48,"lat":45.8938,"lon":3.4773},{"code_insee":"63139","nom":"Dore-l'Église","codes_postaux":["63220"],"code_dep":"63","code_region":"84","population":656,"surface_km2":27.46,"lat":45.3766,"lon":3.7543},{"code_insee":"63140","nom":"Durmignat","codes_postaux":["63700"],"code_dep":"63","code_region":"84","population":214,"surface_km2":12.47,"lat":46.1978,"lon":2.8901},{"code_insee":"63141","nom":"Durtol","codes_postaux":["63830"],"code_dep":"63","code_region":"84","population":1914,"surface_km2":4.05,"lat":45.795,"lon":3.0554},{"code_insee":"63142","nom":"Échandelys","codes_postaux":["63980"],"code_dep":"63","code_region":"84","population":248,"surface_km2":23.67,"lat":45.5509,"lon":3.5325},{"code_insee":"63143","nom":"Effiat","codes_postaux":["63260"],"code_dep":"63","code_region":"84","population":1124,"surface_km2":20.14,"lat":46.0393,"lon":3.2778},{"code_insee":"63144","nom":"Égliseneuve-d'Entraigues","codes_postaux":["63850"],"code_dep":"63","code_region":"84","population":328,"surface_km2":56.77,"lat":45.4264,"lon":2.8196},{"code_insee":"63145","nom":"Égliseneuve-des-Liards","codes_postaux":["63490"],"code_dep":"63","code_region":"84","population":157,"surface_km2":8.28,"lat":45.5679,"lon":3.4198},{"code_insee":"63146","nom":"Égliseneuve-près-Billom","codes_postaux":["63160"],"code_dep":"63","code_region":"84","population":937,"surface_km2":16.84,"lat":45.7199,"lon":3.3872},{"code_insee":"63147","nom":"Églisolles","codes_postaux":["63840"],"code_dep":"63","code_region":"84","population":308,"surface_km2":20.59,"lat":45.475,"lon":3.8789},{"code_insee":"63148","nom":"Ennezat","codes_postaux":["63720"],"code_dep":"63","code_region":"84","population":2748,"surface_km2":18.82,"lat":45.8965,"lon":3.2162},{"code_insee":"63149","nom":"Entraigues","codes_postaux":["63720"],"code_dep":"63","code_region":"84","population":734,"surface_km2":10.0,"lat":45.8844,"lon":3.2636},{"code_insee":"63150","nom":"Enval","codes_postaux":["63530"],"code_dep":"63","code_region":"84","population":1596,"surface_km2":4.96,"lat":45.8965,"lon":3.051},{"code_insee":"63151","nom":"Escoutoux","codes_postaux":["63300"],"code_dep":"63","code_region":"84","population":1369,"surface_km2":27.4,"lat":45.8166,"lon":3.5535},{"code_insee":"63152","nom":"Espinasse","codes_postaux":["63390"],"code_dep":"63","code_region":"84","population":274,"surface_km2":24.04,"lat":46.0347,"lon":2.7159},{"code_insee":"63153","nom":"Espinchal","codes_postaux":["63850"],"code_dep":"63","code_region":"84","population":72,"surface_km2":8.91,"lat":45.3942,"lon":2.8789},{"code_insee":"63154","nom":"Espirat","codes_postaux":["63160"],"code_dep":"63","code_region":"84","population":416,"surface_km2":4.39,"lat":45.7528,"lon":3.3337},{"code_insee":"63155","nom":"Estandeuil","codes_postaux":["63520"],"code_dep":"63","code_region":"84","population":512,"surface_km2":9.63,"lat":45.6807,"lon":3.4457},{"code_insee":"63156","nom":"Esteil","codes_postaux":["63570"],"code_dep":"63","code_region":"84","population":54,"surface_km2":4.56,"lat":45.4527,"lon":3.3651},{"code_insee":"63157","nom":"Fayet-le-Château","codes_postaux":["63160"],"code_dep":"63","code_region":"84","population":381,"surface_km2":12.57,"lat":45.6754,"lon":3.4062},{"code_insee":"63158","nom":"Fayet-Ronaye","codes_postaux":["63630"],"code_dep":"63","code_region":"84","population":116,"surface_km2":20.3,"lat":45.4177,"lon":3.5358},{"code_insee":"63159","nom":"Fernoël","codes_postaux":["63620"],"code_dep":"63","code_region":"84","population":137,"surface_km2":14.59,"lat":45.8137,"lon":2.4182},{"code_insee":"63160","nom":"Aulhat-Flat","codes_postaux":["63500"],"code_dep":"63","code_region":"84","population":944,"surface_km2":12.87,"lat":45.5741,"lon":3.311},{"code_insee":"63161","nom":"La Forie","codes_postaux":["63600"],"code_dep":"63","code_region":"84","population":317,"surface_km2":2.83,"lat":45.5897,"lon":3.752},{"code_insee":"63162","nom":"Fournols","codes_postaux":["63980"],"code_dep":"63","code_region":"84","population":313,"surface_km2":29.15,"lat":45.5179,"lon":3.5896},{"code_insee":"63163","nom":"Gelles","codes_postaux":["63740"],"code_dep":"63","code_region":"84","population":921,"surface_km2":47.73,"lat":45.7624,"lon":2.7753},{"code_insee":"63164","nom":"Gerzat","codes_postaux":["63360"],"code_dep":"63","code_region":"84","population":10335,"surface_km2":16.46,"lat":45.8277,"lon":3.1601},{"code_insee":"63165","nom":"Giat","codes_postaux":["63620"],"code_dep":"63","code_region":"84","population":786,"surface_km2":48.12,"lat":45.8022,"lon":2.4805},{"code_insee":"63166","nom":"Gignat","codes_postaux":["63340"],"code_dep":"63","code_region":"84","population":257,"surface_km2":3.52,"lat":45.4845,"lon":3.2169},{"code_insee":"63167","nom":"Gimeaux","codes_postaux":["63200"],"code_dep":"63","code_region":"84","population":383,"surface_km2":2.19,"lat":45.9488,"lon":3.0983},{"code_insee":"63168","nom":"Glaine-Montaigut","codes_postaux":["63160"],"code_dep":"63","code_region":"84","population":606,"surface_km2":13.05,"lat":45.7499,"lon":3.3852},{"code_insee":"63169","nom":"La Godivelle","codes_postaux":["63850"],"code_dep":"63","code_region":"84","population":19,"surface_km2":15.46,"lat":45.3921,"lon":2.9205},{"code_insee":"63170","nom":"La Goutelle","codes_postaux":["63230"],"code_dep":"63","code_region":"84","population":609,"surface_km2":24.28,"lat":45.8426,"lon":2.7438},{"code_insee":"63171","nom":"Gouttières","codes_postaux":["63390"],"code_dep":"63","code_region":"84","population":298,"surface_km2":25.83,"lat":46.0596,"lon":2.7716},{"code_insee":"63172","nom":"Grandeyrolles","codes_postaux":["63320"],"code_dep":"63","code_region":"84","population":55,"surface_km2":5.34,"lat":45.5875,"lon":3.0495},{"code_insee":"63173","nom":"Grandrif","codes_postaux":["63600"],"code_dep":"63","code_region":"84","population":199,"surface_km2":22.12,"lat":45.5346,"lon":3.8323},{"code_insee":"63174","nom":"Grandval","codes_postaux":["63890"],"code_dep":"63","code_region":"84","population":123,"surface_km2":9.82,"lat":45.5983,"lon":3.6514},{"code_insee":"63175","nom":"Herment","codes_postaux":["63470"],"code_dep":"63","code_region":"84","population":277,"surface_km2":9.62,"lat":45.7636,"lon":2.5721},{"code_insee":"63176","nom":"Heume-l'Église","codes_postaux":["63210"],"code_dep":"63","code_region":"84","population":113,"surface_km2":15.28,"lat":45.7238,"lon":2.7203},{"code_insee":"63177","nom":"Isserteaux","codes_postaux":["63270"],"code_dep":"63","code_region":"84","population":416,"surface_km2":17.65,"lat":45.6505,"lon":3.3802},{"code_insee":"63178","nom":"Issoire","codes_postaux":["63500"],"code_dep":"63","code_region":"84","population":15115,"surface_km2":19.68,"lat":45.5442,"lon":3.2444},{"code_insee":"63179","nom":"Job","codes_postaux":["63990"],"code_dep":"63","code_region":"84","population":1016,"surface_km2":42.75,"lat":45.6295,"lon":3.7669},{"code_insee":"63180","nom":"Joze","codes_postaux":["63350"],"code_dep":"63","code_region":"84","population":1183,"surface_km2":19.37,"lat":45.8691,"lon":3.306},{"code_insee":"63181","nom":"Jozerand","codes_postaux":["63460"],"code_dep":"63","code_region":"84","population":553,"surface_km2":10.87,"lat":46.0229,"lon":3.0976},{"code_insee":"63182","nom":"Jumeaux","codes_postaux":["63570"],"code_dep":"63","code_region":"84","population":559,"surface_km2":7.22,"lat":45.4337,"lon":3.3493},{"code_insee":"63183","nom":"Labessette","codes_postaux":["63690"],"code_dep":"63","code_region":"84","population":58,"surface_km2":10.47,"lat":45.497,"lon":2.5354},{"code_insee":"63184","nom":"Lachaux","codes_postaux":["63290"],"code_dep":"63","code_region":"84","population":273,"surface_km2":22.43,"lat":45.9918,"lon":3.5899},{"code_insee":"63185","nom":"Lamontgie","codes_postaux":["63570"],"code_dep":"63","code_region":"84","population":643,"surface_km2":7.11,"lat":45.4752,"lon":3.3311},{"code_insee":"63186","nom":"Landogne","codes_postaux":["63380"],"code_dep":"63","code_region":"84","population":228,"surface_km2":17.58,"lat":45.8861,"lon":2.6501},{"code_insee":"63187","nom":"Lapeyrouse","codes_postaux":["63700"],"code_dep":"63","code_region":"84","population":521,"surface_km2":36.14,"lat":46.2308,"lon":2.8818},{"code_insee":"63188","nom":"Laps","codes_postaux":["63270"],"code_dep":"63","code_region":"84","population":601,"surface_km2":7.1,"lat":45.6701,"lon":3.2683},{"code_insee":"63189","nom":"Laqueuille","codes_postaux":["63820"],"code_dep":"63","code_region":"84","population":351,"surface_km2":22.26,"lat":45.6525,"lon":2.7501},{"code_insee":"63190","nom":"Larodde","codes_postaux":["63690"],"code_dep":"63","code_region":"84","population":296,"surface_km2":23.1,"lat":45.5184,"lon":2.5562},{"code_insee":"63191","nom":"Lastic","codes_postaux":["63760"],"code_dep":"63","code_region":"84","population":98,"surface_km2":17.48,"lat":45.7045,"lon":2.5767},{"code_insee":"63192","nom":"La Tour-d'Auvergne","codes_postaux":["63680"],"code_dep":"63","code_region":"84","population":640,"surface_km2":48.81,"lat":45.5413,"lon":2.7117},{"code_insee":"63193","nom":"Lempdes","codes_postaux":["63370"],"code_dep":"63","code_region":"84","population":8709,"surface_km2":12.3,"lat":45.7719,"lon":3.192},{"code_insee":"63194","nom":"Lempty","codes_postaux":["63190"],"code_dep":"63","code_region":"84","population":417,"surface_km2":4.81,"lat":45.8298,"lon":3.33},{"code_insee":"63195","nom":"Lezoux","codes_postaux":["63190"],"code_dep":"63","code_region":"84","population":6528,"surface_km2":34.71,"lat":45.8328,"lon":3.3888},{"code_insee":"63196","nom":"Limons","codes_postaux":["63290"],"code_dep":"63","code_region":"84","population":721,"surface_km2":15.7,"lat":45.9775,"lon":3.4445},{"code_insee":"63197","nom":"Lisseuil","codes_postaux":["63440"],"code_dep":"63","code_region":"84","population":107,"surface_km2":6.91,"lat":46.0565,"lon":2.9381},{"code_insee":"63198","nom":"Loubeyrat","codes_postaux":["63410"],"code_dep":"63","code_region":"84","population":1437,"surface_km2":24.26,"lat":45.9381,"lon":3.0042},{"code_insee":"63199","nom":"Ludesse","codes_postaux":["63320"],"code_dep":"63","code_region":"84","population":487,"surface_km2":8.72,"lat":45.6137,"lon":3.0997},{"code_insee":"63200","nom":"Lussat","codes_postaux":["63360"],"code_dep":"63","code_region":"84","population":949,"surface_km2":9.16,"lat":45.836,"lon":3.2312},{"code_insee":"63201","nom":"Luzillat","codes_postaux":["63350"],"code_dep":"63","code_region":"84","population":1163,"surface_km2":23.68,"lat":45.957,"lon":3.3791},{"code_insee":"63202","nom":"Madriat","codes_postaux":["63340"],"code_dep":"63","code_region":"84","population":136,"surface_km2":4.7,"lat":45.4347,"lon":3.174},{"code_insee":"63203","nom":"Malauzat","codes_postaux":["63200"],"code_dep":"63","code_region":"84","population":1160,"surface_km2":6.0,"lat":45.8648,"lon":3.0602},{"code_insee":"63204","nom":"Malintrat","codes_postaux":["63510"],"code_dep":"63","code_region":"84","population":1151,"surface_km2":8.27,"lat":45.8127,"lon":3.1871},{"code_insee":"63205","nom":"Manglieu","codes_postaux":["63270"],"code_dep":"63","code_region":"84","population":467,"surface_km2":21.28,"lat":45.616,"lon":3.3556},{"code_insee":"63206","nom":"Manzat","codes_postaux":["63410"],"code_dep":"63","code_region":"84","population":1426,"surface_km2":39.03,"lat":45.9436,"lon":2.9448},{"code_insee":"63207","nom":"Marat","codes_postaux":["63480"],"code_dep":"63","code_region":"84","population":801,"surface_km2":30.02,"lat":45.6767,"lon":3.6812},{"code_insee":"63208","nom":"Marcillat","codes_postaux":["63440"],"code_dep":"63","code_region":"84","population":340,"surface_km2":11.72,"lat":46.0768,"lon":3.0364},{"code_insee":"63209","nom":"Mareugheol","codes_postaux":["63340"],"code_dep":"63","code_region":"84","population":215,"surface_km2":7.61,"lat":45.4812,"lon":3.1718},{"code_insee":"63210","nom":"Maringues","codes_postaux":["63350"],"code_dep":"63","code_region":"84","population":3141,"surface_km2":21.97,"lat":45.922,"lon":3.3435},{"code_insee":"63211","nom":"Marsac-en-Livradois","codes_postaux":["63940"],"code_dep":"63","code_region":"84","population":1381,"surface_km2":48.59,"lat":45.4789,"lon":3.7237},{"code_insee":"63212","nom":"Marsat","codes_postaux":["63200"],"code_dep":"63","code_region":"84","population":1426,"surface_km2":4.14,"lat":45.8732,"lon":3.0822},{"code_insee":"63213","nom":"Les Martres-d'Artière","codes_postaux":["63430"],"code_dep":"63","code_region":"84","population":2252,"surface_km2":14.97,"lat":45.8306,"lon":3.2617},{"code_insee":"63214","nom":"Les Martres-de-Veyre","codes_postaux":["63730"],"code_dep":"63","code_region":"84","population":3826,"surface_km2":9.25,"lat":45.689,"lon":3.199},{"code_insee":"63215","nom":"Martres-sur-Morge","codes_postaux":["63720"],"code_dep":"63","code_region":"84","population":758,"surface_km2":8.39,"lat":45.9376,"lon":3.2193},{"code_insee":"63216","nom":"Mauzun","codes_postaux":["63160"],"code_dep":"63","code_region":"84","population":140,"surface_km2":1.02,"lat":45.7049,"lon":3.4254},{"code_insee":"63218","nom":"Mayres","codes_postaux":["63220"],"code_dep":"63","code_region":"84","population":197,"surface_km2":12.46,"lat":45.3869,"lon":3.6976},{"code_insee":"63219","nom":"Mazaye","codes_postaux":["63230"],"code_dep":"63","code_region":"84","population":719,"surface_km2":21.91,"lat":45.7824,"lon":2.878},{"code_insee":"63220","nom":"Mazoires","codes_postaux":["63420"],"code_dep":"63","code_region":"84","population":97,"surface_km2":42.44,"lat":45.3955,"lon":3.0488},{"code_insee":"63221","nom":"Medeyrolles","codes_postaux":["63220"],"code_dep":"63","code_region":"84","population":113,"surface_km2":17.06,"lat":45.4088,"lon":3.8184},{"code_insee":"63222","nom":"Meilhaud","codes_postaux":["63320"],"code_dep":"63","code_region":"84","population":507,"surface_km2":4.51,"lat":45.5434,"lon":3.1656},{"code_insee":"63223","nom":"Menat","codes_postaux":["63560"],"code_dep":"63","code_region":"84","population":547,"surface_km2":20.52,"lat":46.1051,"lon":2.889},{"code_insee":"63224","nom":"Ménétrol","codes_postaux":["63200"],"code_dep":"63","code_region":"84","population":1640,"surface_km2":9.18,"lat":45.8633,"lon":3.1336},{"code_insee":"63225","nom":"Messeix","codes_postaux":["63750"],"code_dep":"63","code_region":"84","population":998,"surface_km2":39.52,"lat":45.6083,"lon":2.5452},{"code_insee":"63226","nom":"Mur-sur-Allier","codes_postaux":["63111","63115"],"code_dep":"63","code_region":"84","population":3111,"surface_km2":15.14,"lat":45.7603,"lon":3.2421},{"code_insee":"63227","nom":"Mirefleurs","codes_postaux":["63730"],"code_dep":"63","code_region":"84","population":2373,"surface_km2":9.15,"lat":45.6904,"lon":3.225},{"code_insee":"63228","nom":"Miremont","codes_postaux":["63380"],"code_dep":"63","code_region":"84","population":300,"surface_km2":37.92,"lat":45.9049,"lon":2.7248},{"code_insee":"63229","nom":"Moissat","codes_postaux":["63190"],"code_dep":"63","code_region":"84","population":1253,"surface_km2":13.12,"lat":45.7779,"lon":3.3482},{"code_insee":"63230","nom":"Le Monestier","codes_postaux":["63890"],"code_dep":"63","code_region":"84","population":242,"surface_km2":17.45,"lat":45.559,"lon":3.6527},{"code_insee":"63231","nom":"La Monnerie-le-Montel","codes_postaux":["63650"],"code_dep":"63","code_region":"84","population":1647,"surface_km2":4.7,"lat":45.872,"lon":3.614},{"code_insee":"63232","nom":"Mons","codes_postaux":["63310"],"code_dep":"63","code_region":"84","population":578,"surface_km2":13.93,"lat":46.0026,"lon":3.435},{"code_insee":"63233","nom":"Montaigut-en-Combraille","codes_postaux":["63700"],"code_dep":"63","code_region":"84","population":972,"surface_km2":8.24,"lat":46.1804,"lon":2.8016},{"code_insee":"63234","nom":"Montaigut-le-Blanc","codes_postaux":["63320"],"code_dep":"63","code_region":"84","population":927,"surface_km2":22.55,"lat":45.5825,"lon":3.0783},{"code_insee":"63235","nom":"Montcel","codes_postaux":["63460"],"code_dep":"63","code_region":"84","population":550,"surface_km2":9.47,"lat":46.0147,"lon":3.0608},{"code_insee":"63236","nom":"Mont-Dore","codes_postaux":["63240"],"code_dep":"63","code_region":"84","population":1163,"surface_km2":35.99,"lat":45.5733,"lon":2.806},{"code_insee":"63237","nom":"Montel-de-Gelat","codes_postaux":["63380"],"code_dep":"63","code_region":"84","population":406,"surface_km2":25.19,"lat":45.9392,"lon":2.5886},{"code_insee":"63238","nom":"Montfermy","codes_postaux":["63230"],"code_dep":"63","code_region":"84","population":225,"surface_km2":14.27,"lat":45.8664,"lon":2.7988},{"code_insee":"63239","nom":"Montmorin","codes_postaux":["63160"],"code_dep":"63","code_region":"84","population":731,"surface_km2":13.86,"lat":45.6916,"lon":3.3608},{"code_insee":"63240","nom":"Montpensier","codes_postaux":["63260"],"code_dep":"63","code_region":"84","population":465,"surface_km2":7.28,"lat":46.0376,"lon":3.2252},{"code_insee":"63241","nom":"Montpeyroux","codes_postaux":["63114"],"code_dep":"63","code_region":"84","population":330,"surface_km2":3.37,"lat":45.6254,"lon":3.2028},{"code_insee":"63242","nom":"Moriat","codes_postaux":["63340"],"code_dep":"63","code_region":"84","population":392,"surface_km2":10.89,"lat":45.4068,"lon":3.2606},{"code_insee":"63243","nom":"Moureuille","codes_postaux":["63700"],"code_dep":"63","code_region":"84","population":371,"surface_km2":16.89,"lat":46.1615,"lon":2.8896},{"code_insee":"63244","nom":"Chambaron sur Morge","codes_postaux":["63200"],"code_dep":"63","code_region":"84","population":1766,"surface_km2":14.05,"lat":45.9566,"lon":3.1502},{"code_insee":"63245","nom":"Mozac","codes_postaux":["63200"],"code_dep":"63","code_region":"84","population":3957,"surface_km2":4.02,"lat":45.8924,"lon":3.0852},{"code_insee":"63246","nom":"Murat-le-Quaire","codes_postaux":["63150"],"code_dep":"63","code_region":"84","population":484,"surface_km2":11.69,"lat":45.6048,"lon":2.7552},{"code_insee":"63247","nom":"Murol","codes_postaux":["63790"],"code_dep":"63","code_region":"84","population":672,"surface_km2":15.14,"lat":45.5856,"lon":2.908},{"code_insee":"63248","nom":"Nébouzat","codes_postaux":["63210"],"code_dep":"63","code_region":"84","population":867,"surface_km2":21.85,"lat":45.7174,"lon":2.9126},{"code_insee":"63249","nom":"Néronde-sur-Dore","codes_postaux":["63120"],"code_dep":"63","code_region":"84","population":483,"surface_km2":9.02,"lat":45.7981,"lon":3.5024},{"code_insee":"63250","nom":"Neschers","codes_postaux":["63320"],"code_dep":"63","code_region":"84","population":908,"surface_km2":9.69,"lat":45.5892,"lon":3.1684},{"code_insee":"63251","nom":"Neuf-Église","codes_postaux":["63560"],"code_dep":"63","code_region":"84","population":332,"surface_km2":14.94,"lat":46.1021,"lon":2.8659},{"code_insee":"63252","nom":"Neuville","codes_postaux":["63160"],"code_dep":"63","code_region":"84","population":373,"surface_km2":11.65,"lat":45.7509,"lon":3.4423},{"code_insee":"63253","nom":"Noalhat","codes_postaux":["63290"],"code_dep":"63","code_region":"84","population":228,"surface_km2":5.15,"lat":45.9182,"lon":3.4635},{"code_insee":"63254","nom":"Nohanent","codes_postaux":["63830"],"code_dep":"63","code_region":"84","population":2203,"surface_km2":4.28,"lat":45.8117,"lon":3.0588},{"code_insee":"63255","nom":"Nonette-Orsonnette","codes_postaux":["63340"],"code_dep":"63","code_region":"84","population":625,"surface_km2":10.52,"lat":45.4802,"lon":3.2906},{"code_insee":"63256","nom":"Novacelles","codes_postaux":["63220"],"code_dep":"63","code_region":"84","population":155,"surface_km2":14.42,"lat":45.4285,"lon":3.6533},{"code_insee":"63257","nom":"Olby","codes_postaux":["63210"],"code_dep":"63","code_region":"84","population":857,"surface_km2":17.61,"lat":45.7507,"lon":2.8745},{"code_insee":"63258","nom":"Olliergues","codes_postaux":["63880"],"code_dep":"63","code_region":"84","population":736,"surface_km2":16.37,"lat":45.688,"lon":3.6288},{"code_insee":"63259","nom":"Olloix","codes_postaux":["63450"],"code_dep":"63","code_region":"84","population":331,"surface_km2":12.03,"lat":45.6236,"lon":3.0479},{"code_insee":"63260","nom":"Olmet","codes_postaux":["63880"],"code_dep":"63","code_region":"84","population":192,"surface_km2":15.75,"lat":45.7141,"lon":3.6611},{"code_insee":"63261","nom":"Orbeil","codes_postaux":["63500"],"code_dep":"63","code_region":"84","population":883,"surface_km2":9.7,"lat":45.568,"lon":3.2693},{"code_insee":"63262","nom":"Orcet","codes_postaux":["63670"],"code_dep":"63","code_region":"84","population":2897,"surface_km2":6.15,"lat":45.7077,"lon":3.1749},{"code_insee":"63263","nom":"Orcines","codes_postaux":["63870"],"code_dep":"63","code_region":"84","population":3609,"surface_km2":42.82,"lat":45.789,"lon":2.9987},{"code_insee":"63264","nom":"Orcival","codes_postaux":["63210"],"code_dep":"63","code_region":"84","population":240,"surface_km2":27.81,"lat":45.6613,"lon":2.845},{"code_insee":"63265","nom":"Orléat","codes_postaux":["63190"],"code_dep":"63","code_region":"84","population":2242,"surface_km2":26.51,"lat":45.8607,"lon":3.4378},{"code_insee":"63267","nom":"Palladuc","codes_postaux":["63550"],"code_dep":"63","code_region":"84","population":517,"surface_km2":13.4,"lat":45.9078,"lon":3.6527},{"code_insee":"63268","nom":"Pardines","codes_postaux":["63500"],"code_dep":"63","code_region":"84","population":302,"surface_km2":5.2,"lat":45.5618,"lon":3.1869},{"code_insee":"63269","nom":"Parent","codes_postaux":["63270"],"code_dep":"63","code_region":"84","population":879,"surface_km2":3.77,"lat":45.6243,"lon":3.2282},{"code_insee":"63270","nom":"Parentignat","codes_postaux":["63500"],"code_dep":"63","code_region":"84","population":480,"surface_km2":3.74,"lat":45.5314,"lon":3.2889},{"code_insee":"63271","nom":"Paslières","codes_postaux":["63290"],"code_dep":"63","code_region":"84","population":1491,"surface_km2":27.92,"lat":45.9221,"lon":3.5108},{"code_insee":"63272","nom":"Pérignat-lès-Sarliève","codes_postaux":["63170"],"code_dep":"63","code_region":"84","population":2872,"surface_km2":3.9,"lat":45.7324,"lon":3.1444},{"code_insee":"63273","nom":"Pérignat-sur-Allier","codes_postaux":["63800"],"code_dep":"63","code_region":"84","population":1506,"surface_km2":4.85,"lat":45.7272,"lon":3.2333},{"code_insee":"63274","nom":"Perpezat","codes_postaux":["63210"],"code_dep":"63","code_region":"84","population":420,"surface_km2":36.48,"lat":45.6692,"lon":2.7736},{"code_insee":"63275","nom":"Perrier","codes_postaux":["63500"],"code_dep":"63","code_region":"84","population":925,"surface_km2":6.45,"lat":45.5445,"lon":3.1977},{"code_insee":"63276","nom":"Peschadoires","codes_postaux":["63920"],"code_dep":"63","code_region":"84","population":2104,"surface_km2":20.86,"lat":45.827,"lon":3.4842},{"code_insee":"63277","nom":"Peslières","codes_postaux":["63580"],"code_dep":"63","code_region":"84","population":56,"surface_km2":6.86,"lat":45.4375,"lon":3.4693},{"code_insee":"63278","nom":"Pessat-Villeneuve","codes_postaux":["63200"],"code_dep":"63","code_region":"84","population":745,"surface_km2":6.25,"lat":45.9223,"lon":3.1589},{"code_insee":"63279","nom":"Picherande","codes_postaux":["63113"],"code_dep":"63","code_region":"84","population":324,"surface_km2":45.16,"lat":45.4741,"lon":2.7875},{"code_insee":"63280","nom":"Pignols","codes_postaux":["63270"],"code_dep":"63","code_region":"84","population":337,"surface_km2":9.32,"lat":45.6485,"lon":3.2792},{"code_insee":"63281","nom":"Pionsat","codes_postaux":["63330"],"code_dep":"63","code_region":"84","population":1042,"surface_km2":24.89,"lat":46.1169,"lon":2.6783},{"code_insee":"63282","nom":"Plauzat","codes_postaux":["63730"],"code_dep":"63","code_region":"84","population":1641,"surface_km2":13.26,"lat":45.6204,"lon":3.151},{"code_insee":"63283","nom":"Pontaumur","codes_postaux":["63380"],"code_dep":"63","code_region":"84","population":670,"surface_km2":14.04,"lat":45.8627,"lon":2.6711},{"code_insee":"63284","nom":"Pont-du-Château","codes_postaux":["63430"],"code_dep":"63","code_region":"84","population":12412,"surface_km2":21.67,"lat":45.7972,"lon":3.2361},{"code_insee":"63285","nom":"Pontgibaud","codes_postaux":["63230"],"code_dep":"63","code_region":"84","population":715,"surface_km2":4.6,"lat":45.8268,"lon":2.8532},{"code_insee":"63286","nom":"Pouzol","codes_postaux":["63440"],"code_dep":"63","code_region":"84","population":274,"surface_km2":13.96,"lat":46.0956,"lon":2.9748},{"code_insee":"63287","nom":"Les Pradeaux","codes_postaux":["63500"],"code_dep":"63","code_region":"84","population":351,"surface_km2":5.63,"lat":45.5128,"lon":3.2928},{"code_insee":"63288","nom":"Prompsat","codes_postaux":["63200"],"code_dep":"63","code_region":"84","population":472,"surface_km2":4.23,"lat":45.9459,"lon":3.0684},{"code_insee":"63289","nom":"Prondines","codes_postaux":["63470"],"code_dep":"63","code_region":"84","population":272,"surface_km2":30.72,"lat":45.7543,"lon":2.6829},{"code_insee":"63290","nom":"Pulvérières","codes_postaux":["63230"],"code_dep":"63","code_region":"84","population":419,"surface_km2":14.7,"lat":45.8844,"lon":2.9286},{"code_insee":"63291","nom":"Puy-Guillaume","codes_postaux":["63290"],"code_dep":"63","code_region":"84","population":2630,"surface_km2":25.07,"lat":45.9644,"lon":3.5024},{"code_insee":"63292","nom":"Puy-Saint-Gulmier","codes_postaux":["63470"],"code_dep":"63","code_region":"84","population":135,"surface_km2":20.15,"lat":45.7983,"lon":2.6316},{"code_insee":"63293","nom":"Le Quartier","codes_postaux":["63330"],"code_dep":"63","code_region":"84","population":225,"surface_km2":23.45,"lat":46.121,"lon":2.7616},{"code_insee":"63294","nom":"Queuille","codes_postaux":["63780"],"code_dep":"63","code_region":"84","population":284,"surface_km2":10.14,"lat":45.9731,"lon":2.8404},{"code_insee":"63295","nom":"Randan","codes_postaux":["63310"],"code_dep":"63","code_region":"84","population":1619,"surface_km2":15.55,"lat":46.0122,"lon":3.363},{"code_insee":"63296","nom":"Ravel","codes_postaux":["63190"],"code_dep":"63","code_region":"84","population":739,"surface_km2":10.14,"lat":45.7877,"lon":3.3934},{"code_insee":"63297","nom":"Reignat","codes_postaux":["63160"],"code_dep":"63","code_region":"84","population":382,"surface_km2":4.13,"lat":45.7476,"lon":3.3571},{"code_insee":"63298","nom":"La Renaudie","codes_postaux":["63930"],"code_dep":"63","code_region":"84","population":132,"surface_km2":17.98,"lat":45.7427,"lon":3.7099},{"code_insee":"63299","nom":"Rentières","codes_postaux":["63420"],"code_dep":"63","code_region":"84","population":106,"surface_km2":15.72,"lat":45.4267,"lon":3.1098},{"code_insee":"63300","nom":"Riom","codes_postaux":["63200"],"code_dep":"63","code_region":"84","population":18820,"surface_km2":32.61,"lat":45.8937,"lon":3.1274},{"code_insee":"63301","nom":"Ris","codes_postaux":["63290"],"code_dep":"63","code_region":"84","population":718,"surface_km2":15.79,"lat":46.0056,"lon":3.5114},{"code_insee":"63302","nom":"La Roche-Blanche","codes_postaux":["63670"],"code_dep":"63","code_region":"84","population":3311,"surface_km2":11.68,"lat":45.7134,"lon":3.1384},{"code_insee":"63303","nom":"Roche-Charles-la-Mayrand","codes_postaux":["63420"],"code_dep":"63","code_region":"84","population":39,"surface_km2":16.37,"lat":45.4505,"lon":3.0182},{"code_insee":"63304","nom":"Roche-d'Agoux","codes_postaux":["63330"],"code_dep":"63","code_region":"84","population":110,"surface_km2":5.57,"lat":46.0425,"lon":2.6464},{"code_insee":"63305","nom":"Rochefort-Montagne","codes_postaux":["63210"],"code_dep":"63","code_region":"84","population":844,"surface_km2":17.64,"lat":45.6698,"lon":2.8076},{"code_insee":"63306","nom":"La Roche-Noire","codes_postaux":["63800"],"code_dep":"63","code_region":"84","population":631,"surface_km2":3.12,"lat":45.7147,"lon":3.2228},{"code_insee":"63307","nom":"Romagnat","codes_postaux":["63540"],"code_dep":"63","code_region":"84","population":7894,"surface_km2":16.97,"lat":45.7215,"lon":3.08},{"code_insee":"63308","nom":"Royat","codes_postaux":["63130"],"code_dep":"63","code_region":"84","population":4479,"surface_km2":6.65,"lat":45.7573,"lon":3.0431},{"code_insee":"63309","nom":"Saillant","codes_postaux":["63840"],"code_dep":"63","code_region":"84","population":315,"surface_km2":17.43,"lat":45.4488,"lon":3.9299},{"code_insee":"63310","nom":"Sainte-Agathe","codes_postaux":["63120"],"code_dep":"63","code_region":"84","population":171,"surface_km2":18.23,"lat":45.8199,"lon":3.6223},{"code_insee":"63311","nom":"Saint-Agoulin","codes_postaux":["63260"],"code_dep":"63","code_region":"84","population":310,"surface_km2":9.36,"lat":46.0414,"lon":3.1306},{"code_insee":"63312","nom":"Saint-Alyre-d'Arlanc","codes_postaux":["63220"],"code_dep":"63","code_region":"84","population":132,"surface_km2":24.17,"lat":45.3693,"lon":3.6259},{"code_insee":"63313","nom":"Saint-Alyre-ès-Montagne","codes_postaux":["63420"],"code_dep":"63","code_region":"84","population":102,"surface_km2":41.27,"lat":45.3816,"lon":2.971},{"code_insee":"63314","nom":"Saint-Amant-Roche-Savine","codes_postaux":["63890"],"code_dep":"63","code_region":"84","population":534,"surface_km2":23.99,"lat":45.5747,"lon":3.6125},{"code_insee":"63315","nom":"Saint-Amant-Tallende","codes_postaux":["63450"],"code_dep":"63","code_region":"84","population":1866,"surface_km2":5.07,"lat":45.6676,"lon":3.1104},{"code_insee":"63317","nom":"Saint-André-le-Coq","codes_postaux":["63310"],"code_dep":"63","code_region":"84","population":578,"surface_km2":17.95,"lat":45.9601,"lon":3.3076},{"code_insee":"63318","nom":"Saint-Angel","codes_postaux":["63410"],"code_dep":"63","code_region":"84","population":467,"surface_km2":18.05,"lat":46.0019,"lon":2.9407},{"code_insee":"63319","nom":"Saint-Anthème","codes_postaux":["63660"],"code_dep":"63","code_region":"84","population":716,"surface_km2":69.16,"lat":45.5637,"lon":3.9014},{"code_insee":"63320","nom":"Saint-Avit","codes_postaux":["63380"],"code_dep":"63","code_region":"84","population":208,"surface_km2":19.44,"lat":45.879,"lon":2.5255},{"code_insee":"63321","nom":"Saint-Babel","codes_postaux":["63500"],"code_dep":"63","code_region":"84","population":948,"surface_km2":19.5,"lat":45.6053,"lon":3.2972},{"code_insee":"63322","nom":"Saint-Beauzire","codes_postaux":["63360"],"code_dep":"63","code_region":"84","population":2210,"surface_km2":16.49,"lat":45.8525,"lon":3.1828},{"code_insee":"63323","nom":"Saint-Bonnet-le-Bourg","codes_postaux":["63630"],"code_dep":"63","code_region":"84","population":186,"surface_km2":20.08,"lat":45.4459,"lon":3.5997},{"code_insee":"63324","nom":"Saint-Bonnet-le-Chastel","codes_postaux":["63630"],"code_dep":"63","code_region":"84","population":211,"surface_km2":23.37,"lat":45.4583,"lon":3.6391},{"code_insee":"63325","nom":"Saint-Bonnet-lès-Allier","codes_postaux":["63800"],"code_dep":"63","code_region":"84","population":409,"surface_km2":1.52,"lat":45.7398,"lon":3.2545},{"code_insee":"63326","nom":"Saint-Bonnet-près-Orcival","codes_postaux":["63210"],"code_dep":"63","code_region":"84","population":571,"surface_km2":14.92,"lat":45.7075,"lon":2.8654},{"code_insee":"63327","nom":"Saint-Bonnet-près-Riom","codes_postaux":["63200"],"code_dep":"63","code_region":"84","population":2110,"surface_km2":7.02,"lat":45.9291,"lon":3.1162},{"code_insee":"63328","nom":"Sainte-Catherine","codes_postaux":["63580"],"code_dep":"63","code_region":"84","population":57,"surface_km2":5.63,"lat":45.4526,"lon":3.4785},{"code_insee":"63329","nom":"Sainte-Christine","codes_postaux":["63390"],"code_dep":"63","code_region":"84","population":122,"surface_km2":12.91,"lat":46.0716,"lon":2.8352},{"code_insee":"63331","nom":"Saint-Clément-de-Valorgue","codes_postaux":["63660"],"code_dep":"63","code_region":"84","population":239,"surface_km2":13.45,"lat":45.498,"lon":3.9335},{"code_insee":"63332","nom":"Saint-Clément-de-Régnat","codes_postaux":["63310"],"code_dep":"63","code_region":"84","population":516,"surface_km2":15.0,"lat":45.9999,"lon":3.2959},{"code_insee":"63333","nom":"Saint-Denis-Combarnazat","codes_postaux":["63310"],"code_dep":"63","code_region":"84","population":248,"surface_km2":10.24,"lat":45.9747,"lon":3.3504},{"code_insee":"63334","nom":"Saint-Dier-d'Auvergne","codes_postaux":["63520"],"code_dep":"63","code_region":"84","population":556,"surface_km2":20.4,"lat":45.6675,"lon":3.4803},{"code_insee":"63335","nom":"Saint-Diéry","codes_postaux":["63320"],"code_dep":"63","code_region":"84","population":546,"surface_km2":24.54,"lat":45.5415,"lon":3.0219},{"code_insee":"63336","nom":"Saint-Donat","codes_postaux":["63680"],"code_dep":"63","code_region":"84","population":198,"surface_km2":33.47,"lat":45.4656,"lon":2.7105},{"code_insee":"63337","nom":"Saint-Éloy-la-Glacière","codes_postaux":["63890"],"code_dep":"63","code_region":"84","population":63,"surface_km2":12.06,"lat":45.5607,"lon":3.5635},{"code_insee":"63338","nom":"Saint-Éloy-les-Mines","codes_postaux":["63700"],"code_dep":"63","code_region":"84","population":3480,"surface_km2":22.08,"lat":46.162,"lon":2.8439},{"code_insee":"63339","nom":"Saint-Étienne-des-Champs","codes_postaux":["63380"],"code_dep":"63","code_region":"84","population":125,"surface_km2":23.7,"lat":45.8161,"lon":2.5735},{"code_insee":"63340","nom":"Saint-Étienne-sur-Usson","codes_postaux":["63580"],"code_dep":"63","code_region":"84","population":268,"surface_km2":15.71,"lat":45.5102,"lon":3.4027},{"code_insee":"63341","nom":"Saint-Ferréol-des-Côtes","codes_postaux":["63600"],"code_dep":"63","code_region":"84","population":548,"surface_km2":15.02,"lat":45.5355,"lon":3.6937},{"code_insee":"63342","nom":"Saint-Floret","codes_postaux":["63320"],"code_dep":"63","code_region":"84","population":243,"surface_km2":12.31,"lat":45.5379,"lon":3.0938},{"code_insee":"63343","nom":"Saint-Flour-l'Étang","codes_postaux":["63520"],"code_dep":"63","code_region":"84","population":268,"surface_km2":9.61,"lat":45.7095,"lon":3.5092},{"code_insee":"63344","nom":"Saint-Gal-sur-Sioule","codes_postaux":["63440"],"code_dep":"63","code_region":"84","population":148,"surface_km2":9.54,"lat":46.108,"lon":2.9968},{"code_insee":"63345","nom":"Saint-Genès-Champanelle","codes_postaux":["63122"],"code_dep":"63","code_region":"84","population":4066,"surface_km2":51.86,"lat":45.7222,"lon":3.0005},{"code_insee":"63346","nom":"Saint-Genès-Champespe","codes_postaux":["63850"],"code_dep":"63","code_region":"84","population":200,"surface_km2":32.37,"lat":45.4141,"lon":2.7238},{"code_insee":"63347","nom":"Saint-Genès-du-Retz","codes_postaux":["63260"],"code_dep":"63","code_region":"84","population":471,"surface_km2":8.26,"lat":46.0611,"lon":3.2121},{"code_insee":"63348","nom":"Saint-Genès-la-Tourette","codes_postaux":["63580"],"code_dep":"63","code_region":"84","population":195,"surface_km2":18.49,"lat":45.5147,"lon":3.4775},{"code_insee":"63349","nom":"Saint-Georges-de-Mons","codes_postaux":["63780"],"code_dep":"63","code_region":"84","population":2048,"surface_km2":34.31,"lat":45.9419,"lon":2.8634},{"code_insee":"63350","nom":"Saint-Georges-sur-Allier","codes_postaux":["63800"],"code_dep":"63","code_region":"84","population":1395,"surface_km2":9.43,"lat":45.7166,"lon":3.2581},{"code_insee":"63351","nom":"Saint-Germain-près-Herment","codes_postaux":["63470"],"code_dep":"63","code_region":"84","population":60,"surface_km2":17.18,"lat":45.7223,"lon":2.5552},{"code_insee":"63352","nom":"Saint-Germain-Lembron","codes_postaux":["63340"],"code_dep":"63","code_region":"84","population":2031,"surface_km2":15.81,"lat":45.4536,"lon":3.2409},{"code_insee":"63353","nom":"Saint-Germain-l'Herm","codes_postaux":["63630"],"code_dep":"63","code_region":"84","population":482,"surface_km2":36.48,"lat":45.4617,"lon":3.5403},{"code_insee":"63354","nom":"Saint-Gervais-d'Auvergne","codes_postaux":["63390"],"code_dep":"63","code_region":"84","population":1192,"surface_km2":47.81,"lat":46.0186,"lon":2.829},{"code_insee":"63355","nom":"Saint-Gervais-sous-Meymont","codes_postaux":["63880"],"code_dep":"63","code_region":"84","population":213,"surface_km2":10.52,"lat":45.6689,"lon":3.6182},{"code_insee":"63356","nom":"Saint-Gervazy","codes_postaux":["63340"],"code_dep":"63","code_region":"84","population":340,"surface_km2":14.35,"lat":45.3998,"lon":3.2102},{"code_insee":"63357","nom":"Saint-Hérent","codes_postaux":["63340"],"code_dep":"63","code_region":"84","population":111,"surface_km2":13.01,"lat":45.4595,"lon":3.1382},{"code_insee":"63358","nom":"Saint-Hilaire-la-Croix","codes_postaux":["63440"],"code_dep":"63","code_region":"84","population":374,"surface_km2":16.15,"lat":46.0422,"lon":3.0402},{"code_insee":"63359","nom":"Saint-Hilaire-les-Monges","codes_postaux":["63380"],"code_dep":"63","code_region":"84","population":83,"surface_km2":10.69,"lat":45.8077,"lon":2.6631},{"code_insee":"63360","nom":"Saint-Hilaire","codes_postaux":["63330"],"code_dep":"63","code_region":"84","population":144,"surface_km2":17.62,"lat":46.1067,"lon":2.6193},{"code_insee":"63362","nom":"Saint-Ignat","codes_postaux":["63720"],"code_dep":"63","code_region":"84","population":916,"surface_km2":16.07,"lat":45.92,"lon":3.2661},{"code_insee":"63363","nom":"Saint-Jacques-d'Ambur","codes_postaux":["63230"],"code_dep":"63","code_region":"84","population":295,"surface_km2":21.4,"lat":45.8979,"lon":2.765},{"code_insee":"63364","nom":"Saint-Jean-d'Heurs","codes_postaux":["63190"],"code_dep":"63","code_region":"84","population":703,"surface_km2":11.18,"lat":45.8137,"lon":3.444},{"code_insee":"63365","nom":"Saint-Jean-des-Ollières","codes_postaux":["63520"],"code_dep":"63","code_region":"84","population":459,"surface_km2":19.81,"lat":45.641,"lon":3.44},{"code_insee":"63366","nom":"Saint-Jean-en-Val","codes_postaux":["63490"],"code_dep":"63","code_region":"84","population":356,"surface_km2":12.17,"lat":45.5124,"lon":3.3674},{"code_insee":"63367","nom":"Saint-Jean-Saint-Gervais","codes_postaux":["63570"],"code_dep":"63","code_region":"84","population":126,"surface_km2":14.47,"lat":45.4264,"lon":3.3897},{"code_insee":"63368","nom":"Saint-Julien-de-Coppel","codes_postaux":["63160"],"code_dep":"63","code_region":"84","population":1281,"surface_km2":21.72,"lat":45.6931,"lon":3.3141},{"code_insee":"63369","nom":"Saint-Julien-la-Geneste","codes_postaux":["63390"],"code_dep":"63","code_region":"84","population":117,"surface_km2":12.11,"lat":46.0454,"lon":2.7403},{"code_insee":"63370","nom":"Saint-Julien-Puy-Lavèze","codes_postaux":["63820"],"code_dep":"63","code_region":"84","population":360,"surface_km2":28.98,"lat":45.6608,"lon":2.6772},{"code_insee":"63371","nom":"Saint-Just","codes_postaux":["63600"],"code_dep":"63","code_region":"84","population":144,"surface_km2":19.28,"lat":45.4609,"lon":3.8102},{"code_insee":"63372","nom":"Saint-Laure","codes_postaux":["63350"],"code_dep":"63","code_region":"84","population":716,"surface_km2":7.16,"lat":45.8974,"lon":3.2925},{"code_insee":"63373","nom":"Saint-Maigner","codes_postaux":["63330"],"code_dep":"63","code_region":"84","population":162,"surface_km2":18.88,"lat":46.0781,"lon":2.6927},{"code_insee":"63374","nom":"Saint-Martin-des-Olmes","codes_postaux":["63600"],"code_dep":"63","code_region":"84","population":313,"surface_km2":17.03,"lat":45.5232,"lon":3.8064},{"code_insee":"63375","nom":"Saint-Martin-des-Plains","codes_postaux":["63570"],"code_dep":"63","code_region":"84","population":178,"surface_km2":3.86,"lat":45.4966,"lon":3.3092},{"code_insee":"63376","nom":"Saint-Martin-d'Ollières","codes_postaux":["63580"],"code_dep":"63","code_region":"84","population":149,"surface_km2":14.65,"lat":45.4175,"lon":3.4538},{"code_insee":"63377","nom":"Saint-Maurice-près-Pionsat","codes_postaux":["63330"],"code_dep":"63","code_region":"84","population":358,"surface_km2":31.04,"lat":46.0703,"lon":2.5948},{"code_insee":"63378","nom":"Saint-Maurice","codes_postaux":["63270"],"code_dep":"63","code_region":"84","population":968,"surface_km2":5.39,"lat":45.6716,"lon":3.2383},{"code_insee":"63379","nom":"Saint-Myon","codes_postaux":["63460"],"code_dep":"63","code_region":"84","population":544,"surface_km2":5.56,"lat":45.9858,"lon":3.1282},{"code_insee":"63380","nom":"Saint-Nectaire","codes_postaux":["63710"],"code_dep":"63","code_region":"84","population":822,"surface_km2":33.49,"lat":45.5925,"lon":2.9956},{"code_insee":"63381","nom":"Saint-Ours","codes_postaux":["63230"],"code_dep":"63","code_region":"84","population":1708,"surface_km2":55.79,"lat":45.8358,"lon":2.917},{"code_insee":"63382","nom":"Saint-Pardoux","codes_postaux":["63440"],"code_dep":"63","code_region":"84","population":428,"surface_km2":16.0,"lat":46.0574,"lon":3.003},{"code_insee":"63383","nom":"Saint-Pierre-Colamine","codes_postaux":["63610"],"code_dep":"63","code_region":"84","population":247,"surface_km2":17.51,"lat":45.5123,"lon":2.9752},{"code_insee":"63384","nom":"Saint-Pierre-la-Bourlhonne","codes_postaux":["63480"],"code_dep":"63","code_region":"84","population":136,"surface_km2":11.73,"lat":45.6781,"lon":3.7567},{"code_insee":"63385","nom":"Saint-Pierre-le-Chastel","codes_postaux":["63230"],"code_dep":"63","code_region":"84","population":450,"surface_km2":17.53,"lat":45.7952,"lon":2.8362},{"code_insee":"63386","nom":"Saint-Pierre-Roche","codes_postaux":["63210"],"code_dep":"63","code_region":"84","population":499,"surface_km2":16.88,"lat":45.7305,"lon":2.8153},{"code_insee":"63387","nom":"Saint-Priest-Bramefant","codes_postaux":["63310"],"code_dep":"63","code_region":"84","population":871,"surface_km2":19.07,"lat":46.0318,"lon":3.4338},{"code_insee":"63388","nom":"Saint-Priest-des-Champs","codes_postaux":["63640"],"code_dep":"63","code_region":"84","population":736,"surface_km2":45.99,"lat":45.9735,"lon":2.7479},{"code_insee":"63389","nom":"Saint-Quentin-sur-Sauxillanges","codes_postaux":["63490"],"code_dep":"63","code_region":"84","population":109,"surface_km2":8.25,"lat":45.5445,"lon":3.4135},{"code_insee":"63390","nom":"Saint-Quintin-sur-Sioule","codes_postaux":["63440"],"code_dep":"63","code_region":"84","population":387,"surface_km2":14.33,"lat":46.0916,"lon":3.0632},{"code_insee":"63391","nom":"Saint-Rémy-de-Blot","codes_postaux":["63440"],"code_dep":"63","code_region":"84","population":251,"surface_km2":15.32,"lat":46.0793,"lon":2.954},{"code_insee":"63392","nom":"Saint-Rémy-de-Chargnat","codes_postaux":["63500"],"code_dep":"63","code_region":"84","population":631,"surface_km2":6.3,"lat":45.5113,"lon":3.3274},{"code_insee":"63393","nom":"Saint-Rémy-sur-Durolle","codes_postaux":["63550"],"code_dep":"63","code_region":"84","population":1746,"surface_km2":18.25,"lat":45.8946,"lon":3.5801},{"code_insee":"63394","nom":"Saint-Romain","codes_postaux":["63660"],"code_dep":"63","code_region":"84","population":197,"surface_km2":16.01,"lat":45.4936,"lon":3.9026},{"code_insee":"63395","nom":"Saint-Sandoux","codes_postaux":["63450"],"code_dep":"63","code_region":"84","population":992,"surface_km2":9.84,"lat":45.6389,"lon":3.1044},{"code_insee":"63396","nom":"Saint-Saturnin","codes_postaux":["63450"],"code_dep":"63","code_region":"84","population":1164,"surface_km2":16.91,"lat":45.6604,"lon":3.0717},{"code_insee":"63397","nom":"Saint-Sauves-d'Auvergne","codes_postaux":["63950"],"code_dep":"63","code_region":"84","population":1127,"surface_km2":50.11,"lat":45.6104,"lon":2.6968},{"code_insee":"63398","nom":"Saint-Sauveur-la-Sagne","codes_postaux":["63220"],"code_dep":"63","code_region":"84","population":82,"surface_km2":7.82,"lat":45.3959,"lon":3.6655},{"code_insee":"63399","nom":"Saint-Sulpice","codes_postaux":["63760"],"code_dep":"63","code_region":"84","population":85,"surface_km2":18.19,"lat":45.6496,"lon":2.6213},{"code_insee":"63400","nom":"Saint-Sylvestre-Pragoulin","codes_postaux":["63310"],"code_dep":"63","code_region":"84","population":1063,"surface_km2":23.85,"lat":46.0509,"lon":3.3955},{"code_insee":"63401","nom":"Saint-Victor-la-Rivière","codes_postaux":["63790"],"code_dep":"63","code_region":"84","population":239,"surface_km2":19.18,"lat":45.5464,"lon":2.9359},{"code_insee":"63402","nom":"Saint-Victor-Montvianeix","codes_postaux":["63550"],"code_dep":"63","code_region":"84","population":264,"surface_km2":45.1,"lat":45.9396,"lon":3.6033},{"code_insee":"63403","nom":"Saint-Vincent","codes_postaux":["63320"],"code_dep":"63","code_region":"84","population":417,"surface_km2":6.0,"lat":45.5458,"lon":3.1251},{"code_insee":"63404","nom":"Saint-Yvoine","codes_postaux":["63500"],"code_dep":"63","code_region":"84","population":553,"surface_km2":8.98,"lat":45.5778,"lon":3.2204},{"code_insee":"63405","nom":"Sallèdes","codes_postaux":["63270"],"code_dep":"63","code_region":"84","population":560,"surface_km2":18.92,"lat":45.6463,"lon":3.3265},{"code_insee":"63406","nom":"Sardon","codes_postaux":["63260"],"code_dep":"63","code_region":"84","population":303,"surface_km2":8.4,"lat":45.9643,"lon":3.2221},{"code_insee":"63407","nom":"Saulzet-le-Froid","codes_postaux":["63970"],"code_dep":"63","code_region":"84","population":284,"surface_km2":28.05,"lat":45.6332,"lon":2.8932},{"code_insee":"63408","nom":"Sauret-Besserve","codes_postaux":["63390"],"code_dep":"63","code_region":"84","population":163,"surface_km2":10.43,"lat":45.9905,"lon":2.8037},{"code_insee":"63409","nom":"Saurier","codes_postaux":["63320"],"code_dep":"63","code_region":"84","population":245,"surface_km2":8.52,"lat":45.5356,"lon":3.0532},{"code_insee":"63410","nom":"Sauvagnat","codes_postaux":["63470"],"code_dep":"63","code_region":"84","population":143,"surface_km2":24.0,"lat":45.7576,"lon":2.6079},{"code_insee":"63411","nom":"Sauvagnat-Sainte-Marthe","codes_postaux":["63500"],"code_dep":"63","code_region":"84","population":460,"surface_km2":6.44,"lat":45.5879,"lon":3.2117},{"code_insee":"63412","nom":"Sauvessanges","codes_postaux":["63840"],"code_dep":"63","code_region":"84","population":531,"surface_km2":33.12,"lat":45.3949,"lon":3.8645},{"code_insee":"63413","nom":"La Sauvetat","codes_postaux":["63730"],"code_dep":"63","code_region":"84","population":737,"surface_km2":8.05,"lat":45.6396,"lon":3.1617},{"code_insee":"63414","nom":"Sauviat","codes_postaux":["63120"],"code_dep":"63","code_region":"84","population":588,"surface_km2":15.55,"lat":45.72,"lon":3.5582},{"code_insee":"63415","nom":"Sauxillanges","codes_postaux":["63490"],"code_dep":"63","code_region":"84","population":1316,"surface_km2":24.86,"lat":45.5592,"lon":3.3701},{"code_insee":"63416","nom":"Savennes","codes_postaux":["63750"],"code_dep":"63","code_region":"84","population":96,"surface_km2":16.59,"lat":45.5804,"lon":2.4955},{"code_insee":"63417","nom":"Sayat","codes_postaux":["63530"],"code_dep":"63","code_region":"84","population":2529,"surface_km2":8.4,"lat":45.8373,"lon":3.0361},{"code_insee":"63418","nom":"Sermentizon","codes_postaux":["63120"],"code_dep":"63","code_region":"84","population":605,"surface_km2":18.48,"lat":45.7665,"lon":3.4875},{"code_insee":"63419","nom":"Servant","codes_postaux":["63560"],"code_dep":"63","code_region":"84","population":558,"surface_km2":26.59,"lat":46.1399,"lon":2.9287},{"code_insee":"63420","nom":"Seychalles","codes_postaux":["63190"],"code_dep":"63","code_region":"84","population":785,"surface_km2":9.21,"lat":45.807,"lon":3.3391},{"code_insee":"63421","nom":"Singles","codes_postaux":["63690"],"code_dep":"63","code_region":"84","population":171,"surface_km2":20.52,"lat":45.5623,"lon":2.5524},{"code_insee":"63422","nom":"Solignat","codes_postaux":["63500"],"code_dep":"63","code_region":"84","population":510,"surface_km2":11.19,"lat":45.5251,"lon":3.1909},{"code_insee":"63423","nom":"Sugères","codes_postaux":["63490"],"code_dep":"63","code_region":"84","population":648,"surface_km2":20.75,"lat":45.5979,"lon":3.4125},{"code_insee":"63424","nom":"Surat","codes_postaux":["63720"],"code_dep":"63","code_region":"84","population":611,"surface_km2":9.02,"lat":45.9388,"lon":3.2594},{"code_insee":"63425","nom":"Tallende","codes_postaux":["63450"],"code_dep":"63","code_region":"84","population":1619,"surface_km2":6.11,"lat":45.6599,"lon":3.1324},{"code_insee":"63426","nom":"Tauves","codes_postaux":["63690"],"code_dep":"63","code_region":"84","population":684,"surface_km2":34.09,"lat":45.5631,"lon":2.629},{"code_insee":"63427","nom":"Teilhède","codes_postaux":["63460"],"code_dep":"63","code_region":"84","population":536,"surface_km2":12.03,"lat":45.9625,"lon":3.0533},{"code_insee":"63428","nom":"Teilhet","codes_postaux":["63560"],"code_dep":"63","code_region":"84","population":286,"surface_km2":18.96,"lat":46.1025,"lon":2.8244},{"code_insee":"63429","nom":"Ternant-les-Eaux","codes_postaux":["63340"],"code_dep":"63","code_region":"84","population":59,"surface_km2":3.55,"lat":45.4808,"lon":3.1284},{"code_insee":"63430","nom":"Thiers","codes_postaux":["63300"],"code_dep":"63","code_region":"84","population":11637,"surface_km2":44.78,"lat":45.8653,"lon":3.538},{"code_insee":"63431","nom":"Thiolières","codes_postaux":["63600"],"code_dep":"63","code_region":"84","population":164,"surface_km2":5.36,"lat":45.5817,"lon":3.6965},{"code_insee":"63432","nom":"Thuret","codes_postaux":["63260"],"code_dep":"63","code_region":"84","population":911,"surface_km2":16.7,"lat":45.9756,"lon":3.2613},{"code_insee":"63433","nom":"Tortebesse","codes_postaux":["63470"],"code_dep":"63","code_region":"84","population":80,"surface_km2":11.65,"lat":45.7278,"lon":2.6587},{"code_insee":"63434","nom":"Tours-sur-Meymont","codes_postaux":["63590"],"code_dep":"63","code_region":"84","population":542,"surface_km2":18.07,"lat":45.6738,"lon":3.5744},{"code_insee":"63435","nom":"Tourzel-Ronzières","codes_postaux":["63320"],"code_dep":"63","code_region":"84","population":200,"surface_km2":11.95,"lat":45.5184,"lon":3.1158},{"code_insee":"63436","nom":"Tralaigues","codes_postaux":["63380"],"code_dep":"63","code_region":"84","population":80,"surface_km2":5.12,"lat":45.9025,"lon":2.5948},{"code_insee":"63437","nom":"Trémouille-Saint-Loup","codes_postaux":["63810"],"code_dep":"63","code_region":"84","population":140,"surface_km2":12.33,"lat":45.484,"lon":2.5643},{"code_insee":"63438","nom":"Trézioux","codes_postaux":["63520"],"code_dep":"63","code_region":"84","population":502,"surface_km2":17.6,"lat":45.7194,"lon":3.4771},{"code_insee":"63439","nom":"Usson","codes_postaux":["63490"],"code_dep":"63","code_region":"84","population":286,"surface_km2":5.48,"lat":45.5282,"lon":3.3423},{"code_insee":"63440","nom":"Valbeleix","codes_postaux":["63610"],"code_dep":"63","code_region":"84","population":149,"surface_km2":22.78,"lat":45.4763,"lon":2.9895},{"code_insee":"63441","nom":"Valcivières","codes_postaux":["63600"],"code_dep":"63","code_region":"84","population":227,"surface_km2":33.04,"lat":45.5936,"lon":3.8164},{"code_insee":"63442","nom":"Valz-sous-Châteauneuf","codes_postaux":["63580"],"code_dep":"63","code_region":"84","population":52,"surface_km2":5.13,"lat":45.4307,"lon":3.4194},{"code_insee":"63443","nom":"Varennes-sur-Morge","codes_postaux":["63720"],"code_dep":"63","code_region":"84","population":429,"surface_km2":5.07,"lat":45.941,"lon":3.1867},{"code_insee":"63444","nom":"Varennes-sur-Usson","codes_postaux":["63500"],"code_dep":"63","code_region":"84","population":317,"surface_km2":6.23,"lat":45.5337,"lon":3.3237},{"code_insee":"63445","nom":"Vassel","codes_postaux":["63910"],"code_dep":"63","code_region":"84","population":295,"surface_km2":2.98,"lat":45.7607,"lon":3.3108},{"code_insee":"63446","nom":"Vensat","codes_postaux":["63260"],"code_dep":"63","code_region":"84","population":569,"surface_km2":16.2,"lat":46.0542,"lon":3.1619},{"code_insee":"63447","nom":"Vergheas","codes_postaux":["63330"],"code_dep":"63","code_region":"84","population":65,"surface_km2":7.42,"lat":46.0223,"lon":2.6216},{"code_insee":"63448","nom":"Le Vernet-Chaméane","codes_postaux":["63580"],"code_dep":"63","code_region":"84","population":775,"surface_km2":45.88,"lat":45.4962,"lon":3.4574},{"code_insee":"63449","nom":"Le Vernet-Sainte-Marguerite","codes_postaux":["63710"],"code_dep":"63","code_region":"84","population":327,"surface_km2":25.06,"lat":45.6183,"lon":2.9234},{"code_insee":"63450","nom":"Verneugheol","codes_postaux":["63470"],"code_dep":"63","code_region":"84","population":225,"surface_km2":34.96,"lat":45.7455,"lon":2.5158},{"code_insee":"63451","nom":"Vernines","codes_postaux":["63210"],"code_dep":"63","code_region":"84","population":430,"surface_km2":17.67,"lat":45.6718,"lon":2.8793},{"code_insee":"63452","nom":"Verrières","codes_postaux":["63320"],"code_dep":"63","code_region":"84","population":74,"surface_km2":3.23,"lat":45.5682,"lon":3.0352},{"code_insee":"63453","nom":"Vertaizon","codes_postaux":["63910"],"code_dep":"63","code_region":"84","population":3527,"surface_km2":12.89,"lat":45.7741,"lon":3.2842},{"code_insee":"63454","nom":"Vertolaye","codes_postaux":["63480"],"code_dep":"63","code_region":"84","population":562,"surface_km2":10.94,"lat":45.6528,"lon":3.7405},{"code_insee":"63455","nom":"Veyre-Monton","codes_postaux":["63960"],"code_dep":"63","code_region":"84","population":3721,"surface_km2":12.14,"lat":45.6741,"lon":3.1648},{"code_insee":"63456","nom":"Vichel","codes_postaux":["63340"],"code_dep":"63","code_region":"84","population":327,"surface_km2":5.77,"lat":45.4242,"lon":3.2432},{"code_insee":"63457","nom":"Vic-le-Comte","codes_postaux":["63270"],"code_dep":"63","code_region":"84","population":5396,"surface_km2":18.12,"lat":45.6468,"lon":3.2428},{"code_insee":"63458","nom":"Villeneuve","codes_postaux":["63340"],"code_dep":"63","code_region":"84","population":135,"surface_km2":4.22,"lat":45.4772,"lon":3.1893},{"code_insee":"63459","nom":"Villeneuve-les-Cerfs","codes_postaux":["63310"],"code_dep":"63","code_region":"84","population":514,"surface_km2":10.0,"lat":46.0212,"lon":3.3284},{"code_insee":"63460","nom":"Villossanges","codes_postaux":["63380"],"code_dep":"63","code_region":"84","population":359,"surface_km2":33.01,"lat":45.919,"lon":2.6417},{"code_insee":"63461","nom":"Vinzelles","codes_postaux":["63350"],"code_dep":"63","code_region":"84","population":373,"surface_km2":13.43,"lat":45.9296,"lon":3.4154},{"code_insee":"63462","nom":"Virlet","codes_postaux":["63330"],"code_dep":"63","code_region":"84","population":270,"surface_km2":17.39,"lat":46.1579,"lon":2.7045},{"code_insee":"63463","nom":"Viscomtat","codes_postaux":["63250"],"code_dep":"63","code_region":"84","population":501,"surface_km2":25.63,"lat":45.8317,"lon":3.6851},{"code_insee":"63464","nom":"Vitrac","codes_postaux":["63410"],"code_dep":"63","code_region":"84","population":336,"surface_km2":13.19,"lat":45.9778,"lon":2.8928},{"code_insee":"63465","nom":"Viverols","codes_postaux":["63840"],"code_dep":"63","code_region":"84","population":442,"surface_km2":12.56,"lat":45.431,"lon":3.8793},{"code_insee":"63466","nom":"Vodable","codes_postaux":["63500"],"code_dep":"63","code_region":"84","population":194,"surface_km2":11.67,"lat":45.5077,"lon":3.1286},{"code_insee":"63467","nom":"Voingt","codes_postaux":["63620"],"code_dep":"63","code_region":"84","population":58,"surface_km2":6.63,"lat":45.8057,"lon":2.5443},{"code_insee":"63468","nom":"Vollore-Montagne","codes_postaux":["63120"],"code_dep":"63","code_region":"84","population":312,"surface_km2":21.18,"lat":45.7845,"lon":3.6957},{"code_insee":"63469","nom":"Vollore-Ville","codes_postaux":["63120"],"code_dep":"63","code_region":"84","population":718,"surface_km2":30.57,"lat":45.7854,"lon":3.6092},{"code_insee":"63470","nom":"Volvic","codes_postaux":["63530"],"code_dep":"63","code_region":"84","population":4883,"surface_km2":27.71,"lat":45.8647,"lon":3.0211},{"code_insee":"63471","nom":"Youx","codes_postaux":["63700"],"code_dep":"63","code_region":"84","population":864,"surface_km2":19.29,"lat":46.1405,"lon":2.8035},{"code_insee":"63472","nom":"Yronde-et-Buron","codes_postaux":["63270"],"code_dep":"63","code_region":"84","population":642,"surface_km2":14.69,"lat":45.609,"lon":3.2566},{"code_insee":"63473","nom":"Yssac-la-Tourette","codes_postaux":["63200"],"code_dep":"63","code_region":"84","population":396,"surface_km2":2.15,"lat":45.9316,"lon":3.0911}]