[{"code_insee":"71001","nom":"L'Abergement-de-Cuisery","codes_postaux":["71290"],"code_dep":"71","code_region":"27","population":810,"surface_km2":8.14,"lat":46.5753,"lon":4.9586},{"code_insee":"71002","nom":"L'Abergement-Sainte-Colombe","codes_postaux":["71370"],"code_dep":"71","code_region":"27","population":1233,"surface_km2":19.6,"lat":46.7547,"lon":5.0334},{"code_insee":"71003","nom":"Allerey-sur-Saône","codes_postaux":["71350"],"code_dep":"71","code_region":"27","population":804,"surface_km2":16.55,"lat":46.9145,"lon":4.9709},{"code_insee":"71004","nom":"Allériot","codes_postaux":["71380"],"code_dep":"71","code_region":"27","population":1165,"surface_km2":13.5,"lat":46.8021,"lon":4.9532},{"code_insee":"71005","nom":"Aluze","codes_postaux":["71510"],"code_dep":"71","code_region":"27","population":255,"surface_km2":6.0,"lat":46.8522,"lon":4.6866},{"code_insee":"71006","nom":"Amanzé","codes_postaux":["71800"],"code_dep":"71","code_region":"27","population":196,"surface_km2":11.3,"lat":46.3261,"lon":4.2364},{"code_insee":"71007","nom":"Ameugny","codes_postaux":["71460"],"code_dep":"71","code_region":"27","population":169,"surface_km2":6.49,"lat":46.5228,"lon":4.669},{"code_insee":"71008","nom":"Anglure-sous-Dun","codes_postaux":["71170"],"code_dep":"71","code_region":"27","population":143,"surface_km2":7.11,"lat":46.2359,"lon":4.3694},{"code_insee":"71009","nom":"Anost","codes_postaux":["71550"],"code_dep":"71","code_region":"27","population":695,"surface_km2":51.91,"lat":47.0788,"lon":4.0977},{"code_insee":"71010","nom":"Antully","codes_postaux":["71400"],"code_dep":"71","code_region":"27","population":789,"surface_km2":37.44,"lat":46.8876,"lon":4.4011},{"code_insee":"71011","nom":"Anzy-le-Duc","codes_postaux":["71110"],"code_dep":"71","code_region":"27","population":419,"surface_km2":25.11,"lat":46.3209,"lon":4.0761},{"code_insee":"71012","nom":"Artaix","codes_postaux":["71110"],"code_dep":"71","code_region":"27","population":353,"surface_km2":21.37,"lat":46.248,"lon":3.9868},{"code_insee":"71013","nom":"Authumes","codes_postaux":["71270"],"code_dep":"71","code_region":"27","population":285,"surface_km2":12.91,"lat":46.8849,"lon":5.307},{"code_insee":"71014","nom":"Autun","codes_postaux":["71400"],"code_dep":"71","code_region":"27","population":13172,"surface_km2":61.73,"lat":46.9386,"lon":4.3038},{"code_insee":"71015","nom":"Auxy","codes_postaux":["71400"],"code_dep":"71","code_region":"27","population":915,"surface_km2":37.16,"lat":46.9378,"lon":4.4195},{"code_insee":"71016","nom":"Azé","codes_postaux":["71260"],"code_dep":"71","code_region":"27","population":1103,"surface_km2":15.06,"lat":46.4327,"lon":4.7468},{"code_insee":"71017","nom":"Ballore","codes_postaux":["71220"],"code_dep":"71","code_region":"27","population":87,"surface_km2":10.79,"lat":46.5369,"lon":4.379},{"code_insee":"71018","nom":"Bantanges","codes_postaux":["71500"],"code_dep":"71","code_region":"27","population":577,"surface_km2":10.96,"lat":46.6043,"lon":5.1259},{"code_insee":"71019","nom":"Barizey","codes_postaux":["71640"],"code_dep":"71","code_region":"27","population":139,"surface_km2":5.63,"lat":46.7918,"lon":4.6736},{"code_insee":"71020","nom":"Barnay","codes_postaux":["71540"],"code_dep":"71","code_region":"27","population":99,"surface_km2":15.5,"lat":47.0821,"lon":4.3207},{"code_insee":"71021","nom":"Baron","codes_postaux":["71120"],"code_dep":"71","code_region":"27","population":274,"surface_km2":13.37,"lat":46.4964,"lon":4.2819},{"code_insee":"71022","nom":"Baudemont","codes_postaux":["71800"],"code_dep":"71","code_region":"27","population":627,"surface_km2":7.95,"lat":46.2925,"lon":4.2834},{"code_insee":"71023","nom":"Baudrières","codes_postaux":["71370"],"code_dep":"71","code_region":"27","population":1044,"surface_km2":27.05,"lat":46.6664,"lon":4.9989},{"code_insee":"71024","nom":"Baugy","codes_postaux":["71110"],"code_dep":"71","code_region":"27","population":499,"surface_km2":12.66,"lat":46.3076,"lon":4.0313},{"code_insee":"71025","nom":"Beaubery","codes_postaux":["71220"],"code_dep":"71","code_region":"27","population":366,"surface_km2":23.23,"lat":46.413,"lon":4.3933},{"code_insee":"71026","nom":"Beaumont-sur-Grosne","codes_postaux":["71240"],"code_dep":"71","code_region":"27","population":334,"surface_km2":7.4,"lat":46.6699,"lon":4.8613},{"code_insee":"71027","nom":"Beaurepaire-en-Bresse","codes_postaux":["71580"],"code_dep":"71","code_region":"27","population":716,"surface_km2":10.47,"lat":46.6688,"lon":5.397},{"code_insee":"71028","nom":"Beauvernois","codes_postaux":["71270"],"code_dep":"71","code_region":"27","population":105,"surface_km2":8.89,"lat":46.8436,"lon":5.4374},{"code_insee":"71029","nom":"Bellevesvre","codes_postaux":["71270"],"code_dep":"71","code_region":"27","population":315,"surface_km2":7.23,"lat":46.8479,"lon":5.3636},{"code_insee":"71030","nom":"Bergesserin","codes_postaux":["71250"],"code_dep":"71","code_region":"27","population":195,"surface_km2":7.26,"lat":46.3972,"lon":4.5599},{"code_insee":"71031","nom":"Berzé-le-Châtel","codes_postaux":["71960"],"code_dep":"71","code_region":"27","population":54,"surface_km2":5.6,"lat":46.3936,"lon":4.6776},{"code_insee":"71032","nom":"Berzé-la-Ville","codes_postaux":["71960"],"code_dep":"71","code_region":"27","population":708,"surface_km2":5.51,"lat":46.3697,"lon":4.7008},{"code_insee":"71033","nom":"Bey","codes_postaux":["71620"],"code_dep":"71","code_region":"27","population":870,"surface_km2":8.86,"lat":46.822,"lon":4.9694},{"code_insee":"71034","nom":"Bissey-sous-Cruchaud","codes_postaux":["71390"],"code_dep":"71","code_region":"27","population":333,"surface_km2":11.24,"lat":46.7296,"lon":4.6944},{"code_insee":"71035","nom":"Bissy-la-Mâconnaise","codes_postaux":["71260"],"code_dep":"71","code_region":"27","population":201,"surface_km2":4.99,"lat":46.4866,"lon":4.7787},{"code_insee":"71036","nom":"Bissy-sous-Uxelles","codes_postaux":["71460"],"code_dep":"71","code_region":"27","population":67,"surface_km2":3.16,"lat":46.5695,"lon":4.7276},{"code_insee":"71037","nom":"Bissy-sur-Fley","codes_postaux":["71460"],"code_dep":"71","code_region":"27","population":85,"surface_km2":4.78,"lat":46.6645,"lon":4.6211},{"code_insee":"71038","nom":"Les Bizots","codes_postaux":["71710"],"code_dep":"71","code_region":"27","population":471,"surface_km2":21.77,"lat":46.7536,"lon":4.386},{"code_insee":"71039","nom":"Blanot","codes_postaux":["71250"],"code_dep":"71","code_region":"27","population":203,"surface_km2":11.63,"lat":46.4808,"lon":4.7408},{"code_insee":"71040","nom":"Blanzy","codes_postaux":["71450"],"code_dep":"71","code_region":"27","population":5955,"surface_km2":40.2,"lat":46.7028,"lon":4.3907},{"code_insee":"71041","nom":"Bois-Sainte-Marie","codes_postaux":["71800"],"code_dep":"71","code_region":"27","population":189,"surface_km2":2.68,"lat":46.3345,"lon":4.352},{"code_insee":"71042","nom":"Bonnay-Saint-Ythaire","codes_postaux":["71460"],"code_dep":"71","code_region":"27","population":449,"surface_km2":21.41,"lat":46.559,"lon":4.6174},{"code_insee":"71043","nom":"Les Bordes","codes_postaux":["71350"],"code_dep":"71","code_region":"27","population":85,"surface_km2":2.26,"lat":46.9004,"lon":5.0434},{"code_insee":"71044","nom":"Bosjean","codes_postaux":["71330"],"code_dep":"71","code_region":"27","population":321,"surface_km2":18.66,"lat":46.7716,"lon":5.3443},{"code_insee":"71045","nom":"Bouhans","codes_postaux":["71330"],"code_dep":"71","code_region":"27","population":174,"surface_km2":10.19,"lat":46.7761,"lon":5.294},{"code_insee":"71046","nom":"La Boulaye","codes_postaux":["71320"],"code_dep":"71","code_region":"27","population":102,"surface_km2":13.92,"lat":46.7346,"lon":4.1531},{"code_insee":"71047","nom":"Bourbon-Lancy","codes_postaux":["71140"],"code_dep":"71","code_region":"27","population":4674,"surface_km2":55.97,"lat":46.6184,"lon":3.7623},{"code_insee":"71048","nom":"Bourg-le-Comte","codes_postaux":["71110"],"code_dep":"71","code_region":"27","population":168,"surface_km2":11.44,"lat":46.3115,"lon":3.9821},{"code_insee":"71050","nom":"Bourgvilain","codes_postaux":["71520"],"code_dep":"71","code_region":"27","population":344,"surface_km2":11.85,"lat":46.3642,"lon":4.6342},{"code_insee":"71051","nom":"Bouzeron","codes_postaux":["71150"],"code_dep":"71","code_region":"27","population":143,"surface_km2":3.65,"lat":46.8908,"lon":4.7277},{"code_insee":"71052","nom":"Boyer","codes_postaux":["71700"],"code_dep":"71","code_region":"27","population":725,"surface_km2":17.02,"lat":46.5985,"lon":4.9036},{"code_insee":"71054","nom":"Bragny-sur-Saône","codes_postaux":["71350"],"code_dep":"71","code_region":"27","population":667,"surface_km2":14.86,"lat":46.9229,"lon":5.0302},{"code_insee":"71056","nom":"Branges","codes_postaux":["71500"],"code_dep":"71","code_region":"27","population":2386,"surface_km2":24.72,"lat":46.6516,"lon":5.162},{"code_insee":"71057","nom":"Bray","codes_postaux":["71250"],"code_dep":"71","code_region":"27","population":128,"surface_km2":9.97,"lat":46.5036,"lon":4.7062},{"code_insee":"71058","nom":"Bresse-sur-Grosne","codes_postaux":["71460"],"code_dep":"71","code_region":"27","population":184,"surface_km2":10.1,"lat":46.5944,"lon":4.7319},{"code_insee":"71059","nom":"Le Breuil","codes_postaux":["71670"],"code_dep":"71","code_region":"27","population":3538,"surface_km2":28.95,"lat":46.7972,"lon":4.4982},{"code_insee":"71060","nom":"Briant","codes_postaux":["71110"],"code_dep":"71","code_region":"27","population":222,"surface_km2":13.55,"lat":46.2966,"lon":4.1514},{"code_insee":"71061","nom":"Brienne","codes_postaux":["71290"],"code_dep":"71","code_region":"27","population":488,"surface_km2":5.7,"lat":46.5537,"lon":5.0265},{"code_insee":"71062","nom":"Brion","codes_postaux":["71190"],"code_dep":"71","code_region":"27","population":303,"surface_km2":16.67,"lat":46.9167,"lon":4.2392},{"code_insee":"71063","nom":"Broye","codes_postaux":["71190"],"code_dep":"71","code_region":"27","population":760,"surface_km2":28.66,"lat":46.8907,"lon":4.311},{"code_insee":"71064","nom":"Bruailles","codes_postaux":["71500"],"code_dep":"71","code_region":"27","population":984,"surface_km2":22.5,"lat":46.5933,"lon":5.2533},{"code_insee":"71065","nom":"Buffières","codes_postaux":["71250"],"code_dep":"71","code_region":"27","population":273,"surface_km2":12.23,"lat":46.4324,"lon":4.5392},{"code_insee":"71066","nom":"Burgy","codes_postaux":["71260"],"code_dep":"71","code_region":"27","population":112,"surface_km2":2.89,"lat":46.4645,"lon":4.8304},{"code_insee":"71067","nom":"Burnand","codes_postaux":["71460"],"code_dep":"71","code_region":"27","population":121,"surface_km2":6.51,"lat":46.6015,"lon":4.6327},{"code_insee":"71068","nom":"Burzy","codes_postaux":["71460"],"code_dep":"71","code_region":"27","population":59,"surface_km2":5.35,"lat":46.5945,"lon":4.5867},{"code_insee":"71069","nom":"Bussières","codes_postaux":["71960"],"code_dep":"71","code_region":"27","population":580,"surface_km2":4.08,"lat":46.3337,"lon":4.7118},{"code_insee":"71070","nom":"Buxy","codes_postaux":["71390"],"code_dep":"71","code_region":"27","population":2150,"surface_km2":11.97,"lat":46.7136,"lon":4.7149},{"code_insee":"71071","nom":"Céron","codes_postaux":["71110"],"code_dep":"71","code_region":"27","population":263,"surface_km2":23.55,"lat":46.2795,"lon":3.9339},{"code_insee":"71072","nom":"Cersot","codes_postaux":["71390"],"code_dep":"71","code_region":"27","population":142,"surface_km2":6.02,"lat":46.7069,"lon":4.6342},{"code_insee":"71073","nom":"Chagny","codes_postaux":["71150"],"code_dep":"71","code_region":"27","population":5350,"surface_km2":18.89,"lat":46.8995,"lon":4.7764},{"code_insee":"71074","nom":"Chaintré","codes_postaux":["71570"],"code_dep":"71","code_region":"27","population":569,"surface_km2":3.32,"lat":46.2587,"lon":4.7742},{"code_insee":"71075","nom":"Chalmoux","codes_postaux":["71140"],"code_dep":"71","code_region":"27","population":639,"surface_km2":38.77,"lat":46.5928,"lon":3.8476},{"code_insee":"71076","nom":"Chalon-sur-Saône","codes_postaux":["71100"],"code_dep":"71","code_region":"27","population":45102,"surface_km2":15.23,"lat":46.7896,"lon":4.8509},{"code_insee":"71077","nom":"Chambilly","codes_postaux":["71110"],"code_dep":"71","code_region":"27","population":464,"surface_km2":13.73,"lat":46.2826,"lon":3.9992},{"code_insee":"71078","nom":"Chamilly","codes_postaux":["71510"],"code_dep":"71","code_region":"27","population":146,"surface_km2":4.73,"lat":46.8676,"lon":4.6812},{"code_insee":"71079","nom":"Champagnat","codes_postaux":["71480"],"code_dep":"71","code_region":"27","population":460,"surface_km2":13.29,"lat":46.4834,"lon":5.3681},{"code_insee":"71080","nom":"Champagny-sous-Uxelles","codes_postaux":["71460"],"code_dep":"71","code_region":"27","population":82,"surface_km2":5.04,"lat":46.5795,"lon":4.7499},{"code_insee":"71081","nom":"Champforgeuil","codes_postaux":["71530"],"code_dep":"71","code_region":"27","population":2637,"surface_km2":7.26,"lat":46.8145,"lon":4.8236},{"code_insee":"71082","nom":"Champlecy","codes_postaux":["71120"],"code_dep":"71","code_region":"27","population":200,"surface_km2":22.9,"lat":46.4635,"lon":4.2234},{"code_insee":"71084","nom":"Chânes","codes_postaux":["71570"],"code_dep":"71","code_region":"27","population":530,"surface_km2":2.29,"lat":46.2423,"lon":4.7582},{"code_insee":"71085","nom":"Change","codes_postaux":["21340"],"code_dep":"71","code_region":"27","population":217,"surface_km2":6.58,"lat":46.929,"lon":4.6296},{"code_insee":"71086","nom":"Changy","codes_postaux":["71120"],"code_dep":"71","code_region":"27","population":427,"surface_km2":20.23,"lat":46.4165,"lon":4.252},{"code_insee":"71087","nom":"Chapaize","codes_postaux":["71460"],"code_dep":"71","code_region":"27","population":167,"surface_km2":13.77,"lat":46.5526,"lon":4.7345},{"code_insee":"71088","nom":"La Chapelle-au-Mans","codes_postaux":["71130"],"code_dep":"71","code_region":"27","population":229,"surface_km2":27.64,"lat":46.6321,"lon":3.9801},{"code_insee":"71089","nom":"La Chapelle-de-Bragny","codes_postaux":["71240"],"code_dep":"71","code_region":"27","population":241,"surface_km2":15.91,"lat":46.6203,"lon":4.7523},{"code_insee":"71090","nom":"La Chapelle-de-Guinchay","codes_postaux":["71570"],"code_dep":"71","code_region":"27","population":4018,"surface_km2":12.66,"lat":46.2177,"lon":4.7586},{"code_insee":"71091","nom":"La Chapelle-du-Mont-de-France","codes_postaux":["71520"],"code_dep":"71","code_region":"27","population":189,"surface_km2":9.19,"lat":46.3793,"lon":4.543},{"code_insee":"71092","nom":"La Chapelle-Naude","codes_postaux":["71500"],"code_dep":"71","code_region":"27","population":500,"surface_km2":19.09,"lat":46.5864,"lon":5.1919},{"code_insee":"71093","nom":"La Chapelle-Saint-Sauveur","codes_postaux":["71310"],"code_dep":"71","code_region":"27","population":641,"surface_km2":27.55,"lat":46.8432,"lon":5.2629},{"code_insee":"71094","nom":"La Chapelle-sous-Brancion","codes_postaux":["71700"],"code_dep":"71","code_region":"27","population":145,"surface_km2":10.07,"lat":46.5533,"lon":4.7896},{"code_insee":"71095","nom":"La Chapelle-sous-Dun","codes_postaux":["71800"],"code_dep":"71","code_region":"27","population":419,"surface_km2":8.48,"lat":46.2655,"lon":4.3},{"code_insee":"71096","nom":"La Chapelle-sous-Uchon","codes_postaux":["71190"],"code_dep":"71","code_region":"27","population":198,"surface_km2":16.6,"lat":46.8367,"lon":4.2433},{"code_insee":"71097","nom":"La Chapelle-Thècle","codes_postaux":["71470"],"code_dep":"71","code_region":"27","population":517,"surface_km2":16.62,"lat":46.5567,"lon":5.1035},{"code_insee":"71098","nom":"Charbonnat","codes_postaux":["71320"],"code_dep":"71","code_region":"27","population":216,"surface_km2":22.33,"lat":46.7766,"lon":4.1037},{"code_insee":"71099","nom":"Charbonnières","codes_postaux":["71260"],"code_dep":"71","code_region":"27","population":335,"surface_km2":4.19,"lat":46.3891,"lon":4.8325},{"code_insee":"71100","nom":"Chardonnay","codes_postaux":["71700"],"code_dep":"71","code_region":"27","population":207,"surface_km2":6.39,"lat":46.5093,"lon":4.8494},{"code_insee":"71101","nom":"Charette-Varennes","codes_postaux":["71270"],"code_dep":"71","code_region":"27","population":430,"surface_km2":16.44,"lat":46.9028,"lon":5.1984},{"code_insee":"71102","nom":"La Charmée","codes_postaux":["71100"],"code_dep":"71","code_region":"27","population":681,"surface_km2":14.03,"lat":46.7231,"lon":4.7946},{"code_insee":"71103","nom":"Charmoy","codes_postaux":["71710"],"code_dep":"71","code_region":"27","population":276,"surface_km2":39.46,"lat":46.7668,"lon":4.3185},{"code_insee":"71104","nom":"Charnay-lès-Chalon","codes_postaux":["71350"],"code_dep":"71","code_region":"27","population":197,"surface_km2":9.2,"lat":46.9363,"lon":5.0805},{"code_insee":"71105","nom":"Charnay-lès-Mâcon","codes_postaux":["71850"],"code_dep":"71","code_region":"27","population":8227,"surface_km2":12.35,"lat":46.3054,"lon":4.7887},{"code_insee":"71106","nom":"Charolles","codes_postaux":["71120"],"code_dep":"71","code_region":"27","population":2772,"surface_km2":20.03,"lat":46.4508,"lon":4.2736},{"code_insee":"71107","nom":"Charrecey","codes_postaux":["71510"],"code_dep":"71","code_region":"27","population":324,"surface_km2":5.53,"lat":46.8368,"lon":4.6699},{"code_insee":"71108","nom":"Chasselas","codes_postaux":["71570"],"code_dep":"71","code_region":"27","population":175,"surface_km2":2.64,"lat":46.2777,"lon":4.7197},{"code_insee":"71109","nom":"Chassey-le-Camp","codes_postaux":["71150"],"code_dep":"71","code_region":"27","population":366,"surface_km2":8.64,"lat":46.8855,"lon":4.7026},{"code_insee":"71110","nom":"Chassigny-sous-Dun","codes_postaux":["71170"],"code_dep":"71","code_region":"27","population":569,"surface_km2":13.27,"lat":46.2372,"lon":4.292},{"code_insee":"71111","nom":"Chassy","codes_postaux":["71130"],"code_dep":"71","code_region":"27","population":296,"surface_km2":13.41,"lat":46.5812,"lon":4.1112},{"code_insee":"71112","nom":"Château","codes_postaux":["71250"],"code_dep":"71","code_region":"27","population":229,"surface_km2":14.1,"lat":46.4216,"lon":4.5948},{"code_insee":"71113","nom":"Châteauneuf","codes_postaux":["71740"],"code_dep":"71","code_region":"27","population":88,"surface_km2":1.33,"lat":46.2104,"lon":4.2607},{"code_insee":"71115","nom":"Châtel-Moron","codes_postaux":["71510"],"code_dep":"71","code_region":"27","population":83,"surface_km2":6.58,"lat":46.7898,"lon":4.6369},{"code_insee":"71116","nom":"Châtenay","codes_postaux":["71800"],"code_dep":"71","code_region":"27","population":166,"surface_km2":8.28,"lat":46.2898,"lon":4.3814},{"code_insee":"71117","nom":"Châtenoy-en-Bresse","codes_postaux":["71380"],"code_dep":"71","code_region":"27","population":1144,"surface_km2":6.7,"lat":46.7952,"lon":4.9156},{"code_insee":"71118","nom":"Châtenoy-le-Royal","codes_postaux":["71880"],"code_dep":"71","code_region":"27","population":6267,"surface_km2":12.53,"lat":46.7892,"lon":4.8074},{"code_insee":"71119","nom":"Chaudenay","codes_postaux":["71150"],"code_dep":"71","code_region":"27","population":1116,"surface_km2":8.21,"lat":46.9171,"lon":4.7957},{"code_insee":"71120","nom":"Chauffailles","codes_postaux":["71170"],"code_dep":"71","code_region":"27","population":3638,"surface_km2":22.76,"lat":46.2055,"lon":4.3418},{"code_insee":"71121","nom":"La Chaux","codes_postaux":["71310"],"code_dep":"71","code_region":"27","population":322,"surface_km2":11.02,"lat":46.8219,"lon":5.2713},{"code_insee":"71122","nom":"Cheilly-lès-Maranges","codes_postaux":["71150"],"code_dep":"71","code_region":"27","population":515,"surface_km2":7.0,"lat":46.8965,"lon":4.6648},{"code_insee":"71123","nom":"Chenay-le-Châtel","codes_postaux":["71340"],"code_dep":"71","code_region":"27","population":375,"surface_km2":32.07,"lat":46.2314,"lon":3.9413},{"code_insee":"71124","nom":"Chenôves","codes_postaux":["71390"],"code_dep":"71","code_region":"27","population":211,"surface_km2":10.59,"lat":46.6642,"lon":4.6982},{"code_insee":"71125","nom":"Chérizet","codes_postaux":["71250"],"code_dep":"71","code_region":"27","population":18,"surface_km2":2.92,"lat":46.5159,"lon":4.5669},{"code_insee":"71126","nom":"Chevagny-les-Chevrières","codes_postaux":["71960"],"code_dep":"71","code_region":"27","population":607,"surface_km2":3.79,"lat":46.336,"lon":4.7703},{"code_insee":"71127","nom":"Chevagny-sur-Guye","codes_postaux":["71220"],"code_dep":"71","code_region":"27","population":50,"surface_km2":6.32,"lat":46.5392,"lon":4.4978},{"code_insee":"71128","nom":"Chiddes","codes_postaux":["71220"],"code_dep":"71","code_region":"27","population":84,"surface_km2":7.61,"lat":46.4551,"lon":4.5102},{"code_insee":"71129","nom":"Chissey-en-Morvan","codes_postaux":["71540"],"code_dep":"71","code_region":"27","population":308,"surface_km2":29.95,"lat":47.1212,"lon":4.2138},{"code_insee":"71130","nom":"Chissey-lès-Mâcon","codes_postaux":["71460"],"code_dep":"71","code_region":"27","population":235,"surface_km2":15.46,"lat":46.5194,"lon":4.7447},{"code_insee":"71132","nom":"Ciry-le-Noble","codes_postaux":["71420"],"code_dep":"71","code_region":"27","population":2177,"surface_km2":33.22,"lat":46.5936,"lon":4.2938},{"code_insee":"71133","nom":"La Clayette","codes_postaux":["71800"],"code_dep":"71","code_region":"27","population":1563,"surface_km2":3.13,"lat":46.2883,"lon":4.3122},{"code_insee":"71134","nom":"Navour-sur-Grosne","codes_postaux":["71520"],"code_dep":"71","code_region":"27","population":660,"surface_km2":22.79,"lat":46.3547,"lon":4.5649},{"code_insee":"71135","nom":"Clessé","codes_postaux":["71260"],"code_dep":"71","code_region":"27","population":829,"surface_km2":10.11,"lat":46.4188,"lon":4.8239},{"code_insee":"71136","nom":"Clessy","codes_postaux":["71130"],"code_dep":"71","code_region":"27","population":276,"surface_km2":16.88,"lat":46.5541,"lon":4.0843},{"code_insee":"71137","nom":"Cluny","codes_postaux":["71250"],"code_dep":"71","code_region":"27","population":4942,"surface_km2":23.83,"lat":46.4284,"lon":4.6653},{"code_insee":"71139","nom":"Collonge-en-Charollais","codes_postaux":["71460"],"code_dep":"71","code_region":"27","population":151,"surface_km2":12.17,"lat":46.6469,"lon":4.5263},{"code_insee":"71140","nom":"Collonge-la-Madeleine","codes_postaux":["71360"],"code_dep":"71","code_region":"27","population":38,"surface_km2":5.33,"lat":46.9419,"lon":4.5271},{"code_insee":"71141","nom":"Colombier-en-Brionnais","codes_postaux":["71800"],"code_dep":"71","code_region":"27","population":314,"surface_km2":13.42,"lat":46.3494,"lon":4.3314},{"code_insee":"71142","nom":"La Comelle","codes_postaux":["71990"],"code_dep":"71","code_region":"27","population":248,"surface_km2":22.75,"lat":46.8771,"lon":4.1192},{"code_insee":"71143","nom":"Condal","codes_postaux":["71480"],"code_dep":"71","code_region":"27","population":462,"surface_km2":16.58,"lat":46.4682,"lon":5.2857},{"code_insee":"71144","nom":"Cordesse","codes_postaux":["71540"],"code_dep":"71","code_region":"27","population":194,"surface_km2":10.55,"lat":47.0455,"lon":4.3356},{"code_insee":"71145","nom":"Cormatin","codes_postaux":["71460"],"code_dep":"71","code_region":"27","population":569,"surface_km2":9.19,"lat":46.5352,"lon":4.6936},{"code_insee":"71146","nom":"Cortambert","codes_postaux":["71250"],"code_dep":"71","code_region":"27","population":274,"surface_km2":16.05,"lat":46.469,"lon":4.6966},{"code_insee":"71147","nom":"Cortevaix","codes_postaux":["71460"],"code_dep":"71","code_region":"27","population":247,"surface_km2":10.44,"lat":46.5279,"lon":4.6447},{"code_insee":"71148","nom":"Coublanc","codes_postaux":["71170"],"code_dep":"71","code_region":"27","population":838,"surface_km2":8.79,"lat":46.1719,"lon":4.2759},{"code_insee":"71149","nom":"Couches","codes_postaux":["71490"],"code_dep":"71","code_region":"27","population":1213,"surface_km2":19.91,"lat":46.8743,"lon":4.5743},{"code_insee":"71150","nom":"Crêches-sur-Saône","codes_postaux":["71680"],"code_dep":"71","code_region":"27","population":3198,"surface_km2":9.47,"lat":46.24,"lon":4.788},{"code_insee":"71151","nom":"Créot","codes_postaux":["71490"],"code_dep":"71","code_region":"27","population":79,"surface_km2":2.18,"lat":46.9156,"lon":4.6139},{"code_insee":"71152","nom":"Cressy-sur-Somme","codes_postaux":["71760"],"code_dep":"71","code_region":"27","population":175,"surface_km2":28.16,"lat":46.6997,"lon":3.8687},{"code_insee":"71153","nom":"Le Creusot","codes_postaux":["71200"],"code_dep":"71","code_region":"27","population":20509,"surface_km2":18.13,"lat":46.8065,"lon":4.4257},{"code_insee":"71154","nom":"Crissey","codes_postaux":["71530"],"code_dep":"71","code_region":"27","population":2485,"surface_km2":11.15,"lat":46.8179,"lon":4.8831},{"code_insee":"71155","nom":"Cronat","codes_postaux":["71140"],"code_dep":"71","code_region":"27","population":506,"surface_km2":60.87,"lat":46.7203,"lon":3.7086},{"code_insee":"71156","nom":"Cruzille","codes_postaux":["71260"],"code_dep":"71","code_region":"27","population":265,"surface_km2":11.08,"lat":46.5101,"lon":4.785},{"code_insee":"71157","nom":"Cuiseaux","codes_postaux":["71480"],"code_dep":"71","code_region":"27","population":1869,"surface_km2":21.44,"lat":46.503,"lon":5.3609},{"code_insee":"71158","nom":"Cuisery","codes_postaux":["71290"],"code_dep":"71","code_region":"27","population":1576,"surface_km2":11.41,"lat":46.5562,"lon":4.9943},{"code_insee":"71159","nom":"Culles-les-Roches","codes_postaux":["71460"],"code_dep":"71","code_region":"27","population":199,"surface_km2":8.91,"lat":46.6459,"lon":4.6511},{"code_insee":"71160","nom":"Curbigny","codes_postaux":["71800"],"code_dep":"71","code_region":"27","population":303,"surface_km2":9.61,"lat":46.3119,"lon":4.316},{"code_insee":"71161","nom":"Curdin","codes_postaux":["71130"],"code_dep":"71","code_region":"27","population":345,"surface_km2":8.04,"lat":46.5906,"lon":3.9965},{"code_insee":"71162","nom":"Curgy","codes_postaux":["71400"],"code_dep":"71","code_region":"27","population":1094,"surface_km2":31.8,"lat":46.9891,"lon":4.3783},{"code_insee":"71163","nom":"Curtil-sous-Buffières","codes_postaux":["71520"],"code_dep":"71","code_region":"27","population":95,"surface_km2":5.28,"lat":46.4025,"lon":4.526},{"code_insee":"71164","nom":"Curtil-sous-Burnand","codes_postaux":["71460"],"code_dep":"71","code_region":"27","population":137,"surface_km2":8.36,"lat":46.5837,"lon":4.6291},{"code_insee":"71165","nom":"Cussy-en-Morvan","codes_postaux":["71550"],"code_dep":"71","code_region":"27","population":346,"surface_km2":34.99,"lat":47.0955,"lon":4.173},{"code_insee":"71166","nom":"Cuzy","codes_postaux":["71320"],"code_dep":"71","code_region":"27","population":110,"surface_km2":18.06,"lat":46.7617,"lon":4.0305},{"code_insee":"71167","nom":"Damerey","codes_postaux":["71620"],"code_dep":"71","code_region":"27","population":545,"surface_km2":11.75,"lat":46.8339,"lon":4.9974},{"code_insee":"71168","nom":"Dampierre-en-Bresse","codes_postaux":["71310"],"code_dep":"71","code_region":"27","population":172,"surface_km2":11.06,"lat":46.8285,"lon":5.2033},{"code_insee":"71169","nom":"Davayé","codes_postaux":["71960"],"code_dep":"71","code_region":"27","population":666,"surface_km2":4.19,"lat":46.3037,"lon":4.7477},{"code_insee":"71170","nom":"Demigny","codes_postaux":["71150"],"code_dep":"71","code_region":"27","population":1756,"surface_km2":29.74,"lat":46.9137,"lon":4.8499},{"code_insee":"71171","nom":"Dennevy","codes_postaux":["71510"],"code_dep":"71","code_region":"27","population":296,"surface_km2":4.64,"lat":46.8661,"lon":4.6407},{"code_insee":"71172","nom":"Dettey","codes_postaux":["71190"],"code_dep":"71","code_region":"27","population":88,"surface_km2":22.52,"lat":46.7711,"lon":4.1967},{"code_insee":"71173","nom":"Devrouze","codes_postaux":["71330"],"code_dep":"71","code_region":"27","population":327,"surface_km2":14.59,"lat":46.7628,"lon":5.1679},{"code_insee":"71174","nom":"Dezize-lès-Maranges","codes_postaux":["71150"],"code_dep":"71","code_region":"27","population":162,"surface_km2":5.14,"lat":46.923,"lon":4.6613},{"code_insee":"71175","nom":"Diconne","codes_postaux":["71330"],"code_dep":"71","code_region":"27","population":371,"surface_km2":16.1,"lat":46.778,"lon":5.1174},{"code_insee":"71176","nom":"Digoin","codes_postaux":["71160"],"code_dep":"71","code_region":"27","population":7353,"surface_km2":35.14,"lat":46.4863,"lon":4.0225},{"code_insee":"71177","nom":"Dommartin-lès-Cuiseaux","codes_postaux":["71480"],"code_dep":"71","code_region":"27","population":801,"surface_km2":19.11,"lat":46.5012,"lon":5.2874},{"code_insee":"71178","nom":"Dompierre-les-Ormes","codes_postaux":["71520"],"code_dep":"71","code_region":"27","population":893,"surface_km2":30.25,"lat":46.3543,"lon":4.4802},{"code_insee":"71179","nom":"Dompierre-sous-Sanvignes","codes_postaux":["71420"],"code_dep":"71","code_region":"27","population":75,"surface_km2":13.57,"lat":46.6648,"lon":4.2267},{"code_insee":"71181","nom":"Donzy-le-Pertuis","codes_postaux":["71250"],"code_dep":"71","code_region":"27","population":148,"surface_km2":6.11,"lat":46.4486,"lon":4.7152},{"code_insee":"71182","nom":"Dracy-le-Fort","codes_postaux":["71640"],"code_dep":"71","code_region":"27","population":1472,"surface_km2":6.39,"lat":46.7981,"lon":4.7728},{"code_insee":"71183","nom":"Dracy-lès-Couches","codes_postaux":["71490"],"code_dep":"71","code_region":"27","population":152,"surface_km2":8.3,"lat":46.8922,"lon":4.5629},{"code_insee":"71184","nom":"Dracy-Saint-Loup","codes_postaux":["71400"],"code_dep":"71","code_region":"27","population":641,"surface_km2":21.41,"lat":47.0121,"lon":4.3467},{"code_insee":"71185","nom":"Dyo","codes_postaux":["71800"],"code_dep":"71","code_region":"27","population":325,"surface_km2":15.75,"lat":46.3639,"lon":4.2836},{"code_insee":"71186","nom":"Écuelles","codes_postaux":["71350"],"code_dep":"71","code_region":"27","population":252,"surface_km2":10.1,"lat":46.9516,"lon":5.0708},{"code_insee":"71187","nom":"Écuisses","codes_postaux":["71210"],"code_dep":"71","code_region":"27","population":1652,"surface_km2":13.42,"lat":46.7556,"lon":4.523},{"code_insee":"71188","nom":"Épertully","codes_postaux":["71360"],"code_dep":"71","code_region":"27","population":66,"surface_km2":3.37,"lat":46.945,"lon":4.601},{"code_insee":"71189","nom":"Épervans","codes_postaux":["71380"],"code_dep":"71","code_region":"27","population":1667,"surface_km2":12.52,"lat":46.7448,"lon":4.8983},{"code_insee":"71190","nom":"Épinac","codes_postaux":["71360"],"code_dep":"71","code_region":"27","population":2168,"surface_km2":25.94,"lat":46.9893,"lon":4.5128},{"code_insee":"71191","nom":"Essertenne","codes_postaux":["71510"],"code_dep":"71","code_region":"27","population":483,"surface_km2":12.91,"lat":46.8092,"lon":4.541},{"code_insee":"71192","nom":"Étang-sur-Arroux","codes_postaux":["71190"],"code_dep":"71","code_region":"27","population":1750,"surface_km2":34.59,"lat":46.8622,"lon":4.1832},{"code_insee":"71193","nom":"Étrigny","codes_postaux":["71240"],"code_dep":"71","code_region":"27","population":482,"surface_km2":19.25,"lat":46.5907,"lon":4.7918},{"code_insee":"71194","nom":"Farges-lès-Chalon","codes_postaux":["71150"],"code_dep":"71","code_region":"27","population":829,"surface_km2":3.98,"lat":46.8333,"lon":4.8081},{"code_insee":"71195","nom":"Farges-lès-Mâcon","codes_postaux":["71700"],"code_dep":"71","code_region":"27","population":223,"surface_km2":5.77,"lat":46.5126,"lon":4.9101},{"code_insee":"71196","nom":"Le Fay","codes_postaux":["71580"],"code_dep":"71","code_region":"27","population":616,"surface_km2":20.83,"lat":46.6649,"lon":5.3351},{"code_insee":"71198","nom":"Flacey-en-Bresse","codes_postaux":["71580"],"code_dep":"71","code_region":"27","population":412,"surface_km2":13.74,"lat":46.5923,"lon":5.3789},{"code_insee":"71199","nom":"Flagy","codes_postaux":["71250"],"code_dep":"71","code_region":"27","population":175,"surface_km2":8.43,"lat":46.4896,"lon":4.6422},{"code_insee":"71200","nom":"Fleury-la-Montagne","codes_postaux":["71340"],"code_dep":"71","code_region":"27","population":726,"surface_km2":8.82,"lat":46.1977,"lon":4.1254},{"code_insee":"71201","nom":"Fley","codes_postaux":["71390"],"code_dep":"71","code_region":"27","population":192,"surface_km2":8.56,"lat":46.6762,"lon":4.6384},{"code_insee":"71202","nom":"Fontaines","codes_postaux":["71150"],"code_dep":"71","code_region":"27","population":1841,"surface_km2":24.93,"lat":46.8505,"lon":4.7816},{"code_insee":"71203","nom":"Fontenay","codes_postaux":["71120"],"code_dep":"71","code_region":"27","population":58,"surface_km2":2.48,"lat":46.4779,"lon":4.2995},{"code_insee":"71204","nom":"Fragnes-La Loyère","codes_postaux":["71530"],"code_dep":"71","code_region":"27","population":1411,"surface_km2":9.74,"lat":46.8404,"lon":4.8374},{"code_insee":"71205","nom":"Frangy-en-Bresse","codes_postaux":["71330"],"code_dep":"71","code_region":"27","population":678,"surface_km2":23.85,"lat":46.7132,"lon":5.3377},{"code_insee":"71206","nom":"La Frette","codes_postaux":["71440"],"code_dep":"71","code_region":"27","population":258,"surface_km2":11.31,"lat":46.6407,"lon":5.0504},{"code_insee":"71207","nom":"Fretterans","codes_postaux":["71270"],"code_dep":"71","code_region":"27","population":281,"surface_km2":10.48,"lat":46.9244,"lon":5.2867},{"code_insee":"71208","nom":"Frontenard","codes_postaux":["71270"],"code_dep":"71","code_region":"27","population":212,"surface_km2":12.37,"lat":46.9008,"lon":5.1614},{"code_insee":"71209","nom":"Frontenaud","codes_postaux":["71580"],"code_dep":"71","code_region":"27","population":725,"surface_km2":15.37,"lat":46.5506,"lon":5.2972},{"code_insee":"71210","nom":"Fuissé","codes_postaux":["71960"],"code_dep":"71","code_region":"27","population":347,"surface_km2":4.9,"lat":46.2783,"lon":4.7445},{"code_insee":"71212","nom":"Génelard","codes_postaux":["71420"],"code_dep":"71","code_region":"27","population":1394,"surface_km2":22.25,"lat":46.5774,"lon":4.2457},{"code_insee":"71213","nom":"La Genête","codes_postaux":["71290"],"code_dep":"71","code_region":"27","population":570,"surface_km2":11.75,"lat":46.5498,"lon":5.0491},{"code_insee":"71214","nom":"Genouilly","codes_postaux":["71460"],"code_dep":"71","code_region":"27","population":418,"surface_km2":10.89,"lat":46.6503,"lon":4.5662},{"code_insee":"71215","nom":"Gergy","codes_postaux":["71590"],"code_dep":"71","code_region":"27","population":2566,"surface_km2":39.24,"lat":46.8724,"lon":4.9159},{"code_insee":"71216","nom":"Germagny","codes_postaux":["71460"],"code_dep":"71","code_region":"27","population":194,"surface_km2":3.48,"lat":46.6733,"lon":4.5984},{"code_insee":"71217","nom":"Germolles-sur-Grosne","codes_postaux":["71520"],"code_dep":"71","code_region":"27","population":135,"surface_km2":7.23,"lat":46.2791,"lon":4.5967},{"code_insee":"71218","nom":"Gibles","codes_postaux":["71800"],"code_dep":"71","code_region":"27","population":571,"surface_km2":19.7,"lat":46.3227,"lon":4.3836},{"code_insee":"71219","nom":"Gigny-sur-Saône","codes_postaux":["71240"],"code_dep":"71","code_region":"27","population":580,"surface_km2":14.49,"lat":46.6541,"lon":4.9354},{"code_insee":"71220","nom":"Gilly-sur-Loire","codes_postaux":["71160"],"code_dep":"71","code_region":"27","population":480,"surface_km2":22.69,"lat":46.5462,"lon":3.7846},{"code_insee":"71221","nom":"Givry","codes_postaux":["71640"],"code_dep":"71","code_region":"27","population":3598,"surface_km2":26.13,"lat":46.7689,"lon":4.7505},{"code_insee":"71222","nom":"Gourdon","codes_postaux":["71300"],"code_dep":"71","code_region":"27","population":893,"surface_km2":25.62,"lat":46.6373,"lon":4.4341},{"code_insee":"71223","nom":"La Grande-Verrière","codes_postaux":["71990"],"code_dep":"71","code_region":"27","population":542,"surface_km2":46.63,"lat":46.9699,"lon":4.1425},{"code_insee":"71224","nom":"Grandvaux","codes_postaux":["71430"],"code_dep":"71","code_region":"27","population":86,"surface_km2":6.21,"lat":46.5028,"lon":4.2693},{"code_insee":"71225","nom":"Granges","codes_postaux":["71390"],"code_dep":"71","code_region":"27","population":581,"surface_km2":10.87,"lat":46.737,"lon":4.7519},{"code_insee":"71226","nom":"Grevilly","codes_postaux":["71700"],"code_dep":"71","code_region":"27","population":27,"surface_km2":2.65,"lat":46.5142,"lon":4.8189},{"code_insee":"71227","nom":"Grury","codes_postaux":["71760"],"code_dep":"71","code_region":"27","population":490,"surface_km2":46.08,"lat":46.6675,"lon":3.9201},{"code_insee":"71228","nom":"Guerfand","codes_postaux":["71620"],"code_dep":"71","code_region":"27","population":228,"surface_km2":6.47,"lat":46.7835,"lon":5.0285},{"code_insee":"71229","nom":"Les Guerreaux","codes_postaux":["71160"],"code_dep":"71","code_region":"27","population":226,"surface_km2":20.35,"lat":46.5381,"lon":3.9178},{"code_insee":"71230","nom":"Gueugnon","codes_postaux":["71130"],"code_dep":"71","code_region":"27","population":6528,"surface_km2":28.65,"lat":46.5923,"lon":4.0508},{"code_insee":"71231","nom":"La Guiche","codes_postaux":["71220"],"code_dep":"71","code_region":"27","population":594,"surface_km2":27.65,"lat":46.5254,"lon":4.4379},{"code_insee":"71232","nom":"Hautefond","codes_postaux":["71600"],"code_dep":"71","code_region":"27","population":201,"surface_km2":13.62,"lat":46.4354,"lon":4.1719},{"code_insee":"71233","nom":"L'Hôpital-le-Mercier","codes_postaux":["71600"],"code_dep":"71","code_region":"27","population":294,"surface_km2":16.55,"lat":46.3939,"lon":4.0099},{"code_insee":"71234","nom":"Huilly-sur-Seille","codes_postaux":["71290"],"code_dep":"71","code_region":"27","population":353,"surface_km2":12.29,"lat":46.6041,"lon":5.0548},{"code_insee":"71235","nom":"Hurigny","codes_postaux":["71870"],"code_dep":"71","code_region":"27","population":1959,"surface_km2":9.24,"lat":46.3445,"lon":4.7967},{"code_insee":"71236","nom":"Igé","codes_postaux":["71960"],"code_dep":"71","code_region":"27","population":897,"surface_km2":14.73,"lat":46.4071,"lon":4.7353},{"code_insee":"71237","nom":"Igornay","codes_postaux":["71540"],"code_dep":"71","code_region":"27","population":515,"surface_km2":21.75,"lat":47.0567,"lon":4.375},{"code_insee":"71238","nom":"Iguerande","codes_postaux":["71340"],"code_dep":"71","code_region":"27","population":992,"surface_km2":21.47,"lat":46.2174,"lon":4.0751},{"code_insee":"71239","nom":"Issy-l'Évêque","codes_postaux":["71760"],"code_dep":"71","code_region":"27","population":692,"surface_km2":71.19,"lat":46.7133,"lon":4.01},{"code_insee":"71240","nom":"Jalogny","codes_postaux":["71250"],"code_dep":"71","code_region":"27","population":399,"surface_km2":10.21,"lat":46.4143,"lon":4.6349},{"code_insee":"71241","nom":"Jambles","codes_postaux":["71640"],"code_dep":"71","code_region":"27","population":471,"surface_km2":8.3,"lat":46.7749,"lon":4.6724},{"code_insee":"71242","nom":"Joncy","codes_postaux":["71460"],"code_dep":"71","code_region":"27","population":510,"surface_km2":15.18,"lat":46.6135,"lon":4.5489},{"code_insee":"71243","nom":"Joudes","codes_postaux":["71480"],"code_dep":"71","code_region":"27","population":352,"surface_km2":11.34,"lat":46.4747,"lon":5.3381},{"code_insee":"71244","nom":"Jouvençon","codes_postaux":["71290"],"code_dep":"71","code_region":"27","population":461,"surface_km2":6.41,"lat":46.5786,"lon":5.0526},{"code_insee":"71245","nom":"Jugy","codes_postaux":["71240"],"code_dep":"71","code_region":"27","population":332,"surface_km2":7.78,"lat":46.6053,"lon":4.8643},{"code_insee":"71246","nom":"Juif","codes_postaux":["71440"],"code_dep":"71","code_region":"27","population":248,"surface_km2":11.91,"lat":46.6841,"lon":5.162},{"code_insee":"71247","nom":"Jully-lès-Buxy","codes_postaux":["71390"],"code_dep":"71","code_region":"27","population":343,"surface_km2":16.72,"lat":46.6872,"lon":4.7291},{"code_insee":"71248","nom":"Lacrost","codes_postaux":["71700"],"code_dep":"71","code_region":"27","population":690,"surface_km2":10.5,"lat":46.5723,"lon":4.9402},{"code_insee":"71249","nom":"Laives","codes_postaux":["71240"],"code_dep":"71","code_region":"27","population":986,"surface_km2":12.65,"lat":46.6545,"lon":4.836},{"code_insee":"71250","nom":"Laizé","codes_postaux":["71870"],"code_dep":"71","code_region":"27","population":1155,"surface_km2":10.6,"lat":46.3825,"lon":4.8024},{"code_insee":"71251","nom":"Laizy","codes_postaux":["71190"],"code_dep":"71","code_region":"27","population":599,"surface_km2":31.26,"lat":46.9135,"lon":4.1849},{"code_insee":"71252","nom":"Lalheue","codes_postaux":["71240"],"code_dep":"71","code_region":"27","population":363,"surface_km2":6.91,"lat":46.6511,"lon":4.7902},{"code_insee":"71253","nom":"Lans","codes_postaux":["71380"],"code_dep":"71","code_region":"27","population":952,"surface_km2":8.17,"lat":46.7643,"lon":4.9343},{"code_insee":"71254","nom":"Lays-sur-le-Doubs","codes_postaux":["71270"],"code_dep":"71","code_region":"27","population":164,"surface_km2":10.49,"lat":46.9195,"lon":5.2405},{"code_insee":"71255","nom":"Lesme","codes_postaux":["71140"],"code_dep":"71","code_region":"27","population":173,"surface_km2":5.23,"lat":46.646,"lon":3.7197},{"code_insee":"71256","nom":"Lessard-en-Bresse","codes_postaux":["71440"],"code_dep":"71","code_region":"27","population":561,"surface_km2":8.21,"lat":46.7391,"lon":5.0728},{"code_insee":"71257","nom":"Lessard-le-National","codes_postaux":["71530"],"code_dep":"71","code_region":"27","population":662,"surface_km2":10.6,"lat":46.8747,"lon":4.8474},{"code_insee":"71258","nom":"Leynes","codes_postaux":["71570"],"code_dep":"71","code_region":"27","population":519,"surface_km2":4.86,"lat":46.2644,"lon":4.7273},{"code_insee":"71259","nom":"Ligny-en-Brionnais","codes_postaux":["71110"],"code_dep":"71","code_region":"27","population":375,"surface_km2":16.01,"lat":46.2407,"lon":4.2038},{"code_insee":"71261","nom":"Loisy","codes_postaux":["71290"],"code_dep":"71","code_region":"27","population":693,"surface_km2":14.73,"lat":46.594,"lon":5.008},{"code_insee":"71262","nom":"Longepierre","codes_postaux":["71270"],"code_dep":"71","code_region":"27","population":161,"surface_km2":12.24,"lat":46.9309,"lon":5.1994},{"code_insee":"71263","nom":"Louhans","codes_postaux":["71500"],"code_dep":"71","code_region":"27","population":6446,"surface_km2":22.75,"lat":46.6344,"lon":5.2424},{"code_insee":"71264","nom":"Lournand","codes_postaux":["71250"],"code_dep":"71","code_region":"27","population":322,"surface_km2":11.24,"lat":46.4664,"lon":4.6492},{"code_insee":"71266","nom":"Lucenay-l'Évêque","codes_postaux":["71540"],"code_dep":"71","code_region":"27","population":333,"surface_km2":25.37,"lat":47.0828,"lon":4.2614},{"code_insee":"71267","nom":"Lugny","codes_postaux":["71260"],"code_dep":"71","code_region":"27","population":845,"surface_km2":13.89,"lat":46.4797,"lon":4.8192},{"code_insee":"71268","nom":"Lugny-lès-Charolles","codes_postaux":["71120"],"code_dep":"71","code_region":"27","population":311,"surface_km2":16.9,"lat":46.4129,"lon":4.202},{"code_insee":"71269","nom":"Lux","codes_postaux":["71100"],"code_dep":"71","code_region":"27","population":1885,"surface_km2":6.2,"lat":46.7493,"lon":4.8558},{"code_insee":"71270","nom":"Mâcon","codes_postaux":["71000"],"code_dep":"71","code_region":"27","population":35177,"surface_km2":27.1,"lat":46.3265,"lon":4.8083},{"code_insee":"71271","nom":"Mailly","codes_postaux":["71340"],"code_dep":"71","code_region":"27","population":148,"surface_km2":5.5,"lat":46.2304,"lon":4.115},{"code_insee":"71272","nom":"Malay","codes_postaux":["71460"],"code_dep":"71","code_region":"27","population":225,"surface_km2":12.34,"lat":46.5681,"lon":4.6855},{"code_insee":"71273","nom":"Maltat","codes_postaux":["71140"],"code_dep":"71","code_region":"27","population":278,"surface_km2":31.47,"lat":46.6732,"lon":3.8112},{"code_insee":"71274","nom":"Mancey","codes_postaux":["71240"],"code_dep":"71","code_region":"27","population":392,"surface_km2":9.98,"lat":46.5704,"lon":4.8443},{"code_insee":"71275","nom":"Marcigny","codes_postaux":["71110"],"code_dep":"71","code_region":"27","population":1682,"surface_km2":8.15,"lat":46.2742,"lon":4.0437},{"code_insee":"71276","nom":"Marcilly-la-Gueurce","codes_postaux":["71120"],"code_dep":"71","code_region":"27","population":140,"surface_km2":11.06,"lat":46.398,"lon":4.3057},{"code_insee":"71277","nom":"Marcilly-lès-Buxy","codes_postaux":["71390"],"code_dep":"71","code_region":"27","population":704,"surface_km2":19.03,"lat":46.7244,"lon":4.5874},{"code_insee":"71278","nom":"Marigny","codes_postaux":["71300"],"code_dep":"71","code_region":"27","population":166,"surface_km2":22.52,"lat":46.6834,"lon":4.4657},{"code_insee":"71279","nom":"Le Rousset-Marizy","codes_postaux":["71220"],"code_dep":"71","code_region":"27","population":594,"surface_km2":55.45,"lat":46.5701,"lon":4.4339},{"code_insee":"71280","nom":"Marly-sous-Issy","codes_postaux":["71760"],"code_dep":"71","code_region":"27","population":80,"surface_km2":21.56,"lat":46.7321,"lon":3.9327},{"code_insee":"71281","nom":"Marly-sur-Arroux","codes_postaux":["71420"],"code_dep":"71","code_region":"27","population":301,"surface_km2":25.77,"lat":46.6218,"lon":4.1328},{"code_insee":"71282","nom":"Marmagne","codes_postaux":["71710"],"code_dep":"71","code_region":"27","population":1283,"surface_km2":31.15,"lat":46.8449,"lon":4.3754},{"code_insee":"71283","nom":"Marnay","codes_postaux":["71240"],"code_dep":"71","code_region":"27","population":533,"surface_km2":5.07,"lat":46.7,"lon":4.923},{"code_insee":"71284","nom":"Martailly-lès-Brancion","codes_postaux":["71700"],"code_dep":"71","code_region":"27","population":123,"surface_km2":8.86,"lat":46.5336,"lon":4.7907},{"code_insee":"71285","nom":"Martigny-le-Comte","codes_postaux":["71220"],"code_dep":"71","code_region":"27","population":406,"surface_km2":37.32,"lat":46.5365,"lon":4.3351},{"code_insee":"71286","nom":"Mary","codes_postaux":["71300"],"code_dep":"71","code_region":"27","population":281,"surface_km2":14.64,"lat":46.6111,"lon":4.4984},{"code_insee":"71287","nom":"Massilly","codes_postaux":["71250"],"code_dep":"71","code_region":"27","population":301,"surface_km2":5.56,"lat":46.4905,"lon":4.6699},{"code_insee":"71289","nom":"Matour","codes_postaux":["71520"],"code_dep":"71","code_region":"27","population":1161,"surface_km2":28.07,"lat":46.3095,"lon":4.4785},{"code_insee":"71290","nom":"Mazille","codes_postaux":["71250"],"code_dep":"71","code_region":"27","population":400,"surface_km2":9.55,"lat":46.3903,"lon":4.6032},{"code_insee":"71291","nom":"Melay","codes_postaux":["71340"],"code_dep":"71","code_region":"27","population":967,"surface_km2":36.49,"lat":46.1994,"lon":4.0147},{"code_insee":"71292","nom":"Mellecey","codes_postaux":["71640"],"code_dep":"71","code_region":"27","population":1348,"surface_km2":14.22,"lat":46.8076,"lon":4.757},{"code_insee":"71293","nom":"Ménetreuil","codes_postaux":["71470"],"code_dep":"71","code_region":"27","population":412,"surface_km2":15.2,"lat":46.585,"lon":5.118},{"code_insee":"71294","nom":"Mercurey","codes_postaux":["71640"],"code_dep":"71","code_region":"27","population":1211,"surface_km2":15.54,"lat":46.8383,"lon":4.7279},{"code_insee":"71295","nom":"Mervans","codes_postaux":["71310"],"code_dep":"71","code_region":"27","population":1485,"surface_km2":28.67,"lat":46.7884,"lon":5.1905},{"code_insee":"71296","nom":"Messey-sur-Grosne","codes_postaux":["71390"],"code_dep":"71","code_region":"27","population":742,"surface_km2":15.27,"lat":46.6513,"lon":4.7533},{"code_insee":"71297","nom":"Mesvres","codes_postaux":["71190"],"code_dep":"71","code_region":"27","population":749,"surface_km2":23.46,"lat":46.8752,"lon":4.2511},{"code_insee":"71299","nom":"Milly-Lamartine","codes_postaux":["71960"],"code_dep":"71","code_region":"27","population":353,"surface_km2":2.84,"lat":46.3501,"lon":4.6972},{"code_insee":"71300","nom":"Le Miroir","codes_postaux":["71480"],"code_dep":"71","code_region":"27","population":577,"surface_km2":18.42,"lat":46.5481,"lon":5.3331},{"code_insee":"71301","nom":"Mont","codes_postaux":["71140"],"code_dep":"71","code_region":"27","population":173,"surface_km2":16.2,"lat":46.6338,"lon":3.8283},{"code_insee":"71302","nom":"Montagny-lès-Buxy","codes_postaux":["71390"],"code_dep":"71","code_region":"27","population":197,"surface_km2":5.3,"lat":46.706,"lon":4.6706},{"code_insee":"71303","nom":"Montagny-près-Louhans","codes_postaux":["71500"],"code_dep":"71","code_region":"27","population":489,"surface_km2":9.52,"lat":46.655,"lon":5.2837},{"code_insee":"71305","nom":"Montbellet","codes_postaux":["71260"],"code_dep":"71","code_region":"27","population":870,"surface_km2":19.4,"lat":46.4715,"lon":4.8778},{"code_insee":"71306","nom":"Montceau-les-Mines","codes_postaux":["71300"],"code_dep":"71","code_region":"27","population":17064,"surface_km2":16.73,"lat":46.6753,"lon":4.3547},{"code_insee":"71307","nom":"Montceaux-l'Étoile","codes_postaux":["71110"],"code_dep":"71","code_region":"27","population":301,"surface_km2":9.75,"lat":46.3538,"lon":4.0619},{"code_insee":"71308","nom":"Montceaux-Ragny","codes_postaux":["71240"],"code_dep":"71","code_region":"27","population":35,"surface_km2":2.57,"lat":46.6198,"lon":4.8415},{"code_insee":"71309","nom":"Montcenis","codes_postaux":["71710"],"code_dep":"71","code_region":"27","population":1923,"surface_km2":12.37,"lat":46.787,"lon":4.3908},{"code_insee":"71310","nom":"Montchanin","codes_postaux":["71210"],"code_dep":"71","code_region":"27","population":4976,"surface_km2":8.07,"lat":46.7454,"lon":4.4755},{"code_insee":"71311","nom":"Montcony","codes_postaux":["71500"],"code_dep":"71","code_region":"27","population":252,"surface_km2":10.71,"lat":46.6968,"lon":5.2962},{"code_insee":"71312","nom":"Montcoy","codes_postaux":["71620"],"code_dep":"71","code_region":"27","population":234,"surface_km2":9.14,"lat":46.7987,"lon":4.9982},{"code_insee":"71313","nom":"Monthelon","codes_postaux":["71400"],"code_dep":"71","code_region":"27","population":367,"surface_km2":24.69,"lat":46.9596,"lon":4.2224},{"code_insee":"71314","nom":"Montjay","codes_postaux":["71310"],"code_dep":"71","code_region":"27","population":196,"surface_km2":11.08,"lat":46.8062,"lon":5.3},{"code_insee":"71315","nom":"Mont-lès-Seurre","codes_postaux":["71270"],"code_dep":"71","code_region":"27","population":189,"surface_km2":6.48,"lat":46.9494,"lon":5.1303},{"code_insee":"71316","nom":"Montmelard","codes_postaux":["71520"],"code_dep":"71","code_region":"27","population":344,"surface_km2":22.35,"lat":46.3425,"lon":4.4112},{"code_insee":"71317","nom":"Montmort","codes_postaux":["71320"],"code_dep":"71","code_region":"27","population":185,"surface_km2":31.65,"lat":46.741,"lon":4.095},{"code_insee":"71318","nom":"Montpont-en-Bresse","codes_postaux":["71470"],"code_dep":"71","code_region":"27","population":1077,"surface_km2":38.05,"lat":46.5417,"lon":5.174},{"code_insee":"71319","nom":"Montret","codes_postaux":["71440"],"code_dep":"71","code_region":"27","population":763,"surface_km2":14.78,"lat":46.6825,"lon":5.1169},{"code_insee":"71320","nom":"Mont-Saint-Vincent","codes_postaux":["71300"],"code_dep":"71","code_region":"27","population":308,"surface_km2":13.66,"lat":46.6418,"lon":4.4956},{"code_insee":"71321","nom":"Morey","codes_postaux":["71510"],"code_dep":"71","code_region":"27","population":190,"surface_km2":13.48,"lat":46.7906,"lon":4.5905},{"code_insee":"71322","nom":"Morlet","codes_postaux":["71360"],"code_dep":"71","code_region":"27","population":71,"surface_km2":6.67,"lat":46.9539,"lon":4.5052},{"code_insee":"71323","nom":"Mornay","codes_postaux":["71220"],"code_dep":"71","code_region":"27","population":146,"surface_km2":20.17,"lat":46.4987,"lon":4.3805},{"code_insee":"71324","nom":"Moroges","codes_postaux":["71390"],"code_dep":"71","code_region":"27","population":599,"surface_km2":8.73,"lat":46.7509,"lon":4.6724},{"code_insee":"71325","nom":"La Motte-Saint-Jean","codes_postaux":["71160"],"code_dep":"71","code_region":"27","population":1170,"surface_km2":21.56,"lat":46.5217,"lon":3.9548},{"code_insee":"71326","nom":"Mouthier-en-Bresse","codes_postaux":["71270"],"code_dep":"71","code_region":"27","population":450,"surface_km2":30.19,"lat":46.8604,"lon":5.3732},{"code_insee":"71327","nom":"Mussy-sous-Dun","codes_postaux":["71170"],"code_dep":"71","code_region":"27","population":327,"surface_km2":8.77,"lat":46.238,"lon":4.335},{"code_insee":"71328","nom":"Nanton","codes_postaux":["71240"],"code_dep":"71","code_region":"27","population":666,"surface_km2":14.21,"lat":46.6187,"lon":4.8117},{"code_insee":"71329","nom":"Navilly","codes_postaux":["71270"],"code_dep":"71","code_region":"27","population":424,"surface_km2":9.83,"lat":46.9249,"lon":5.1458},{"code_insee":"71330","nom":"Neuvy-Grandchamp","codes_postaux":["71130"],"code_dep":"71","code_region":"27","population":752,"surface_km2":49.64,"lat":46.6003,"lon":3.9333},{"code_insee":"71331","nom":"Nochize","codes_postaux":["71600"],"code_dep":"71","code_region":"27","population":99,"surface_km2":11.14,"lat":46.401,"lon":4.1649},{"code_insee":"71332","nom":"Ormes","codes_postaux":["71290"],"code_dep":"71","code_region":"27","population":507,"surface_km2":9.91,"lat":46.6334,"lon":4.9668},{"code_insee":"71333","nom":"Oslon","codes_postaux":["71380"],"code_dep":"71","code_region":"27","population":1220,"surface_km2":4.8,"lat":46.7769,"lon":4.9397},{"code_insee":"71334","nom":"Oudry","codes_postaux":["71420"],"code_dep":"71","code_region":"27","population":387,"surface_km2":20.78,"lat":46.5817,"lon":4.1677},{"code_insee":"71335","nom":"Ouroux-sous-le-Bois-Sainte-Marie","codes_postaux":["71800"],"code_dep":"71","code_region":"27","population":69,"surface_km2":4.79,"lat":46.364,"lon":4.3094},{"code_insee":"71336","nom":"Ouroux-sur-Saône","codes_postaux":["71370"],"code_dep":"71","code_region":"27","population":3214,"surface_km2":22.7,"lat":46.7249,"lon":4.9505},{"code_insee":"71337","nom":"Oyé","codes_postaux":["71800"],"code_dep":"71","code_region":"27","population":271,"surface_km2":18.45,"lat":46.3304,"lon":4.1952},{"code_insee":"71338","nom":"Ozenay","codes_postaux":["71700"],"code_dep":"71","code_region":"27","population":237,"surface_km2":13.41,"lat":46.5339,"lon":4.8429},{"code_insee":"71339","nom":"Ozolles","codes_postaux":["71120"],"code_dep":"71","code_region":"27","population":371,"surface_km2":27.37,"lat":46.3815,"lon":4.3622},{"code_insee":"71340","nom":"Palinges","codes_postaux":["71430"],"code_dep":"71","code_region":"27","population":1405,"surface_km2":36.64,"lat":46.5478,"lon":4.2028},{"code_insee":"71341","nom":"Palleau","codes_postaux":["71350"],"code_dep":"71","code_region":"27","population":247,"surface_km2":10.79,"lat":46.9623,"lon":5.031},{"code_insee":"71342","nom":"Paray-le-Monial","codes_postaux":["71600"],"code_dep":"71","code_region":"27","population":9291,"surface_km2":25.36,"lat":46.4429,"lon":4.1115},{"code_insee":"71343","nom":"Paris-l'Hôpital","codes_postaux":["71150"],"code_dep":"71","code_region":"27","population":285,"surface_km2":2.75,"lat":46.9126,"lon":4.6401},{"code_insee":"71344","nom":"Passy","codes_postaux":["71220"],"code_dep":"71","code_region":"27","population":70,"surface_km2":4.42,"lat":46.5402,"lon":4.5344},{"code_insee":"71345","nom":"Péronne","codes_postaux":["71260"],"code_dep":"71","code_region":"27","population":668,"surface_km2":10.6,"lat":46.4412,"lon":4.801},{"code_insee":"71346","nom":"Perrecy-les-Forges","codes_postaux":["71420"],"code_dep":"71","code_region":"27","population":1542,"surface_km2":33.96,"lat":46.6176,"lon":4.2308},{"code_insee":"71347","nom":"Perreuil","codes_postaux":["71510"],"code_dep":"71","code_region":"27","population":550,"surface_km2":7.62,"lat":46.8219,"lon":4.5687},{"code_insee":"71348","nom":"Perrigny-sur-Loire","codes_postaux":["71160"],"code_dep":"71","code_region":"27","population":141,"surface_km2":15.34,"lat":46.5432,"lon":3.8505},{"code_insee":"71349","nom":"La Petite-Verrière","codes_postaux":["71400"],"code_dep":"71","code_region":"27","population":47,"surface_km2":9.83,"lat":47.0454,"lon":4.1681},{"code_insee":"71350","nom":"Pierreclos","codes_postaux":["71960"],"code_dep":"71","code_region":"27","population":846,"surface_km2":12.4,"lat":46.3345,"lon":4.6726},{"code_insee":"71351","nom":"Pierre-de-Bresse","codes_postaux":["71270"],"code_dep":"71","code_region":"27","population":1967,"surface_km2":28.17,"lat":46.8851,"lon":5.2585},{"code_insee":"71352","nom":"Le Planois","codes_postaux":["71330"],"code_dep":"71","code_region":"27","population":90,"surface_km2":5.09,"lat":46.7912,"lon":5.3206},{"code_insee":"71353","nom":"Plottes","codes_postaux":["71700"],"code_dep":"71","code_region":"27","population":558,"surface_km2":10.11,"lat":46.5351,"lon":4.8862},{"code_insee":"71354","nom":"Poisson","codes_postaux":["71600"],"code_dep":"71","code_region":"27","population":551,"surface_km2":35.61,"lat":46.3864,"lon":4.1348},{"code_insee":"71355","nom":"Pontoux","codes_postaux":["71270"],"code_dep":"71","code_region":"27","population":276,"surface_km2":14.01,"lat":46.9115,"lon":5.1206},{"code_insee":"71356","nom":"Pouilloux","codes_postaux":["71230"],"code_dep":"71","code_region":"27","population":946,"surface_km2":18.67,"lat":46.6016,"lon":4.3558},{"code_insee":"71357","nom":"Pourlans","codes_postaux":["71270"],"code_dep":"71","code_region":"27","population":220,"surface_km2":16.26,"lat":46.9603,"lon":5.2364},{"code_insee":"71358","nom":"Pressy-sous-Dondin","codes_postaux":["71220"],"code_dep":"71","code_region":"27","population":101,"surface_km2":12.39,"lat":46.4783,"lon":4.5036},{"code_insee":"71359","nom":"Préty","codes_postaux":["71290"],"code_dep":"71","code_region":"27","population":582,"surface_km2":12.4,"lat":46.5402,"lon":4.9544},{"code_insee":"71360","nom":"Prissé","codes_postaux":["71960"],"code_dep":"71","code_region":"27","population":1898,"surface_km2":10.91,"lat":46.3262,"lon":4.749},{"code_insee":"71361","nom":"Prizy","codes_postaux":["71800"],"code_dep":"71","code_region":"27","population":56,"surface_km2":4.3,"lat":46.3526,"lon":4.2163},{"code_insee":"71362","nom":"Pruzilly","codes_postaux":["71570"],"code_dep":"71","code_region":"27","population":321,"surface_km2":4.36,"lat":46.26,"lon":4.698},{"code_insee":"71363","nom":"Le Puley","codes_postaux":["71460"],"code_dep":"71","code_region":"27","population":79,"surface_km2":5.31,"lat":46.6789,"lon":4.5641},{"code_insee":"71364","nom":"La Racineuse","codes_postaux":["71310"],"code_dep":"71","code_region":"27","population":177,"surface_km2":7.16,"lat":46.8329,"lon":5.1627},{"code_insee":"71365","nom":"Rancy","codes_postaux":["71290"],"code_dep":"71","code_region":"27","population":616,"surface_km2":5.84,"lat":46.6009,"lon":5.0837},{"code_insee":"71366","nom":"Ratenelle","codes_postaux":["71290"],"code_dep":"71","code_region":"27","population":363,"surface_km2":8.05,"lat":46.5247,"lon":5.0003},{"code_insee":"71367","nom":"Ratte","codes_postaux":["71500"],"code_dep":"71","code_region":"27","population":372,"surface_km2":9.08,"lat":46.6398,"lon":5.3061},{"code_insee":"71368","nom":"Reclesne","codes_postaux":["71540"],"code_dep":"71","code_region":"27","population":289,"surface_km2":20.94,"lat":47.0483,"lon":4.2848},{"code_insee":"71369","nom":"Remigny","codes_postaux":["71150"],"code_dep":"71","code_region":"27","population":404,"surface_km2":2.46,"lat":46.9102,"lon":4.7237},{"code_insee":"71370","nom":"Rigny-sur-Arroux","codes_postaux":["71160"],"code_dep":"71","code_region":"27","population":613,"surface_km2":48.04,"lat":46.5437,"lon":4.0163},{"code_insee":"71371","nom":"La Roche-Vineuse","codes_postaux":["71960"],"code_dep":"71","code_region":"27","population":1570,"surface_km2":12.03,"lat":46.3504,"lon":4.7488},{"code_insee":"71372","nom":"Romanèche-Thorins","codes_postaux":["71570"],"code_dep":"71","code_region":"27","population":2005,"surface_km2":9.81,"lat":46.192,"lon":4.7478},{"code_insee":"71373","nom":"Romenay","codes_postaux":["71470"],"code_dep":"71","code_region":"27","population":1748,"surface_km2":49.12,"lat":46.5152,"lon":5.0886},{"code_insee":"71374","nom":"Rosey","codes_postaux":["71390"],"code_dep":"71","code_region":"27","population":156,"surface_km2":4.29,"lat":46.7408,"lon":4.7191},{"code_insee":"71376","nom":"Roussillon-en-Morvan","codes_postaux":["71550"],"code_dep":"71","code_region":"27","population":272,"surface_km2":30.58,"lat":47.0213,"lon":4.0998},{"code_insee":"71377","nom":"Royer","codes_postaux":["71700"],"code_dep":"71","code_region":"27","population":138,"surface_km2":5.95,"lat":46.5566,"lon":4.8234},{"code_insee":"71378","nom":"Rully","codes_postaux":["71150"],"code_dep":"71","code_region":"27","population":1609,"surface_km2":15.68,"lat":46.871,"lon":4.7601},{"code_insee":"71379","nom":"Sagy","codes_postaux":["71580"],"code_dep":"71","code_region":"27","population":1249,"surface_km2":34.39,"lat":46.5939,"lon":5.3239},{"code_insee":"71380","nom":"Saillenard","codes_postaux":["71580"],"code_dep":"71","code_region":"27","population":830,"surface_km2":17.78,"lat":46.6966,"lon":5.3701},{"code_insee":"71381","nom":"Sailly","codes_postaux":["71250"],"code_dep":"71","code_region":"27","population":75,"surface_km2":9.05,"lat":46.5316,"lon":4.5628},{"code_insee":"71382","nom":"Saint-Agnan","codes_postaux":["71160"],"code_dep":"71","code_region":"27","population":697,"surface_km2":26.09,"lat":46.5156,"lon":3.8909},{"code_insee":"71383","nom":"Saint-Albain","codes_postaux":["71260"],"code_dep":"71","code_region":"27","population":550,"surface_km2":5.66,"lat":46.4251,"lon":4.8645},{"code_insee":"71384","nom":"Saint-Ambreuil","codes_postaux":["71240"],"code_dep":"71","code_region":"27","population":523,"surface_km2":18.33,"lat":46.6792,"lon":4.82},{"code_insee":"71385","nom":"Saint-Amour-Bellevue","codes_postaux":["71570"],"code_dep":"71","code_region":"27","population":609,"surface_km2":5.19,"lat":46.2392,"lon":4.735},{"code_insee":"71386","nom":"Saint-André-en-Bresse","codes_postaux":["71440"],"code_dep":"71","code_region":"27","population":136,"surface_km2":4.87,"lat":46.6501,"lon":5.0837},{"code_insee":"71387","nom":"Saint-André-le-Désert","codes_postaux":["71220"],"code_dep":"71","code_region":"27","population":243,"surface_km2":17.92,"lat":46.5021,"lon":4.5285},{"code_insee":"71388","nom":"Saint-Aubin-en-Charollais","codes_postaux":["71430"],"code_dep":"71","code_region":"27","population":505,"surface_km2":19.66,"lat":46.5013,"lon":4.2099},{"code_insee":"71389","nom":"Saint-Aubin-sur-Loire","codes_postaux":["71140"],"code_dep":"71","code_region":"27","population":262,"surface_km2":11.02,"lat":46.5678,"lon":3.7647},{"code_insee":"71390","nom":"Saint-Berain-sous-Sanvignes","codes_postaux":["71300"],"code_dep":"71","code_region":"27","population":1102,"surface_km2":45.27,"lat":46.722,"lon":4.2884},{"code_insee":"71391","nom":"Saint-Bérain-sur-Dheune","codes_postaux":["71510"],"code_dep":"71","code_region":"27","population":538,"surface_km2":12.78,"lat":46.819,"lon":4.6167},{"code_insee":"71392","nom":"Saint-Boil","codes_postaux":["71390"],"code_dep":"71","code_region":"27","population":491,"surface_km2":11.78,"lat":46.6426,"lon":4.7007},{"code_insee":"71393","nom":"Saint-Bonnet-de-Cray","codes_postaux":["71340"],"code_dep":"71","code_region":"27","population":508,"surface_km2":22.37,"lat":46.2011,"lon":4.1636},{"code_insee":"71394","nom":"Saint-Bonnet-de-Joux","codes_postaux":["71220"],"code_dep":"71","code_region":"27","population":830,"surface_km2":29.46,"lat":46.4798,"lon":4.4371},{"code_insee":"71395","nom":"Saint-Bonnet-de-Vieille-Vigne","codes_postaux":["71430"],"code_dep":"71","code_region":"27","population":215,"surface_km2":17.83,"lat":46.5303,"lon":4.2682},{"code_insee":"71396","nom":"Saint-Bonnet-en-Bresse","codes_postaux":["71310"],"code_dep":"71","code_region":"27","population":496,"surface_km2":17.65,"lat":46.8578,"lon":5.1806},{"code_insee":"71397","nom":"Sainte-Cécile","codes_postaux":["71250"],"code_dep":"71","code_region":"27","population":283,"surface_km2":7.29,"lat":46.3846,"lon":4.6297},{"code_insee":"71398","nom":"Saint-Christophe-en-Bresse","codes_postaux":["71370"],"code_dep":"71","code_region":"27","population":1090,"surface_km2":20.48,"lat":46.7465,"lon":4.9928},{"code_insee":"71399","nom":"Saint-Christophe-en-Brionnais","codes_postaux":["71800"],"code_dep":"71","code_region":"27","population":503,"surface_km2":15.23,"lat":46.2838,"lon":4.1941},{"code_insee":"71400","nom":"Saint-Clément-sur-Guye","codes_postaux":["71460"],"code_dep":"71","code_region":"27","population":140,"surface_km2":7.38,"lat":46.6189,"lon":4.5877},{"code_insee":"71401","nom":"Sainte-Croix-en-Bresse","codes_postaux":["71470"],"code_dep":"71","code_region":"27","population":655,"surface_km2":21.28,"lat":46.563,"lon":5.2389},{"code_insee":"71402","nom":"Saint-Cyr","codes_postaux":["71240"],"code_dep":"71","code_region":"27","population":770,"surface_km2":13.21,"lat":46.6797,"lon":4.9031},{"code_insee":"71403","nom":"Saint-Denis-de-Vaux","codes_postaux":["71640"],"code_dep":"71","code_region":"27","population":275,"surface_km2":3.74,"lat":46.793,"lon":4.7007},{"code_insee":"71404","nom":"Saint-Désert","codes_postaux":["71390"],"code_dep":"71","code_region":"27","population":896,"surface_km2":5.02,"lat":46.7569,"lon":4.715},{"code_insee":"71405","nom":"Saint-Didier-en-Bresse","codes_postaux":["71620"],"code_dep":"71","code_region":"27","population":177,"surface_km2":11.37,"lat":46.8509,"lon":5.1056},{"code_insee":"71406","nom":"Saint-Didier-en-Brionnais","codes_postaux":["71110"],"code_dep":"71","code_region":"27","population":121,"surface_km2":11.48,"lat":46.3389,"lon":4.1253},{"code_insee":"71407","nom":"Saint-Didier-sur-Arroux","codes_postaux":["71190"],"code_dep":"71","code_region":"27","population":232,"surface_km2":28.03,"lat":46.8346,"lon":4.1023},{"code_insee":"71408","nom":"Saint-Edmond","codes_postaux":["71740"],"code_dep":"71","code_region":"27","population":414,"surface_km2":10.34,"lat":46.203,"lon":4.2104},{"code_insee":"71409","nom":"Saint-Émiland","codes_postaux":["71490"],"code_dep":"71","code_region":"27","population":317,"surface_km2":24.25,"lat":46.8958,"lon":4.474},{"code_insee":"71410","nom":"Saint-Étienne-en-Bresse","codes_postaux":["71370"],"code_dep":"71","code_region":"27","population":825,"surface_km2":19.7,"lat":46.7068,"lon":5.066},{"code_insee":"71411","nom":"Saint-Eugène","codes_postaux":["71320"],"code_dep":"71","code_region":"27","population":150,"surface_km2":35.33,"lat":46.7351,"lon":4.2238},{"code_insee":"71412","nom":"Saint-Eusèbe","codes_postaux":["71210"],"code_dep":"71","code_region":"27","population":1147,"surface_km2":21.27,"lat":46.7242,"lon":4.4555},{"code_insee":"71413","nom":"Saint-Firmin","codes_postaux":["71670"],"code_dep":"71","code_region":"27","population":773,"surface_km2":15.81,"lat":46.848,"lon":4.4675},{"code_insee":"71414","nom":"Saint-Forgeot","codes_postaux":["71400"],"code_dep":"71","code_region":"27","population":435,"surface_km2":16.07,"lat":47,"lon":4.2872},{"code_insee":"71415","nom":"Sainte-Foy","codes_postaux":["71110"],"code_dep":"71","code_region":"27","population":144,"surface_km2":8.3,"lat":46.2784,"lon":4.1337},{"code_insee":"71416","nom":"Saint-Gengoux-de-Scissé","codes_postaux":["71260"],"code_dep":"71","code_region":"27","population":592,"surface_km2":11.04,"lat":46.4631,"lon":4.7714},{"code_insee":"71417","nom":"Saint-Gengoux-le-National","codes_postaux":["71460"],"code_dep":"71","code_region":"27","population":1046,"surface_km2":9.5,"lat":46.6092,"lon":4.6654},{"code_insee":"71419","nom":"Saint-Germain-du-Bois","codes_postaux":["71330"],"code_dep":"71","code_region":"27","population":1977,"surface_km2":30.34,"lat":46.7383,"lon":5.2412},{"code_insee":"71420","nom":"Saint-Germain-du-Plain","codes_postaux":["71370"],"code_dep":"71","code_region":"27","population":2362,"surface_km2":19.48,"lat":46.6885,"lon":4.9904},{"code_insee":"71421","nom":"Saint-Germain-en-Brionnais","codes_postaux":["71800"],"code_dep":"71","code_region":"27","population":172,"surface_km2":5.96,"lat":46.3465,"lon":4.247},{"code_insee":"71422","nom":"Saint-Germain-lès-Buxy","codes_postaux":["71390"],"code_dep":"71","code_region":"27","population":260,"surface_km2":13.43,"lat":46.6968,"lon":4.7757},{"code_insee":"71423","nom":"Saint-Gervais-en-Vallière","codes_postaux":["71350"],"code_dep":"71","code_region":"27","population":445,"surface_km2":16.48,"lat":46.9451,"lon":4.9674},{"code_insee":"71424","nom":"Saint-Gervais-sur-Couches","codes_postaux":["71490"],"code_dep":"71","code_region":"27","population":209,"surface_km2":20.47,"lat":46.9216,"lon":4.5631},{"code_insee":"71425","nom":"Saint-Gilles","codes_postaux":["71510"],"code_dep":"71","code_region":"27","population":286,"surface_km2":3.51,"lat":46.8772,"lon":4.6646},{"code_insee":"71426","nom":"Sainte-Hélène","codes_postaux":["71390"],"code_dep":"71","code_region":"27","population":511,"surface_km2":14.3,"lat":46.7564,"lon":4.6324},{"code_insee":"71427","nom":"Saint-Huruge","codes_postaux":["71460"],"code_dep":"71","code_region":"27","population":53,"surface_km2":4.04,"lat":46.5781,"lon":4.5774},{"code_insee":"71428","nom":"Saint-Igny-de-Roche","codes_postaux":["71170"],"code_dep":"71","code_region":"27","population":789,"surface_km2":7.98,"lat":46.1878,"lon":4.303},{"code_insee":"71430","nom":"Saint-Jean-de-Vaux","codes_postaux":["71640"],"code_dep":"71","code_region":"27","population":387,"surface_km2":2.29,"lat":46.807,"lon":4.6963},{"code_insee":"71431","nom":"Saint-Jean-de-Trézy","codes_postaux":["71490"],"code_dep":"71","code_region":"27","population":372,"surface_km2":11.21,"lat":46.8423,"lon":4.5842},{"code_insee":"71433","nom":"Saint-Julien-de-Civry","codes_postaux":["71800"],"code_dep":"71","code_region":"27","population":457,"surface_km2":21.13,"lat":46.3714,"lon":4.2237},{"code_insee":"71434","nom":"Saint-Julien-de-Jonzy","codes_postaux":["71110"],"code_dep":"71","code_region":"27","population":335,"surface_km2":22.64,"lat":46.2483,"lon":4.1407},{"code_insee":"71435","nom":"Saint-Julien-sur-Dheune","codes_postaux":["71210"],"code_dep":"71","code_region":"27","population":226,"surface_km2":5.43,"lat":46.7727,"lon":4.5477},{"code_insee":"71436","nom":"Saint-Laurent-d'Andenay","codes_postaux":["71210"],"code_dep":"71","code_region":"27","population":961,"surface_km2":11.38,"lat":46.7289,"lon":4.5117},{"code_insee":"71437","nom":"Saint-Laurent-en-Brionnais","codes_postaux":["71800"],"code_dep":"71","code_region":"27","population":324,"surface_km2":12.95,"lat":46.2672,"lon":4.2573},{"code_insee":"71438","nom":"Saint-Léger-du-Bois","codes_postaux":["71360"],"code_dep":"71","code_region":"27","population":505,"surface_km2":21.35,"lat":47.0218,"lon":4.4306},{"code_insee":"71439","nom":"Saint-Léger-lès-Paray","codes_postaux":["71600"],"code_dep":"71","code_region":"27","population":759,"surface_km2":13.55,"lat":46.4853,"lon":4.1152},{"code_insee":"71440","nom":"Saint-Léger-sous-Beuvray","codes_postaux":["71990"],"code_dep":"71","code_region":"27","population":369,"surface_km2":35.09,"lat":46.919,"lon":4.0928},{"code_insee":"71441","nom":"Saint-Léger-sous-la-Bussière","codes_postaux":["71520"],"code_dep":"71","code_region":"27","population":290,"surface_km2":8.66,"lat":46.3127,"lon":4.558},{"code_insee":"71442","nom":"Saint-Léger-sur-Dheune","codes_postaux":["71510"],"code_dep":"71","code_region":"27","population":1533,"surface_km2":12.24,"lat":46.8372,"lon":4.6395},{"code_insee":"71443","nom":"Saint-Loup-Géanges","codes_postaux":["71350"],"code_dep":"71","code_region":"27","population":1633,"surface_km2":25.82,"lat":46.9374,"lon":4.9092},{"code_insee":"71444","nom":"Saint-Loup-de-Varennes","codes_postaux":["71240"],"code_dep":"71","code_region":"27","population":1271,"surface_km2":8.38,"lat":46.7226,"lon":4.8529},{"code_insee":"71445","nom":"Saint-Marcel","codes_postaux":["71380"],"code_dep":"71","code_region":"27","population":6211,"surface_km2":10.14,"lat":46.7739,"lon":4.8882},{"code_insee":"71446","nom":"Saint-Marcelin-de-Cray","codes_postaux":["71460"],"code_dep":"71","code_region":"27","population":193,"surface_km2":13.66,"lat":46.5701,"lon":4.5194},{"code_insee":"71447","nom":"Saint-Mard-de-Vaux","codes_postaux":["71640"],"code_dep":"71","code_region":"27","population":264,"surface_km2":6.69,"lat":46.8144,"lon":4.6695},{"code_insee":"71448","nom":"Saint-Martin-Belle-Roche","codes_postaux":["71118"],"code_dep":"71","code_region":"27","population":1385,"surface_km2":4.51,"lat":46.3806,"lon":4.8569},{"code_insee":"71449","nom":"Saint-Martin-d'Auxy","codes_postaux":["71390"],"code_dep":"71","code_region":"27","population":149,"surface_km2":7.31,"lat":46.7224,"lon":4.5503},{"code_insee":"71450","nom":"Saint-Martin-de-Commune","codes_postaux":["71490"],"code_dep":"71","code_region":"27","population":101,"surface_km2":14.8,"lat":46.898,"lon":4.5184},{"code_insee":"71451","nom":"Saint-Martin-de-Lixy","codes_postaux":["71740"],"code_dep":"71","code_region":"27","population":91,"surface_km2":4.24,"lat":46.1956,"lon":4.2379},{"code_insee":"71452","nom":"Saint-Martin-de-Salencey","codes_postaux":["71220"],"code_dep":"71","code_region":"27","population":116,"surface_km2":15.88,"lat":46.5194,"lon":4.4976},{"code_insee":"71453","nom":"Saint-Martin-du-Lac","codes_postaux":["71110"],"code_dep":"71","code_region":"27","population":234,"surface_km2":13.9,"lat":46.2462,"lon":4.0591},{"code_insee":"71454","nom":"Saint-Martin-du-Mont","codes_postaux":["71580"],"code_dep":"71","code_region":"27","population":174,"surface_km2":5.29,"lat":46.6166,"lon":5.297},{"code_insee":"71455","nom":"Saint-Martin-du-Tartre","codes_postaux":["71460"],"code_dep":"71","code_region":"27","population":148,"surface_km2":8.09,"lat":46.651,"lon":4.6078},{"code_insee":"71456","nom":"Saint-Martin-en-Bresse","codes_postaux":["71620"],"code_dep":"71","code_region":"27","population":1905,"surface_km2":35.04,"lat":46.8004,"lon":5.0571},{"code_insee":"71457","nom":"Saint-Martin-en-Gâtinois","codes_postaux":["71350"],"code_dep":"71","code_region":"27","population":120,"surface_km2":7.36,"lat":46.9439,"lon":5.0038},{"code_insee":"71458","nom":"Saint-Martin-la-Patrouille","codes_postaux":["71460"],"code_dep":"71","code_region":"27","population":68,"surface_km2":7.01,"lat":46.5821,"lon":4.5423},{"code_insee":"71459","nom":"Saint-Martin-sous-Montaigu","codes_postaux":["71640"],"code_dep":"71","code_region":"27","population":319,"surface_km2":3.64,"lat":46.8092,"lon":4.7084},{"code_insee":"71460","nom":"Saint-Maurice-de-Satonnay","codes_postaux":["71260"],"code_dep":"71","code_region":"27","population":505,"surface_km2":10.38,"lat":46.4058,"lon":4.7817},{"code_insee":"71461","nom":"Saint-Maurice-des-Champs","codes_postaux":["71460"],"code_dep":"71","code_region":"27","population":61,"surface_km2":5.84,"lat":46.6224,"lon":4.6256},{"code_insee":"71462","nom":"Saint-Maurice-en-Rivière","codes_postaux":["71620"],"code_dep":"71","code_region":"27","population":532,"surface_km2":18.74,"lat":46.8485,"lon":5.0212},{"code_insee":"71463","nom":"Saint-Maurice-lès-Châteauneuf","codes_postaux":["71740"],"code_dep":"71","code_region":"27","population":608,"surface_km2":10.9,"lat":46.2268,"lon":4.251},{"code_insee":"71464","nom":"Saint-Maurice-lès-Couches","codes_postaux":["71490"],"code_dep":"71","code_region":"27","population":176,"surface_km2":4.84,"lat":46.8778,"lon":4.6011},{"code_insee":"71465","nom":"Saint-Micaud","codes_postaux":["71460"],"code_dep":"71","code_region":"27","population":269,"surface_km2":21.03,"lat":46.6924,"lon":4.5246},{"code_insee":"71466","nom":"Saint-Nizier-sur-Arroux","codes_postaux":["71190"],"code_dep":"71","code_region":"27","population":124,"surface_km2":10.19,"lat":46.8168,"lon":4.1559},{"code_insee":"71468","nom":"Saint-Pierre-de-Varennes","codes_postaux":["71670"],"code_dep":"71","code_region":"27","population":836,"surface_km2":23.54,"lat":46.8422,"lon":4.5123},{"code_insee":"71469","nom":"Saint-Pierre-le-Vieux","codes_postaux":["71520"],"code_dep":"71","code_region":"27","population":378,"surface_km2":15.81,"lat":46.2888,"lon":4.5232},{"code_insee":"71470","nom":"Saint-Point","codes_postaux":["71520"],"code_dep":"71","code_region":"27","population":363,"surface_km2":14.3,"lat":46.3362,"lon":4.6205},{"code_insee":"71471","nom":"Saint-Privé","codes_postaux":["71390"],"code_dep":"71","code_region":"27","population":100,"surface_km2":5.21,"lat":46.6996,"lon":4.5793},{"code_insee":"71472","nom":"Saint-Prix","codes_postaux":["71990"],"code_dep":"71","code_region":"27","population":201,"surface_km2":34.18,"lat":46.9703,"lon":4.0486},{"code_insee":"71473","nom":"Saint-Racho","codes_postaux":["71800"],"code_dep":"71","code_region":"27","population":158,"surface_km2":10.58,"lat":46.2632,"lon":4.3702},{"code_insee":"71474","nom":"Sainte-Radegonde","codes_postaux":["71320"],"code_dep":"71","code_region":"27","population":146,"surface_km2":23.06,"lat":46.6935,"lon":4.0792},{"code_insee":"71475","nom":"Saint-Rémy","codes_postaux":["71100"],"code_dep":"71","code_region":"27","population":6410,"surface_km2":10.4,"lat":46.7583,"lon":4.8234},{"code_insee":"71477","nom":"Saint-Romain-sous-Gourdon","codes_postaux":["71230"],"code_dep":"71","code_region":"27","population":473,"surface_km2":18.91,"lat":46.6222,"lon":4.4162},{"code_insee":"71478","nom":"Saint-Romain-sous-Versigny","codes_postaux":["71420"],"code_dep":"71","code_region":"27","population":77,"surface_km2":17.77,"lat":46.652,"lon":4.1844},{"code_insee":"71479","nom":"Saint-Sernin-du-Bois","codes_postaux":["71200"],"code_dep":"71","code_region":"27","population":1734,"surface_km2":14.76,"lat":46.8414,"lon":4.4218},{"code_insee":"71480","nom":"Saint-Sernin-du-Plain","codes_postaux":["71510"],"code_dep":"71","code_region":"27","population":613,"surface_km2":14.58,"lat":46.8873,"lon":4.6162},{"code_insee":"71481","nom":"Saint-Symphorien-d'Ancelles","codes_postaux":["71570"],"code_dep":"71","code_region":"27","population":1131,"surface_km2":6.38,"lat":46.1924,"lon":4.7706},{"code_insee":"71482","nom":"Saint-Symphorien-de-Marmagne","codes_postaux":["71710"],"code_dep":"71","code_region":"27","population":827,"surface_km2":37.6,"lat":46.8262,"lon":4.3196},{"code_insee":"71483","nom":"Saint-Symphorien-des-Bois","codes_postaux":["71800"],"code_dep":"71","code_region":"27","population":421,"surface_km2":10.6,"lat":46.3266,"lon":4.2891},{"code_insee":"71484","nom":"Saint-Usuge","codes_postaux":["71500"],"code_dep":"71","code_region":"27","population":1204,"surface_km2":32.11,"lat":46.6877,"lon":5.242},{"code_insee":"71485","nom":"Saint-Vallerin","codes_postaux":["71390"],"code_dep":"71","code_region":"27","population":253,"surface_km2":6.77,"lat":46.6851,"lon":4.6774},{"code_insee":"71486","nom":"Saint-Vallier","codes_postaux":["71230"],"code_dep":"71","code_region":"27","population":8508,"surface_km2":24.36,"lat":46.6457,"lon":4.3569},{"code_insee":"71487","nom":"Saint-Vérand","codes_postaux":["71570"],"code_dep":"71","code_region":"27","population":155,"surface_km2":2.48,"lat":46.2539,"lon":4.7288},{"code_insee":"71488","nom":"Saint-Vincent-des-Prés","codes_postaux":["71250"],"code_dep":"71","code_region":"27","population":96,"surface_km2":6.38,"lat":46.4753,"lon":4.556},{"code_insee":"71489","nom":"Saint-Vincent-en-Bresse","codes_postaux":["71440"],"code_dep":"71","code_region":"27","population":586,"surface_km2":15.93,"lat":46.6715,"lon":5.0641},{"code_insee":"71490","nom":"Saint-Vincent-Bragny","codes_postaux":["71430"],"code_dep":"71","code_region":"27","population":989,"surface_km2":40.89,"lat":46.5286,"lon":4.1246},{"code_insee":"71491","nom":"Saint-Yan","codes_postaux":["71600"],"code_dep":"71","code_region":"27","population":1113,"surface_km2":26.27,"lat":46.406,"lon":4.0459},{"code_insee":"71493","nom":"Saisy","codes_postaux":["71360"],"code_dep":"71","code_region":"27","population":350,"surface_km2":17.2,"lat":46.9622,"lon":4.5563},{"code_insee":"71494","nom":"La Salle","codes_postaux":["71260"],"code_dep":"71","code_region":"27","population":506,"surface_km2":5.72,"lat":46.4079,"lon":4.8597},{"code_insee":"71495","nom":"Salornay-sur-Guye","codes_postaux":["71250"],"code_dep":"71","code_region":"27","population":864,"surface_km2":11.16,"lat":46.5176,"lon":4.5989},{"code_insee":"71496","nom":"Sampigny-lès-Maranges","codes_postaux":["71150"],"code_dep":"71","code_region":"27","population":131,"surface_km2":2.68,"lat":46.9021,"lon":4.652},{"code_insee":"71497","nom":"Sancé","codes_postaux":["71000"],"code_dep":"71","code_region":"27","population":2151,"surface_km2":6.58,"lat":46.3399,"lon":4.8323},{"code_insee":"71498","nom":"Santilly","codes_postaux":["71460"],"code_dep":"71","code_region":"27","population":156,"surface_km2":7.24,"lat":46.6212,"lon":4.7055},{"code_insee":"71499","nom":"Sanvignes-les-Mines","codes_postaux":["71410"],"code_dep":"71","code_region":"27","population":4235,"surface_km2":35.59,"lat":46.6651,"lon":4.2731},{"code_insee":"71500","nom":"Sarry","codes_postaux":["71110"],"code_dep":"71","code_region":"27","population":103,"surface_km2":9.63,"lat":46.3115,"lon":4.1077},{"code_insee":"71501","nom":"Sassangy","codes_postaux":["71390"],"code_dep":"71","code_region":"27","population":141,"surface_km2":6.25,"lat":46.7246,"lon":4.6434},{"code_insee":"71502","nom":"Sassenay","codes_postaux":["71530"],"code_dep":"71","code_region":"27","population":1612,"surface_km2":19.08,"lat":46.8297,"lon":4.9169},{"code_insee":"71503","nom":"Saules","codes_postaux":["71390"],"code_dep":"71","code_region":"27","population":125,"surface_km2":2.07,"lat":46.6553,"lon":4.6795},{"code_insee":"71504","nom":"Saunières","codes_postaux":["71350"],"code_dep":"71","code_region":"27","population":81,"surface_km2":7.58,"lat":46.9101,"lon":5.0735},{"code_insee":"71505","nom":"Savianges","codes_postaux":["71460"],"code_dep":"71","code_region":"27","population":80,"surface_km2":6.55,"lat":46.6894,"lon":4.6035},{"code_insee":"71506","nom":"Savigny-en-Revermont","codes_postaux":["71580"],"code_dep":"71","code_region":"27","population":1152,"surface_km2":27.57,"lat":46.6356,"lon":5.3898},{"code_insee":"71507","nom":"Savigny-sur-Grosne","codes_postaux":["71460"],"code_dep":"71","code_region":"27","population":170,"surface_km2":6.56,"lat":46.5808,"lon":4.6642},{"code_insee":"71508","nom":"Savigny-sur-Seille","codes_postaux":["71440"],"code_dep":"71","code_region":"27","population":385,"surface_km2":14.58,"lat":46.6371,"lon":5.0973},{"code_insee":"71509","nom":"La Celle-en-Morvan","codes_postaux":["71400"],"code_dep":"71","code_region":"27","population":452,"surface_km2":20.18,"lat":47.0079,"lon":4.1717},{"code_insee":"71510","nom":"Semur-en-Brionnais","codes_postaux":["71110"],"code_dep":"71","code_region":"27","population":611,"surface_km2":15.52,"lat":46.2727,"lon":4.0874},{"code_insee":"71512","nom":"Sennecey-le-Grand","codes_postaux":["71240"],"code_dep":"71","code_region":"27","population":2895,"surface_km2":26.73,"lat":46.6373,"lon":4.886},{"code_insee":"71513","nom":"Senozan","codes_postaux":["71260"],"code_dep":"71","code_region":"27","population":1135,"surface_km2":4.91,"lat":46.3953,"lon":4.8644},{"code_insee":"71514","nom":"Sens-sur-Seille","codes_postaux":["71330"],"code_dep":"71","code_region":"27","population":436,"surface_km2":11.78,"lat":46.7463,"lon":5.3106},{"code_insee":"71515","nom":"Sercy","codes_postaux":["71460"],"code_dep":"71","code_region":"27","population":103,"surface_km2":5.8,"lat":46.5989,"lon":4.6911},{"code_insee":"71516","nom":"Serley","codes_postaux":["71310"],"code_dep":"71","code_region":"27","population":600,"surface_km2":22.65,"lat":46.789,"lon":5.2414},{"code_insee":"71517","nom":"Sermesse","codes_postaux":["71350"],"code_dep":"71","code_region":"27","population":247,"surface_km2":8.52,"lat":46.8973,"lon":5.0921},{"code_insee":"71518","nom":"Serrières","codes_postaux":["71960"],"code_dep":"71","code_region":"27","population":300,"surface_km2":9.87,"lat":46.3095,"lon":4.6681},{"code_insee":"71519","nom":"Serrigny-en-Bresse","codes_postaux":["71310"],"code_dep":"71","code_region":"27","population":182,"surface_km2":12.43,"lat":46.8222,"lon":5.1213},{"code_insee":"71520","nom":"Sevrey","codes_postaux":["71100"],"code_dep":"71","code_region":"27","population":1201,"surface_km2":8.58,"lat":46.7364,"lon":4.8285},{"code_insee":"71521","nom":"Sigy-le-Châtel","codes_postaux":["71250"],"code_dep":"71","code_region":"27","population":104,"surface_km2":7.0,"lat":46.5559,"lon":4.5713},{"code_insee":"71522","nom":"Simandre","codes_postaux":["71290"],"code_dep":"71","code_region":"27","population":1750,"surface_km2":23.01,"lat":46.6124,"lon":4.9833},{"code_insee":"71523","nom":"Simard","codes_postaux":["71330"],"code_dep":"71","code_region":"27","population":1175,"surface_km2":22.21,"lat":46.7175,"lon":5.1795},{"code_insee":"71524","nom":"Sivignon","codes_postaux":["71220"],"code_dep":"71","code_region":"27","population":178,"surface_km2":12.6,"lat":46.4286,"lon":4.4969},{"code_insee":"71525","nom":"Sologny","codes_postaux":["71960"],"code_dep":"71","code_region":"27","population":572,"surface_km2":10.68,"lat":46.3743,"lon":4.6739},{"code_insee":"71526","nom":"Solutré-Pouilly","codes_postaux":["71960"],"code_dep":"71","code_region":"27","population":331,"surface_km2":6.22,"lat":46.2948,"lon":4.7272},{"code_insee":"71527","nom":"Sommant","codes_postaux":["71540"],"code_dep":"71","code_region":"27","population":184,"surface_km2":20.58,"lat":47.0571,"lon":4.2138},{"code_insee":"71528","nom":"Sornay","codes_postaux":["71500"],"code_dep":"71","code_region":"27","population":1960,"surface_km2":18.15,"lat":46.62,"lon":5.1684},{"code_insee":"71529","nom":"Suin","codes_postaux":["71220"],"code_dep":"71","code_region":"27","population":273,"surface_km2":22.19,"lat":46.4395,"lon":4.4519},{"code_insee":"71530","nom":"Sully","codes_postaux":["71360"],"code_dep":"71","code_region":"27","population":486,"surface_km2":31.97,"lat":46.9957,"lon":4.4437},{"code_insee":"71531","nom":"La Tagnière","codes_postaux":["71190"],"code_dep":"71","code_region":"27","population":209,"surface_km2":34.12,"lat":46.7982,"lon":4.218},{"code_insee":"71532","nom":"Taizé","codes_postaux":["71250"],"code_dep":"71","code_region":"27","population":174,"surface_km2":3.14,"lat":46.5104,"lon":4.6725},{"code_insee":"71533","nom":"Tancon","codes_postaux":["71740"],"code_dep":"71","code_region":"27","population":570,"surface_km2":9.49,"lat":46.2014,"lon":4.2616},{"code_insee":"71534","nom":"Le Tartre","codes_postaux":["71330"],"code_dep":"71","code_region":"27","population":107,"surface_km2":3.82,"lat":46.7432,"lon":5.352},{"code_insee":"71535","nom":"Tavernay","codes_postaux":["71400"],"code_dep":"71","code_region":"27","population":493,"surface_km2":25.8,"lat":47.0078,"lon":4.2363},{"code_insee":"71537","nom":"Thil-sur-Arroux","codes_postaux":["71190"],"code_dep":"71","code_region":"27","population":138,"surface_km2":13.48,"lat":46.8034,"lon":4.0939},{"code_insee":"71538","nom":"Thurey","codes_postaux":["71440"],"code_dep":"71","code_region":"27","population":423,"surface_km2":18.46,"lat":46.7435,"lon":5.1233},{"code_insee":"71539","nom":"Tintry","codes_postaux":["71490"],"code_dep":"71","code_region":"27","population":80,"surface_km2":9.69,"lat":46.9345,"lon":4.4927},{"code_insee":"71540","nom":"Torcy","codes_postaux":["71210"],"code_dep":"71","code_region":"27","population":2678,"surface_km2":19.67,"lat":46.7651,"lon":4.4596},{"code_insee":"71541","nom":"Torpes","codes_postaux":["71270"],"code_dep":"71","code_region":"27","population":377,"surface_km2":15.91,"lat":46.8392,"lon":5.3385},{"code_insee":"71542","nom":"Toulon-sur-Arroux","codes_postaux":["71320"],"code_dep":"71","code_region":"27","population":1433,"surface_km2":43.66,"lat":46.6869,"lon":4.1526},{"code_insee":"71543","nom":"Tournus","codes_postaux":["71700"],"code_dep":"71","code_region":"27","population":5701,"surface_km2":14.67,"lat":46.568,"lon":4.9025},{"code_insee":"71544","nom":"Toutenant","codes_postaux":["71350"],"code_dep":"71","code_region":"27","population":170,"surface_km2":13.6,"lat":46.8703,"lon":5.1116},{"code_insee":"71545","nom":"Tramayes","codes_postaux":["71520"],"code_dep":"71","code_region":"27","population":1070,"surface_km2":18.6,"lat":46.3069,"lon":4.6013},{"code_insee":"71546","nom":"Trambly","codes_postaux":["71520"],"code_dep":"71","code_region":"27","population":394,"surface_km2":12.09,"lat":46.3301,"lon":4.5336},{"code_insee":"71547","nom":"Trivy","codes_postaux":["71520"],"code_dep":"71","code_region":"27","population":261,"surface_km2":11.7,"lat":46.3933,"lon":4.4877},{"code_insee":"71548","nom":"Tronchy","codes_postaux":["71440"],"code_dep":"71","code_region":"27","population":240,"surface_km2":7.8,"lat":46.7259,"lon":5.0715},{"code_insee":"71549","nom":"La Truchère","codes_postaux":["71290"],"code_dep":"71","code_region":"27","population":200,"surface_km2":5.14,"lat":46.5134,"lon":4.9578},{"code_insee":"71550","nom":"Uchizy","codes_postaux":["71700"],"code_dep":"71","code_region":"27","population":831,"surface_km2":12.59,"lat":46.5017,"lon":4.8839},{"code_insee":"71551","nom":"Uchon","codes_postaux":["71190"],"code_dep":"71","code_region":"27","population":105,"surface_km2":11.94,"lat":46.807,"lon":4.2591},{"code_insee":"71552","nom":"Uxeau","codes_postaux":["71130"],"code_dep":"71","code_region":"27","population":486,"surface_km2":32.9,"lat":46.6545,"lon":4.0462},{"code_insee":"71553","nom":"Vareilles","codes_postaux":["71800"],"code_dep":"71","code_region":"27","population":276,"surface_km2":8.62,"lat":46.3018,"lon":4.2474},{"code_insee":"71554","nom":"Varenne-l'Arconce","codes_postaux":["71110"],"code_dep":"71","code_region":"27","population":110,"surface_km2":8.33,"lat":46.3412,"lon":4.1542},{"code_insee":"71555","nom":"Varennes-le-Grand","codes_postaux":["71240"],"code_dep":"71","code_region":"27","population":2293,"surface_km2":19.12,"lat":46.7096,"lon":4.8709},{"code_insee":"71556","nom":"Varennes-lès-Mâcon","codes_postaux":["71000"],"code_dep":"71","code_region":"27","population":588,"surface_km2":4.79,"lat":46.2681,"lon":4.8068},{"code_insee":"71557","nom":"Varenne-Saint-Germain","codes_postaux":["71600"],"code_dep":"71","code_region":"27","population":684,"surface_km2":15.77,"lat":46.4376,"lon":4.0284},{"code_insee":"71558","nom":"Varennes-Saint-Sauveur","codes_postaux":["71480"],"code_dep":"71","code_region":"27","population":1108,"surface_km2":30.48,"lat":46.5001,"lon":5.2395},{"code_insee":"71559","nom":"Varennes-sous-Dun","codes_postaux":["71800"],"code_dep":"71","code_region":"27","population":519,"surface_km2":17.63,"lat":46.2789,"lon":4.3392},{"code_insee":"71561","nom":"Vauban","codes_postaux":["71800"],"code_dep":"71","code_region":"27","population":242,"surface_km2":13.69,"lat":46.2681,"lon":4.2157},{"code_insee":"71562","nom":"Vaudebarrier","codes_postaux":["71120"],"code_dep":"71","code_region":"27","population":211,"surface_km2":8.09,"lat":46.4157,"lon":4.3144},{"code_insee":"71563","nom":"Vaux-en-Pré","codes_postaux":["71460"],"code_dep":"71","code_region":"27","population":79,"surface_km2":4.43,"lat":46.6211,"lon":4.6022},{"code_insee":"71564","nom":"Vendenesse-lès-Charolles","codes_postaux":["71120"],"code_dep":"71","code_region":"27","population":729,"surface_km2":27.49,"lat":46.4397,"lon":4.3596},{"code_insee":"71565","nom":"Vendenesse-sur-Arroux","codes_postaux":["71130"],"code_dep":"71","code_region":"27","population":552,"surface_km2":16.22,"lat":46.6343,"lon":4.0637},{"code_insee":"71566","nom":"Verdun-Ciel","codes_postaux":["71350"],"code_dep":"71","code_region":"27","population":1811,"surface_km2":24.7,"lat":46.8727,"lon":5.0398},{"code_insee":"71567","nom":"Vergisson","codes_postaux":["71960"],"code_dep":"71","code_region":"27","population":222,"surface_km2":5.8,"lat":46.3094,"lon":4.7117},{"code_insee":"71568","nom":"Vérissey","codes_postaux":["71440"],"code_dep":"71","code_region":"27","population":53,"surface_km2":8.37,"lat":46.7092,"lon":5.1246},{"code_insee":"71570","nom":"Verjux","codes_postaux":["71590"],"code_dep":"71","code_region":"27","population":504,"surface_km2":12.28,"lat":46.8768,"lon":4.9753},{"code_insee":"71571","nom":"Verosvres","codes_postaux":["71220"],"code_dep":"71","code_region":"27","population":423,"surface_km2":23.1,"lat":46.3939,"lon":4.4448},{"code_insee":"71572","nom":"Vers","codes_postaux":["71240"],"code_dep":"71","code_region":"27","population":234,"surface_km2":4.16,"lat":46.5824,"lon":4.8554},{"code_insee":"71573","nom":"Versaugues","codes_postaux":["71110"],"code_dep":"71","code_region":"27","population":190,"surface_km2":10.87,"lat":46.3683,"lon":4.0718},{"code_insee":"71574","nom":"Verzé","codes_postaux":["71960"],"code_dep":"71","code_region":"27","population":875,"surface_km2":19.95,"lat":46.3834,"lon":4.7403},{"code_insee":"71576","nom":"Le Villars","codes_postaux":["71700"],"code_dep":"71","code_region":"27","population":274,"surface_km2":5.64,"lat":46.5302,"lon":4.9205},{"code_insee":"71577","nom":"Villegaudin","codes_postaux":["71620"],"code_dep":"71","code_region":"27","population":215,"surface_km2":8.97,"lat":46.8043,"lon":5.1091},{"code_insee":"71578","nom":"Clux-Villeneuve","codes_postaux":["71270"],"code_dep":"71","code_region":"27","population":303,"surface_km2":15.45,"lat":46.9633,"lon":5.1798},{"code_insee":"71579","nom":"Villeneuve-en-Montagne","codes_postaux":["71390"],"code_dep":"71","code_region":"27","population":177,"surface_km2":15.62,"lat":46.7614,"lon":4.5882},{"code_insee":"71580","nom":"Vincelles","codes_postaux":["71500"],"code_dep":"71","code_region":"27","population":467,"surface_km2":5.67,"lat":46.6651,"lon":5.2259},{"code_insee":"71581","nom":"Vindecy","codes_postaux":["71110"],"code_dep":"71","code_region":"27","population":244,"surface_km2":16.55,"lat":46.3562,"lon":4.0095},{"code_insee":"71582","nom":"La Vineuse sur Fregande","codes_postaux":["71250"],"code_dep":"71","code_region":"27","population":648,"surface_km2":36.14,"lat":46.468,"lon":4.5851},{"code_insee":"71583","nom":"Vinzelles","codes_postaux":["71680"],"code_dep":"71","code_region":"27","population":758,"surface_km2":4.44,"lat":46.2666,"lon":4.777},{"code_insee":"71584","nom":"Viré","codes_postaux":["71260"],"code_dep":"71","code_region":"27","population":1225,"surface_km2":11.25,"lat":46.4437,"lon":4.8483},{"code_insee":"71585","nom":"Virey-le-Grand","codes_postaux":["71530"],"code_dep":"71","code_region":"27","population":1429,"surface_km2":12.75,"lat":46.8541,"lon":4.8681},{"code_insee":"71586","nom":"Viry","codes_postaux":["71120"],"code_dep":"71","code_region":"27","population":261,"surface_km2":20.31,"lat":46.4739,"lon":4.3463},{"code_insee":"71588","nom":"Vitry-en-Charollais","codes_postaux":["71600"],"code_dep":"71","code_region":"27","population":1082,"surface_km2":21.34,"lat":46.4604,"lon":4.0655},{"code_insee":"71589","nom":"Vitry-sur-Loire","codes_postaux":["71140"],"code_dep":"71","code_region":"27","population":428,"surface_km2":28.21,"lat":46.6802,"lon":3.7151},{"code_insee":"71590","nom":"Volesvres","codes_postaux":["71600"],"code_dep":"71","code_region":"27","population":665,"surface_km2":21.61,"lat":46.4777,"lon":4.1706},{"code_insee":"71591","nom":"Fleurville","codes_postaux":["71260"],"code_dep":"71","code_region":"27","population":492,"surface_km2":3.92,"lat":46.4428,"lon":4.8788}]