[{"code_insee":"72001","nom":"Aigné","codes_postaux":["72650"],"code_dep":"72","code_region":"52","population":1695,"surface_km2":12.67,"lat":48.0659,"lon":0.1056,"fibre_pct":100.0,"vivrescore":100},{"code_insee":"72002","nom":"Aillières-Beauvoir","codes_postaux":["72600"],"code_dep":"72","code_region":"52","population":200,"surface_km2":15.11,"lat":48.4005,"lon":0.321,"fibre_pct":98.0,"vivrescore":100},{"code_insee":"72003","nom":"Allonnes","codes_postaux":["72700"],"code_dep":"72","code_region":"52","population":10739,"surface_km2":18.2,"lat":47.9588,"lon":0.1447,"fibre_pct":97.4,"vivrescore":100},{"code_insee":"72004","nom":"Amné","codes_postaux":["72540"],"code_dep":"72","code_region":"52","population":569,"surface_km2":16.0,"lat":48.0349,"lon":-0.0426,"fibre_pct":98.9,"vivrescore":100},{"code_insee":"72005","nom":"Ancinnes","codes_postaux":["72610"],"code_dep":"72","code_region":"52","population":895,"surface_km2":27.4,"lat":48.3618,"lon":0.1772,"fibre_pct":99.6,"vivrescore":100},{"code_insee":"72006","nom":"Arçonnay","codes_postaux":["72610"],"code_dep":"72","code_region":"52","population":1902,"surface_km2":7.99,"lat":48.3963,"lon":0.0826,"fibre_pct":79.2,"vivrescore":60},{"code_insee":"72007","nom":"Ardenay-sur-Mérize","codes_postaux":["72370"],"code_dep":"72","code_region":"52","population":504,"surface_km2":11.63,"lat":47.9916,"lon":0.4301,"fibre_pct":99.6,"vivrescore":100},{"code_insee":"72008","nom":"Arnage","codes_postaux":["72230"],"code_dep":"72","code_region":"52","population":5445,"surface_km2":10.85,"lat":47.9306,"lon":0.1917,"fibre_pct":97.2,"vivrescore":100},{"code_insee":"72009","nom":"Arthezé","codes_postaux":["72270"],"code_dep":"72","code_region":"52","population":350,"surface_km2":8.72,"lat":47.7914,"lon":-0.1131,"fibre_pct":100.0,"vivrescore":100},{"code_insee":"72010","nom":"Asnières-sur-Vègre","codes_postaux":["72430"],"code_dep":"72","code_region":"52","population":331,"surface_km2":12.58,"lat":47.889,"lon":-0.2247,"fibre_pct":100.0,"vivrescore":100},{"code_insee":"72011","nom":"Assé-le-Boisne","codes_postaux":["72130"],"code_dep":"72","code_region":"52","population":881,"surface_km2":28.77,"lat":48.3188,"lon":-0.0112,"fibre_pct":100.0,"vivrescore":100},{"code_insee":"72012","nom":"Assé-le-Riboul","codes_postaux":["72170"],"code_dep":"72","code_region":"52","population":479,"surface_km2":16.82,"lat":48.2021,"lon":0.0833,"fibre_pct":100.0,"vivrescore":100},{"code_insee":"72013","nom":"Aubigné-Racan","codes_postaux":["72800"],"code_dep":"72","code_region":"52","population":2158,"surface_km2":32.33,"lat":47.684,"lon":0.2504,"fibre_pct":100.0,"vivrescore":100},{"code_insee":"72015","nom":"Les Aulneaux","codes_postaux":["72600"],"code_dep":"72","code_region":"52","population":111,"surface_km2":8.24,"lat":48.4405,"lon":0.3404,"fibre_pct":100.0,"vivrescore":100},{"code_insee":"72016","nom":"Auvers-le-Hamon","codes_postaux":["72300"],"code_dep":"72","code_region":"52","population":1445,"surface_km2":48.26,"lat":47.9034,"lon":-0.3418,"fibre_pct":98.5,"vivrescore":100},{"code_insee":"72017","nom":"Auvers-sous-Montfaucon","codes_postaux":["72540"],"code_dep":"72","code_region":"52","population":231,"surface_km2":7.54,"lat":47.9984,"lon":-0.0786,"fibre_pct":100.0,"vivrescore":100},{"code_insee":"72018","nom":"Avesnes-en-Saosnois","codes_postaux":["72260"],"code_dep":"72","code_region":"52","population":93,"surface_km2":5.73,"lat":48.2681,"lon":0.3597,"fibre_pct":100.0,"vivrescore":100},{"code_insee":"72019","nom":"Avessé","codes_postaux":["72350"],"code_dep":"72","code_region":"52","population":332,"surface_km2":18.67,"lat":47.9646,"lon":-0.2737,"fibre_pct":100.0,"vivrescore":100},{"code_insee":"72020","nom":"Avezé","codes_postaux":["72400"],"code_dep":"72","code_region":"52","population":690,"surface_km2":21.04,"lat":48.233,"lon":0.6766,"fibre_pct":100.0,"vivrescore":100},{"code_insee":"72021","nom":"Avoise","codes_postaux":["72430"],"code_dep":"72","code_region":"52","population":594,"surface_km2":24.44,"lat":47.8575,"lon":-0.197,"fibre_pct":99.3,"vivrescore":100},{"code_insee":"72022","nom":"Le Bailleul","codes_postaux":["72200"],"code_dep":"72","code_region":"52","population":1217,"surface_km2":27.74,"lat":47.7685,"lon":-0.1787,"fibre_pct":98.9,"vivrescore":100},{"code_insee":"72023","nom":"Ballon-Saint Mars","codes_postaux":["72290"],"code_dep":"72","code_region":"52","population":2273,"surface_km2":31.76,"lat":48.174,"lon":0.2563,"fibre_pct":99.7,"vivrescore":100},{"code_insee":"72024","nom":"La Bazoge","codes_postaux":["72650"],"code_dep":"72","code_region":"52","population":3796,"surface_km2":22.97,"lat":48.1018,"lon":0.146,"fibre_pct":99.9,"vivrescore":100},{"code_insee":"72025","nom":"Bazouges Cré sur Loir","codes_postaux":["72200"],"code_dep":"72","code_region":"52","population":1977,"surface_km2":47.36,"lat":47.6758,"lon":-0.1628,"fibre_pct":100.0,"vivrescore":100},{"code_insee":"72026","nom":"Beaufay","codes_postaux":["72110"],"code_dep":"72","code_region":"52","population":1522,"surface_km2":23.98,"lat":48.1399,"lon":0.3502,"fibre_pct":99.9,"vivrescore":100},{"code_insee":"72027","nom":"Beaumont-sur-Dême","codes_postaux":["72340"],"code_dep":"72","code_region":"52","population":326,"surface_km2":13.6,"lat":47.6903,"lon":0.5847,"fibre_pct":100.0,"vivrescore":100},{"code_insee":"72028","nom":"Beaumont-Pied-de-Bœuf","codes_postaux":["72500"],"code_dep":"72","code_region":"52","population":472,"surface_km2":24.83,"lat":47.7562,"lon":0.3838,"fibre_pct":100.0,"vivrescore":100},{"code_insee":"72029","nom":"Beaumont-sur-Sarthe","codes_postaux":["72170"],"code_dep":"72","code_region":"52","population":1972,"surface_km2":6.63,"lat":48.2234,"lon":0.1167,"fibre_pct":100.0,"vivrescore":100},{"code_insee":"72031","nom":"Beillé","codes_postaux":["72160"],"code_dep":"72","code_region":"52","population":542,"surface_km2":8.59,"lat":48.0845,"lon":0.5113,"fibre_pct":97.8,"vivrescore":100},{"code_insee":"72032","nom":"Berfay","codes_postaux":["72320"],"code_dep":"72","code_region":"52","population":333,"surface_km2":18.36,"lat":48.0015,"lon":0.7473,"fibre_pct":98.3,"vivrescore":100},{"code_insee":"72034","nom":"Bérus","codes_postaux":["72610"],"code_dep":"72","code_region":"52","population":435,"surface_km2":6.85,"lat":48.3749,"lon":0.0674,"fibre_pct":99.2,"vivrescore":100},{"code_insee":"72035","nom":"Bessé-sur-Braye","codes_postaux":["72310"],"code_dep":"72","code_region":"52","population":1972,"surface_km2":20.56,"lat":47.8192,"lon":0.731,"fibre_pct":99.7,"vivrescore":100},{"code_insee":"72036","nom":"Béthon","codes_postaux":["72610"],"code_dep":"72","code_region":"52","population":323,"surface_km2":3.87,"lat":48.3655,"lon":0.0911,"fibre_pct":100.0,"vivrescore":100},{"code_insee":"72037","nom":"Blèves","codes_postaux":["72600"],"code_dep":"72","code_region":"52","population":128,"surface_km2":2.05,"lat":48.4479,"lon":0.3332,"fibre_pct":100.0,"vivrescore":100},{"code_insee":"72038","nom":"Boëssé-le-Sec","codes_postaux":["72400"],"code_dep":"72","code_region":"52","population":515,"surface_km2":11.93,"lat":48.1323,"lon":0.5537,"fibre_pct":98.2,"vivrescore":100},{"code_insee":"72039","nom":"Bonnétable","codes_postaux":["72110"],"code_dep":"72","code_region":"52","population":3703,"surface_km2":40.13,"lat":48.1841,"lon":0.454,"fibre_pct":100.0,"vivrescore":100},{"code_insee":"72040","nom":"La Bosse","codes_postaux":["72400"],"code_dep":"72","code_region":"52","population":155,"surface_km2":10.89,"lat":48.164,"lon":0.5551,"fibre_pct":100.0,"vivrescore":100},{"code_insee":"72041","nom":"Bouër","codes_postaux":["72390"],"code_dep":"72","code_region":"52","population":350,"surface_km2":12.06,"lat":48.078,"lon":0.6371,"fibre_pct":99.4,"vivrescore":100},{"code_insee":"72042","nom":"Bouloire","codes_postaux":["72440"],"code_dep":"72","code_region":"52","population":2127,"surface_km2":27.02,"lat":47.9695,"lon":0.5496,"fibre_pct":100.0,"vivrescore":100},{"code_insee":"72043","nom":"Bourg-le-Roi","codes_postaux":["72610"],"code_dep":"72","code_region":"52","population":325,"surface_km2":0.37,"lat":48.3459,"lon":0.1338,"fibre_pct":100.0,"vivrescore":100},{"code_insee":"72044","nom":"Bousse","codes_postaux":["72270"],"code_dep":"72","code_region":"52","population":431,"surface_km2":12.03,"lat":47.7641,"lon":-0.065,"fibre_pct":100.0,"vivrescore":100},{"code_insee":"72045","nom":"Brains-sur-Gée","codes_postaux":["72550"],"code_dep":"72","code_region":"52","population":757,"surface_km2":15.94,"lat":48.0111,"lon":-0.0216,"fibre_pct":99.2,"vivrescore":100},{"code_insee":"72046","nom":"Le Breil-sur-Mérize","codes_postaux":["72370"],"code_dep":"72","code_region":"52","population":1552,"surface_km2":18.37,"lat":47.996,"lon":0.5031,"fibre_pct":100.0,"vivrescore":100},{"code_insee":"72047","nom":"Brette-les-Pins","codes_postaux":["72250"],"code_dep":"72","code_region":"52","population":2131,"surface_km2":14.62,"lat":47.9118,"lon":0.3277,"fibre_pct":100.0,"vivrescore":100},{"code_insee":"72048","nom":"Briosne-lès-Sables","codes_postaux":["72110"],"code_dep":"72","code_region":"52","population":558,"surface_km2":9.93,"lat":48.1734,"lon":0.3922,"fibre_pct":99.3,"vivrescore":100},{"code_insee":"72049","nom":"La Bruère-sur-Loir","codes_postaux":["72500"],"code_dep":"72","code_region":"52","population":250,"surface_km2":11.52,"lat":47.6542,"lon":0.3525,"fibre_pct":100.0,"vivrescore":100},{"code_insee":"72050","nom":"Brûlon","codes_postaux":["72350"],"code_dep":"72","code_region":"52","population":1549,"surface_km2":16.21,"lat":47.9811,"lon":-0.2314,"fibre_pct":100.0,"vivrescore":100},{"code_insee":"72051","nom":"Cérans-Foulletourte","codes_postaux":["72330"],"code_dep":"72","code_region":"52","population":3341,"surface_km2":32.45,"lat":47.8337,"lon":0.0708,"fibre_pct":100.0,"vivrescore":100},{"code_insee":"72052","nom":"Chahaignes","codes_postaux":["72340"],"code_dep":"72","code_region":"52","population":664,"surface_km2":22.61,"lat":47.7514,"lon":0.5127,"fibre_pct":100.0,"vivrescore":100},{"code_insee":"72053","nom":"Challes","codes_postaux":["72250"],"code_dep":"72","code_region":"52","population":1156,"surface_km2":25.96,"lat":47.936,"lon":0.4268,"fibre_pct":100.0,"vivrescore":100},{"code_insee":"72054","nom":"Champagné","codes_postaux":["72470"],"code_dep":"72","code_region":"52","population":3666,"surface_km2":13.98,"lat":48.0157,"lon":0.3363,"fibre_pct":99.8,"vivrescore":100},{"code_insee":"72056","nom":"Champfleur","codes_postaux":["72610"],"code_dep":"72","code_region":"52","population":1282,"surface_km2":13.16,"lat":48.3868,"lon":0.124,"fibre_pct":91.2,"vivrescore":80},{"code_insee":"72057","nom":"Champrond","codes_postaux":["72320"],"code_dep":"72","code_region":"52","population":69,"surface_km2":6.05,"lat":48.0868,"lon":0.7452,"fibre_pct":100.0,"vivrescore":100},{"code_insee":"72058","nom":"Changé","codes_postaux":["72560"],"code_dep":"72","code_region":"52","population":6911,"surface_km2":35.26,"lat":47.9797,"lon":0.2966,"fibre_pct":98.9,"vivrescore":100},{"code_insee":"72059","nom":"Chantenay-Villedieu","codes_postaux":["72430"],"code_dep":"72","code_region":"52","population":807,"surface_km2":27.88,"lat":47.9203,"lon":-0.1464,"fibre_pct":100.0,"vivrescore":100},{"code_insee":"72060","nom":"La Chapelle-aux-Choux","codes_postaux":["72800"],"code_dep":"72","code_region":"52","population":283,"surface_km2":14.52,"lat":47.6296,"lon":0.2302,"fibre_pct":100.0,"vivrescore":100},{"code_insee":"72061","nom":"La Chapelle-d'Aligné","codes_postaux":["72300"],"code_dep":"72","code_region":"52","population":1729,"surface_km2":33.43,"lat":47.7367,"lon":-0.2375,"fibre_pct":100.0,"vivrescore":100},{"code_insee":"72062","nom":"La Chapelle-du-Bois","codes_postaux":["72400"],"code_dep":"72","code_region":"52","population":768,"surface_km2":16.59,"lat":48.2234,"lon":0.5814,"fibre_pct":99.8,"vivrescore":100},{"code_insee":"72064","nom":"La Chapelle-Huon","codes_postaux":["72310"],"code_dep":"72","code_region":"52","population":513,"surface_km2":18.76,"lat":47.8566,"lon":0.7239,"fibre_pct":98.9,"vivrescore":100},{"code_insee":"72065","nom":"La Chapelle-Saint-Aubin","codes_postaux":["72650"],"code_dep":"72","code_region":"52","population":2256,"surface_km2":6.0,"lat":48.0346,"lon":0.1568,"fibre_pct":96.1,"vivrescore":100},{"code_insee":"72066","nom":"La Chapelle-Saint-Fray","codes_postaux":["72240"],"code_dep":"72","code_region":"52","population":421,"surface_km2":6.41,"lat":48.107,"lon":0.09,"fibre_pct":98.6,"vivrescore":100},{"code_insee":"72067","nom":"La Chapelle-Saint-Rémy","codes_postaux":["72160"],"code_dep":"72","code_region":"52","population":995,"surface_km2":19.35,"lat":48.1067,"lon":0.4619,"fibre_pct":99.6,"vivrescore":100},{"code_insee":"72068","nom":"La Chartre-sur-le-Loir","codes_postaux":["72340"],"code_dep":"72","code_region":"52","population":1370,"surface_km2":8.77,"lat":47.7303,"lon":0.5815,"fibre_pct":100.0,"vivrescore":100},{"code_insee":"72070","nom":"Chassillé","codes_postaux":["72540"],"code_dep":"72","code_region":"52","population":249,"surface_km2":7.3,"lat":48.0204,"lon":-0.1312,"fibre_pct":100.0,"vivrescore":100},{"code_insee":"72071","nom":"Montval-sur-Loir","codes_postaux":["72500"],"code_dep":"72","code_region":"52","population":5641,"surface_km2":27.43,"lat":47.6955,"lon":0.4213,"fibre_pct":99.7,"vivrescore":100},{"code_insee":"72072","nom":"Château-l'Hermitage","codes_postaux":["72510"],"code_dep":"72","code_region":"52","population":256,"surface_km2":9.41,"lat":47.8003,"lon":0.2004,"fibre_pct":99.2,"vivrescore":100},{"code_insee":"72073","nom":"Chaufour-Notre-Dame","codes_postaux":["72550"],"code_dep":"72","code_region":"52","population":1173,"surface_km2":11.24,"lat":48.0139,"lon":0.0676,"fibre_pct":100.0,"vivrescore":100},{"code_insee":"72074","nom":"Chemiré-en-Charnie","codes_postaux":["72540"],"code_dep":"72","code_region":"52","population":212,"surface_km2":11.5,"lat":48.051,"lon":-0.2009,"fibre_pct":97.4,"vivrescore":100},{"code_insee":"72075","nom":"Chemiré-le-Gaudin","codes_postaux":["72210"],"code_dep":"72","code_region":"52","population":998,"surface_km2":22.9,"lat":47.932,"lon":-0.0103,"fibre_pct":100.0,"vivrescore":100},{"code_insee":"72076","nom":"Chenay","codes_postaux":["72610"],"code_dep":"72","code_region":"52","population":255,"surface_km2":2.19,"lat":48.4466,"lon":0.1621,"fibre_pct":100.0,"vivrescore":100},{"code_insee":"72077","nom":"Chenu","codes_postaux":["72500"],"code_dep":"72","code_region":"52","population":421,"surface_km2":30.89,"lat":47.6076,"lon":0.3553,"fibre_pct":98.9,"vivrescore":100},{"code_insee":"72078","nom":"Chérancé","codes_postaux":["72170"],"code_dep":"72","code_region":"52","population":353,"surface_km2":10.32,"lat":48.2806,"lon":0.1727,"fibre_pct":100.0,"vivrescore":100},{"code_insee":"72079","nom":"Chérisay","codes_postaux":["72610"],"code_dep":"72","code_region":"52","population":303,"surface_km2":7.97,"lat":48.3491,"lon":0.1138,"fibre_pct":98.1,"vivrescore":100},{"code_insee":"72080","nom":"Cherré-Au","codes_postaux":["72400"],"code_dep":"72","code_region":"52","population":2758,"surface_km2":29.75,"lat":48.1742,"lon":0.671,"fibre_pct":99.7,"vivrescore":100},{"code_insee":"72083","nom":"Chevillé","codes_postaux":["72350"],"code_dep":"72","code_region":"52","population":351,"surface_km2":14.28,"lat":47.944,"lon":-0.222,"fibre_pct":98.6,"vivrescore":100},{"code_insee":"72084","nom":"Clermont-Créans","codes_postaux":["72200"],"code_dep":"72","code_region":"52","population":1293,"surface_km2":18.15,"lat":47.7292,"lon":-0.0197,"fibre_pct":100.0,"vivrescore":100},{"code_insee":"72085","nom":"Cogners","codes_postaux":["72310"],"code_dep":"72","code_region":"52","population":170,"surface_km2":13.63,"lat":47.8623,"lon":0.6576,"fibre_pct":96.7,"vivrescore":100},{"code_insee":"72086","nom":"Commerveil","codes_postaux":["72600"],"code_dep":"72","code_region":"52","population":138,"surface_km2":5.69,"lat":48.3133,"lon":0.3593,"fibre_pct":100.0,"vivrescore":100},{"code_insee":"72087","nom":"Conflans-sur-Anille","codes_postaux":["72120"],"code_dep":"72","code_region":"52","population":468,"surface_km2":31.01,"lat":47.9715,"lon":0.7253,"fibre_pct":100.0,"vivrescore":100},{"code_insee":"72088","nom":"Congé-sur-Orne","codes_postaux":["72290"],"code_dep":"72","code_region":"52","population":314,"surface_km2":11.3,"lat":48.2062,"lon":0.2561,"fibre_pct":99.1,"vivrescore":100},{"code_insee":"72089","nom":"Conlie","codes_postaux":["72240"],"code_dep":"72","code_region":"52","population":1833,"surface_km2":17.22,"lat":48.1206,"lon":-0.0015,"fibre_pct":99.8,"vivrescore":100},{"code_insee":"72090","nom":"Connerré","codes_postaux":["72160"],"code_dep":"72","code_region":"52","population":2780,"surface_km2":16.6,"lat":48.0504,"lon":0.4703,"fibre_pct":100.0,"vivrescore":100},{"code_insee":"72091","nom":"Contilly","codes_postaux":["72600"],"code_dep":"72","code_region":"52","population":134,"surface_km2":12.51,"lat":48.4127,"lon":0.3562,"fibre_pct":96.5,"vivrescore":100},{"code_insee":"72093","nom":"Cormes","codes_postaux":["72400"],"code_dep":"72","code_region":"52","population":893,"surface_km2":18.9,"lat":48.1668,"lon":0.7131,"fibre_pct":99.8,"vivrescore":100},{"code_insee":"72094","nom":"Coudrecieux","codes_postaux":["72440"],"code_dep":"72","code_region":"52","population":636,"surface_km2":24.44,"lat":47.983,"lon":0.6267,"fibre_pct":97.9,"vivrescore":100},{"code_insee":"72095","nom":"Coulaines","codes_postaux":["72190"],"code_dep":"72","code_region":"52","population":8121,"surface_km2":3.96,"lat":48.0348,"lon":0.2111,"fibre_pct":98.8,"vivrescore":100},{"code_insee":"72096","nom":"Coulans-sur-Gée","codes_postaux":["72550"],"code_dep":"72","code_region":"52","population":1605,"surface_km2":27.54,"lat":48.0226,"lon":0.0174,"fibre_pct":96.2,"vivrescore":100},{"code_insee":"72098","nom":"Coulongé","codes_postaux":["72800"],"code_dep":"72","code_region":"52","population":506,"surface_km2":15.19,"lat":47.693,"lon":0.1949,"fibre_pct":100.0,"vivrescore":100},{"code_insee":"72099","nom":"Courcebœufs","codes_postaux":["72290"],"code_dep":"72","code_region":"52","population":640,"surface_km2":16.88,"lat":48.1268,"lon":0.281,"fibre_pct":100.0,"vivrescore":100},{"code_insee":"72100","nom":"Courcelles-la-Forêt","codes_postaux":["72270"],"code_dep":"72","code_region":"52","population":397,"surface_km2":19.63,"lat":47.7965,"lon":-0.0239,"fibre_pct":99.6,"vivrescore":100},{"code_insee":"72101","nom":"Courcemont","codes_postaux":["72110"],"code_dep":"72","code_region":"52","population":664,"surface_km2":19.34,"lat":48.1792,"lon":0.3423,"fibre_pct":98.8,"vivrescore":100},{"code_insee":"72102","nom":"Courcival","codes_postaux":["72110"],"code_dep":"72","code_region":"52","population":80,"surface_km2":8.99,"lat":48.2354,"lon":0.385,"fibre_pct":100.0,"vivrescore":100},{"code_insee":"72103","nom":"Courdemanche","codes_postaux":["72150"],"code_dep":"72","code_region":"52","population":623,"surface_km2":24.17,"lat":47.8187,"lon":0.5562,"fibre_pct":100.0,"vivrescore":100},{"code_insee":"72104","nom":"Courgains","codes_postaux":["72260"],"code_dep":"72","code_region":"52","population":581,"surface_km2":14.75,"lat":48.2874,"lon":0.2721,"fibre_pct":100.0,"vivrescore":100},{"code_insee":"72105","nom":"Courgenard","codes_postaux":["72320"],"code_dep":"72","code_region":"52","population":454,"surface_km2":11.42,"lat":48.1563,"lon":0.7354,"fibre_pct":100.0,"vivrescore":100},{"code_insee":"72106","nom":"Courtillers","codes_postaux":["72300"],"code_dep":"72","code_region":"52","population":901,"surface_km2":7.4,"lat":47.8058,"lon":-0.3142,"fibre_pct":100.0,"vivrescore":100},{"code_insee":"72107","nom":"Crannes-en-Champagne","codes_postaux":["72540"],"code_dep":"72","code_region":"52","population":340,"surface_km2":12.04,"lat":47.9782,"lon":-0.0409,"fibre_pct":98.6,"vivrescore":100},{"code_insee":"72109","nom":"Crissé","codes_postaux":["72140"],"code_dep":"72","code_region":"52","population":534,"surface_km2":20.95,"lat":48.1856,"lon":-0.0576,"fibre_pct":100.0,"vivrescore":100},{"code_insee":"72110","nom":"Crosmières","codes_postaux":["72200"],"code_dep":"72","code_region":"52","population":974,"surface_km2":20.54,"lat":47.7387,"lon":-0.1601,"fibre_pct":99.6,"vivrescore":100},{"code_insee":"72111","nom":"Cures","codes_postaux":["72240"],"code_dep":"72","code_region":"52","population":489,"surface_km2":11.57,"lat":48.0865,"lon":0.0207,"fibre_pct":99.6,"vivrescore":100},{"code_insee":"72112","nom":"Dangeul","codes_postaux":["72260"],"code_dep":"72","code_region":"52","population":486,"surface_km2":14.05,"lat":48.2489,"lon":0.262,"fibre_pct":100.0,"vivrescore":100},{"code_insee":"72113","nom":"Degré","codes_postaux":["72550"],"code_dep":"72","code_region":"52","population":751,"surface_km2":9.91,"lat":48.0519,"lon":0.0739,"fibre_pct":100.0,"vivrescore":100},{"code_insee":"72114","nom":"Dehault","codes_postaux":["72400"],"code_dep":"72","code_region":"52","population":241,"surface_km2":8.97,"lat":48.2054,"lon":0.5785,"fibre_pct":100.0,"vivrescore":100},{"code_insee":"72115","nom":"Dissay-sous-Courcillon","codes_postaux":["72500"],"code_dep":"72","code_region":"52","population":966,"surface_km2":35.22,"lat":47.6663,"lon":0.488,"fibre_pct":100.0,"vivrescore":100},{"code_insee":"72118","nom":"Dollon","codes_postaux":["72390"],"code_dep":"72","code_region":"52","population":1427,"surface_km2":25.44,"lat":48.0363,"lon":0.5893,"fibre_pct":100.0,"vivrescore":100},{"code_insee":"72119","nom":"Domfront-en-Champagne","codes_postaux":["72240"],"code_dep":"72","code_region":"52","population":1069,"surface_km2":21.05,"lat":48.112,"lon":0.0487,"fibre_pct":98.1,"vivrescore":100},{"code_insee":"72120","nom":"Doucelles","codes_postaux":["72170"],"code_dep":"72","code_region":"52","population":223,"surface_km2":4.47,"lat":48.2561,"lon":0.1813,"fibre_pct":100.0,"vivrescore":100},{"code_insee":"72121","nom":"Douillet","codes_postaux":["72130"],"code_dep":"72","code_region":"52","population":319,"surface_km2":19.18,"lat":48.2763,"lon":-0.0496,"fibre_pct":100.0,"vivrescore":100},{"code_insee":"72122","nom":"Duneau","codes_postaux":["72160"],"code_dep":"72","code_region":"52","population":1078,"surface_km2":12.97,"lat":48.0668,"lon":0.5329,"fibre_pct":100.0,"vivrescore":100},{"code_insee":"72123","nom":"Dureil","codes_postaux":["72270"],"code_dep":"72","code_region":"52","population":61,"surface_km2":8.06,"lat":47.8298,"lon":-0.1333,"fibre_pct":100.0,"vivrescore":100},{"code_insee":"72124","nom":"Écommoy","codes_postaux":["72220"],"code_dep":"72","code_region":"52","population":4868,"surface_km2":28.65,"lat":47.8232,"lon":0.2875,"fibre_pct":100.0,"vivrescore":100},{"code_insee":"72125","nom":"Écorpain","codes_postaux":["72120"],"code_dep":"72","code_region":"52","population":296,"surface_km2":21.51,"lat":47.94,"lon":0.6438,"fibre_pct":100.0,"vivrescore":100},{"code_insee":"72126","nom":"Épineu-le-Chevreuil","codes_postaux":["72540"],"code_dep":"72","code_region":"52","population":286,"surface_km2":14.78,"lat":48.0416,"lon":-0.131,"fibre_pct":99.5,"vivrescore":100},{"code_insee":"72127","nom":"Étival-lès-le-Mans","codes_postaux":["72700"],"code_dep":"72","code_region":"52","population":1826,"surface_km2":10.34,"lat":47.964,"lon":0.0785,"fibre_pct":92.8,"vivrescore":80},{"code_insee":"72128","nom":"Val-d'Étangson","codes_postaux":["72120"],"code_dep":"72","code_region":"52","population":530,"surface_km2":31.36,"lat":47.8837,"lon":0.6201,"fibre_pct":99.8,"vivrescore":100},{"code_insee":"72129","nom":"Fatines","codes_postaux":["72470"],"code_dep":"72","code_region":"52","population":929,"surface_km2":5.46,"lat":48.047,"lon":0.3352,"fibre_pct":100.0,"vivrescore":100},{"code_insee":"72130","nom":"Fay","codes_postaux":["72550"],"code_dep":"72","code_region":"52","population":751,"surface_km2":9.47,"lat":47.9997,"lon":0.0724,"fibre_pct":98.3,"vivrescore":100},{"code_insee":"72131","nom":"Fercé-sur-Sarthe","codes_postaux":["72430"],"code_dep":"72","code_region":"52","population":575,"surface_km2":12.18,"lat":47.8968,"lon":-0.0329,"fibre_pct":99.7,"vivrescore":100},{"code_insee":"72132","nom":"La Ferté-Bernard","codes_postaux":["72400"],"code_dep":"72","code_region":"52","population":8740,"surface_km2":15.58,"lat":48.1847,"lon":0.6366,"fibre_pct":99.9,"vivrescore":100},{"code_insee":"72133","nom":"Fillé","codes_postaux":["72210"],"code_dep":"72","code_region":"52","population":1562,"surface_km2":10.17,"lat":47.8993,"lon":0.1163,"fibre_pct":98.1,"vivrescore":100},{"code_insee":"72134","nom":"Flée","codes_postaux":["72500"],"code_dep":"72","code_region":"52","population":528,"surface_km2":17.53,"lat":47.7353,"lon":0.4577,"fibre_pct":98.9,"vivrescore":100},{"code_insee":"72135","nom":"La Fontaine-Saint-Martin","codes_postaux":["72330"],"code_dep":"72","code_region":"52","population":599,"surface_km2":13.84,"lat":47.7962,"lon":0.0484,"fibre_pct":100.0,"vivrescore":100},{"code_insee":"72136","nom":"Fontenay-sur-Vègre","codes_postaux":["72350"],"code_dep":"72","code_region":"52","population":307,"surface_km2":11.46,"lat":47.906,"lon":-0.2213,"fibre_pct":100.0,"vivrescore":100},{"code_insee":"72137","nom":"Villeneuve-en-Perseigne","codes_postaux":["72600","72610"],"code_dep":"72","code_region":"52","population":2174,"surface_km2":87.25,"lat":48.4303,"lon":0.2365,"fibre_pct":99.2,"vivrescore":100},{"code_insee":"72138","nom":"Fresnay-sur-Sarthe","codes_postaux":["72130"],"code_dep":"72","code_region":"52","population":2928,"surface_km2":29.25,"lat":48.2855,"lon":0.0812,"fibre_pct":99.7,"vivrescore":100},{"code_insee":"72139","nom":"Fyé","codes_postaux":["72610"],"code_dep":"72","code_region":"52","population":1013,"surface_km2":16.34,"lat":48.3241,"lon":0.0825,"fibre_pct":99.3,"vivrescore":100},{"code_insee":"72141","nom":"Gesnes-le-Gandelin","codes_postaux":["72130"],"code_dep":"72","code_region":"52","population":879,"surface_km2":13.01,"lat":48.3581,"lon":0.024,"fibre_pct":99.6,"vivrescore":100},{"code_insee":"72142","nom":"Grandchamp","codes_postaux":["72610"],"code_dep":"72","code_region":"52","population":137,"surface_km2":5.53,"lat":48.3102,"lon":0.1808,"fibre_pct":98.1,"vivrescore":100},{"code_insee":"72143","nom":"Le Grand-Lucé","codes_postaux":["72150"],"code_dep":"72","code_region":"52","population":1949,"surface_km2":27.45,"lat":47.8717,"lon":0.4722,"fibre_pct":100.0,"vivrescore":100},{"code_insee":"72144","nom":"Gréez-sur-Roc","codes_postaux":["72320"],"code_dep":"72","code_region":"52","population":344,"surface_km2":25.43,"lat":48.1343,"lon":0.8351,"fibre_pct":100.0,"vivrescore":100},{"code_insee":"72145","nom":"Le Grez","codes_postaux":["72140"],"code_dep":"72","code_region":"52","population":380,"surface_km2":7.38,"lat":48.1904,"lon":-0.1595,"fibre_pct":99.2,"vivrescore":100},{"code_insee":"72146","nom":"Guécélard","codes_postaux":["72230"],"code_dep":"72","code_region":"52","population":3202,"surface_km2":12.19,"lat":47.885,"lon":0.1405,"fibre_pct":99.9,"vivrescore":100},{"code_insee":"72147","nom":"La Guierche","codes_postaux":["72380"],"code_dep":"72","code_region":"52","population":1300,"surface_km2":7.94,"lat":48.1185,"lon":0.2012,"fibre_pct":96.0,"vivrescore":100},{"code_insee":"72148","nom":"Jauzé","codes_postaux":["72110"],"code_dep":"72","code_region":"52","population":80,"surface_km2":5.76,"lat":48.2102,"lon":0.3815,"fibre_pct":100.0,"vivrescore":100},{"code_insee":"72149","nom":"Joué-en-Charnie","codes_postaux":["72540"],"code_dep":"72","code_region":"52","population":589,"surface_km2":23.55,"lat":48.0144,"lon":-0.1945,"fibre_pct":99.2,"vivrescore":100},{"code_insee":"72150","nom":"Joué-l'Abbé","codes_postaux":["72380"],"code_dep":"72","code_region":"52","population":1267,"surface_km2":10.47,"lat":48.1079,"lon":0.2286,"fibre_pct":100.0,"vivrescore":100},{"code_insee":"72151","nom":"Juigné-sur-Sarthe","codes_postaux":["72300"],"code_dep":"72","code_region":"52","population":1141,"surface_km2":20.59,"lat":47.8687,"lon":-0.2912,"fibre_pct":99.9,"vivrescore":100},{"code_insee":"72152","nom":"Juillé","codes_postaux":["72170"],"code_dep":"72","code_region":"52","population":407,"surface_km2":5.74,"lat":48.2452,"lon":0.1241,"fibre_pct":99.6,"vivrescore":100},{"code_insee":"72153","nom":"Jupilles","codes_postaux":["72500"],"code_dep":"72","code_region":"52","population":566,"surface_km2":26.52,"lat":47.7939,"lon":0.4083,"fibre_pct":99.6,"vivrescore":100},{"code_insee":"72154","nom":"La Flèche","codes_postaux":["72200"],"code_dep":"72","code_region":"52","population":14947,"surface_km2":79.18,"lat":47.6908,"lon":-0.0605,"fibre_pct":99.5,"vivrescore":100},{"code_insee":"72155","nom":"Laigné-Saint-Gervais","codes_postaux":["72220"],"code_dep":"72","code_region":"52","population":4252,"surface_km2":22.34,"lat":47.8687,"lon":0.2145,"fibre_pct":100.0,"vivrescore":100},{"code_insee":"72156","nom":"Lamnay","codes_postaux":["72320"],"code_dep":"72","code_region":"52","population":928,"surface_km2":22.23,"lat":48.1051,"lon":0.7109,"fibre_pct":99.5,"vivrescore":100},{"code_insee":"72157","nom":"Lavardin","codes_postaux":["72240"],"code_dep":"72","code_region":"52","population":693,"surface_km2":7.63,"lat":48.0828,"lon":0.0632,"fibre_pct":100.0,"vivrescore":100},{"code_insee":"72158","nom":"Lavaré","codes_postaux":["72390"],"code_dep":"72","code_region":"52","population":815,"surface_km2":23.06,"lat":48.0642,"lon":0.6494,"fibre_pct":99.6,"vivrescore":100},{"code_insee":"72160","nom":"Lavernat","codes_postaux":["72500"],"code_dep":"72","code_region":"52","population":586,"surface_km2":22.86,"lat":47.7223,"lon":0.3546,"fibre_pct":97.7,"vivrescore":100},{"code_insee":"72161","nom":"Lhomme","codes_postaux":["72340"],"code_dep":"72","code_region":"52","population":933,"surface_km2":18.35,"lat":47.759,"lon":0.5663,"fibre_pct":99.7,"vivrescore":100},{"code_insee":"72163","nom":"Ligron","codes_postaux":["72270"],"code_dep":"72","code_region":"52","population":494,"surface_km2":13.68,"lat":47.7699,"lon":-0.0114,"fibre_pct":100.0,"vivrescore":100},{"code_insee":"72164","nom":"Livet-en-Saosnois","codes_postaux":["72610"],"code_dep":"72","code_region":"52","population":63,"surface_km2":1.64,"lat":48.356,"lon":0.2107,"fibre_pct":100.0,"vivrescore":100},{"code_insee":"72165","nom":"Lombron","codes_postaux":["72450"],"code_dep":"72","code_region":"52","population":1960,"surface_km2":24.21,"lat":48.0855,"lon":0.4106,"fibre_pct":100.0,"vivrescore":100},{"code_insee":"72166","nom":"Longnes","codes_postaux":["72540"],"code_dep":"72","code_region":"52","population":286,"surface_km2":6.5,"lat":48.0219,"lon":-0.0833,"fibre_pct":100.0,"vivrescore":100},{"code_insee":"72167","nom":"Louailles","codes_postaux":["72300"],"code_dep":"72","code_region":"52","population":691,"surface_km2":10.6,"lat":47.7816,"lon":-0.2416,"fibre_pct":98.8,"vivrescore":100},{"code_insee":"72168","nom":"Loué","codes_postaux":["72540"],"code_dep":"72","code_region":"52","population":2156,"surface_km2":15.82,"lat":48.0035,"lon":-0.1372,"fibre_pct":100.0,"vivrescore":100},{"code_insee":"72169","nom":"Louplande","codes_postaux":["72210"],"code_dep":"72","code_region":"52","population":1505,"surface_km2":18.49,"lat":47.9407,"lon":0.0542,"fibre_pct":100.0,"vivrescore":100},{"code_insee":"72170","nom":"Louvigny","codes_postaux":["72600"],"code_dep":"72","code_region":"52","population":178,"surface_km2":8.76,"lat":48.3387,"lon":0.1998,"fibre_pct":100.0,"vivrescore":100},{"code_insee":"72171","nom":"Louzes","codes_postaux":["72600"],"code_dep":"72","code_region":"52","population":103,"surface_km2":8.24,"lat":48.4278,"lon":0.2996,"fibre_pct":99.4,"vivrescore":100},{"code_insee":"72172","nom":"Le Luart","codes_postaux":["72390"],"code_dep":"72","code_region":"52","population":1460,"surface_km2":12.42,"lat":48.0836,"lon":0.5911,"fibre_pct":100.0,"vivrescore":100},{"code_insee":"72173","nom":"Luceau","codes_postaux":["72500"],"code_dep":"72","code_region":"52","population":1225,"surface_km2":17.8,"lat":47.7151,"lon":0.3947,"fibre_pct":99.7,"vivrescore":100},{"code_insee":"72174","nom":"Lucé-sous-Ballon","codes_postaux":["72290"],"code_dep":"72","code_region":"52","population":108,"surface_km2":6.82,"lat":48.2097,"lon":0.2121,"fibre_pct":100.0,"vivrescore":100},{"code_insee":"72175","nom":"Luché-Pringé","codes_postaux":["72800"],"code_dep":"72","code_region":"52","population":1535,"surface_km2":49.42,"lat":47.7053,"lon":0.1019,"fibre_pct":96.6,"vivrescore":100},{"code_insee":"72176","nom":"Le Lude","codes_postaux":["72800"],"code_dep":"72","code_region":"52","population":3983,"surface_km2":68.73,"lat":47.6404,"lon":0.1432,"fibre_pct":98.8,"vivrescore":100},{"code_insee":"72177","nom":"Maigné","codes_postaux":["72210"],"code_dep":"72","code_region":"52","population":326,"surface_km2":11.41,"lat":47.9405,"lon":-0.0561,"fibre_pct":97.0,"vivrescore":100},{"code_insee":"72178","nom":"Maisoncelles","codes_postaux":["72440"],"code_dep":"72","code_region":"52","population":201,"surface_km2":11.32,"lat":47.9383,"lon":0.578,"fibre_pct":100.0,"vivrescore":100},{"code_insee":"72179","nom":"Malicorne-sur-Sarthe","codes_postaux":["72270"],"code_dep":"72","code_region":"52","population":1854,"surface_km2":15.15,"lat":47.8124,"lon":-0.0874,"fibre_pct":100.0,"vivrescore":100},{"code_insee":"72180","nom":"Mamers","codes_postaux":["72600"],"code_dep":"72","code_region":"52","population":4996,"surface_km2":5.12,"lat":48.3554,"lon":0.3707,"fibre_pct":99.4,"vivrescore":100},{"code_insee":"72181","nom":"Le Mans","codes_postaux":["72000","72100"],"code_dep":"72","code_region":"52","population":146249,"surface_km2":52.58,"lat":47.9819,"lon":0.1957,"fibre_pct":97.1,"vivrescore":100},{"code_insee":"72182","nom":"Mansigné","codes_postaux":["72510"],"code_dep":"72","code_region":"52","population":1555,"surface_km2":36.49,"lat":47.7456,"lon":0.131,"fibre_pct":99.6,"vivrescore":100},{"code_insee":"72183","nom":"Marçon","codes_postaux":["72340"],"code_dep":"72","code_region":"52","population":1057,"surface_km2":30.33,"lat":47.7041,"lon":0.5287,"fibre_pct":100.0,"vivrescore":100},{"code_insee":"72184","nom":"Mareil-en-Champagne","codes_postaux":["72540"],"code_dep":"72","code_region":"52","population":342,"surface_km2":7.93,"lat":47.9801,"lon":-0.177,"fibre_pct":100.0,"vivrescore":100},{"code_insee":"72185","nom":"Mareil-sur-Loir","codes_postaux":["72200"],"code_dep":"72","code_region":"52","population":653,"surface_km2":12.03,"lat":47.7232,"lon":0.0065,"fibre_pct":100.0,"vivrescore":100},{"code_insee":"72186","nom":"Maresché","codes_postaux":["72170"],"code_dep":"72","code_region":"52","population":876,"surface_km2":15.0,"lat":48.2076,"lon":0.1492,"fibre_pct":100.0,"vivrescore":100},{"code_insee":"72187","nom":"Marigné-Laillé","codes_postaux":["72220"],"code_dep":"72","code_region":"52","population":1653,"surface_km2":33.62,"lat":47.8146,"lon":0.3508,"fibre_pct":100.0,"vivrescore":100},{"code_insee":"72188","nom":"Marollette","codes_postaux":["72600"],"code_dep":"72","code_region":"52","population":159,"surface_km2":5.76,"lat":48.3776,"lon":0.3629,"fibre_pct":100.0,"vivrescore":100},{"code_insee":"72189","nom":"Marolles-les-Braults","codes_postaux":["72260"],"code_dep":"72","code_region":"52","population":2039,"surface_km2":24.36,"lat":48.2508,"lon":0.3217,"fibre_pct":100.0,"vivrescore":100},{"code_insee":"72190","nom":"Marolles-lès-Saint-Calais","codes_postaux":["72120"],"code_dep":"72","code_region":"52","population":284,"surface_km2":12.09,"lat":47.9146,"lon":0.7882,"fibre_pct":94.9,"vivrescore":80},{"code_insee":"72191","nom":"Mayet","codes_postaux":["72360"],"code_dep":"72","code_region":"52","population":3187,"surface_km2":54.19,"lat":47.7618,"lon":0.2809,"fibre_pct":99.6,"vivrescore":100},{"code_insee":"72192","nom":"Les Mées","codes_postaux":["72260"],"code_dep":"72","code_region":"52","population":103,"surface_km2":6.82,"lat":48.3127,"lon":0.2384,"fibre_pct":100.0,"vivrescore":100},{"code_insee":"72193","nom":"Melleray","codes_postaux":["72320"],"code_dep":"72","code_region":"52","population":454,"surface_km2":25.93,"lat":48.1012,"lon":0.8084,"fibre_pct":98.3,"vivrescore":100},{"code_insee":"72194","nom":"Meurcé","codes_postaux":["72170"],"code_dep":"72","code_region":"52","population":275,"surface_km2":6.2,"lat":48.2396,"lon":0.2025,"fibre_pct":100.0,"vivrescore":100},{"code_insee":"72195","nom":"Mézeray","codes_postaux":["72270"],"code_dep":"72","code_region":"52","population":1841,"surface_km2":33.32,"lat":47.8317,"lon":-0.0213,"fibre_pct":100.0,"vivrescore":100},{"code_insee":"72196","nom":"Mézières-sur-Ponthouin","codes_postaux":["72290"],"code_dep":"72","code_region":"52","population":725,"surface_km2":18.05,"lat":48.2047,"lon":0.2939,"fibre_pct":100.0,"vivrescore":100},{"code_insee":"72197","nom":"Mézières-sous-Lavardin","codes_postaux":["72240"],"code_dep":"72","code_region":"52","population":676,"surface_km2":15.38,"lat":48.157,"lon":0.0424,"fibre_pct":99.7,"vivrescore":100},{"code_insee":"72198","nom":"La Milesse","codes_postaux":["72650"],"code_dep":"72","code_region":"52","population":2617,"surface_km2":10.56,"lat":48.0663,"lon":0.1331,"fibre_pct":98.9,"vivrescore":100},{"code_insee":"72199","nom":"Moitron-sur-Sarthe","codes_postaux":["72170"],"code_dep":"72","code_region":"52","population":258,"surface_km2":10.35,"lat":48.2473,"lon":0.0516,"fibre_pct":97.4,"vivrescore":100},{"code_insee":"72200","nom":"Moncé-en-Belin","codes_postaux":["72230"],"code_dep":"72","code_region":"52","population":3697,"surface_km2":17.56,"lat":47.8964,"lon":0.1956,"fibre_pct":99.8,"vivrescore":100},{"code_insee":"72201","nom":"Moncé-en-Saosnois","codes_postaux":["72260"],"code_dep":"72","code_region":"52","population":221,"surface_km2":8.92,"lat":48.2716,"lon":0.384,"fibre_pct":98.8,"vivrescore":100},{"code_insee":"72202","nom":"Monhoudou","codes_postaux":["72260"],"code_dep":"72","code_region":"52","population":214,"surface_km2":7.54,"lat":48.2864,"lon":0.3274,"fibre_pct":100.0,"vivrescore":100},{"code_insee":"72204","nom":"Montaillé","codes_postaux":["72120"],"code_dep":"72","code_region":"52","population":516,"surface_km2":30.54,"lat":47.9641,"lon":0.6937,"fibre_pct":99.2,"vivrescore":100},{"code_insee":"72205","nom":"Montbizot","codes_postaux":["72380"],"code_dep":"72","code_region":"52","population":1841,"surface_km2":11.39,"lat":48.1504,"lon":0.1821,"fibre_pct":100.0,"vivrescore":100},{"code_insee":"72208","nom":"Montmirail","codes_postaux":["72320"],"code_dep":"72","code_region":"52","population":366,"surface_km2":12.58,"lat":48.1075,"lon":0.7728,"fibre_pct":99.4,"vivrescore":100},{"code_insee":"72209","nom":"Montreuil-le-Chétif","codes_postaux":["72130"],"code_dep":"72","code_region":"52","population":318,"surface_km2":14.71,"lat":48.241,"lon":-0.0335,"fibre_pct":99.1,"vivrescore":100},{"code_insee":"72210","nom":"Montreuil-le-Henri","codes_postaux":["72150"],"code_dep":"72","code_region":"52","population":295,"surface_km2":14.4,"lat":47.8621,"lon":0.5714,"fibre_pct":100.0,"vivrescore":100},{"code_insee":"72211","nom":"Mont-Saint-Jean","codes_postaux":["72140"],"code_dep":"72","code_region":"52","population":628,"surface_km2":42.37,"lat":48.2431,"lon":-0.1123,"fibre_pct":99.8,"vivrescore":100},{"code_insee":"72212","nom":"Moulins-le-Carbonnel","codes_postaux":["72130"],"code_dep":"72","code_region":"52","population":697,"surface_km2":16.4,"lat":48.3734,"lon":-0.0143,"fibre_pct":100.0,"vivrescore":100},{"code_insee":"72213","nom":"Mulsanne","codes_postaux":["72230"],"code_dep":"72","code_region":"52","population":5244,"surface_km2":15.32,"lat":47.919,"lon":0.244,"fibre_pct":95.7,"vivrescore":100},{"code_insee":"72214","nom":"Nauvay","codes_postaux":["72260"],"code_dep":"72","code_region":"52","population":12,"surface_km2":2.71,"lat":48.2532,"lon":0.3938,"fibre_pct":100.0,"vivrescore":100},{"code_insee":"72215","nom":"Neufchâtel-en-Saosnois","codes_postaux":["72600"],"code_dep":"72","code_region":"52","population":1003,"surface_km2":23.44,"lat":48.387,"lon":0.2484,"fibre_pct":99.2,"vivrescore":100},{"code_insee":"72216","nom":"Neuvillalais","codes_postaux":["72240"],"code_dep":"72","code_region":"52","population":585,"surface_km2":18.96,"lat":48.1543,"lon":-0.0064,"fibre_pct":99.3,"vivrescore":100},{"code_insee":"72217","nom":"Neuville-sur-Sarthe","codes_postaux":["72190"],"code_dep":"72","code_region":"52","population":2463,"surface_km2":23.04,"lat":48.0717,"lon":0.2149,"fibre_pct":99.9,"vivrescore":100},{"code_insee":"72218","nom":"Neuvillette-en-Charnie","codes_postaux":["72140"],"code_dep":"72","code_region":"52","population":305,"surface_km2":14.6,"lat":48.0895,"lon":-0.2062,"fibre_pct":98.4,"vivrescore":100},{"code_insee":"72219","nom":"Bernay-Neuvy-en-Champagne","codes_postaux":["72240"],"code_dep":"72","code_region":"52","population":756,"surface_km2":25.22,"lat":48.0761,"lon":-0.0331,"fibre_pct":99.2,"vivrescore":100},{"code_insee":"72220","nom":"Nogent-le-Bernard","codes_postaux":["72110"],"code_dep":"72","code_region":"52","population":864,"surface_km2":30.33,"lat":48.2416,"lon":0.5053,"fibre_pct":99.2,"vivrescore":100},{"code_insee":"72221","nom":"Nogent-sur-Loir","codes_postaux":["72500"],"code_dep":"72","code_region":"52","population":361,"surface_km2":10.84,"lat":47.6573,"lon":0.3997,"fibre_pct":95.9,"vivrescore":100},{"code_insee":"72222","nom":"Nouans","codes_postaux":["72260"],"code_dep":"72","code_region":"52","population":252,"surface_km2":10.0,"lat":48.2383,"lon":0.228,"fibre_pct":98.8,"vivrescore":100},{"code_insee":"72223","nom":"Noyen-sur-Sarthe","codes_postaux":["72430"],"code_dep":"72","code_region":"52","population":2556,"surface_km2":42.88,"lat":47.8569,"lon":-0.1031,"fibre_pct":99.9,"vivrescore":100},{"code_insee":"72224","nom":"Nuillé-le-Jalais","codes_postaux":["72370"],"code_dep":"72","code_region":"52","population":528,"surface_km2":5.77,"lat":48.0226,"lon":0.4872,"fibre_pct":100.0,"vivrescore":100},{"code_insee":"72225","nom":"Oisseau-le-Petit","codes_postaux":["72610"],"code_dep":"72","code_region":"52","population":671,"surface_km2":8.57,"lat":48.3473,"lon":0.0751,"fibre_pct":100.0,"vivrescore":100},{"code_insee":"72226","nom":"Oizé","codes_postaux":["72330"],"code_dep":"72","code_region":"52","population":1322,"surface_km2":16.88,"lat":47.8056,"lon":0.1097,"fibre_pct":95.0,"vivrescore":100},{"code_insee":"72227","nom":"Panon","codes_postaux":["72600"],"code_dep":"72","code_region":"52","population":33,"surface_km2":2.36,"lat":48.3386,"lon":0.3012,"fibre_pct":100.0,"vivrescore":100},{"code_insee":"72228","nom":"Parcé-sur-Sarthe","codes_postaux":["72300"],"code_dep":"72","code_region":"52","population":1950,"surface_km2":40.7,"lat":47.8271,"lon":-0.1929,"fibre_pct":96.9,"vivrescore":100},{"code_insee":"72229","nom":"Parennes","codes_postaux":["72140"],"code_dep":"72","code_region":"52","population":444,"surface_km2":14.61,"lat":48.1169,"lon":-0.1862,"fibre_pct":100.0,"vivrescore":100},{"code_insee":"72230","nom":"Parigné-le-Pôlin","codes_postaux":["72330"],"code_dep":"72","code_region":"52","population":1037,"surface_km2":13.98,"lat":47.8557,"lon":0.1226,"fibre_pct":99.8,"vivrescore":100},{"code_insee":"72231","nom":"Parigné-l'Évêque","codes_postaux":["72250"],"code_dep":"72","code_region":"52","population":5358,"surface_km2":63.64,"lat":47.9251,"lon":0.364,"fibre_pct":99.7,"vivrescore":100},{"code_insee":"72232","nom":"Notre-Dame-du-Pé","codes_postaux":["72300"],"code_dep":"72","code_region":"52","population":710,"surface_km2":7.78,"lat":47.7288,"lon":-0.3306,"fibre_pct":100.0,"vivrescore":100},{"code_insee":"72233","nom":"Peray","codes_postaux":["72260"],"code_dep":"72","code_region":"52","population":70,"surface_km2":2.46,"lat":48.2507,"lon":0.3695,"fibre_pct":100.0,"vivrescore":100},{"code_insee":"72234","nom":"Pezé-le-Robert","codes_postaux":["72140"],"code_dep":"72","code_region":"52","population":343,"surface_km2":16.33,"lat":48.2012,"lon":-0.0421,"fibre_pct":99.1,"vivrescore":100},{"code_insee":"72235","nom":"Piacé","codes_postaux":["72170"],"code_dep":"72","code_region":"52","population":370,"surface_km2":10.14,"lat":48.2655,"lon":0.1155,"fibre_pct":100.0,"vivrescore":100},{"code_insee":"72236","nom":"Pincé","codes_postaux":["72300"],"code_dep":"72","code_region":"52","population":192,"surface_km2":5.83,"lat":47.7956,"lon":-0.3642,"fibre_pct":100.0,"vivrescore":100},{"code_insee":"72237","nom":"Pirmil","codes_postaux":["72430"],"code_dep":"72","code_region":"52","population":512,"surface_km2":17.65,"lat":47.9129,"lon":-0.0899,"fibre_pct":100.0,"vivrescore":100},{"code_insee":"72238","nom":"Pizieux","codes_postaux":["72600"],"code_dep":"72","code_region":"52","population":75,"surface_km2":4.51,"lat":48.3219,"lon":0.3324,"fibre_pct":100.0,"vivrescore":100},{"code_insee":"72239","nom":"Poillé-sur-Vègre","codes_postaux":["72350"],"code_dep":"72","code_region":"52","population":582,"surface_km2":17.58,"lat":47.9169,"lon":-0.2778,"fibre_pct":100.0,"vivrescore":100},{"code_insee":"72241","nom":"Montfort-le-Gesnois","codes_postaux":["72450"],"code_dep":"72","code_region":"52","population":2939,"surface_km2":18.8,"lat":48.0574,"lon":0.3988,"fibre_pct":99.9,"vivrescore":100},{"code_insee":"72243","nom":"Pontvallain","codes_postaux":["72510"],"code_dep":"72","code_region":"52","population":1607,"surface_km2":35.33,"lat":47.7599,"lon":0.206,"fibre_pct":100.0,"vivrescore":100},{"code_insee":"72244","nom":"Précigné","codes_postaux":["72300"],"code_dep":"72","code_region":"52","population":2877,"surface_km2":58.38,"lat":47.7631,"lon":-0.3154,"fibre_pct":100.0,"vivrescore":100},{"code_insee":"72245","nom":"Préval","codes_postaux":["72400"],"code_dep":"72","code_region":"52","population":656,"surface_km2":7.63,"lat":48.2238,"lon":0.6181,"fibre_pct":100.0,"vivrescore":100},{"code_insee":"72246","nom":"Prévelles","codes_postaux":["72110"],"code_dep":"72","code_region":"52","population":188,"surface_km2":4.85,"lat":48.1555,"lon":0.4735,"fibre_pct":98.7,"vivrescore":100},{"code_insee":"72247","nom":"Pruillé-le-Chétif","codes_postaux":["72700"],"code_dep":"72","code_region":"52","population":1329,"surface_km2":10.4,"lat":47.9934,"lon":0.1062,"fibre_pct":99.2,"vivrescore":100},{"code_insee":"72248","nom":"Pruillé-l'Éguillé","codes_postaux":["72150"],"code_dep":"72","code_region":"52","population":801,"surface_km2":21.26,"lat":47.8381,"lon":0.4186,"fibre_pct":98.4,"vivrescore":100},{"code_insee":"72249","nom":"La Quinte","codes_postaux":["72550"],"code_dep":"72","code_region":"52","population":823,"surface_km2":8.83,"lat":48.0514,"lon":0.0437,"fibre_pct":100.0,"vivrescore":100},{"code_insee":"72250","nom":"Rahay","codes_postaux":["72120"],"code_dep":"72","code_region":"52","population":167,"surface_km2":18.94,"lat":47.9581,"lon":0.8075,"fibre_pct":98.5,"vivrescore":100},{"code_insee":"72251","nom":"René","codes_postaux":["72260"],"code_dep":"72","code_region":"52","population":387,"surface_km2":12.64,"lat":48.2774,"lon":0.2182,"fibre_pct":98.8,"vivrescore":100},{"code_insee":"72252","nom":"Requeil","codes_postaux":["72510"],"code_dep":"72","code_region":"52","population":1108,"surface_km2":14.08,"lat":47.7866,"lon":0.1626,"fibre_pct":100.0,"vivrescore":100},{"code_insee":"72253","nom":"Roëzé-sur-Sarthe","codes_postaux":["72210"],"code_dep":"72","code_region":"52","population":2514,"surface_km2":26.81,"lat":47.8939,"lon":0.0641,"fibre_pct":99.9,"vivrescore":100},{"code_insee":"72254","nom":"Rouessé-Fontaine","codes_postaux":["72610"],"code_dep":"72","code_region":"52","population":261,"surface_km2":12.54,"lat":48.3156,"lon":0.1488,"fibre_pct":99.5,"vivrescore":100},{"code_insee":"72255","nom":"Rouessé-Vassé","codes_postaux":["72140"],"code_dep":"72","code_region":"52","population":785,"surface_km2":31.81,"lat":48.1549,"lon":-0.1953,"fibre_pct":97.3,"vivrescore":100},{"code_insee":"72256","nom":"Rouez","codes_postaux":["72140"],"code_dep":"72","code_region":"52","population":804,"surface_km2":33.61,"lat":48.1323,"lon":-0.1107,"fibre_pct":100.0,"vivrescore":100},{"code_insee":"72257","nom":"Rouillon","codes_postaux":["72700"],"code_dep":"72","code_region":"52","population":2382,"surface_km2":9.22,"lat":47.9997,"lon":0.1424,"fibre_pct":97.9,"vivrescore":100},{"code_insee":"72259","nom":"Rouperroux-le-Coquet","codes_postaux":["72110"],"code_dep":"72","code_region":"52","population":266,"surface_km2":12.16,"lat":48.2331,"lon":0.4405,"fibre_pct":100.0,"vivrescore":100},{"code_insee":"72260","nom":"Ruaudin","codes_postaux":["72230"],"code_dep":"72","code_region":"52","population":3481,"surface_km2":13.87,"lat":47.9443,"lon":0.2657,"fibre_pct":99.9,"vivrescore":100},{"code_insee":"72261","nom":"Ruillé-en-Champagne","codes_postaux":["72240"],"code_dep":"72","code_region":"52","population":310,"surface_km2":14.99,"lat":48.0588,"lon":-0.1211,"fibre_pct":100.0,"vivrescore":100},{"code_insee":"72262","nom":"Loir en Vallée","codes_postaux":["72310","72340"],"code_dep":"72","code_region":"52","population":2044,"surface_km2":64.92,"lat":47.7849,"lon":0.6478,"fibre_pct":99.9,"vivrescore":100},{"code_insee":"72264","nom":"Sablé-sur-Sarthe","codes_postaux":["72300"],"code_dep":"72","code_region":"52","population":12326,"surface_km2":37.0,"lat":47.8397,"lon":-0.3542,"fibre_pct":93.2,"vivrescore":80},{"code_insee":"72265","nom":"Saint-Aignan","codes_postaux":["72110"],"code_dep":"72","code_region":"52","population":264,"surface_km2":15.16,"lat":48.2172,"lon":0.3429,"fibre_pct":100.0,"vivrescore":100},{"code_insee":"72266","nom":"Saint-Aubin-de-Locquenay","codes_postaux":["72130"],"code_dep":"72","code_region":"52","population":761,"surface_km2":17.51,"lat":48.256,"lon":0.0093,"fibre_pct":100.0,"vivrescore":100},{"code_insee":"72267","nom":"Saint-Aubin-des-Coudrais","codes_postaux":["72400"],"code_dep":"72","code_region":"52","population":890,"surface_km2":17.44,"lat":48.1771,"lon":0.5835,"fibre_pct":100.0,"vivrescore":100},{"code_insee":"72268","nom":"Saint-Biez-en-Belin","codes_postaux":["72220"],"code_dep":"72","code_region":"52","population":710,"surface_km2":9.31,"lat":47.8172,"lon":0.2331,"fibre_pct":100.0,"vivrescore":100},{"code_insee":"72269","nom":"Saint-Calais","codes_postaux":["72120"],"code_dep":"72","code_region":"52","population":2948,"surface_km2":22.85,"lat":47.932,"lon":0.7418,"fibre_pct":99.4,"vivrescore":100},{"code_insee":"72270","nom":"Saint-Calez-en-Saosnois","codes_postaux":["72600"],"code_dep":"72","code_region":"52","population":179,"surface_km2":7.31,"lat":48.306,"lon":0.3123,"fibre_pct":100.0,"vivrescore":100},{"code_insee":"72271","nom":"Saint-Célerin","codes_postaux":["72110"],"code_dep":"72","code_region":"52","population":882,"surface_km2":13.51,"lat":48.1258,"lon":0.4349,"fibre_pct":100.0,"vivrescore":100},{"code_insee":"72272","nom":"Sainte-Cérotte","codes_postaux":["72120"],"code_dep":"72","code_region":"52","population":337,"surface_km2":14.38,"lat":47.899,"lon":0.689,"fibre_pct":99.6,"vivrescore":100},{"code_insee":"72273","nom":"Saint-Christophe-du-Jambet","codes_postaux":["72170"],"code_dep":"72","code_region":"52","population":231,"surface_km2":11.25,"lat":48.2373,"lon":0.0579,"fibre_pct":100.0,"vivrescore":100},{"code_insee":"72274","nom":"Saint-Christophe-en-Champagne","codes_postaux":["72540"],"code_dep":"72","code_region":"52","population":218,"surface_km2":7.74,"lat":47.9624,"lon":-0.1373,"fibre_pct":100.0,"vivrescore":100},{"code_insee":"72275","nom":"Saint-Corneille","codes_postaux":["72460"],"code_dep":"72","code_region":"52","population":1510,"surface_km2":11.18,"lat":48.0785,"lon":0.344,"fibre_pct":99.6,"vivrescore":100},{"code_insee":"72276","nom":"Saint-Cosme-en-Vairais","codes_postaux":["72110"],"code_dep":"72","code_region":"52","population":1927,"surface_km2":32.94,"lat":48.2739,"lon":0.4586,"fibre_pct":99.9,"vivrescore":100},{"code_insee":"72277","nom":"Saint-Denis-des-Coudrais","codes_postaux":["72110"],"code_dep":"72","code_region":"52","population":113,"surface_km2":7.11,"lat":48.1639,"lon":0.502,"fibre_pct":94.3,"vivrescore":80},{"code_insee":"72278","nom":"Saint-Denis-d'Orques","codes_postaux":["72350"],"code_dep":"72","code_region":"52","population":760,"surface_km2":47.23,"lat":48.0299,"lon":-0.2734,"fibre_pct":98.4,"vivrescore":100},{"code_insee":"72279","nom":"Saint-Georges-de-la-Couée","codes_postaux":["72150"],"code_dep":"72","code_region":"52","population":181,"surface_km2":11.8,"lat":47.8232,"lon":0.5952,"fibre_pct":100.0,"vivrescore":100},{"code_insee":"72280","nom":"Saint-Georges-du-Bois","codes_postaux":["72700"],"code_dep":"72","code_region":"52","population":2285,"surface_km2":7.28,"lat":47.9719,"lon":0.1034,"fibre_pct":100.0,"vivrescore":100},{"code_insee":"72281","nom":"Saint-Georges-du-Rosay","codes_postaux":["72110"],"code_dep":"72","code_region":"52","population":452,"surface_km2":17.37,"lat":48.1974,"lon":0.5237,"fibre_pct":100.0,"vivrescore":100},{"code_insee":"72282","nom":"Saint-Georges-le-Gaultier","codes_postaux":["72130"],"code_dep":"72","code_region":"52","population":517,"surface_km2":23.42,"lat":48.2956,"lon":-0.1092,"fibre_pct":100.0,"vivrescore":100},{"code_insee":"72283","nom":"Saint-Germain-d'Arcé","codes_postaux":["72800"],"code_dep":"72","code_region":"52","population":337,"surface_km2":29.29,"lat":47.6258,"lon":0.2793,"fibre_pct":99.2,"vivrescore":100},{"code_insee":"72286","nom":"Saint-Gervais-de-Vic","codes_postaux":["72120"],"code_dep":"72","code_region":"52","population":383,"surface_km2":16.13,"lat":47.8819,"lon":0.7292,"fibre_pct":100.0,"vivrescore":100},{"code_insee":"72289","nom":"Sainte-Jamme-sur-Sarthe","codes_postaux":["72380"],"code_dep":"72","code_region":"52","population":1950,"surface_km2":8.6,"lat":48.1408,"lon":0.1594,"fibre_pct":100.0,"vivrescore":100},{"code_insee":"72290","nom":"Saint-Jean-d'Assé","codes_postaux":["72380"],"code_dep":"72","code_region":"52","population":1790,"surface_km2":21.32,"lat":48.1545,"lon":0.1245,"fibre_pct":99.9,"vivrescore":100},{"code_insee":"72291","nom":"Saint-Jean-de-la-Motte","codes_postaux":["72510"],"code_dep":"72","code_region":"52","population":955,"surface_km2":32.45,"lat":47.7557,"lon":0.0615,"fibre_pct":99.0,"vivrescore":100},{"code_insee":"72292","nom":"Saint-Jean-des-Échelles","codes_postaux":["72320"],"code_dep":"72","code_region":"52","population":222,"surface_km2":10.61,"lat":48.1281,"lon":0.7305,"fibre_pct":99.3,"vivrescore":100},{"code_insee":"72293","nom":"Saint-Jean-du-Bois","codes_postaux":["72430"],"code_dep":"72","code_region":"52","population":616,"surface_km2":14.69,"lat":47.8647,"lon":-0.03,"fibre_pct":100.0,"vivrescore":100},{"code_insee":"72294","nom":"Saint-Léonard-des-Bois","codes_postaux":["72130"],"code_dep":"72","code_region":"52","population":471,"surface_km2":27.4,"lat":48.3543,"lon":-0.0893,"fibre_pct":100.0,"vivrescore":100},{"code_insee":"72295","nom":"Saint-Longis","codes_postaux":["72600"],"code_dep":"72","code_region":"52","population":509,"surface_km2":11.21,"lat":48.3552,"lon":0.3359,"fibre_pct":100.0,"vivrescore":100},{"code_insee":"72296","nom":"Saint-Maixent","codes_postaux":["72320"],"code_dep":"72","code_region":"52","population":741,"surface_km2":22.41,"lat":48.1079,"lon":0.6462,"fibre_pct":98.8,"vivrescore":100},{"code_insee":"72297","nom":"Saint-Marceau","codes_postaux":["72170"],"code_dep":"72","code_region":"52","population":530,"surface_km2":8.92,"lat":48.1833,"lon":0.1225,"fibre_pct":92.0,"vivrescore":80},{"code_insee":"72299","nom":"Saint-Mars-d'Outillé","codes_postaux":["72220"],"code_dep":"72","code_region":"52","population":2483,"surface_km2":38.39,"lat":47.873,"lon":0.3436,"fibre_pct":98.3,"vivrescore":100},{"code_insee":"72300","nom":"Saint-Mars-la-Brière","codes_postaux":["72470"],"code_dep":"72","code_region":"52","population":2681,"surface_km2":34.57,"lat":48.0266,"lon":0.3826,"fibre_pct":100.0,"vivrescore":100},{"code_insee":"72302","nom":"Saint-Martin-des-Monts","codes_postaux":["72400"],"code_dep":"72","code_region":"52","population":178,"surface_km2":5.7,"lat":48.1503,"lon":0.5989,"fibre_pct":100.0,"vivrescore":100},{"code_insee":"72303","nom":"Saint-Michel-de-Chavaignes","codes_postaux":["72440"],"code_dep":"72","code_region":"52","population":737,"surface_km2":18.54,"lat":48.0098,"lon":0.5764,"fibre_pct":100.0,"vivrescore":100},{"code_insee":"72305","nom":"Saint-Ouen-de-Mimbré","codes_postaux":["72130"],"code_dep":"72","code_region":"52","population":901,"surface_km2":10.72,"lat":48.2889,"lon":0.0504,"fibre_pct":100.0,"vivrescore":100},{"code_insee":"72306","nom":"Saint-Ouen-en-Belin","codes_postaux":["72220"],"code_dep":"72","code_region":"52","population":1313,"surface_km2":15.29,"lat":47.8339,"lon":0.2188,"fibre_pct":100.0,"vivrescore":100},{"code_insee":"72307","nom":"Saint-Ouen-en-Champagne","codes_postaux":["72350"],"code_dep":"72","code_region":"52","population":237,"surface_km2":11.17,"lat":47.9559,"lon":-0.1767,"fibre_pct":100.0,"vivrescore":100},{"code_insee":"72308","nom":"Saint-Paterne - Le Chevain","codes_postaux":["72610"],"code_dep":"72","code_region":"52","population":2076,"surface_km2":12.97,"lat":48.4167,"lon":0.125,"fibre_pct":66.5,"vivrescore":60},{"code_insee":"72309","nom":"Saint-Paul-le-Gaultier","codes_postaux":["72130"],"code_dep":"72","code_region":"52","population":285,"surface_km2":15.21,"lat":48.3262,"lon":-0.1117,"fibre_pct":100.0,"vivrescore":100},{"code_insee":"72310","nom":"Saint-Pavace","codes_postaux":["72190"],"code_dep":"72","code_region":"52","population":2007,"surface_km2":5.19,"lat":48.0399,"lon":0.1931,"fibre_pct":99.6,"vivrescore":100},{"code_insee":"72311","nom":"Saint-Pierre-de-Chevillé","codes_postaux":["72500"],"code_dep":"72","code_region":"52","population":334,"surface_km2":11.47,"lat":47.6361,"lon":0.4293,"fibre_pct":97.3,"vivrescore":100},{"code_insee":"72312","nom":"Saint-Pierre-des-Bois","codes_postaux":["72430"],"code_dep":"72","code_region":"52","population":220,"surface_km2":7.51,"lat":47.9421,"lon":-0.1355,"fibre_pct":96.3,"vivrescore":100},{"code_insee":"72313","nom":"Saint-Pierre-des-Ormes","codes_postaux":["72600"],"code_dep":"72","code_region":"52","population":206,"surface_km2":10.24,"lat":48.2953,"lon":0.4223,"fibre_pct":100.0,"vivrescore":100},{"code_insee":"72314","nom":"Saint-Pierre-du-Lorouër","codes_postaux":["72150"],"code_dep":"72","code_region":"52","population":356,"surface_km2":16.62,"lat":47.7974,"lon":0.5031,"fibre_pct":100.0,"vivrescore":100},{"code_insee":"72315","nom":"Saint-Rémy-de-Sillé","codes_postaux":["72140"],"code_dep":"72","code_region":"52","population":828,"surface_km2":11.48,"lat":48.1844,"lon":-0.1034,"fibre_pct":100.0,"vivrescore":100},{"code_insee":"72316","nom":"Saint-Rémy-des-Monts","codes_postaux":["72600"],"code_dep":"72","code_region":"52","population":713,"surface_km2":10.27,"lat":48.321,"lon":0.3796,"fibre_pct":100.0,"vivrescore":100},{"code_insee":"72317","nom":"Saint-Rémy-du-Val","codes_postaux":["72600"],"code_dep":"72","code_region":"52","population":493,"surface_km2":16.61,"lat":48.3524,"lon":0.2491,"fibre_pct":100.0,"vivrescore":100},{"code_insee":"72319","nom":"Sainte-Sabine-sur-Longève","codes_postaux":["72380"],"code_dep":"72","code_region":"52","population":743,"surface_km2":11.88,"lat":48.1355,"lon":0.0876,"fibre_pct":100.0,"vivrescore":100},{"code_insee":"72320","nom":"Saint-Saturnin","codes_postaux":["72650"],"code_dep":"72","code_region":"52","population":2774,"surface_km2":9.68,"lat":48.0607,"lon":0.1755,"fibre_pct":98.6,"vivrescore":100},{"code_insee":"72321","nom":"Saint-Symphorien","codes_postaux":["72240"],"code_dep":"72","code_region":"52","population":509,"surface_km2":22.57,"lat":48.0807,"lon":-0.1376,"fibre_pct":98.6,"vivrescore":100},{"code_insee":"72322","nom":"Saint-Ulphace","codes_postaux":["72320"],"code_dep":"72","code_region":"52","population":222,"surface_km2":16.06,"lat":48.1584,"lon":0.8486,"fibre_pct":97.2,"vivrescore":100},{"code_insee":"72323","nom":"Saint-Victeur","codes_postaux":["72130"],"code_dep":"72","code_region":"52","population":432,"surface_km2":7.16,"lat":48.3173,"lon":0.0384,"fibre_pct":100.0,"vivrescore":100},{"code_insee":"72324","nom":"Saint-Vincent-des-Prés","codes_postaux":["72600"],"code_dep":"72","code_region":"52","population":502,"surface_km2":10.6,"lat":48.297,"lon":0.3718,"fibre_pct":100.0,"vivrescore":100},{"code_insee":"72325","nom":"Saint-Vincent-du-Lorouër","codes_postaux":["72150"],"code_dep":"72","code_region":"52","population":814,"surface_km2":27.03,"lat":47.8151,"lon":0.4792,"fibre_pct":95.2,"vivrescore":100},{"code_insee":"72326","nom":"Saosnes","codes_postaux":["72600"],"code_dep":"72","code_region":"52","population":216,"surface_km2":11.42,"lat":48.3267,"lon":0.2909,"fibre_pct":100.0,"vivrescore":100},{"code_insee":"72327","nom":"Sarcé","codes_postaux":["72360"],"code_dep":"72","code_region":"52","population":264,"surface_km2":11.0,"lat":47.7245,"lon":0.23,"fibre_pct":100.0,"vivrescore":100},{"code_insee":"72328","nom":"Sargé-lès-le-Mans","codes_postaux":["72190"],"code_dep":"72","code_region":"52","population":3851,"surface_km2":13.93,"lat":48.0394,"lon":0.2503,"fibre_pct":90.0,"vivrescore":80},{"code_insee":"72329","nom":"Savigné-l'Évêque","codes_postaux":["72460"],"code_dep":"72","code_region":"52","population":4031,"surface_km2":28.47,"lat":48.0836,"lon":0.281,"fibre_pct":99.6,"vivrescore":100},{"code_insee":"72330","nom":"Savigné-sous-le-Lude","codes_postaux":["72800"],"code_dep":"72","code_region":"52","population":446,"surface_km2":33.98,"lat":47.6338,"lon":0.0648,"fibre_pct":98.4,"vivrescore":100},{"code_insee":"72331","nom":"Sceaux-sur-Huisne","codes_postaux":["72160"],"code_dep":"72","code_region":"52","population":587,"surface_km2":11.85,"lat":48.0988,"lon":0.5791,"fibre_pct":100.0,"vivrescore":100},{"code_insee":"72332","nom":"Ségrie","codes_postaux":["72170"],"code_dep":"72","code_region":"52","population":592,"surface_km2":22.1,"lat":48.2122,"lon":0.0117,"fibre_pct":98.7,"vivrescore":100},{"code_insee":"72333","nom":"Semur-en-Vallon","codes_postaux":["72390"],"code_dep":"72","code_region":"52","population":428,"surface_km2":15.26,"lat":48.021,"lon":0.6744,"fibre_pct":100.0,"vivrescore":100},{"code_insee":"72334","nom":"Sillé-le-Guillaume","codes_postaux":["72140"],"code_dep":"72","code_region":"52","population":2195,"surface_km2":12.99,"lat":48.1896,"lon":-0.1333,"fibre_pct":99.8,"vivrescore":100},{"code_insee":"72335","nom":"Sillé-le-Philippe","codes_postaux":["72460"],"code_dep":"72","code_region":"52","population":1085,"surface_km2":10.63,"lat":48.1054,"lon":0.3503,"fibre_pct":99.6,"vivrescore":100},{"code_insee":"72336","nom":"Solesmes","codes_postaux":["72300"],"code_dep":"72","code_region":"52","population":1240,"surface_km2":11.49,"lat":47.8409,"lon":-0.2832,"fibre_pct":99.9,"vivrescore":100},{"code_insee":"72337","nom":"Sougé-le-Ganelon","codes_postaux":["72130"],"code_dep":"72","code_region":"52","population":826,"surface_km2":18.32,"lat":48.3158,"lon":-0.0425,"fibre_pct":100.0,"vivrescore":100},{"code_insee":"72338","nom":"Souillé","codes_postaux":["72380"],"code_dep":"72","code_region":"52","population":797,"surface_km2":4.57,"lat":48.1208,"lon":0.1722,"fibre_pct":100.0,"vivrescore":100},{"code_insee":"72339","nom":"Souligné-Flacé","codes_postaux":["72210"],"code_dep":"72","code_region":"52","population":636,"surface_km2":16.61,"lat":47.9683,"lon":0.018,"fibre_pct":100.0,"vivrescore":100},{"code_insee":"72340","nom":"Souligné-sous-Ballon","codes_postaux":["72290"],"code_dep":"72","code_region":"52","population":1244,"surface_km2":12.78,"lat":48.1336,"lon":0.2338,"fibre_pct":99.8,"vivrescore":100},{"code_insee":"72341","nom":"Soulitré","codes_postaux":["72370"],"code_dep":"72","code_region":"52","population":597,"surface_km2":10.96,"lat":48.0205,"lon":0.4402,"fibre_pct":100.0,"vivrescore":100},{"code_insee":"72342","nom":"Souvigné-sur-Même","codes_postaux":["72400"],"code_dep":"72","code_region":"52","population":164,"surface_km2":6.48,"lat":48.2132,"lon":0.6473,"fibre_pct":100.0,"vivrescore":100},{"code_insee":"72343","nom":"Souvigné-sur-Sarthe","codes_postaux":["72300"],"code_dep":"72","code_region":"52","population":603,"surface_km2":17.22,"lat":47.8266,"lon":-0.4103,"fibre_pct":98.8,"vivrescore":100},{"code_insee":"72344","nom":"Spay","codes_postaux":["72700"],"code_dep":"72","code_region":"52","population":2808,"surface_km2":14.13,"lat":47.9215,"lon":0.1501,"fibre_pct":100.0,"vivrescore":100},{"code_insee":"72345","nom":"Surfonds","codes_postaux":["72370"],"code_dep":"72","code_region":"52","population":339,"surface_km2":4.91,"lat":47.9805,"lon":0.4623,"fibre_pct":98.9,"vivrescore":100},{"code_insee":"72346","nom":"La Suze-sur-Sarthe","codes_postaux":["72210"],"code_dep":"72","code_region":"52","population":4693,"surface_km2":21.51,"lat":47.8766,"lon":0.0243,"fibre_pct":100.0,"vivrescore":100},{"code_insee":"72347","nom":"Tassé","codes_postaux":["72430"],"code_dep":"72","code_region":"52","population":287,"surface_km2":10.78,"lat":47.8898,"lon":-0.1531,"fibre_pct":100.0,"vivrescore":100},{"code_insee":"72348","nom":"Tassillé","codes_postaux":["72540"],"code_dep":"72","code_region":"52","population":136,"surface_km2":6.52,"lat":47.9893,"lon":-0.095,"fibre_pct":100.0,"vivrescore":100},{"code_insee":"72349","nom":"Teillé","codes_postaux":["72290"],"code_dep":"72","code_region":"52","population":543,"surface_km2":11.7,"lat":48.186,"lon":0.179,"fibre_pct":100.0,"vivrescore":100},{"code_insee":"72350","nom":"Teloché","codes_postaux":["72220"],"code_dep":"72","code_region":"52","population":3067,"surface_km2":22.97,"lat":47.8904,"lon":0.2805,"fibre_pct":100.0,"vivrescore":100},{"code_insee":"72351","nom":"Tennie","codes_postaux":["72240"],"code_dep":"72","code_region":"52","population":1000,"surface_km2":33.17,"lat":48.1121,"lon":-0.0987,"fibre_pct":100.0,"vivrescore":100},{"code_insee":"72352","nom":"Terrehault","codes_postaux":["72110"],"code_dep":"72","code_region":"52","population":139,"surface_km2":5.82,"lat":48.2025,"lon":0.4078,"fibre_pct":100.0,"vivrescore":100},{"code_insee":"72353","nom":"Théligny","codes_postaux":["72320"],"code_dep":"72","code_region":"52","population":215,"surface_km2":14.52,"lat":48.1707,"lon":0.7882,"fibre_pct":95.7,"vivrescore":100},{"code_insee":"72354","nom":"Thoigné","codes_postaux":["72260"],"code_dep":"72","code_region":"52","population":165,"surface_km2":7.37,"lat":48.2864,"lon":0.2502,"fibre_pct":100.0,"vivrescore":100},{"code_insee":"72355","nom":"Thoiré-sous-Contensor","codes_postaux":["72610"],"code_dep":"72","code_region":"52","population":111,"surface_km2":6.06,"lat":48.3113,"lon":0.2043,"fibre_pct":100.0,"vivrescore":100},{"code_insee":"72356","nom":"Thoiré-sur-Dinan","codes_postaux":["72500"],"code_dep":"72","code_region":"52","population":399,"surface_km2":17.78,"lat":47.7663,"lon":0.4603,"fibre_pct":99.7,"vivrescore":100},{"code_insee":"72357","nom":"Thorée-les-Pins","codes_postaux":["72800"],"code_dep":"72","code_region":"52","population":744,"surface_km2":28.14,"lat":47.664,"lon":0.0385,"fibre_pct":93.5,"vivrescore":80},{"code_insee":"72358","nom":"Thorigné-sur-Dué","codes_postaux":["72160"],"code_dep":"72","code_region":"52","population":1637,"surface_km2":19.21,"lat":48.0294,"lon":0.5175,"fibre_pct":100.0,"vivrescore":100},{"code_insee":"72359","nom":"Torcé-en-Vallée","codes_postaux":["72110"],"code_dep":"72","code_region":"52","population":1397,"surface_km2":17.01,"lat":48.1326,"lon":0.3934,"fibre_pct":99.9,"vivrescore":100},{"code_insee":"72360","nom":"Trangé","codes_postaux":["72650"],"code_dep":"72","code_region":"52","population":1637,"surface_km2":11.2,"lat":48.0324,"lon":0.115,"fibre_pct":99.6,"vivrescore":100},{"code_insee":"72361","nom":"Tresson","codes_postaux":["72440"],"code_dep":"72","code_region":"52","population":511,"surface_km2":29.55,"lat":47.9012,"lon":0.5588,"fibre_pct":99.2,"vivrescore":100},{"code_insee":"72362","nom":"Le Tronchet","codes_postaux":["72170"],"code_dep":"72","code_region":"52","population":170,"surface_km2":3.9,"lat":48.18,"lon":0.08,"fibre_pct":100.0,"vivrescore":100},{"code_insee":"72363","nom":"Tuffé Val de la Chéronne","codes_postaux":["72160"],"code_dep":"72","code_region":"52","population":1680,"surface_km2":29.37,"lat":48.1176,"lon":0.5183,"fibre_pct":100.0,"vivrescore":100},{"code_insee":"72364","nom":"Vaas","codes_postaux":["72500"],"code_dep":"72","code_region":"52","population":1371,"surface_km2":30.35,"lat":47.6728,"lon":0.3074,"fibre_pct":99.8,"vivrescore":100},{"code_insee":"72366","nom":"Valennes","codes_postaux":["72320"],"code_dep":"72","code_region":"52","population":303,"surface_km2":26.68,"lat":48.0036,"lon":0.8069,"fibre_pct":100.0,"vivrescore":100},{"code_insee":"72367","nom":"Vallon-sur-Gée","codes_postaux":["72540"],"code_dep":"72","code_region":"52","population":774,"surface_km2":17.31,"lat":47.9573,"lon":-0.0831,"fibre_pct":100.0,"vivrescore":100},{"code_insee":"72368","nom":"Vancé","codes_postaux":["72310"],"code_dep":"72","code_region":"52","population":283,"surface_km2":12.63,"lat":47.8305,"lon":0.6553,"fibre_pct":100.0,"vivrescore":100},{"code_insee":"72369","nom":"Verneil-le-Chétif","codes_postaux":["72360"],"code_dep":"72","code_region":"52","population":584,"surface_km2":14.81,"lat":47.7227,"lon":0.295,"fibre_pct":100.0,"vivrescore":100},{"code_insee":"72370","nom":"Vernie","codes_postaux":["72170"],"code_dep":"72","code_region":"52","population":346,"surface_km2":9.96,"lat":48.1818,"lon":0.0175,"fibre_pct":100.0,"vivrescore":100},{"code_insee":"72372","nom":"Vezot","codes_postaux":["72600"],"code_dep":"72","code_region":"52","population":75,"surface_km2":6.37,"lat":48.3537,"lon":0.2961,"fibre_pct":100.0,"vivrescore":100},{"code_insee":"72373","nom":"Vibraye","codes_postaux":["72320"],"code_dep":"72","code_region":"52","population":2523,"surface_km2":43.78,"lat":48.0489,"lon":0.7412,"fibre_pct":100.0,"vivrescore":100},{"code_insee":"72374","nom":"Villaines-la-Carelle","codes_postaux":["72600"],"code_dep":"72","code_region":"52","population":132,"surface_km2":14.8,"lat":48.393,"lon":0.2975,"fibre_pct":100.0,"vivrescore":100},{"code_insee":"72375","nom":"Villaines-la-Gonais","codes_postaux":["72400"],"code_dep":"72","code_region":"52","population":510,"surface_km2":10.37,"lat":48.1359,"lon":0.6097,"fibre_pct":98.1,"vivrescore":100},{"code_insee":"72376","nom":"Villaines-sous-Lucé","codes_postaux":["72150"],"code_dep":"72","code_region":"52","population":645,"surface_km2":25.51,"lat":47.8798,"lon":0.5024,"fibre_pct":99.5,"vivrescore":100},{"code_insee":"72377","nom":"Villaines-sous-Malicorne","codes_postaux":["72270"],"code_dep":"72","code_region":"52","population":1032,"surface_km2":19.51,"lat":47.7539,"lon":-0.1058,"fibre_pct":99.3,"vivrescore":100},{"code_insee":"72378","nom":"Vion","codes_postaux":["72300"],"code_dep":"72","code_region":"52","population":1366,"surface_km2":20.27,"lat":47.8136,"lon":-0.2654,"fibre_pct":99.4,"vivrescore":100},{"code_insee":"72379","nom":"Viré-en-Champagne","codes_postaux":["72350"],"code_dep":"72","code_region":"52","population":204,"surface_km2":11.36,"lat":47.9862,"lon":-0.2921,"fibre_pct":100.0,"vivrescore":100},{"code_insee":"72380","nom":"Vivoin","codes_postaux":["72170"],"code_dep":"72","code_region":"52","population":892,"surface_km2":18.35,"lat":48.246,"lon":0.1639,"fibre_pct":99.6,"vivrescore":100},{"code_insee":"72381","nom":"Voivres-lès-le-Mans","codes_postaux":["72210"],"code_dep":"72","code_region":"52","population":1345,"surface_km2":11.6,"lat":47.9274,"lon":0.0781,"fibre_pct":99.7,"vivrescore":100},{"code_insee":"72382","nom":"Val-de-la-Hune","codes_postaux":["72440"],"code_dep":"72","code_region":"52","population":1521,"surface_km2":41.65,"lat":47.9409,"lon":0.4929,"fibre_pct":99.5,"vivrescore":100},{"code_insee":"72383","nom":"Vouvray-sur-Huisne","codes_postaux":["72160"],"code_dep":"72","code_region":"52","population":131,"surface_km2":3.35,"lat":48.0845,"lon":0.5539,"fibre_pct":98.6,"vivrescore":100},{"code_insee":"72385","nom":"Yvré-le-Pôlin","codes_postaux":["72330"],"code_dep":"72","code_region":"52","population":1717,"surface_km2":21.81,"lat":47.8376,"lon":0.1563,"fibre_pct":99.2,"vivrescore":100},{"code_insee":"72386","nom":"Yvré-l'Évêque","codes_postaux":["72530"],"code_dep":"72","code_region":"52","population":4181,"surface_km2":27.66,"lat":48.0265,"lon":0.2855,"fibre_pct":95.4,"vivrescore":100}]