[{"code_insee":"73001","nom":"Aiguebelette-le-Lac","codes_postaux":["73610"],"code_dep":"73","code_region":"84","population":255,"surface_km2":7.9,"lat":45.5446,"lon":5.8111},{"code_insee":"73003","nom":"Grand-Aigueblanche","codes_postaux":["73260"],"code_dep":"73","code_region":"84","population":3780,"surface_km2":27.34,"lat":45.5151,"lon":6.5162},{"code_insee":"73004","nom":"Aillon-le-Jeune","codes_postaux":["73340"],"code_dep":"73","code_region":"84","population":430,"surface_km2":33.92,"lat":45.6032,"lon":6.0863},{"code_insee":"73005","nom":"Aillon-le-Vieux","codes_postaux":["73340"],"code_dep":"73","code_region":"84","population":221,"surface_km2":21.48,"lat":45.6529,"lon":6.0797},{"code_insee":"73006","nom":"Aime-la-Plagne","codes_postaux":["73210"],"code_dep":"73","code_region":"84","population":4385,"surface_km2":94.23,"lat":45.5661,"lon":6.6119},{"code_insee":"73007","nom":"Aiton","codes_postaux":["73220"],"code_dep":"73","code_region":"84","population":1874,"surface_km2":16.31,"lat":45.5758,"lon":6.2543},{"code_insee":"73008","nom":"Aix-les-Bains","codes_postaux":["73100"],"code_dep":"73","code_region":"84","population":32406,"surface_km2":15.87,"lat":45.6943,"lon":5.9035},{"code_insee":"73010","nom":"Entrelacs","codes_postaux":["73410"],"code_dep":"73","code_region":"84","population":6461,"surface_km2":54.43,"lat":45.7865,"lon":5.9149},{"code_insee":"73011","nom":"Albertville","codes_postaux":["73200"],"code_dep":"73","code_region":"84","population":19978,"surface_km2":17.4,"lat":45.6647,"lon":6.41},{"code_insee":"73012","nom":"Albiez-le-Jeune","codes_postaux":["73300"],"code_dep":"73","code_region":"84","population":139,"surface_km2":12.43,"lat":45.2399,"lon":6.3586},{"code_insee":"73013","nom":"Albiez-Montrond","codes_postaux":["73300"],"code_dep":"73","code_region":"84","population":350,"surface_km2":48.61,"lat":45.1895,"lon":6.3428},{"code_insee":"73014","nom":"Allondaz","codes_postaux":["73200"],"code_dep":"73","code_region":"84","population":298,"surface_km2":4.05,"lat":45.7103,"lon":6.3713},{"code_insee":"73015","nom":"Les Allues","codes_postaux":["73550"],"code_dep":"73","code_region":"84","population":1736,"surface_km2":86.0,"lat":45.3644,"lon":6.5929},{"code_insee":"73017","nom":"Apremont","codes_postaux":["73190"],"code_dep":"73","code_region":"84","population":979,"surface_km2":17.6,"lat":45.4998,"lon":5.9375},{"code_insee":"73018","nom":"Arbin","codes_postaux":["73800"],"code_dep":"73","code_region":"84","population":841,"surface_km2":1.7,"lat":45.5114,"lon":6.0735},{"code_insee":"73019","nom":"Argentine","codes_postaux":["73220"],"code_dep":"73","code_region":"84","population":959,"surface_km2":28.14,"lat":45.4939,"lon":6.3341},{"code_insee":"73020","nom":"Arith","codes_postaux":["73340"],"code_dep":"73","code_region":"84","population":456,"surface_km2":24.1,"lat":45.7238,"lon":6.0613},{"code_insee":"73021","nom":"Arvillard","codes_postaux":["73110"],"code_dep":"73","code_region":"84","population":861,"surface_km2":29.27,"lat":45.4052,"lon":6.16},{"code_insee":"73022","nom":"Attignat-Oncin","codes_postaux":["73610"],"code_dep":"73","code_region":"84","population":574,"surface_km2":18.56,"lat":45.5151,"lon":5.7825},{"code_insee":"73023","nom":"Aussois","codes_postaux":["73500"],"code_dep":"73","code_region":"84","population":676,"surface_km2":42.79,"lat":45.248,"lon":6.7266},{"code_insee":"73024","nom":"Les Avanchers-Valmorel","codes_postaux":["73260"],"code_dep":"73","code_region":"84","population":724,"surface_km2":27.55,"lat":45.4631,"lon":6.443},{"code_insee":"73025","nom":"Avressieux","codes_postaux":["73240"],"code_dep":"73","code_region":"84","population":544,"surface_km2":8.07,"lat":45.5739,"lon":5.6968},{"code_insee":"73026","nom":"Avrieux","codes_postaux":["73500"],"code_dep":"73","code_region":"84","population":386,"surface_km2":38.54,"lat":45.186,"lon":6.7526},{"code_insee":"73027","nom":"Ayn","codes_postaux":["73470"],"code_dep":"73","code_region":"84","population":392,"surface_km2":7.44,"lat":45.5724,"lon":5.7517},{"code_insee":"73028","nom":"La Balme","codes_postaux":["73170"],"code_dep":"73","code_region":"84","population":360,"surface_km2":9.24,"lat":45.6765,"lon":5.7066},{"code_insee":"73029","nom":"Barberaz","codes_postaux":["73000"],"code_dep":"73","code_region":"84","population":5306,"surface_km2":3.62,"lat":45.5528,"lon":5.9388},{"code_insee":"73030","nom":"Barby","codes_postaux":["73230"],"code_dep":"73","code_region":"84","population":3772,"surface_km2":2.49,"lat":45.5705,"lon":5.9815},{"code_insee":"73031","nom":"Bassens","codes_postaux":["73000"],"code_dep":"73","code_region":"84","population":5175,"surface_km2":3.09,"lat":45.582,"lon":5.9387},{"code_insee":"73032","nom":"La Bâthie","codes_postaux":["73540"],"code_dep":"73","code_region":"84","population":2176,"surface_km2":22.35,"lat":45.6324,"lon":6.481},{"code_insee":"73033","nom":"La Bauche","codes_postaux":["73360"],"code_dep":"73","code_region":"84","population":542,"surface_km2":6.59,"lat":45.4813,"lon":5.7711},{"code_insee":"73034","nom":"Beaufort","codes_postaux":["73270"],"code_dep":"73","code_region":"84","population":1989,"surface_km2":152.74,"lat":45.6871,"lon":6.6024},{"code_insee":"73036","nom":"Bellecombe-en-Bauges","codes_postaux":["73340"],"code_dep":"73","code_region":"84","population":793,"surface_km2":22.75,"lat":45.7368,"lon":6.1452},{"code_insee":"73039","nom":"Belmont-Tramonet","codes_postaux":["73330"],"code_dep":"73","code_region":"84","population":505,"surface_km2":5.46,"lat":45.5656,"lon":5.6752},{"code_insee":"73040","nom":"Bessans","codes_postaux":["73480"],"code_dep":"73","code_region":"84","population":341,"surface_km2":154.21,"lat":45.2885,"lon":7.0472},{"code_insee":"73041","nom":"Betton-Bettonet","codes_postaux":["73390"],"code_dep":"73","code_region":"84","population":306,"surface_km2":3.41,"lat":45.5289,"lon":6.1844},{"code_insee":"73042","nom":"Billième","codes_postaux":["73170"],"code_dep":"73","code_region":"84","population":273,"surface_km2":5.98,"lat":45.718,"lon":5.8153},{"code_insee":"73043","nom":"La Biolle","codes_postaux":["73410"],"code_dep":"73","code_region":"84","population":2948,"surface_km2":13.05,"lat":45.7561,"lon":5.9175},{"code_insee":"73047","nom":"Bonneval-sur-Arc","codes_postaux":["73480"],"code_dep":"73","code_region":"84","population":285,"surface_km2":112.07,"lat":45.3805,"lon":7.0918},{"code_insee":"73048","nom":"Bonvillard","codes_postaux":["73460"],"code_dep":"73","code_region":"84","population":351,"surface_km2":16.99,"lat":45.5848,"lon":6.3288},{"code_insee":"73049","nom":"Bonvillaret","codes_postaux":["73220"],"code_dep":"73","code_region":"84","population":154,"surface_km2":8.89,"lat":45.5623,"lon":6.3183},{"code_insee":"73050","nom":"Bourdeau","codes_postaux":["73370"],"code_dep":"73","code_region":"84","population":572,"surface_km2":7.21,"lat":45.6764,"lon":5.8493},{"code_insee":"73051","nom":"Le Bourget-du-Lac","codes_postaux":["73370"],"code_dep":"73","code_region":"84","population":5216,"surface_km2":21.85,"lat":45.642,"lon":5.8536},{"code_insee":"73052","nom":"Bourget-en-Huile","codes_postaux":["73110"],"code_dep":"73","code_region":"84","population":142,"surface_km2":6.76,"lat":45.4811,"lon":6.212},{"code_insee":"73053","nom":"Bourgneuf","codes_postaux":["73390"],"code_dep":"73","code_region":"84","population":656,"surface_km2":6.49,"lat":45.5528,"lon":6.252},{"code_insee":"73054","nom":"Bourg-Saint-Maurice","codes_postaux":["73700"],"code_dep":"73","code_region":"84","population":7270,"surface_km2":182.19,"lat":45.6638,"lon":6.7614},{"code_insee":"73055","nom":"Bozel","codes_postaux":["73350"],"code_dep":"73","code_region":"84","population":2098,"surface_km2":28.79,"lat":45.4576,"lon":6.6537},{"code_insee":"73057","nom":"Brides-les-Bains","codes_postaux":["73570"],"code_dep":"73","code_region":"84","population":442,"surface_km2":2.63,"lat":45.4546,"lon":6.5714},{"code_insee":"73058","nom":"La Bridoire","codes_postaux":["73520"],"code_dep":"73","code_region":"84","population":1202,"surface_km2":6.19,"lat":45.5303,"lon":5.7402},{"code_insee":"73059","nom":"Brison-Saint-Innocent","codes_postaux":["73100"],"code_dep":"73","code_region":"84","population":2445,"surface_km2":15.77,"lat":45.7376,"lon":5.8842},{"code_insee":"73061","nom":"Césarches","codes_postaux":["73200"],"code_dep":"73","code_region":"84","population":441,"surface_km2":2.85,"lat":45.7027,"lon":6.4136},{"code_insee":"73063","nom":"Cevins","codes_postaux":["73730"],"code_dep":"73","code_region":"84","population":706,"surface_km2":32.49,"lat":45.6105,"lon":6.497},{"code_insee":"73064","nom":"Challes-les-Eaux","codes_postaux":["73190"],"code_dep":"73","code_region":"84","population":5630,"surface_km2":5.66,"lat":45.5498,"lon":5.9829},{"code_insee":"73065","nom":"Chambéry","codes_postaux":["73000"],"code_dep":"73","code_region":"84","population":59964,"surface_km2":21.19,"lat":45.5822,"lon":5.9064},{"code_insee":"73067","nom":"La Chambre","codes_postaux":["73130"],"code_dep":"73","code_region":"84","population":1221,"surface_km2":3.08,"lat":45.3687,"lon":6.293},{"code_insee":"73068","nom":"Chamousset","codes_postaux":["73390"],"code_dep":"73","code_region":"84","population":621,"surface_km2":6.35,"lat":45.5655,"lon":6.211},{"code_insee":"73069","nom":"Chamoux-sur-Gelon","codes_postaux":["73390"],"code_dep":"73","code_region":"84","population":966,"surface_km2":10.72,"lat":45.5321,"lon":6.2218},{"code_insee":"73070","nom":"Champagneux","codes_postaux":["73240"],"code_dep":"73","code_region":"84","population":675,"surface_km2":10.65,"lat":45.6296,"lon":5.6709},{"code_insee":"73071","nom":"Champagny-en-Vanoise","codes_postaux":["73350"],"code_dep":"73","code_region":"84","population":540,"surface_km2":97.63,"lat":45.4517,"lon":6.7812},{"code_insee":"73072","nom":"Champ-Laurent","codes_postaux":["73390"],"code_dep":"73","code_region":"84","population":31,"surface_km2":4.95,"lat":45.5082,"lon":6.2136},{"code_insee":"73073","nom":"Chanaz","codes_postaux":["73310"],"code_dep":"73","code_region":"84","population":551,"surface_km2":7.34,"lat":45.8052,"lon":5.7996},{"code_insee":"73074","nom":"La Chapelle","codes_postaux":["73660"],"code_dep":"73","code_region":"84","population":326,"surface_km2":12.12,"lat":45.4226,"lon":6.2967},{"code_insee":"73075","nom":"La Chapelle-Blanche","codes_postaux":["73110"],"code_dep":"73","code_region":"84","population":596,"surface_km2":4.15,"lat":45.4499,"lon":6.0731},{"code_insee":"73076","nom":"La Chapelle-du-Mont-du-Chat","codes_postaux":["73370"],"code_dep":"73","code_region":"84","population":269,"surface_km2":12.2,"lat":45.7176,"lon":5.8504},{"code_insee":"73077","nom":"Les Chapelles","codes_postaux":["73700"],"code_dep":"73","code_region":"84","population":568,"surface_km2":17.34,"lat":45.6199,"lon":6.7072},{"code_insee":"73078","nom":"La Chapelle-Saint-Martin","codes_postaux":["73170"],"code_dep":"73","code_region":"84","population":150,"surface_km2":2.59,"lat":45.6516,"lon":5.7535},{"code_insee":"73079","nom":"Châteauneuf","codes_postaux":["73390"],"code_dep":"73","code_region":"84","population":901,"surface_km2":7.07,"lat":45.5495,"lon":6.1799},{"code_insee":"73081","nom":"Le Châtelard","codes_postaux":["73630"],"code_dep":"73","code_region":"84","population":686,"surface_km2":17.94,"lat":45.6839,"lon":6.1252},{"code_insee":"73082","nom":"La Chavanne","codes_postaux":["73800"],"code_dep":"73","code_region":"84","population":720,"surface_km2":3.07,"lat":45.4934,"lon":6.0646},{"code_insee":"73083","nom":"Les Chavannes-en-Maurienne","codes_postaux":["73660"],"code_dep":"73","code_region":"84","population":220,"surface_km2":4.55,"lat":45.3876,"lon":6.2876},{"code_insee":"73084","nom":"Chignin","codes_postaux":["73800"],"code_dep":"73","code_region":"84","population":923,"surface_km2":8.23,"lat":45.5237,"lon":6.0122},{"code_insee":"73085","nom":"Chindrieux","codes_postaux":["73310"],"code_dep":"73","code_region":"84","population":1531,"surface_km2":19.65,"lat":45.8118,"lon":5.8387},{"code_insee":"73086","nom":"Cléry","codes_postaux":["73460"],"code_dep":"73","code_region":"84","population":367,"surface_km2":10.85,"lat":45.6476,"lon":6.2723},{"code_insee":"73087","nom":"Cognin","codes_postaux":["73160"],"code_dep":"73","code_region":"84","population":6954,"surface_km2":4.46,"lat":45.5602,"lon":5.8915},{"code_insee":"73088","nom":"Cohennoz","codes_postaux":["73400","73590"],"code_dep":"73","code_region":"84","population":137,"surface_km2":13.75,"lat":45.7631,"lon":6.4943},{"code_insee":"73089","nom":"Coise-Saint-Jean-Pied-Gauthier","codes_postaux":["73800"],"code_dep":"73","code_region":"84","population":1305,"surface_km2":10.43,"lat":45.5199,"lon":6.1303},{"code_insee":"73090","nom":"La Compôte","codes_postaux":["73630"],"code_dep":"73","code_region":"84","population":273,"surface_km2":7.52,"lat":45.6604,"lon":6.1453},{"code_insee":"73091","nom":"Conjux","codes_postaux":["73310"],"code_dep":"73","code_region":"84","population":218,"surface_km2":4.88,"lat":45.7934,"lon":5.8239},{"code_insee":"73092","nom":"Corbel","codes_postaux":["73160"],"code_dep":"73","code_region":"84","population":161,"surface_km2":10.31,"lat":45.4388,"lon":5.8306},{"code_insee":"73094","nom":"Crest-Voland","codes_postaux":["73590"],"code_dep":"73","code_region":"84","population":346,"surface_km2":9.97,"lat":45.7851,"lon":6.5123},{"code_insee":"73095","nom":"La Croix-de-la-Rochette","codes_postaux":["73110"],"code_dep":"73","code_region":"84","population":380,"surface_km2":3.04,"lat":45.4752,"lon":6.117},{"code_insee":"73096","nom":"Cruet","codes_postaux":["73800"],"code_dep":"73","code_region":"84","population":1056,"surface_km2":10.09,"lat":45.5324,"lon":6.093},{"code_insee":"73097","nom":"Curienne","codes_postaux":["73190"],"code_dep":"73","code_region":"84","population":704,"surface_km2":8.55,"lat":45.5574,"lon":6.0102},{"code_insee":"73098","nom":"Les Déserts","codes_postaux":["73230"],"code_dep":"73","code_region":"84","population":845,"surface_km2":33.48,"lat":45.6439,"lon":5.9987},{"code_insee":"73099","nom":"Détrier","codes_postaux":["73110"],"code_dep":"73","code_region":"84","population":427,"surface_km2":2.25,"lat":45.4467,"lon":6.1001},{"code_insee":"73100","nom":"Domessin","codes_postaux":["73330"],"code_dep":"73","code_region":"84","population":2005,"surface_km2":9.83,"lat":45.5354,"lon":5.6988},{"code_insee":"73101","nom":"Doucy-en-Bauges","codes_postaux":["73630"],"code_dep":"73","code_region":"84","population":94,"surface_km2":12.4,"lat":45.6971,"lon":6.1761},{"code_insee":"73103","nom":"Drumettaz-Clarafond","codes_postaux":["73420"],"code_dep":"73","code_region":"84","population":3012,"surface_km2":11.35,"lat":45.661,"lon":5.9377},{"code_insee":"73104","nom":"Dullin","codes_postaux":["73610"],"code_dep":"73","code_region":"84","population":497,"surface_km2":5.28,"lat":45.5482,"lon":5.7519},{"code_insee":"73105","nom":"Les Échelles","codes_postaux":["73360"],"code_dep":"73","code_region":"84","population":1286,"surface_km2":3.77,"lat":45.4523,"lon":5.7437},{"code_insee":"73106","nom":"École","codes_postaux":["73630"],"code_dep":"73","code_region":"84","population":305,"surface_km2":29.45,"lat":45.6276,"lon":6.1816},{"code_insee":"73107","nom":"Entremont-le-Vieux","codes_postaux":["73670"],"code_dep":"73","code_region":"84","population":648,"surface_km2":32.96,"lat":45.4634,"lon":5.8808},{"code_insee":"73109","nom":"Épierre","codes_postaux":["73220"],"code_dep":"73","code_region":"84","population":757,"surface_km2":19.44,"lat":45.4479,"lon":6.3274},{"code_insee":"73110","nom":"Esserts-Blay","codes_postaux":["73540"],"code_dep":"73","code_region":"84","population":755,"surface_km2":15.32,"lat":45.63,"lon":6.4198},{"code_insee":"73113","nom":"Feissons-sur-Salins","codes_postaux":["73350"],"code_dep":"73","code_region":"84","population":175,"surface_km2":4.79,"lat":45.4716,"lon":6.5666},{"code_insee":"73114","nom":"Flumet","codes_postaux":["73590"],"code_dep":"73","code_region":"84","population":799,"surface_km2":17.17,"lat":45.8361,"lon":6.5325},{"code_insee":"73116","nom":"Fontcouverte-la-Toussuire","codes_postaux":["73300"],"code_dep":"73","code_region":"84","population":473,"surface_km2":21.53,"lat":45.2516,"lon":6.2771},{"code_insee":"73117","nom":"Fourneaux","codes_postaux":["73500"],"code_dep":"73","code_region":"84","population":701,"surface_km2":5.04,"lat":45.1778,"lon":6.6369},{"code_insee":"73119","nom":"Freney","codes_postaux":["73500"],"code_dep":"73","code_region":"84","population":116,"surface_km2":11.17,"lat":45.1822,"lon":6.6115},{"code_insee":"73120","nom":"Fréterive","codes_postaux":["73250"],"code_dep":"73","code_region":"84","population":640,"surface_km2":11.0,"lat":45.5925,"lon":6.2088},{"code_insee":"73121","nom":"Frontenex","codes_postaux":["73460"],"code_dep":"73","code_region":"84","population":1912,"surface_km2":1.7,"lat":45.6327,"lon":6.3117},{"code_insee":"73122","nom":"Gerbaix","codes_postaux":["73470"],"code_dep":"73","code_region":"84","population":461,"surface_km2":6.9,"lat":45.6069,"lon":5.7378},{"code_insee":"73123","nom":"La Giettaz","codes_postaux":["73590"],"code_dep":"73","code_region":"84","population":381,"surface_km2":35.36,"lat":45.8769,"lon":6.5088},{"code_insee":"73124","nom":"Gilly-sur-Isère","codes_postaux":["73200"],"code_dep":"73","code_region":"84","population":3149,"surface_km2":7.04,"lat":45.6549,"lon":6.3487},{"code_insee":"73128","nom":"Grésy-sur-Aix","codes_postaux":["73100"],"code_dep":"73","code_region":"84","population":4740,"surface_km2":12.67,"lat":45.7259,"lon":5.936},{"code_insee":"73129","nom":"Grésy-sur-Isère","codes_postaux":["73460"],"code_dep":"73","code_region":"84","population":1195,"surface_km2":8.99,"lat":45.6025,"lon":6.245},{"code_insee":"73130","nom":"Grignon","codes_postaux":["73200"],"code_dep":"73","code_region":"84","population":2099,"surface_km2":9.26,"lat":45.6427,"lon":6.38},{"code_insee":"73131","nom":"Hautecour","codes_postaux":["73600"],"code_dep":"73","code_region":"84","population":298,"surface_km2":11.7,"lat":45.5267,"lon":6.5439},{"code_insee":"73132","nom":"Hauteluce","codes_postaux":["73620"],"code_dep":"73","code_region":"84","population":734,"surface_km2":62.68,"lat":45.766,"lon":6.6042},{"code_insee":"73133","nom":"Hauteville","codes_postaux":["73390"],"code_dep":"73","code_region":"84","population":350,"surface_km2":2.45,"lat":45.5259,"lon":6.1688},{"code_insee":"73135","nom":"La Tour-en-Maurienne","codes_postaux":["73300"],"code_dep":"73","code_region":"84","population":1087,"surface_km2":40.94,"lat":45.3113,"lon":6.3636},{"code_insee":"73137","nom":"Jacob-Bellecombette","codes_postaux":["73000"],"code_dep":"73","code_region":"84","population":4499,"surface_km2":2.46,"lat":45.5515,"lon":5.9167},{"code_insee":"73138","nom":"Jarrier","codes_postaux":["73300"],"code_dep":"73","code_region":"84","population":506,"surface_km2":17.69,"lat":45.2885,"lon":6.3052},{"code_insee":"73139","nom":"Jarsy","codes_postaux":["73630"],"code_dep":"73","code_region":"84","population":255,"surface_km2":32.52,"lat":45.6728,"lon":6.2106},{"code_insee":"73140","nom":"Jongieux","codes_postaux":["73170"],"code_dep":"73","code_region":"84","population":289,"surface_km2":6.45,"lat":45.7358,"lon":5.8017},{"code_insee":"73141","nom":"Laissaud","codes_postaux":["73800"],"code_dep":"73","code_region":"84","population":778,"surface_km2":6.51,"lat":45.4549,"lon":6.0319},{"code_insee":"73142","nom":"Landry","codes_postaux":["73210"],"code_dep":"73","code_region":"84","population":813,"surface_km2":10.56,"lat":45.5655,"lon":6.7649},{"code_insee":"73145","nom":"Lépin-le-Lac","codes_postaux":["73610"],"code_dep":"73","code_region":"84","population":466,"surface_km2":5.1,"lat":45.5331,"lon":5.7895},{"code_insee":"73146","nom":"Lescheraines","codes_postaux":["73340"],"code_dep":"73","code_region":"84","population":803,"surface_km2":8.19,"lat":45.7082,"lon":6.1069},{"code_insee":"73147","nom":"Loisieux","codes_postaux":["73170"],"code_dep":"73","code_region":"84","population":236,"surface_km2":9.35,"lat":45.6478,"lon":5.7276},{"code_insee":"73149","nom":"Lucey","codes_postaux":["73170"],"code_dep":"73","code_region":"84","population":286,"surface_km2":6.17,"lat":45.7626,"lon":5.799},{"code_insee":"73150","nom":"La Plagne Tarentaise","codes_postaux":["73210"],"code_dep":"73","code_region":"84","population":3836,"surface_km2":94.51,"lat":45.5684,"lon":6.703},{"code_insee":"73151","nom":"Porte-de-Savoie","codes_postaux":["73800"],"code_dep":"73","code_region":"84","population":3974,"surface_km2":22.19,"lat":45.4874,"lon":5.9812},{"code_insee":"73152","nom":"Marcieux","codes_postaux":["73470"],"code_dep":"73","code_region":"84","population":240,"surface_km2":4.38,"lat":45.6163,"lon":5.7859},{"code_insee":"73153","nom":"Marthod","codes_postaux":["73400"],"code_dep":"73","code_region":"84","population":1346,"surface_km2":14.65,"lat":45.732,"lon":6.3928},{"code_insee":"73154","nom":"Mercury","codes_postaux":["73200"],"code_dep":"73","code_region":"84","population":3495,"surface_km2":22.34,"lat":45.6929,"lon":6.3434},{"code_insee":"73155","nom":"Méry","codes_postaux":["73420"],"code_dep":"73","code_region":"84","population":2150,"surface_km2":9.0,"lat":45.6336,"lon":5.9348},{"code_insee":"73156","nom":"Meyrieux-Trouet","codes_postaux":["73170"],"code_dep":"73","code_region":"84","population":354,"surface_km2":11.04,"lat":45.646,"lon":5.7865},{"code_insee":"73157","nom":"Modane","codes_postaux":["73500"],"code_dep":"73","code_region":"84","population":2849,"surface_km2":74.51,"lat":45.1963,"lon":6.6462},{"code_insee":"73159","nom":"Les Mollettes","codes_postaux":["73800"],"code_dep":"73","code_region":"84","population":870,"surface_km2":5.43,"lat":45.4666,"lon":6.0575},{"code_insee":"73160","nom":"Montagnole","codes_postaux":["73000"],"code_dep":"73","code_region":"84","population":1038,"surface_km2":11.32,"lat":45.5239,"lon":5.9101},{"code_insee":"73161","nom":"Montagny","codes_postaux":["73350"],"code_dep":"73","code_region":"84","population":658,"surface_km2":13.22,"lat":45.4674,"lon":6.5941},{"code_insee":"73162","nom":"Montailleur","codes_postaux":["73460"],"code_dep":"73","code_region":"84","population":671,"surface_km2":15.2,"lat":45.614,"lon":6.2671},{"code_insee":"73164","nom":"Montcel","codes_postaux":["73100"],"code_dep":"73","code_region":"84","population":1111,"surface_km2":15.17,"lat":45.7086,"lon":5.9895},{"code_insee":"73166","nom":"Montendry","codes_postaux":["73390"],"code_dep":"73","code_region":"84","population":49,"surface_km2":8.2,"lat":45.524,"lon":6.2402},{"code_insee":"73168","nom":"Montgilbert","codes_postaux":["73220"],"code_dep":"73","code_region":"84","population":114,"surface_km2":9.58,"lat":45.5341,"lon":6.2765},{"code_insee":"73170","nom":"Monthion","codes_postaux":["73200"],"code_dep":"73","code_region":"84","population":520,"surface_km2":6.33,"lat":45.6218,"lon":6.3711},{"code_insee":"73171","nom":"Montmélian","codes_postaux":["73800"],"code_dep":"73","code_region":"84","population":4024,"surface_km2":5.65,"lat":45.5071,"lon":6.0564},{"code_insee":"73173","nom":"Montricher-Albanne","codes_postaux":["73870"],"code_dep":"73","code_region":"84","population":476,"surface_km2":27.94,"lat":45.2151,"lon":6.4069},{"code_insee":"73175","nom":"Montsapey","codes_postaux":["73220"],"code_dep":"73","code_region":"84","population":85,"surface_km2":26.42,"lat":45.5316,"lon":6.3599},{"code_insee":"73176","nom":"Montvalezan","codes_postaux":["73700"],"code_dep":"73","code_region":"84","population":734,"surface_km2":25.99,"lat":45.6337,"lon":6.8729},{"code_insee":"73177","nom":"Montvernier","codes_postaux":["73300"],"code_dep":"73","code_region":"84","population":240,"surface_km2":6.68,"lat":45.3338,"lon":6.3381},{"code_insee":"73178","nom":"La Motte-en-Bauges","codes_postaux":["73340"],"code_dep":"73","code_region":"84","population":539,"surface_km2":9.87,"lat":45.7113,"lon":6.1304},{"code_insee":"73179","nom":"La Motte-Servolex","codes_postaux":["73290"],"code_dep":"73","code_region":"84","population":12067,"surface_km2":29.67,"lat":45.6037,"lon":5.854},{"code_insee":"73180","nom":"Motz","codes_postaux":["73310"],"code_dep":"73","code_region":"84","population":482,"surface_km2":10.01,"lat":45.9205,"lon":5.8442},{"code_insee":"73181","nom":"Moûtiers","codes_postaux":["73600"],"code_dep":"73","code_region":"84","population":3487,"surface_km2":3.14,"lat":45.4866,"lon":6.538},{"code_insee":"73182","nom":"Mouxy","codes_postaux":["73100"],"code_dep":"73","code_region":"84","population":2311,"surface_km2":6.27,"lat":45.6806,"lon":5.9481},{"code_insee":"73183","nom":"Myans","codes_postaux":["73800"],"code_dep":"73","code_region":"84","population":1318,"surface_km2":3.57,"lat":45.5196,"lon":5.9812},{"code_insee":"73184","nom":"Nances","codes_postaux":["73470"],"code_dep":"73","code_region":"84","population":554,"surface_km2":9.89,"lat":45.5852,"lon":5.7992},{"code_insee":"73186","nom":"Notre-Dame-de-Bellecombe","codes_postaux":["73590"],"code_dep":"73","code_region":"84","population":463,"surface_km2":21.33,"lat":45.7918,"lon":6.5524},{"code_insee":"73187","nom":"La Léchère","codes_postaux":["73260"],"code_dep":"73","code_region":"84","population":2538,"surface_km2":128.97,"lat":45.5261,"lon":6.4666},{"code_insee":"73188","nom":"Notre-Dame-des-Millières","codes_postaux":["73460"],"code_dep":"73","code_region":"84","population":988,"surface_km2":10.36,"lat":45.6147,"lon":6.3576},{"code_insee":"73189","nom":"Notre-Dame-du-Cruet","codes_postaux":["73130"],"code_dep":"73","code_region":"84","population":222,"surface_km2":1.9,"lat":45.3782,"lon":6.3103},{"code_insee":"73190","nom":"Notre-Dame-du-Pré","codes_postaux":["73600"],"code_dep":"73","code_region":"84","population":258,"surface_km2":18.2,"lat":45.5043,"lon":6.6033},{"code_insee":"73191","nom":"Novalaise","codes_postaux":["73470"],"code_dep":"73","code_region":"84","population":2261,"surface_km2":16.26,"lat":45.5864,"lon":5.7672},{"code_insee":"73192","nom":"Le Noyer","codes_postaux":["73340"],"code_dep":"73","code_region":"84","population":230,"surface_km2":12.31,"lat":45.6681,"lon":6.0541},{"code_insee":"73193","nom":"Ontex","codes_postaux":["73310"],"code_dep":"73","code_region":"84","population":84,"surface_km2":4.6,"lat":45.7505,"lon":5.8233},{"code_insee":"73194","nom":"Orelle","codes_postaux":["73140"],"code_dep":"73","code_region":"84","population":324,"surface_km2":73.25,"lat":45.1903,"lon":6.5609},{"code_insee":"73196","nom":"Pallud","codes_postaux":["73200"],"code_dep":"73","code_region":"84","population":784,"surface_km2":5.22,"lat":45.6919,"lon":6.3909},{"code_insee":"73197","nom":"Peisey-Nancroix","codes_postaux":["73210"],"code_dep":"73","code_region":"84","population":632,"surface_km2":72.46,"lat":45.5048,"lon":6.8064},{"code_insee":"73200","nom":"Planaise","codes_postaux":["73800"],"code_dep":"73","code_region":"84","population":560,"surface_km2":4.11,"lat":45.5072,"lon":6.0953},{"code_insee":"73201","nom":"Planay","codes_postaux":["73350"],"code_dep":"73","code_region":"84","population":442,"surface_km2":23.21,"lat":45.424,"lon":6.714},{"code_insee":"73202","nom":"Plancherine","codes_postaux":["73200"],"code_dep":"73","code_region":"84","population":471,"surface_km2":6.77,"lat":45.6764,"lon":6.2936},{"code_insee":"73204","nom":"Le Pont-de-Beauvoisin","codes_postaux":["73330"],"code_dep":"73","code_region":"84","population":2124,"surface_km2":1.85,"lat":45.5358,"lon":5.6807},{"code_insee":"73205","nom":"Le Pontet","codes_postaux":["73110"],"code_dep":"73","code_region":"84","population":133,"surface_km2":8.66,"lat":45.4946,"lon":6.2359},{"code_insee":"73206","nom":"Pralognan-la-Vanoise","codes_postaux":["73710"],"code_dep":"73","code_region":"84","population":689,"surface_km2":106.26,"lat":45.3431,"lon":6.7305},{"code_insee":"73207","nom":"Presle","codes_postaux":["73110"],"code_dep":"73","code_region":"84","population":424,"surface_km2":11.59,"lat":45.4386,"lon":6.1707},{"code_insee":"73208","nom":"Pugny-Chatenod","codes_postaux":["73100"],"code_dep":"73","code_region":"84","population":1071,"surface_km2":5.32,"lat":45.6928,"lon":5.9577},{"code_insee":"73210","nom":"Puygros","codes_postaux":["73190"],"code_dep":"73","code_region":"84","population":406,"surface_km2":10.28,"lat":45.5683,"lon":6.0371},{"code_insee":"73211","nom":"Queige","codes_postaux":["73720"],"code_dep":"73","code_region":"84","population":904,"surface_km2":32.64,"lat":45.7091,"lon":6.4657},{"code_insee":"73212","nom":"Val-d'Arc","codes_postaux":["73220"],"code_dep":"73","code_region":"84","population":2026,"surface_km2":14.24,"lat":45.539,"lon":6.3231},{"code_insee":"73213","nom":"La Ravoire","codes_postaux":["73490"],"code_dep":"73","code_region":"84","population":9332,"surface_km2":6.6,"lat":45.5552,"lon":5.9579},{"code_insee":"73214","nom":"Rochefort","codes_postaux":["73240"],"code_dep":"73","code_region":"84","population":253,"surface_km2":5.6,"lat":45.5802,"lon":5.7088},{"code_insee":"73215","nom":"Valgelon-La Rochette","codes_postaux":["73110"],"code_dep":"73","code_region":"84","population":4207,"surface_km2":7.34,"lat":45.462,"lon":6.1253},{"code_insee":"73216","nom":"Rognaix","codes_postaux":["73730"],"code_dep":"73","code_region":"84","population":479,"surface_km2":8.89,"lat":45.5699,"lon":6.4224},{"code_insee":"73217","nom":"Rotherens","codes_postaux":["73110"],"code_dep":"73","code_region":"84","population":371,"surface_km2":1.74,"lat":45.4725,"lon":6.1366},{"code_insee":"73218","nom":"Ruffieux","codes_postaux":["73310"],"code_dep":"73","code_region":"84","population":819,"surface_km2":13.68,"lat":45.8514,"lon":5.8401},{"code_insee":"73219","nom":"Saint-Alban-de-Montbel","codes_postaux":["73610"],"code_dep":"73","code_region":"84","population":688,"surface_km2":4.55,"lat":45.5524,"lon":5.7765},{"code_insee":"73220","nom":"Saint-Alban-d'Hurtières","codes_postaux":["73220"],"code_dep":"73","code_region":"84","population":404,"surface_km2":19.5,"lat":45.4624,"lon":6.2524},{"code_insee":"73221","nom":"Saint-Alban-des-Villards","codes_postaux":["73130"],"code_dep":"73","code_region":"84","population":92,"surface_km2":23.88,"lat":45.3091,"lon":6.2327},{"code_insee":"73222","nom":"Saint-Alban-Leysse","codes_postaux":["73230"],"code_dep":"73","code_region":"84","population":6734,"surface_km2":8.37,"lat":45.59,"lon":5.9585},{"code_insee":"73223","nom":"Saint-André","codes_postaux":["73500"],"code_dep":"73","code_region":"84","population":449,"surface_km2":30.45,"lat":45.229,"lon":6.614},{"code_insee":"73224","nom":"Saint-Avre","codes_postaux":["73130"],"code_dep":"73","code_region":"84","population":925,"surface_km2":3.51,"lat":45.3472,"lon":6.3179},{"code_insee":"73225","nom":"Saint-Baldoph","codes_postaux":["73190"],"code_dep":"73","code_region":"84","population":2949,"surface_km2":6.23,"lat":45.5303,"lon":5.9459},{"code_insee":"73226","nom":"Saint-Béron","codes_postaux":["73520"],"code_dep":"73","code_region":"84","population":1713,"surface_km2":8.65,"lat":45.502,"lon":5.7254},{"code_insee":"73227","nom":"Courchevel","codes_postaux":["73120"],"code_dep":"73","code_region":"84","population":2290,"surface_km2":68.97,"lat":45.3895,"lon":6.6267},{"code_insee":"73228","nom":"Saint-Cassin","codes_postaux":["73160"],"code_dep":"73","code_region":"84","population":1046,"surface_km2":15.1,"lat":45.5217,"lon":5.8792},{"code_insee":"73229","nom":"Saint-Christophe","codes_postaux":["73360"],"code_dep":"73","code_region":"84","population":545,"surface_km2":11.0,"lat":45.4504,"lon":5.7836},{"code_insee":"73230","nom":"Saint-Colomban-des-Villards","codes_postaux":["73130"],"code_dep":"73","code_region":"84","population":143,"surface_km2":80.69,"lat":45.2542,"lon":6.1911},{"code_insee":"73231","nom":"Saint-Étienne-de-Cuines","codes_postaux":["73130"],"code_dep":"73","code_region":"84","population":1186,"surface_km2":20.6,"lat":45.3471,"lon":6.2469},{"code_insee":"73232","nom":"Sainte-Foy-Tarentaise","codes_postaux":["73640"],"code_dep":"73","code_region":"84","population":686,"surface_km2":110.3,"lat":45.58,"lon":6.9248},{"code_insee":"73233","nom":"Saint-Franc","codes_postaux":["73360"],"code_dep":"73","code_region":"84","population":155,"surface_km2":7.27,"lat":45.4919,"lon":5.7391},{"code_insee":"73234","nom":"Saint-François-de-Sales","codes_postaux":["73340"],"code_dep":"73","code_region":"84","population":190,"surface_km2":14.39,"lat":45.6765,"lon":6.0411},{"code_insee":"73235","nom":"Saint François Longchamp","codes_postaux":["73130"],"code_dep":"73","code_region":"84","population":433,"surface_km2":60.58,"lat":45.3959,"lon":6.3554},{"code_insee":"73236","nom":"Saint-Genix-les-Villages","codes_postaux":["73240"],"code_dep":"73","code_region":"84","population":3095,"surface_km2":25.35,"lat":45.6102,"lon":5.6703},{"code_insee":"73237","nom":"Saint-Georges-d'Hurtières","codes_postaux":["73220"],"code_dep":"73","code_region":"84","population":410,"surface_km2":11.82,"lat":45.509,"lon":6.2832},{"code_insee":"73240","nom":"Sainte-Hélène-du-Lac","codes_postaux":["73800"],"code_dep":"73","code_region":"84","population":855,"surface_km2":7.08,"lat":45.4804,"lon":6.0568},{"code_insee":"73241","nom":"Sainte-Hélène-sur-Isère","codes_postaux":["73460"],"code_dep":"73","code_region":"84","population":1248,"surface_km2":14.45,"lat":45.6023,"lon":6.3315},{"code_insee":"73242","nom":"Saint-Jean-d'Arves","codes_postaux":["73530"],"code_dep":"73","code_region":"84","population":273,"surface_km2":76.17,"lat":45.1709,"lon":6.2609},{"code_insee":"73243","nom":"Saint-Jean-d'Arvey","codes_postaux":["73230"],"code_dep":"73","code_region":"84","population":1721,"surface_km2":12.96,"lat":45.605,"lon":5.991},{"code_insee":"73245","nom":"Saint-Jean-de-Chevelu","codes_postaux":["73170"],"code_dep":"73","code_region":"84","population":834,"surface_km2":12.7,"lat":45.6953,"lon":5.8245},{"code_insee":"73246","nom":"Saint-Jean-de-Couz","codes_postaux":["73160"],"code_dep":"73","code_region":"84","population":304,"surface_km2":7.71,"lat":45.4657,"lon":5.8154},{"code_insee":"73247","nom":"Saint-Jean-de-la-Porte","codes_postaux":["73250"],"code_dep":"73","code_region":"84","population":989,"surface_km2":16.04,"lat":45.5641,"lon":6.1214},{"code_insee":"73248","nom":"Saint-Jean-de-Maurienne","codes_postaux":["73300"],"code_dep":"73","code_region":"84","population":7524,"surface_km2":11.5,"lat":45.2731,"lon":6.3465},{"code_insee":"73249","nom":"Saint-Jeoire-Prieuré","codes_postaux":["73190"],"code_dep":"73","code_region":"84","population":1999,"surface_km2":5.35,"lat":45.5345,"lon":5.9931},{"code_insee":"73250","nom":"Saint-Julien-Mont-Denis","codes_postaux":["73870"],"code_dep":"73","code_region":"84","population":1506,"surface_km2":32.95,"lat":45.2818,"lon":6.4141},{"code_insee":"73252","nom":"Saint-Léger","codes_postaux":["73220"],"code_dep":"73","code_region":"84","population":257,"surface_km2":11.06,"lat":45.4415,"lon":6.2591},{"code_insee":"73253","nom":"Saint-Marcel","codes_postaux":["73600"],"code_dep":"73","code_region":"84","population":611,"surface_km2":8.87,"lat":45.5002,"lon":6.567},{"code_insee":"73254","nom":"Sainte-Marie-d'Alvey","codes_postaux":["73240"],"code_dep":"73","code_region":"84","population":133,"surface_km2":2.61,"lat":45.5954,"lon":5.7133},{"code_insee":"73255","nom":"Sainte-Marie-de-Cuines","codes_postaux":["73130"],"code_dep":"73","code_region":"84","population":847,"surface_km2":14.99,"lat":45.3227,"lon":6.2919},{"code_insee":"73256","nom":"Saint-Martin-d'Arc","codes_postaux":["73140"],"code_dep":"73","code_region":"84","population":298,"surface_km2":4.92,"lat":45.2065,"lon":6.4596},{"code_insee":"73257","nom":"Les Belleville","codes_postaux":["73440","73600"],"code_dep":"73","code_region":"84","population":3498,"surface_km2":227.82,"lat":45.3628,"lon":6.506},{"code_insee":"73258","nom":"Saint-Martin-de-la-Porte","codes_postaux":["73140"],"code_dep":"73","code_region":"84","population":698,"surface_km2":19.24,"lat":45.2595,"lon":6.4643},{"code_insee":"73259","nom":"Saint-Martin-sur-la-Chambre","codes_postaux":["73130"],"code_dep":"73","code_region":"84","population":525,"surface_km2":4.68,"lat":45.3736,"lon":6.3218},{"code_insee":"73261","nom":"Saint-Michel-de-Maurienne","codes_postaux":["73140"],"code_dep":"73","code_region":"84","population":2395,"surface_km2":36.31,"lat":45.2401,"lon":6.4951},{"code_insee":"73262","nom":"Saint-Nicolas-la-Chapelle","codes_postaux":["73590"],"code_dep":"73","code_region":"84","population":502,"surface_km2":23.66,"lat":45.8238,"lon":6.4782},{"code_insee":"73263","nom":"Saint-Offenge","codes_postaux":["73100"],"code_dep":"73","code_region":"84","population":1179,"surface_km2":15.66,"lat":45.7132,"lon":6.0075},{"code_insee":"73265","nom":"Saint-Ours","codes_postaux":["73410"],"code_dep":"73","code_region":"84","population":775,"surface_km2":4.59,"lat":45.7561,"lon":5.9824},{"code_insee":"73267","nom":"Saint-Pancrace","codes_postaux":["73300"],"code_dep":"73","code_region":"84","population":307,"surface_km2":5.69,"lat":45.2662,"lon":6.2978},{"code_insee":"73268","nom":"Saint-Paul-sur-Isère","codes_postaux":["73730"],"code_dep":"73","code_region":"84","population":543,"surface_km2":20.8,"lat":45.5862,"lon":6.4074},{"code_insee":"73269","nom":"Saint-Paul-sur-Yenne","codes_postaux":["73170"],"code_dep":"73","code_region":"84","population":747,"surface_km2":13.22,"lat":45.6721,"lon":5.7935},{"code_insee":"73270","nom":"Saint-Pierre-d'Albigny","codes_postaux":["73250"],"code_dep":"73","code_region":"84","population":4217,"surface_km2":19.2,"lat":45.5769,"lon":6.1591},{"code_insee":"73271","nom":"Saint-Pierre-d'Alvey","codes_postaux":["73170"],"code_dep":"73","code_region":"84","population":305,"surface_km2":7.71,"lat":45.6265,"lon":5.7378},{"code_insee":"73272","nom":"Saint-Pierre-de-Belleville","codes_postaux":["73220"],"code_dep":"73","code_region":"84","population":184,"surface_km2":7.38,"lat":45.4505,"lon":6.2517},{"code_insee":"73273","nom":"Saint-Pierre-de-Curtille","codes_postaux":["73310"],"code_dep":"73","code_region":"84","population":472,"surface_km2":18.45,"lat":45.7634,"lon":5.8318},{"code_insee":"73274","nom":"Saint-Pierre-d'Entremont","codes_postaux":["73670"],"code_dep":"73","code_region":"84","population":383,"surface_km2":18.39,"lat":45.4173,"lon":5.8813},{"code_insee":"73275","nom":"Saint-Pierre-de-Genebroz","codes_postaux":["73360"],"code_dep":"73","code_region":"84","population":334,"surface_km2":6.14,"lat":45.4618,"lon":5.7671},{"code_insee":"73276","nom":"Saint-Pierre-de-Soucy","codes_postaux":["73800"],"code_dep":"73","code_region":"84","population":437,"surface_km2":9.02,"lat":45.4883,"lon":6.1061},{"code_insee":"73277","nom":"Sainte-Reine","codes_postaux":["73630"],"code_dep":"73","code_region":"84","population":177,"surface_km2":14.5,"lat":45.6085,"lon":6.1444},{"code_insee":"73278","nom":"Saint-Rémy-de-Maurienne","codes_postaux":["73660"],"code_dep":"73","code_region":"84","population":1289,"surface_km2":44.23,"lat":45.3872,"lon":6.2417},{"code_insee":"73280","nom":"Saint-Sorlin-d'Arves","codes_postaux":["73530"],"code_dep":"73","code_region":"84","population":347,"surface_km2":44.42,"lat":45.1994,"lon":6.2005},{"code_insee":"73281","nom":"Saint-Sulpice","codes_postaux":["73160"],"code_dep":"73","code_region":"84","population":821,"surface_km2":8.81,"lat":45.5645,"lon":5.8478},{"code_insee":"73282","nom":"Saint-Thibaud-de-Couz","codes_postaux":["73160"],"code_dep":"73","code_region":"84","population":1107,"surface_km2":24.14,"lat":45.493,"lon":5.8321},{"code_insee":"73283","nom":"Saint-Vital","codes_postaux":["73460"],"code_dep":"73","code_region":"84","population":767,"surface_km2":3.59,"lat":45.6271,"lon":6.3016},{"code_insee":"73284","nom":"Salins-Fontaine","codes_postaux":["73600"],"code_dep":"73","code_region":"84","population":941,"surface_km2":8.63,"lat":45.4675,"lon":6.5262},{"code_insee":"73285","nom":"Séez","codes_postaux":["73700"],"code_dep":"73","code_region":"84","population":2459,"surface_km2":42.66,"lat":45.643,"lon":6.8457},{"code_insee":"73286","nom":"Serrières-en-Chautagne","codes_postaux":["73310"],"code_dep":"73","code_region":"84","population":1156,"surface_km2":18.8,"lat":45.8809,"lon":5.842},{"code_insee":"73288","nom":"Sonnaz","codes_postaux":["73000"],"code_dep":"73","code_region":"84","population":2130,"surface_km2":6.78,"lat":45.621,"lon":5.9184},{"code_insee":"73289","nom":"La Table","codes_postaux":["73110"],"code_dep":"73","code_region":"84","population":445,"surface_km2":14.89,"lat":45.472,"lon":6.1817},{"code_insee":"73290","nom":"Val-Cenis","codes_postaux":["73480","73500"],"code_dep":"73","code_region":"84","population":2112,"surface_km2":456.05,"lat":45.2764,"lon":6.8916},{"code_insee":"73292","nom":"Thénésol","codes_postaux":["73200"],"code_dep":"73","code_region":"84","population":326,"surface_km2":5.45,"lat":45.7169,"lon":6.3844},{"code_insee":"73293","nom":"Thoiry","codes_postaux":["73230"],"code_dep":"73","code_region":"84","population":456,"surface_km2":17.67,"lat":45.5983,"lon":6.0466},{"code_insee":"73294","nom":"La Thuile","codes_postaux":["73190"],"code_dep":"73","code_region":"84","population":353,"surface_km2":18.23,"lat":45.5407,"lon":6.0598},{"code_insee":"73296","nom":"Tignes","codes_postaux":["73320"],"code_dep":"73","code_region":"84","population":1919,"surface_km2":91.33,"lat":45.4744,"lon":6.9612},{"code_insee":"73297","nom":"Tournon","codes_postaux":["73460"],"code_dep":"73","code_region":"84","population":569,"surface_km2":4.85,"lat":45.6381,"lon":6.3281},{"code_insee":"73298","nom":"Tours-en-Savoie","codes_postaux":["73790"],"code_dep":"73","code_region":"84","population":945,"surface_km2":15.27,"lat":45.6647,"lon":6.4626},{"code_insee":"73299","nom":"Traize","codes_postaux":["73170"],"code_dep":"73","code_region":"84","population":335,"surface_km2":9.47,"lat":45.6739,"lon":5.7384},{"code_insee":"73300","nom":"Tresserve","codes_postaux":["73100"],"code_dep":"73","code_region":"84","population":2909,"surface_km2":8.17,"lat":45.6765,"lon":5.8888},{"code_insee":"73301","nom":"Trévignin","codes_postaux":["73100"],"code_dep":"73","code_region":"84","population":870,"surface_km2":6.85,"lat":45.7053,"lon":5.9683},{"code_insee":"73302","nom":"La Trinité","codes_postaux":["73110"],"code_dep":"73","code_region":"84","population":381,"surface_km2":4.87,"lat":45.504,"lon":6.1515},{"code_insee":"73303","nom":"Ugine","codes_postaux":["73400"],"code_dep":"73","code_region":"84","population":7154,"surface_km2":57.38,"lat":45.7796,"lon":6.425},{"code_insee":"73304","nom":"Val-d'Isère","codes_postaux":["73150"],"code_dep":"73","code_region":"84","population":1567,"surface_km2":107.46,"lat":45.4232,"lon":7.0151},{"code_insee":"73306","nom":"Valloire","codes_postaux":["73450"],"code_dep":"73","code_region":"84","population":1064,"surface_km2":137.73,"lat":45.1381,"lon":6.4223},{"code_insee":"73307","nom":"Valmeinier","codes_postaux":["73450"],"code_dep":"73","code_region":"84","population":593,"surface_km2":54.92,"lat":45.1509,"lon":6.5088},{"code_insee":"73308","nom":"Venthon","codes_postaux":["73200"],"code_dep":"73","code_region":"84","population":606,"surface_km2":2.48,"lat":45.6873,"lon":6.4201},{"code_insee":"73309","nom":"Verel-de-Montbel","codes_postaux":["73330"],"code_dep":"73","code_region":"84","population":341,"surface_km2":3.74,"lat":45.5547,"lon":5.7225},{"code_insee":"73310","nom":"Verel-Pragondran","codes_postaux":["73230"],"code_dep":"73","code_region":"84","population":640,"surface_km2":6.52,"lat":45.6225,"lon":5.9514},{"code_insee":"73311","nom":"Le Verneil","codes_postaux":["73110"],"code_dep":"73","code_region":"84","population":88,"surface_km2":7.52,"lat":45.4517,"lon":6.1857},{"code_insee":"73312","nom":"Verrens-Arvey","codes_postaux":["73460"],"code_dep":"73","code_region":"84","population":959,"surface_km2":10.72,"lat":45.6612,"lon":6.292},{"code_insee":"73313","nom":"Verthemex","codes_postaux":["73170"],"code_dep":"73","code_region":"84","population":244,"surface_km2":9.28,"lat":45.6285,"lon":5.7923},{"code_insee":"73314","nom":"Villard-d'Héry","codes_postaux":["73800"],"code_dep":"73","code_region":"84","population":270,"surface_km2":4.89,"lat":45.5141,"lon":6.1401},{"code_insee":"73315","nom":"Villard-Léger","codes_postaux":["73390"],"code_dep":"73","code_region":"84","population":433,"surface_km2":6.79,"lat":45.502,"lon":6.1735},{"code_insee":"73316","nom":"Villard-Sallet","codes_postaux":["73110"],"code_dep":"73","code_region":"84","population":310,"surface_km2":3.14,"lat":45.4861,"lon":6.1346},{"code_insee":"73317","nom":"Villard-sur-Doron","codes_postaux":["73270"],"code_dep":"73","code_region":"84","population":702,"surface_km2":22.17,"lat":45.7216,"lon":6.5182},{"code_insee":"73318","nom":"Villarembert","codes_postaux":["73300"],"code_dep":"73","code_region":"84","population":253,"surface_km2":9.56,"lat":45.2397,"lon":6.2599},{"code_insee":"73320","nom":"Villargondran","codes_postaux":["73300"],"code_dep":"73","code_region":"84","population":790,"surface_km2":6.13,"lat":45.2525,"lon":6.3773},{"code_insee":"73322","nom":"Villarodin-Bourget","codes_postaux":["73500"],"code_dep":"73","code_region":"84","population":499,"surface_km2":33.05,"lat":45.2169,"lon":6.6923},{"code_insee":"73323","nom":"Villaroger","codes_postaux":["73640"],"code_dep":"73","code_region":"84","population":355,"surface_km2":34.44,"lat":45.5586,"lon":6.8665},{"code_insee":"73324","nom":"Villaroux","codes_postaux":["73110"],"code_dep":"73","code_region":"84","population":192,"surface_km2":3.08,"lat":45.4613,"lon":6.0791},{"code_insee":"73326","nom":"Vimines","codes_postaux":["73160"],"code_dep":"73","code_region":"84","population":2372,"surface_km2":14.22,"lat":45.5366,"lon":5.8518},{"code_insee":"73327","nom":"Vions","codes_postaux":["73310"],"code_dep":"73","code_region":"84","population":425,"surface_km2":5.75,"lat":45.8281,"lon":5.8077},{"code_insee":"73328","nom":"Viviers-du-Lac","codes_postaux":["73420"],"code_dep":"73","code_region":"84","population":2355,"surface_km2":5.44,"lat":45.6503,"lon":5.8926},{"code_insee":"73329","nom":"Voglans","codes_postaux":["73420"],"code_dep":"73","code_region":"84","population":2021,"surface_km2":4.62,"lat":45.6287,"lon":5.8892},{"code_insee":"73330","nom":"Yenne","codes_postaux":["73170"],"code_dep":"73","code_region":"84","population":3026,"surface_km2":23.34,"lat":45.708,"lon":5.7612}]