[{"code_insee":"77001","nom":"Achères-la-Forêt","codes_postaux":["77760"],"code_dep":"77","code_region":"11","population":1191,"surface_km2":12.61,"lat":48.3476,"lon":2.5653,"fibre_pct":94.8},{"code_insee":"77002","nom":"Amillis","codes_postaux":["77120"],"code_dep":"77","code_region":"11","population":830,"surface_km2":20.14,"lat":48.7327,"lon":3.14,"fibre_pct":94.9},{"code_insee":"77003","nom":"Amponville","codes_postaux":["77760"],"code_dep":"77","code_region":"11","population":349,"surface_km2":11.93,"lat":48.2897,"lon":2.5295,"fibre_pct":96.6},{"code_insee":"77004","nom":"Andrezel","codes_postaux":["77390"],"code_dep":"77","code_region":"11","population":336,"surface_km2":8.08,"lat":48.6139,"lon":2.8051,"fibre_pct":100.0},{"code_insee":"77005","nom":"Annet-sur-Marne","codes_postaux":["77410"],"code_dep":"77","code_region":"11","population":3408,"surface_km2":13.13,"lat":48.9232,"lon":2.7067,"fibre_pct":97.6},{"code_insee":"77006","nom":"Arbonne-la-Forêt","codes_postaux":["77630"],"code_dep":"77","code_region":"11","population":1021,"surface_km2":15.03,"lat":48.4064,"lon":2.5561,"fibre_pct":92.1},{"code_insee":"77007","nom":"Argentières","codes_postaux":["77390"],"code_dep":"77","code_region":"11","population":361,"surface_km2":2.57,"lat":48.6524,"lon":2.8686,"fibre_pct":99.5},{"code_insee":"77008","nom":"Armentières-en-Brie","codes_postaux":["77440"],"code_dep":"77","code_region":"11","population":1176,"surface_km2":7.2,"lat":48.9773,"lon":3.0124,"fibre_pct":100.0},{"code_insee":"77009","nom":"Arville","codes_postaux":["77890"],"code_dep":"77","code_region":"11","population":145,"surface_km2":11.42,"lat":48.1819,"lon":2.5578,"fibre_pct":75.3},{"code_insee":"77010","nom":"Aubepierre-Ozouer-le-Repos","codes_postaux":["77720"],"code_dep":"77","code_region":"11","population":984,"surface_km2":26.81,"lat":48.619,"lon":2.8951,"fibre_pct":97.0},{"code_insee":"77011","nom":"Aufferville","codes_postaux":["77570"],"code_dep":"77","code_region":"11","population":482,"surface_km2":17.75,"lat":48.2028,"lon":2.6022,"fibre_pct":100.0},{"code_insee":"77012","nom":"Augers-en-Brie","codes_postaux":["77560"],"code_dep":"77","code_region":"11","population":265,"surface_km2":13.39,"lat":48.6668,"lon":3.354,"fibre_pct":100.0},{"code_insee":"77013","nom":"Aulnoy","codes_postaux":["77120"],"code_dep":"77","code_region":"11","population":362,"surface_km2":14.26,"lat":48.8488,"lon":3.0887,"fibre_pct":95.7},{"code_insee":"77014","nom":"Avon","codes_postaux":["77210"],"code_dep":"77","code_region":"11","population":13651,"surface_km2":3.81,"lat":48.4124,"lon":2.7337,"fibre_pct":98.6},{"code_insee":"77015","nom":"Baby","codes_postaux":["77480"],"code_dep":"77","code_region":"11","population":113,"surface_km2":4.11,"lat":48.3925,"lon":3.3462,"fibre_pct":98.4},{"code_insee":"77016","nom":"Bagneaux-sur-Loing","codes_postaux":["77167"],"code_dep":"77","code_region":"11","population":1570,"surface_km2":5.32,"lat":48.2206,"lon":2.708,"fibre_pct":92.3},{"code_insee":"77018","nom":"Bailly-Romainvilliers","codes_postaux":["77700"],"code_dep":"77","code_region":"11","population":6980,"surface_km2":8.52,"lat":48.845,"lon":2.8191,"fibre_pct":76.7},{"code_insee":"77019","nom":"Balloy","codes_postaux":["77118"],"code_dep":"77","code_region":"11","population":359,"surface_km2":13.39,"lat":48.3951,"lon":3.1493,"fibre_pct":100.0},{"code_insee":"77020","nom":"Bannost-Villegagnon","codes_postaux":["77970"],"code_dep":"77","code_region":"11","population":667,"surface_km2":19.46,"lat":48.6762,"lon":3.1952,"fibre_pct":100.0},{"code_insee":"77021","nom":"Barbey","codes_postaux":["77130"],"code_dep":"77","code_region":"11","population":153,"surface_km2":4.31,"lat":48.3655,"lon":3.0481,"fibre_pct":92.5},{"code_insee":"77022","nom":"Barbizon","codes_postaux":["77630"],"code_dep":"77","code_region":"11","population":1261,"surface_km2":5.35,"lat":48.4472,"lon":2.6034,"fibre_pct":99.3},{"code_insee":"77023","nom":"Barcy","codes_postaux":["77910"],"code_dep":"77","code_region":"11","population":387,"surface_km2":7.01,"lat":49.0159,"lon":2.8793,"fibre_pct":100.0},{"code_insee":"77024","nom":"Bassevelle","codes_postaux":["77750"],"code_dep":"77","code_region":"11","population":374,"surface_km2":17.49,"lat":48.9244,"lon":3.2766,"fibre_pct":94.8},{"code_insee":"77025","nom":"Bazoches-lès-Bray","codes_postaux":["77118"],"code_dep":"77","code_region":"11","population":878,"surface_km2":22.65,"lat":48.3978,"lon":3.1902,"fibre_pct":99.8},{"code_insee":"77026","nom":"Beauchery-Saint-Martin","codes_postaux":["77560"],"code_dep":"77","code_region":"11","population":384,"surface_km2":27.83,"lat":48.6005,"lon":3.4218,"fibre_pct":98.5},{"code_insee":"77027","nom":"Beaumont-du-Gâtinais","codes_postaux":["77890"],"code_dep":"77","code_region":"11","population":1129,"surface_km2":16.58,"lat":48.1435,"lon":2.4896,"fibre_pct":99.4},{"code_insee":"77029","nom":"Beauvoir","codes_postaux":["77390"],"code_dep":"77","code_region":"11","population":185,"surface_km2":3.96,"lat":48.6432,"lon":2.8669,"fibre_pct":100.0},{"code_insee":"77030","nom":"Bellot","codes_postaux":["77510"],"code_dep":"77","code_region":"11","population":777,"surface_km2":16.34,"lat":48.8431,"lon":3.3252,"fibre_pct":97.6},{"code_insee":"77031","nom":"Bernay-Vilbert","codes_postaux":["77540"],"code_dep":"77","code_region":"11","population":1005,"surface_km2":16.88,"lat":48.6772,"lon":2.9353,"fibre_pct":97.0},{"code_insee":"77032","nom":"Beton-Bazoches","codes_postaux":["77320"],"code_dep":"77","code_region":"11","population":890,"surface_km2":18.16,"lat":48.7059,"lon":3.2489,"fibre_pct":97.1},{"code_insee":"77033","nom":"Bezalles","codes_postaux":["77970"],"code_dep":"77","code_region":"11","population":221,"surface_km2":2.65,"lat":48.6674,"lon":3.2392,"fibre_pct":100.0},{"code_insee":"77034","nom":"Blandy","codes_postaux":["77115"],"code_dep":"77","code_region":"11","population":763,"surface_km2":14.07,"lat":48.5614,"lon":2.796,"fibre_pct":95.9},{"code_insee":"77035","nom":"Blennes","codes_postaux":["77940"],"code_dep":"77","code_region":"11","population":546,"surface_km2":20.25,"lat":48.241,"lon":3.0135,"fibre_pct":98.4},{"code_insee":"77036","nom":"Boisdon","codes_postaux":["77970"],"code_dep":"77","code_region":"11","population":131,"surface_km2":4.35,"lat":48.6752,"lon":3.2243,"fibre_pct":100.0},{"code_insee":"77037","nom":"Bois-le-Roi","codes_postaux":["77590"],"code_dep":"77","code_region":"11","population":6072,"surface_km2":6.94,"lat":48.4735,"lon":2.7091,"fibre_pct":97.4},{"code_insee":"77038","nom":"Boissettes","codes_postaux":["77350"],"code_dep":"77","code_region":"11","population":437,"surface_km2":1.56,"lat":48.5237,"lon":2.6164,"fibre_pct":96.3},{"code_insee":"77039","nom":"Boissise-la-Bertrand","codes_postaux":["77350"],"code_dep":"77","code_region":"11","population":1206,"surface_km2":7.78,"lat":48.532,"lon":2.5896,"fibre_pct":100.0},{"code_insee":"77040","nom":"Boissise-le-Roi","codes_postaux":["77310"],"code_dep":"77","code_region":"11","population":3941,"surface_km2":7.13,"lat":48.514,"lon":2.5686,"fibre_pct":99.8},{"code_insee":"77041","nom":"Boissy-aux-Cailles","codes_postaux":["77760"],"code_dep":"77","code_region":"11","population":272,"surface_km2":16.37,"lat":48.3099,"lon":2.4897,"fibre_pct":93.3},{"code_insee":"77042","nom":"Boissy-le-Châtel","codes_postaux":["77169"],"code_dep":"77","code_region":"11","population":3346,"surface_km2":9.94,"lat":48.8247,"lon":3.1379,"fibre_pct":97.3},{"code_insee":"77043","nom":"Boitron","codes_postaux":["77750"],"code_dep":"77","code_region":"11","population":322,"surface_km2":5.13,"lat":48.8974,"lon":3.2613,"fibre_pct":95.2},{"code_insee":"77044","nom":"Bombon","codes_postaux":["77720"],"code_dep":"77","code_region":"11","population":935,"surface_km2":15.0,"lat":48.5686,"lon":2.8734,"fibre_pct":98.6},{"code_insee":"77045","nom":"Bougligny","codes_postaux":["77570"],"code_dep":"77","code_region":"11","population":738,"surface_km2":16.37,"lat":48.1958,"lon":2.6608,"fibre_pct":99.2},{"code_insee":"77046","nom":"Boulancourt","codes_postaux":["77760"],"code_dep":"77","code_region":"11","population":350,"surface_km2":6.47,"lat":48.2606,"lon":2.4483,"fibre_pct":97.8},{"code_insee":"77047","nom":"Bouleurs","codes_postaux":["77580"],"code_dep":"77","code_region":"11","population":1743,"surface_km2":8.2,"lat":48.8816,"lon":2.9102,"fibre_pct":95.4},{"code_insee":"77048","nom":"Bourron-Marlotte","codes_postaux":["77780"],"code_dep":"77","code_region":"11","population":2774,"surface_km2":11.25,"lat":48.3366,"lon":2.6982,"fibre_pct":97.8},{"code_insee":"77049","nom":"Boutigny","codes_postaux":["77470"],"code_dep":"77","code_region":"11","population":874,"surface_km2":9.86,"lat":48.9144,"lon":2.9326,"fibre_pct":100.0},{"code_insee":"77050","nom":"Bransles","codes_postaux":["77620"],"code_dep":"77","code_region":"11","population":526,"surface_km2":13.84,"lat":48.1481,"lon":2.8318,"fibre_pct":85.8},{"code_insee":"77051","nom":"Bray-sur-Seine","codes_postaux":["77480"],"code_dep":"77","code_region":"11","population":2344,"surface_km2":2.14,"lat":48.4157,"lon":3.2457,"fibre_pct":96.5},{"code_insee":"77052","nom":"Bréau","codes_postaux":["77720"],"code_dep":"77","code_region":"11","population":384,"surface_km2":1.35,"lat":48.5571,"lon":2.8805,"fibre_pct":93.3},{"code_insee":"77053","nom":"Brie-Comte-Robert","codes_postaux":["77170"],"code_dep":"77","code_region":"11","population":19003,"surface_km2":19.94,"lat":48.6904,"lon":2.6131,"fibre_pct":87.6},{"code_insee":"77054","nom":"La Brosse-Montceaux","codes_postaux":["77940"],"code_dep":"77","code_region":"11","population":776,"surface_km2":12.02,"lat":48.3354,"lon":3.027,"fibre_pct":99.5},{"code_insee":"77055","nom":"Brou-sur-Chantereine","codes_postaux":["77177"],"code_dep":"77","code_region":"11","population":5196,"surface_km2":4.37,"lat":48.8891,"lon":2.6394,"fibre_pct":97.4},{"code_insee":"77056","nom":"Burcy","codes_postaux":["77760"],"code_dep":"77","code_region":"11","population":150,"surface_km2":6.99,"lat":48.2327,"lon":2.5266,"fibre_pct":100.0},{"code_insee":"77057","nom":"Bussières","codes_postaux":["77750"],"code_dep":"77","code_region":"11","population":600,"surface_km2":8.35,"lat":48.9286,"lon":3.2346,"fibre_pct":86.8},{"code_insee":"77058","nom":"Bussy-Saint-Georges","codes_postaux":["77600"],"code_dep":"77","code_region":"11","population":27498,"surface_km2":15.28,"lat":48.8297,"lon":2.7091,"fibre_pct":88.2},{"code_insee":"77059","nom":"Bussy-Saint-Martin","codes_postaux":["77600"],"code_dep":"77","code_region":"11","population":738,"surface_km2":2.45,"lat":48.8463,"lon":2.6783,"fibre_pct":96.3},{"code_insee":"77060","nom":"Buthiers","codes_postaux":["77760"],"code_dep":"77","code_region":"11","population":792,"surface_km2":19.6,"lat":48.2902,"lon":2.4603,"fibre_pct":97.6},{"code_insee":"77061","nom":"Cannes-Écluse","codes_postaux":["77130"],"code_dep":"77","code_region":"11","population":2742,"surface_km2":8.62,"lat":48.3608,"lon":2.9888,"fibre_pct":82.0},{"code_insee":"77062","nom":"Carnetin","codes_postaux":["77400"],"code_dep":"77","code_region":"11","population":461,"surface_km2":1.6,"lat":48.9041,"lon":2.6997,"fibre_pct":95.7},{"code_insee":"77063","nom":"La Celle-sur-Morin","codes_postaux":["77515"],"code_dep":"77","code_region":"11","population":1235,"surface_km2":7.57,"lat":48.799,"lon":2.9681,"fibre_pct":99.8},{"code_insee":"77065","nom":"Cély","codes_postaux":["77930"],"code_dep":"77","code_region":"11","population":1259,"surface_km2":6.18,"lat":48.4601,"lon":2.5237,"fibre_pct":97.8},{"code_insee":"77066","nom":"Cerneux","codes_postaux":["77320"],"code_dep":"77","code_region":"11","population":272,"surface_km2":21.98,"lat":48.711,"lon":3.3433,"fibre_pct":92.1},{"code_insee":"77067","nom":"Cesson","codes_postaux":["77240"],"code_dep":"77","code_region":"11","population":11222,"surface_km2":7.0,"lat":48.5693,"lon":2.5898,"fibre_pct":94.9},{"code_insee":"77068","nom":"Cessoy-en-Montois","codes_postaux":["77520"],"code_dep":"77","code_region":"11","population":213,"surface_km2":5.28,"lat":48.5091,"lon":3.1407,"fibre_pct":97.9},{"code_insee":"77069","nom":"Chailly-en-Bière","codes_postaux":["77930"],"code_dep":"77","code_region":"11","population":2162,"surface_km2":13.11,"lat":48.4723,"lon":2.6117,"fibre_pct":90.5},{"code_insee":"77070","nom":"Chailly-en-Brie","codes_postaux":["77120"],"code_dep":"77","code_region":"11","population":1576,"surface_km2":17.93,"lat":48.7865,"lon":3.1343,"fibre_pct":88.9},{"code_insee":"77071","nom":"Chaintreaux","codes_postaux":["77460"],"code_dep":"77","code_region":"11","population":821,"surface_km2":23.83,"lat":48.1914,"lon":2.8154,"fibre_pct":93.1},{"code_insee":"77072","nom":"Chalautre-la-Grande","codes_postaux":["77171"],"code_dep":"77","code_region":"11","population":644,"surface_km2":18.26,"lat":48.5505,"lon":3.4482,"fibre_pct":100.0},{"code_insee":"77073","nom":"Chalautre-la-Petite","codes_postaux":["77160"],"code_dep":"77","code_region":"11","population":541,"surface_km2":9.37,"lat":48.5288,"lon":3.3068,"fibre_pct":99.6},{"code_insee":"77075","nom":"Chalifert","codes_postaux":["77144"],"code_dep":"77","code_region":"11","population":1584,"surface_km2":2.42,"lat":48.8959,"lon":2.7737,"fibre_pct":97.2},{"code_insee":"77076","nom":"Chalmaison","codes_postaux":["77650"],"code_dep":"77","code_region":"11","population":749,"surface_km2":10.06,"lat":48.4904,"lon":3.2568,"fibre_pct":99.1},{"code_insee":"77077","nom":"Chambry","codes_postaux":["77910"],"code_dep":"77","code_region":"11","population":1064,"surface_km2":9.74,"lat":48.9991,"lon":2.886,"fibre_pct":99.8},{"code_insee":"77078","nom":"Chamigny","codes_postaux":["77260"],"code_dep":"77","code_region":"11","population":1480,"surface_km2":14.21,"lat":48.987,"lon":3.1397,"fibre_pct":94.0},{"code_insee":"77079","nom":"Champagne-sur-Seine","codes_postaux":["77430"],"code_dep":"77","code_region":"11","population":6497,"surface_km2":7.3,"lat":48.4072,"lon":2.8101,"fibre_pct":97.5},{"code_insee":"77080","nom":"Champcenest","codes_postaux":["77560"],"code_dep":"77","code_region":"11","population":205,"surface_km2":12.72,"lat":48.6695,"lon":3.2791,"fibre_pct":98.9},{"code_insee":"77081","nom":"Champdeuil","codes_postaux":["77390"],"code_dep":"77","code_region":"11","population":739,"surface_km2":4.02,"lat":48.6223,"lon":2.7316,"fibre_pct":99.4},{"code_insee":"77082","nom":"Champeaux","codes_postaux":["77720"],"code_dep":"77","code_region":"11","population":810,"surface_km2":13.07,"lat":48.5869,"lon":2.8181,"fibre_pct":96.1},{"code_insee":"77083","nom":"Champs-sur-Marne","codes_postaux":["77420"],"code_dep":"77","code_region":"11","population":27451,"surface_km2":7.68,"lat":48.8485,"lon":2.594,"fibre_pct":97.4},{"code_insee":"77084","nom":"Changis-sur-Marne","codes_postaux":["77660"],"code_dep":"77","code_region":"11","population":1335,"surface_km2":7.0,"lat":48.9659,"lon":3.0299,"fibre_pct":94.3},{"code_insee":"77085","nom":"Chanteloup-en-Brie","codes_postaux":["77600"],"code_dep":"77","code_region":"11","population":4130,"surface_km2":3.18,"lat":48.8581,"lon":2.7399,"fibre_pct":98.1},{"code_insee":"77086","nom":"La Chapelle-Gauthier","codes_postaux":["77720"],"code_dep":"77","code_region":"11","population":1400,"surface_km2":17.32,"lat":48.5316,"lon":2.8571,"fibre_pct":90.8},{"code_insee":"77087","nom":"La Chapelle-Iger","codes_postaux":["77540"],"code_dep":"77","code_region":"11","population":191,"surface_km2":8.72,"lat":48.6519,"lon":2.9943,"fibre_pct":91.4},{"code_insee":"77088","nom":"La Chapelle-la-Reine","codes_postaux":["77760"],"code_dep":"77","code_region":"11","population":2170,"surface_km2":15.96,"lat":48.3137,"lon":2.569,"fibre_pct":89.0},{"code_insee":"77089","nom":"La Chapelle-Rablais","codes_postaux":["77370"],"code_dep":"77","code_region":"11","population":913,"surface_km2":15.45,"lat":48.5086,"lon":2.9601,"fibre_pct":96.1},{"code_insee":"77090","nom":"La Chapelle-Saint-Sulpice","codes_postaux":["77160"],"code_dep":"77","code_region":"11","population":239,"surface_km2":6.38,"lat":48.5588,"lon":3.1778,"fibre_pct":99.0},{"code_insee":"77091","nom":"Les Chapelles-Bourbon","codes_postaux":["77610"],"code_dep":"77","code_region":"11","population":459,"surface_km2":6.44,"lat":48.7443,"lon":2.8352,"fibre_pct":82.5},{"code_insee":"77093","nom":"La Chapelle-Moutils","codes_postaux":["77320"],"code_dep":"77","code_region":"11","population":400,"surface_km2":19.46,"lat":48.7752,"lon":3.3822,"fibre_pct":93.9},{"code_insee":"77094","nom":"Charmentray","codes_postaux":["77410"],"code_dep":"77","code_region":"11","population":291,"surface_km2":4.68,"lat":48.9513,"lon":2.7775,"fibre_pct":97.7},{"code_insee":"77095","nom":"Charny","codes_postaux":["77410"],"code_dep":"77","code_region":"11","population":1585,"surface_km2":12.54,"lat":48.972,"lon":2.7559,"fibre_pct":93.4},{"code_insee":"77096","nom":"Chartrettes","codes_postaux":["77590"],"code_dep":"77","code_region":"11","population":2633,"surface_km2":10.1,"lat":48.4958,"lon":2.7091,"fibre_pct":92.9},{"code_insee":"77097","nom":"Chartronges","codes_postaux":["77320"],"code_dep":"77","code_region":"11","population":304,"surface_km2":8.23,"lat":48.7529,"lon":3.2637,"fibre_pct":95.6},{"code_insee":"77098","nom":"Châteaubleau","codes_postaux":["77370"],"code_dep":"77","code_region":"11","population":363,"surface_km2":3.39,"lat":48.584,"lon":3.108,"fibre_pct":100.0},{"code_insee":"77099","nom":"Château-Landon","codes_postaux":["77570"],"code_dep":"77","code_region":"11","population":3149,"surface_km2":29.51,"lat":48.149,"lon":2.6976,"fibre_pct":98.4},{"code_insee":"77100","nom":"Le Châtelet-en-Brie","codes_postaux":["77820"],"code_dep":"77","code_region":"11","population":4207,"surface_km2":22.71,"lat":48.5014,"lon":2.8016,"fibre_pct":94.4},{"code_insee":"77101","nom":"Châtenay-sur-Seine","codes_postaux":["77126"],"code_dep":"77","code_region":"11","population":1049,"surface_km2":13.38,"lat":48.4198,"lon":3.097,"fibre_pct":99.2},{"code_insee":"77102","nom":"Châtenoy","codes_postaux":["77167"],"code_dep":"77","code_region":"11","population":155,"surface_km2":4.96,"lat":48.2311,"lon":2.6274,"fibre_pct":100.0},{"code_insee":"77103","nom":"Châtillon-la-Borde","codes_postaux":["77820"],"code_dep":"77","code_region":"11","population":226,"surface_km2":7.24,"lat":48.539,"lon":2.8225,"fibre_pct":99.2},{"code_insee":"77104","nom":"Châtres","codes_postaux":["77610"],"code_dep":"77","code_region":"11","population":714,"surface_km2":15.15,"lat":48.7066,"lon":2.8166,"fibre_pct":97.4},{"code_insee":"77106","nom":"Chauffry","codes_postaux":["77169"],"code_dep":"77","code_region":"11","population":994,"surface_km2":5.15,"lat":48.8231,"lon":3.1822,"fibre_pct":99.6},{"code_insee":"77107","nom":"Chaumes-en-Brie","codes_postaux":["77390"],"code_dep":"77","code_region":"11","population":3503,"surface_km2":20.03,"lat":48.6635,"lon":2.8472,"fibre_pct":96.5},{"code_insee":"77108","nom":"Chelles","codes_postaux":["77500"],"code_dep":"77","code_region":"11","population":54620,"surface_km2":16.0,"lat":48.8845,"lon":2.5954,"fibre_pct":97.3},{"code_insee":"77109","nom":"Chenoise-Cucharmoy","codes_postaux":["77160"],"code_dep":"77","code_region":"11","population":1607,"surface_km2":48.73,"lat":48.611,"lon":3.1809,"fibre_pct":99.9},{"code_insee":"77110","nom":"Chenou","codes_postaux":["77570"],"code_dep":"77","code_region":"11","population":291,"surface_km2":13.79,"lat":48.1648,"lon":2.6525,"fibre_pct":100.0},{"code_insee":"77111","nom":"Chessy","codes_postaux":["77700"],"code_dep":"77","code_region":"11","population":7771,"surface_km2":5.82,"lat":48.8718,"lon":2.7697,"fibre_pct":91.1},{"code_insee":"77112","nom":"Chevrainvilliers","codes_postaux":["77760"],"code_dep":"77","code_region":"11","population":255,"surface_km2":8.95,"lat":48.246,"lon":2.603,"fibre_pct":99.4},{"code_insee":"77113","nom":"Chevru","codes_postaux":["77320"],"code_dep":"77","code_region":"11","population":1012,"surface_km2":13.96,"lat":48.7365,"lon":3.1964,"fibre_pct":98.1},{"code_insee":"77114","nom":"Chevry-Cossigny","codes_postaux":["77173"],"code_dep":"77","code_region":"11","population":4075,"surface_km2":16.78,"lat":48.7209,"lon":2.6747,"fibre_pct":95.3},{"code_insee":"77115","nom":"Chevry-en-Sereine","codes_postaux":["77710"],"code_dep":"77","code_region":"11","population":498,"surface_km2":22.86,"lat":48.246,"lon":2.964,"fibre_pct":100.0},{"code_insee":"77116","nom":"Choisy-en-Brie","codes_postaux":["77320"],"code_dep":"77","code_region":"11","population":1354,"surface_km2":25.12,"lat":48.7637,"lon":3.2078,"fibre_pct":97.9},{"code_insee":"77117","nom":"Citry","codes_postaux":["77730"],"code_dep":"77","code_region":"11","population":922,"surface_km2":5.05,"lat":48.961,"lon":3.2462,"fibre_pct":99.8},{"code_insee":"77118","nom":"Claye-Souilly","codes_postaux":["77410"],"code_dep":"77","code_region":"11","population":13353,"surface_km2":15.07,"lat":48.941,"lon":2.68,"fibre_pct":91.5},{"code_insee":"77119","nom":"Clos-Fontaine","codes_postaux":["77370"],"code_dep":"77","code_region":"11","population":244,"surface_km2":5.97,"lat":48.6037,"lon":3.0123,"fibre_pct":95.7},{"code_insee":"77120","nom":"Cocherel","codes_postaux":["77440"],"code_dep":"77","code_region":"11","population":618,"surface_km2":8.29,"lat":49.0182,"lon":3.1074,"fibre_pct":98.2},{"code_insee":"77121","nom":"Collégien","codes_postaux":["77090"],"code_dep":"77","code_region":"11","population":3354,"surface_km2":3.38,"lat":48.8249,"lon":2.6758,"fibre_pct":81.5},{"code_insee":"77122","nom":"Combs-la-Ville","codes_postaux":["77380"],"code_dep":"77","code_region":"11","population":23350,"surface_km2":14.52,"lat":48.6602,"lon":2.5765,"fibre_pct":99.4},{"code_insee":"77123","nom":"Compans","codes_postaux":["77290"],"code_dep":"77","code_region":"11","population":754,"surface_km2":5.3,"lat":48.9907,"lon":2.6502,"fibre_pct":63.3},{"code_insee":"77124","nom":"Conches-sur-Gondoire","codes_postaux":["77600"],"code_dep":"77","code_region":"11","population":1761,"surface_km2":1.51,"lat":48.8589,"lon":2.7207,"fibre_pct":95.8},{"code_insee":"77125","nom":"Condé-Sainte-Libiaire","codes_postaux":["77450"],"code_dep":"77","code_region":"11","population":1500,"surface_km2":2.12,"lat":48.8982,"lon":2.8365,"fibre_pct":99.4},{"code_insee":"77126","nom":"Congis-sur-Thérouanne","codes_postaux":["77440"],"code_dep":"77","code_region":"11","population":1772,"surface_km2":15.21,"lat":49.0116,"lon":2.976,"fibre_pct":99.2},{"code_insee":"77127","nom":"Coubert","codes_postaux":["77170"],"code_dep":"77","code_region":"11","population":2005,"surface_km2":8.39,"lat":48.6782,"lon":2.7074,"fibre_pct":94.8},{"code_insee":"77128","nom":"Couilly-Pont-aux-Dames","codes_postaux":["77860"],"code_dep":"77","code_region":"11","population":2064,"surface_km2":4.72,"lat":48.8817,"lon":2.8634,"fibre_pct":94.5},{"code_insee":"77129","nom":"Coulombs-en-Valois","codes_postaux":["77840"],"code_dep":"77","code_region":"11","population":576,"surface_km2":22.51,"lat":49.0754,"lon":3.126,"fibre_pct":94.7},{"code_insee":"77130","nom":"Coulommes","codes_postaux":["77580"],"code_dep":"77","code_region":"11","population":542,"surface_km2":3.66,"lat":48.8908,"lon":2.9251,"fibre_pct":99.6},{"code_insee":"77131","nom":"Coulommiers","codes_postaux":["77120"],"code_dep":"77","code_region":"11","population":16374,"surface_km2":10.91,"lat":48.8096,"lon":3.0918,"fibre_pct":98.8},{"code_insee":"77132","nom":"Coupvray","codes_postaux":["77700"],"code_dep":"77","code_region":"11","population":3066,"surface_km2":8.09,"lat":48.8853,"lon":2.7935,"fibre_pct":78.5},{"code_insee":"77133","nom":"Courcelles-en-Bassée","codes_postaux":["77126"],"code_dep":"77","code_region":"11","population":223,"surface_km2":10.79,"lat":48.4148,"lon":3.0471,"fibre_pct":100.0},{"code_insee":"77134","nom":"Courchamp","codes_postaux":["77560"],"code_dep":"77","code_region":"11","population":151,"surface_km2":12.44,"lat":48.6427,"lon":3.289,"fibre_pct":93.0},{"code_insee":"77135","nom":"Courpalay","codes_postaux":["77540"],"code_dep":"77","code_region":"11","population":1610,"surface_km2":14.74,"lat":48.6456,"lon":2.955,"fibre_pct":99.1},{"code_insee":"77136","nom":"Courquetaine","codes_postaux":["77390"],"code_dep":"77","code_region":"11","population":184,"surface_km2":7.8,"lat":48.6796,"lon":2.7477,"fibre_pct":100.0},{"code_insee":"77137","nom":"Courtacon","codes_postaux":["77560"],"code_dep":"77","code_region":"11","population":245,"surface_km2":12.13,"lat":48.7058,"lon":3.291,"fibre_pct":100.0},{"code_insee":"77138","nom":"Courtomer","codes_postaux":["77390"],"code_dep":"77","code_region":"11","population":591,"surface_km2":4.62,"lat":48.6595,"lon":2.8978,"fibre_pct":100.0},{"code_insee":"77139","nom":"Courtry","codes_postaux":["77181"],"code_dep":"77","code_region":"11","population":7330,"surface_km2":4.16,"lat":48.9169,"lon":2.6029,"fibre_pct":98.3},{"code_insee":"77140","nom":"Coutençon","codes_postaux":["77154"],"code_dep":"77","code_region":"11","population":260,"surface_km2":6.28,"lat":48.4719,"lon":2.997,"fibre_pct":98.6},{"code_insee":"77141","nom":"Coutevroult","codes_postaux":["77580"],"code_dep":"77","code_region":"11","population":1187,"surface_km2":7.2,"lat":48.8525,"lon":2.8448,"fibre_pct":98.6},{"code_insee":"77142","nom":"Crécy-la-Chapelle","codes_postaux":["77580"],"code_dep":"77","code_region":"11","population":4973,"surface_km2":15.45,"lat":48.8583,"lon":2.9246,"fibre_pct":94.8},{"code_insee":"77143","nom":"Crégy-lès-Meaux","codes_postaux":["77124"],"code_dep":"77","code_region":"11","population":5446,"surface_km2":3.66,"lat":48.9759,"lon":2.874,"fibre_pct":97.2},{"code_insee":"77144","nom":"Crèvecœur-en-Brie","codes_postaux":["77610"],"code_dep":"77","code_region":"11","population":437,"surface_km2":9.23,"lat":48.7578,"lon":2.9143,"fibre_pct":99.4},{"code_insee":"77145","nom":"Crisenoy","codes_postaux":["77390"],"code_dep":"77","code_region":"11","population":611,"surface_km2":12.89,"lat":48.6006,"lon":2.7476,"fibre_pct":96.5},{"code_insee":"77146","nom":"Croissy-Beaubourg","codes_postaux":["77183"],"code_dep":"77","code_region":"11","population":2018,"surface_km2":10.87,"lat":48.8164,"lon":2.6575,"fibre_pct":95.1},{"code_insee":"77147","nom":"La Croix-en-Brie","codes_postaux":["77370"],"code_dep":"77","code_region":"11","population":681,"surface_km2":29.51,"lat":48.5955,"lon":3.069,"fibre_pct":89.4},{"code_insee":"77148","nom":"Crouy-sur-Ourcq","codes_postaux":["77840"],"code_dep":"77","code_region":"11","population":1811,"surface_km2":19.4,"lat":49.0853,"lon":3.0812,"fibre_pct":85.8},{"code_insee":"77150","nom":"Cuisy","codes_postaux":["77165"],"code_dep":"77","code_region":"11","population":476,"surface_km2":3.35,"lat":49.0203,"lon":2.7804,"fibre_pct":85.0},{"code_insee":"77151","nom":"Dagny","codes_postaux":["77320"],"code_dep":"77","code_region":"11","population":305,"surface_km2":7.88,"lat":48.7158,"lon":3.1638,"fibre_pct":95.3},{"code_insee":"77152","nom":"Dammarie-les-Lys","codes_postaux":["77190"],"code_dep":"77","code_region":"11","population":23559,"surface_km2":10.25,"lat":48.5147,"lon":2.6199,"fibre_pct":98.8},{"code_insee":"77153","nom":"Dammartin-en-Goële","codes_postaux":["77230"],"code_dep":"77","code_region":"11","population":11907,"surface_km2":8.96,"lat":49.0504,"lon":2.6777,"fibre_pct":96.0},{"code_insee":"77154","nom":"Dammartin-sur-Tigeaux","codes_postaux":["77163"],"code_dep":"77","code_region":"11","population":1280,"surface_km2":9.04,"lat":48.8086,"lon":2.9016,"fibre_pct":99.1},{"code_insee":"77155","nom":"Dampmart","codes_postaux":["77400"],"code_dep":"77","code_region":"11","population":3677,"surface_km2":5.95,"lat":48.8935,"lon":2.7465,"fibre_pct":84.1},{"code_insee":"77156","nom":"Darvault","codes_postaux":["77140"],"code_dep":"77","code_region":"11","population":987,"surface_km2":7.82,"lat":48.2757,"lon":2.722,"fibre_pct":91.0},{"code_insee":"77157","nom":"Dhuisy","codes_postaux":["77440"],"code_dep":"77","code_region":"11","population":334,"surface_km2":8.14,"lat":49.0365,"lon":3.1644,"fibre_pct":91.3},{"code_insee":"77158","nom":"Diant","codes_postaux":["77940"],"code_dep":"77","code_region":"11","population":194,"surface_km2":10.99,"lat":48.2914,"lon":3.0055,"fibre_pct":98.7},{"code_insee":"77159","nom":"Donnemarie-Dontilly","codes_postaux":["77520"],"code_dep":"77","code_region":"11","population":2706,"surface_km2":12.08,"lat":48.4816,"lon":3.1206,"fibre_pct":91.6},{"code_insee":"77161","nom":"Dormelles","codes_postaux":["77130"],"code_dep":"77","code_region":"11","population":816,"surface_km2":13.0,"lat":48.3115,"lon":2.8906,"fibre_pct":97.1},{"code_insee":"77162","nom":"Doue","codes_postaux":["77510"],"code_dep":"77","code_region":"11","population":1122,"surface_km2":20.03,"lat":48.8713,"lon":3.1682,"fibre_pct":91.4},{"code_insee":"77163","nom":"Douy-la-Ramée","codes_postaux":["77139"],"code_dep":"77","code_region":"11","population":395,"surface_km2":7.95,"lat":49.0616,"lon":2.8827,"fibre_pct":92.7},{"code_insee":"77164","nom":"Échouboulains","codes_postaux":["77830"],"code_dep":"77","code_region":"11","population":555,"surface_km2":20.88,"lat":48.4679,"lon":2.9335,"fibre_pct":93.7},{"code_insee":"77165","nom":"Les Écrennes","codes_postaux":["77820"],"code_dep":"77","code_region":"11","population":628,"surface_km2":18.54,"lat":48.4953,"lon":2.8733,"fibre_pct":99.7},{"code_insee":"77167","nom":"Égligny","codes_postaux":["77126"],"code_dep":"77","code_region":"11","population":310,"surface_km2":16.63,"lat":48.4367,"lon":3.1251,"fibre_pct":94.7},{"code_insee":"77168","nom":"Égreville","codes_postaux":["77620"],"code_dep":"77","code_region":"11","population":2186,"surface_km2":31.7,"lat":48.1857,"lon":2.887,"fibre_pct":96.7},{"code_insee":"77169","nom":"Émerainville","codes_postaux":["77184"],"code_dep":"77","code_region":"11","population":7690,"surface_km2":5.36,"lat":48.8186,"lon":2.608,"fibre_pct":99.6},{"code_insee":"77171","nom":"Esbly","codes_postaux":["77450"],"code_dep":"77","code_region":"11","population":6072,"surface_km2":3.11,"lat":48.9011,"lon":2.8123,"fibre_pct":99.4},{"code_insee":"77172","nom":"Esmans","codes_postaux":["77940"],"code_dep":"77","code_region":"11","population":934,"surface_km2":17.83,"lat":48.3416,"lon":2.9711,"fibre_pct":98.4},{"code_insee":"77173","nom":"Étrépilly","codes_postaux":["77139"],"code_dep":"77","code_region":"11","population":805,"surface_km2":13.23,"lat":49.0489,"lon":2.9279,"fibre_pct":97.4},{"code_insee":"77174","nom":"Everly","codes_postaux":["77157"],"code_dep":"77","code_region":"11","population":566,"surface_km2":8.77,"lat":48.4599,"lon":3.2643,"fibre_pct":100.0},{"code_insee":"77175","nom":"Évry-Grégy-sur-Yerre","codes_postaux":["77166"],"code_dep":"77","code_region":"11","population":3321,"surface_km2":19.08,"lat":48.6531,"lon":2.641,"fibre_pct":98.3},{"code_insee":"77176","nom":"Faremoutiers","codes_postaux":["77515"],"code_dep":"77","code_region":"11","population":3057,"surface_km2":10.89,"lat":48.7787,"lon":3.0038,"fibre_pct":99.1},{"code_insee":"77177","nom":"Favières","codes_postaux":["77220"],"code_dep":"77","code_region":"11","population":1316,"surface_km2":28.34,"lat":48.782,"lon":2.7702,"fibre_pct":90.1},{"code_insee":"77178","nom":"Faÿ-lès-Nemours","codes_postaux":["77167"],"code_dep":"77","code_region":"11","population":524,"surface_km2":7.82,"lat":48.2265,"lon":2.6646,"fibre_pct":99.7},{"code_insee":"77179","nom":"Féricy","codes_postaux":["77133"],"code_dep":"77","code_region":"11","population":625,"surface_km2":9.31,"lat":48.4645,"lon":2.8024,"fibre_pct":99.1},{"code_insee":"77180","nom":"Férolles-Attilly","codes_postaux":["77150"],"code_dep":"77","code_region":"11","population":1248,"surface_km2":12.77,"lat":48.7342,"lon":2.6413,"fibre_pct":97.0},{"code_insee":"77181","nom":"Ferrières-en-Brie","codes_postaux":["77164"],"code_dep":"77","code_region":"11","population":3932,"surface_km2":6.16,"lat":48.818,"lon":2.7046,"fibre_pct":98.0},{"code_insee":"77182","nom":"La Ferté-Gaucher","codes_postaux":["77320"],"code_dep":"77","code_region":"11","population":4743,"surface_km2":17.37,"lat":48.7914,"lon":3.3047,"fibre_pct":96.3},{"code_insee":"77183","nom":"La Ferté-sous-Jouarre","codes_postaux":["77260"],"code_dep":"77","code_region":"11","population":10254,"surface_km2":10.04,"lat":48.9562,"lon":3.1349,"fibre_pct":77.8},{"code_insee":"77184","nom":"Flagy","codes_postaux":["77940"],"code_dep":"77","code_region":"11","population":584,"surface_km2":7.18,"lat":48.3083,"lon":2.9172,"fibre_pct":99.4},{"code_insee":"77185","nom":"Fleury-en-Bière","codes_postaux":["77930"],"code_dep":"77","code_region":"11","population":652,"surface_km2":13.95,"lat":48.4473,"lon":2.5401,"fibre_pct":94.2},{"code_insee":"77186","nom":"Fontainebleau","codes_postaux":["77300"],"code_dep":"77","code_region":"11","population":15583,"surface_km2":172.29,"lat":48.4236,"lon":2.6817,"fibre_pct":93.9},{"code_insee":"77187","nom":"Fontaine-Fourches","codes_postaux":["77480"],"code_dep":"77","code_region":"11","population":576,"surface_km2":11.99,"lat":48.4122,"lon":3.3947,"fibre_pct":97.1},{"code_insee":"77188","nom":"Fontaine-le-Port","codes_postaux":["77590"],"code_dep":"77","code_region":"11","population":1025,"surface_km2":7.91,"lat":48.4796,"lon":2.7653,"fibre_pct":96.2},{"code_insee":"77190","nom":"Fontains","codes_postaux":["77370"],"code_dep":"77","code_region":"11","population":256,"surface_km2":14.36,"lat":48.5206,"lon":3.0088,"fibre_pct":82.8},{"code_insee":"77191","nom":"Fontenailles","codes_postaux":["77370"],"code_dep":"77","code_region":"11","population":1109,"surface_km2":27.4,"lat":48.5294,"lon":2.9252,"fibre_pct":94.2},{"code_insee":"77192","nom":"Fontenay-Trésigny","codes_postaux":["77610"],"code_dep":"77","code_region":"11","population":5994,"surface_km2":22.16,"lat":48.6989,"lon":2.8667,"fibre_pct":96.0},{"code_insee":"77193","nom":"Forfry","codes_postaux":["77165"],"code_dep":"77","code_region":"11","population":238,"surface_km2":5.81,"lat":49.0539,"lon":2.8518,"fibre_pct":100.0},{"code_insee":"77194","nom":"Forges","codes_postaux":["77130"],"code_dep":"77","code_region":"11","population":443,"surface_km2":13.33,"lat":48.4223,"lon":2.9483,"fibre_pct":93.8},{"code_insee":"77195","nom":"Fouju","codes_postaux":["77390"],"code_dep":"77","code_region":"11","population":655,"surface_km2":7.79,"lat":48.5878,"lon":2.7628,"fibre_pct":99.0},{"code_insee":"77196","nom":"Fresnes-sur-Marne","codes_postaux":["77410"],"code_dep":"77","code_region":"11","population":948,"surface_km2":7.48,"lat":48.9405,"lon":2.7369,"fibre_pct":93.2},{"code_insee":"77197","nom":"Frétoy","codes_postaux":["77320"],"code_dep":"77","code_region":"11","population":173,"surface_km2":6.56,"lat":48.7065,"lon":3.1991,"fibre_pct":94.4},{"code_insee":"77198","nom":"Fromont","codes_postaux":["77760"],"code_dep":"77","code_region":"11","population":230,"surface_km2":10.67,"lat":48.255,"lon":2.5056,"fibre_pct":93.5},{"code_insee":"77199","nom":"Fublaines","codes_postaux":["77470"],"code_dep":"77","code_region":"11","population":1370,"surface_km2":5.48,"lat":48.9385,"lon":2.9433,"fibre_pct":99.7},{"code_insee":"77200","nom":"Garentreville","codes_postaux":["77890"],"code_dep":"77","code_region":"11","population":123,"surface_km2":6.4,"lat":48.2343,"lon":2.5581,"fibre_pct":96.7},{"code_insee":"77201","nom":"Gastins","codes_postaux":["77370"],"code_dep":"77","code_region":"11","population":741,"surface_km2":14.94,"lat":48.6269,"lon":3.0219,"fibre_pct":97.3},{"code_insee":"77202","nom":"La Genevraye","codes_postaux":["77690"],"code_dep":"77","code_region":"11","population":840,"surface_km2":13.31,"lat":48.3164,"lon":2.7509,"fibre_pct":97.3},{"code_insee":"77203","nom":"Germigny-l'Évêque","codes_postaux":["77910"],"code_dep":"77","code_region":"11","population":1352,"surface_km2":11.73,"lat":48.9888,"lon":2.9577,"fibre_pct":99.5},{"code_insee":"77204","nom":"Germigny-sous-Coulombs","codes_postaux":["77840"],"code_dep":"77","code_region":"11","population":201,"surface_km2":6.54,"lat":49.0638,"lon":3.1627,"fibre_pct":94.3},{"code_insee":"77205","nom":"Gesvres-le-Chapitre","codes_postaux":["77165"],"code_dep":"77","code_region":"11","population":145,"surface_km2":4.23,"lat":49.0342,"lon":2.8439,"fibre_pct":100.0},{"code_insee":"77206","nom":"Giremoutiers","codes_postaux":["77120"],"code_dep":"77","code_region":"11","population":188,"surface_km2":6.0,"lat":48.8554,"lon":3.0311,"fibre_pct":98.7},{"code_insee":"77207","nom":"Gironville","codes_postaux":["77890"],"code_dep":"77","code_region":"11","population":166,"surface_km2":13.74,"lat":48.1671,"lon":2.5383,"fibre_pct":98.4},{"code_insee":"77208","nom":"Gouaix","codes_postaux":["77114"],"code_dep":"77","code_region":"11","population":1299,"surface_km2":14.1,"lat":48.4758,"lon":3.2972,"fibre_pct":94.3},{"code_insee":"77209","nom":"Gouvernes","codes_postaux":["77400"],"code_dep":"77","code_region":"11","population":1177,"surface_km2":2.76,"lat":48.8578,"lon":2.6933,"fibre_pct":98.2},{"code_insee":"77210","nom":"La Grande-Paroisse","codes_postaux":["77130"],"code_dep":"77","code_region":"11","population":2893,"surface_km2":29.07,"lat":48.3938,"lon":2.8918,"fibre_pct":99.2},{"code_insee":"77211","nom":"Grandpuits-Bailly-Carrois","codes_postaux":["77720"],"code_dep":"77","code_region":"11","population":1009,"surface_km2":24.45,"lat":48.58,"lon":2.9782,"fibre_pct":89.5},{"code_insee":"77212","nom":"Gravon","codes_postaux":["77118"],"code_dep":"77","code_region":"11","population":156,"surface_km2":7.59,"lat":48.3881,"lon":3.1225,"fibre_pct":84.5},{"code_insee":"77214","nom":"Gressy","codes_postaux":["77410"],"code_dep":"77","code_region":"11","population":807,"surface_km2":3.34,"lat":48.966,"lon":2.6637,"fibre_pct":92.9},{"code_insee":"77215","nom":"Gretz-Armainvilliers","codes_postaux":["77220"],"code_dep":"77","code_region":"11","population":8825,"surface_km2":13.54,"lat":48.7536,"lon":2.7272,"fibre_pct":97.2},{"code_insee":"77216","nom":"Grez-sur-Loing","codes_postaux":["77880"],"code_dep":"77","code_region":"11","population":1432,"surface_km2":13.06,"lat":48.3078,"lon":2.6842,"fibre_pct":97.5},{"code_insee":"77217","nom":"Grisy-Suisnes","codes_postaux":["77166"],"code_dep":"77","code_region":"11","population":2948,"surface_km2":18.27,"lat":48.68,"lon":2.6801,"fibre_pct":94.8},{"code_insee":"77218","nom":"Grisy-sur-Seine","codes_postaux":["77480"],"code_dep":"77","code_region":"11","population":123,"surface_km2":6.57,"lat":48.4413,"lon":3.3191,"fibre_pct":89.2},{"code_insee":"77219","nom":"Guérard","codes_postaux":["77580"],"code_dep":"77","code_region":"11","population":2688,"surface_km2":19.77,"lat":48.8128,"lon":2.9533,"fibre_pct":99.4},{"code_insee":"77220","nom":"Guercheville","codes_postaux":["77760"],"code_dep":"77","code_region":"11","population":268,"surface_km2":9.21,"lat":48.262,"lon":2.5569,"fibre_pct":97.0},{"code_insee":"77221","nom":"Guermantes","codes_postaux":["77600"],"code_dep":"77","code_region":"11","population":1153,"surface_km2":1.26,"lat":48.8519,"lon":2.7141,"fibre_pct":98.9},{"code_insee":"77222","nom":"Guignes","codes_postaux":["77390"],"code_dep":"77","code_region":"11","population":4448,"surface_km2":5.71,"lat":48.6364,"lon":2.8024,"fibre_pct":93.9},{"code_insee":"77223","nom":"Gurcy-le-Châtel","codes_postaux":["77520"],"code_dep":"77","code_region":"11","population":559,"surface_km2":12.7,"lat":48.4869,"lon":3.0824,"fibre_pct":93.5},{"code_insee":"77224","nom":"Hautefeuille","codes_postaux":["77515"],"code_dep":"77","code_region":"11","population":253,"surface_km2":9.8,"lat":48.7663,"lon":2.9638,"fibre_pct":87.1},{"code_insee":"77225","nom":"La Haute-Maison","codes_postaux":["77580"],"code_dep":"77","code_region":"11","population":352,"surface_km2":12.95,"lat":48.883,"lon":3.0059,"fibre_pct":75.8},{"code_insee":"77226","nom":"Héricy","codes_postaux":["77850"],"code_dep":"77","code_region":"11","population":2507,"surface_km2":10.72,"lat":48.4439,"lon":2.7859,"fibre_pct":98.7},{"code_insee":"77227","nom":"Hermé","codes_postaux":["77114"],"code_dep":"77","code_region":"11","population":647,"surface_km2":15.95,"lat":48.4881,"lon":3.3475,"fibre_pct":54.9},{"code_insee":"77228","nom":"Hondevilliers","codes_postaux":["77510"],"code_dep":"77","code_region":"11","population":256,"surface_km2":5.52,"lat":48.905,"lon":3.3114,"fibre_pct":100.0},{"code_insee":"77229","nom":"La Houssaye-en-Brie","codes_postaux":["77610"],"code_dep":"77","code_region":"11","population":1731,"surface_km2":12.44,"lat":48.757,"lon":2.8696,"fibre_pct":97.4},{"code_insee":"77230","nom":"Ichy","codes_postaux":["77890"],"code_dep":"77","code_region":"11","population":157,"surface_km2":7.76,"lat":48.2079,"lon":2.544,"fibre_pct":100.0},{"code_insee":"77231","nom":"Isles-les-Meldeuses","codes_postaux":["77440"],"code_dep":"77","code_region":"11","population":760,"surface_km2":6.85,"lat":48.998,"lon":3.0108,"fibre_pct":91.3},{"code_insee":"77232","nom":"Isles-lès-Villenoy","codes_postaux":["77450"],"code_dep":"77","code_region":"11","population":1129,"surface_km2":7.0,"lat":48.9167,"lon":2.8285,"fibre_pct":97.8},{"code_insee":"77233","nom":"Iverny","codes_postaux":["77165"],"code_dep":"77","code_region":"11","population":618,"surface_km2":1.75,"lat":48.9974,"lon":2.7922,"fibre_pct":94.7},{"code_insee":"77234","nom":"Jablines","codes_postaux":["77450"],"code_dep":"77","code_region":"11","population":647,"surface_km2":8.08,"lat":48.9157,"lon":2.7606,"fibre_pct":100.0},{"code_insee":"77235","nom":"Jaignes","codes_postaux":["77440"],"code_dep":"77","code_region":"11","population":322,"surface_km2":10.15,"lat":48.983,"lon":3.0799,"fibre_pct":97.6},{"code_insee":"77236","nom":"Jaulnes","codes_postaux":["77480"],"code_dep":"77","code_region":"11","population":344,"surface_km2":15.86,"lat":48.4143,"lon":3.273,"fibre_pct":90.0},{"code_insee":"77237","nom":"Jossigny","codes_postaux":["77600"],"code_dep":"77","code_region":"11","population":650,"surface_km2":9.62,"lat":48.8289,"lon":2.7641,"fibre_pct":80.6},{"code_insee":"77238","nom":"Jouarre","codes_postaux":["77640"],"code_dep":"77","code_region":"11","population":4221,"surface_km2":42.27,"lat":48.9053,"lon":3.1159,"fibre_pct":90.2},{"code_insee":"77239","nom":"Jouy-le-Châtel","codes_postaux":["77970"],"code_dep":"77","code_region":"11","population":1630,"surface_km2":37.66,"lat":48.6664,"lon":3.1395,"fibre_pct":97.7},{"code_insee":"77240","nom":"Jouy-sur-Morin","codes_postaux":["77320"],"code_dep":"77","code_region":"11","population":2230,"surface_km2":18.44,"lat":48.795,"lon":3.2736,"fibre_pct":93.5},{"code_insee":"77241","nom":"Juilly","codes_postaux":["77230"],"code_dep":"77","code_region":"11","population":2036,"surface_km2":7.76,"lat":49.0216,"lon":2.7053,"fibre_pct":99.9},{"code_insee":"77242","nom":"Jutigny","codes_postaux":["77650"],"code_dep":"77","code_region":"11","population":547,"surface_km2":4.59,"lat":48.4925,"lon":3.2253,"fibre_pct":97.6},{"code_insee":"77243","nom":"Lagny-sur-Marne","codes_postaux":["77400"],"code_dep":"77","code_region":"11","population":21461,"surface_km2":5.78,"lat":48.8716,"lon":2.7045,"fibre_pct":91.5},{"code_insee":"77244","nom":"Larchant","codes_postaux":["77760"],"code_dep":"77","code_region":"11","population":730,"surface_km2":29.28,"lat":48.2857,"lon":2.6,"fibre_pct":98.6},{"code_insee":"77245","nom":"Laval-en-Brie","codes_postaux":["77148"],"code_dep":"77","code_region":"11","population":412,"surface_km2":20.25,"lat":48.4541,"lon":2.9718,"fibre_pct":92.8},{"code_insee":"77246","nom":"Léchelle","codes_postaux":["77171"],"code_dep":"77","code_region":"11","population":572,"surface_km2":21.94,"lat":48.5729,"lon":3.388,"fibre_pct":100.0},{"code_insee":"77247","nom":"Lescherolles","codes_postaux":["77320"],"code_dep":"77","code_region":"11","population":464,"surface_km2":11.02,"lat":48.7645,"lon":3.353,"fibre_pct":96.9},{"code_insee":"77248","nom":"Lesches","codes_postaux":["77450"],"code_dep":"77","code_region":"11","population":763,"surface_km2":4.11,"lat":48.9173,"lon":2.7917,"fibre_pct":99.7},{"code_insee":"77249","nom":"Lésigny","codes_postaux":["77150"],"code_dep":"77","code_region":"11","population":6923,"surface_km2":10.02,"lat":48.748,"lon":2.6182,"fibre_pct":95.8},{"code_insee":"77250","nom":"Leudon-en-Brie","codes_postaux":["77320"],"code_dep":"77","code_region":"11","population":168,"surface_km2":4.33,"lat":48.7275,"lon":3.263,"fibre_pct":100.0},{"code_insee":"77251","nom":"Lieusaint","codes_postaux":["77127"],"code_dep":"77","code_region":"11","population":14017,"surface_km2":11.95,"lat":48.6277,"lon":2.549,"fibre_pct":93.7},{"code_insee":"77252","nom":"Limoges-Fourches","codes_postaux":["77550"],"code_dep":"77","code_region":"11","population":625,"surface_km2":7.97,"lat":48.6257,"lon":2.6662,"fibre_pct":80.0},{"code_insee":"77253","nom":"Lissy","codes_postaux":["77550"],"code_dep":"77","code_region":"11","population":352,"surface_km2":6.73,"lat":48.6185,"lon":2.703,"fibre_pct":100.0},{"code_insee":"77254","nom":"Liverdy-en-Brie","codes_postaux":["77220"],"code_dep":"77","code_region":"11","population":1410,"surface_km2":9.12,"lat":48.6957,"lon":2.7797,"fibre_pct":97.3},{"code_insee":"77255","nom":"Livry-sur-Seine","codes_postaux":["77000"],"code_dep":"77","code_region":"11","population":2226,"surface_km2":5.35,"lat":48.5039,"lon":2.6898,"fibre_pct":93.3},{"code_insee":"77256","nom":"Lizines","codes_postaux":["77650"],"code_dep":"77","code_region":"11","population":174,"surface_km2":5.81,"lat":48.5283,"lon":3.1654,"fibre_pct":95.4},{"code_insee":"77257","nom":"Lizy-sur-Ourcq","codes_postaux":["77440"],"code_dep":"77","code_region":"11","population":3627,"surface_km2":11.17,"lat":49.0344,"lon":3.0189,"fibre_pct":92.0},{"code_insee":"77258","nom":"Lognes","codes_postaux":["77185"],"code_dep":"77","code_region":"11","population":15074,"surface_km2":4.0,"lat":48.8325,"lon":2.6366,"fibre_pct":96.1},{"code_insee":"77259","nom":"Longperrier","codes_postaux":["77230"],"code_dep":"77","code_region":"11","population":3152,"surface_km2":4.64,"lat":49.0506,"lon":2.6566,"fibre_pct":74.1},{"code_insee":"77260","nom":"Longueville","codes_postaux":["77650"],"code_dep":"77","code_region":"11","population":1804,"surface_km2":5.6,"lat":48.5148,"lon":3.2414,"fibre_pct":96.4},{"code_insee":"77261","nom":"Lorrez-le-Bocage-Préaux","codes_postaux":["77710"],"code_dep":"77","code_region":"11","population":1274,"surface_km2":19.85,"lat":48.2423,"lon":2.8932,"fibre_pct":95.6},{"code_insee":"77262","nom":"Louan-Villegruis-Fontaine","codes_postaux":["77560"],"code_dep":"77","code_region":"11","population":491,"surface_km2":37.97,"lat":48.6101,"lon":3.4984,"fibre_pct":100.0},{"code_insee":"77263","nom":"Luisetaines","codes_postaux":["77520"],"code_dep":"77","code_region":"11","population":229,"surface_km2":5.06,"lat":48.4602,"lon":3.1847,"fibre_pct":100.0},{"code_insee":"77264","nom":"Lumigny-Nesles-Ormeaux","codes_postaux":["77540"],"code_dep":"77","code_region":"11","population":1468,"surface_km2":36.34,"lat":48.7244,"lon":2.9572,"fibre_pct":95.1},{"code_insee":"77265","nom":"Luzancy","codes_postaux":["77138"],"code_dep":"77","code_region":"11","population":1036,"surface_km2":6.61,"lat":48.9754,"lon":3.1791,"fibre_pct":87.0},{"code_insee":"77266","nom":"Machault","codes_postaux":["77133"],"code_dep":"77","code_region":"11","population":815,"surface_km2":16.27,"lat":48.4524,"lon":2.8493,"fibre_pct":98.5},{"code_insee":"77267","nom":"La Madeleine-sur-Loing","codes_postaux":["77570"],"code_dep":"77","code_region":"11","population":347,"surface_km2":6.17,"lat":48.2036,"lon":2.7015,"fibre_pct":100.0},{"code_insee":"77268","nom":"Magny-le-Hongre","codes_postaux":["77700"],"code_dep":"77","code_region":"11","population":9060,"surface_km2":4.67,"lat":48.8675,"lon":2.8171,"fibre_pct":87.8},{"code_insee":"77269","nom":"Maincy","codes_postaux":["77950"],"code_dep":"77","code_region":"11","population":1828,"surface_km2":10.27,"lat":48.5541,"lon":2.7038,"fibre_pct":95.4},{"code_insee":"77270","nom":"Maisoncelles-en-Brie","codes_postaux":["77580"],"code_dep":"77","code_region":"11","population":977,"surface_km2":13.53,"lat":48.8565,"lon":2.9957,"fibre_pct":98.1},{"code_insee":"77271","nom":"Maisoncelles-en-Gâtinais","codes_postaux":["77570"],"code_dep":"77","code_region":"11","population":141,"surface_km2":8.58,"lat":48.1837,"lon":2.6222,"fibre_pct":99.3},{"code_insee":"77272","nom":"Maison-Rouge","codes_postaux":["77370"],"code_dep":"77","code_region":"11","population":880,"surface_km2":13.88,"lat":48.5549,"lon":3.1533,"fibre_pct":97.2},{"code_insee":"77273","nom":"Marchémoret","codes_postaux":["77230"],"code_dep":"77","code_region":"11","population":659,"surface_km2":7.03,"lat":49.0528,"lon":2.7508,"fibre_pct":98.1},{"code_insee":"77274","nom":"Marcilly","codes_postaux":["77139"],"code_dep":"77","code_region":"11","population":489,"surface_km2":6.95,"lat":49.0369,"lon":2.8781,"fibre_pct":97.3},{"code_insee":"77275","nom":"Les Marêts","codes_postaux":["77560"],"code_dep":"77","code_region":"11","population":152,"surface_km2":5.38,"lat":48.6712,"lon":3.3159,"fibre_pct":100.0},{"code_insee":"77276","nom":"Mareuil-lès-Meaux","codes_postaux":["77100"],"code_dep":"77","code_region":"11","population":3345,"surface_km2":7.16,"lat":48.9252,"lon":2.8769,"fibre_pct":94.5},{"code_insee":"77277","nom":"Marles-en-Brie","codes_postaux":["77610"],"code_dep":"77","code_region":"11","population":1898,"surface_km2":12.81,"lat":48.7253,"lon":2.8856,"fibre_pct":95.8},{"code_insee":"77278","nom":"Marolles-en-Brie","codes_postaux":["77120"],"code_dep":"77","code_region":"11","population":412,"surface_km2":9.08,"lat":48.7719,"lon":3.1635,"fibre_pct":99.5},{"code_insee":"77279","nom":"Marolles-sur-Seine","codes_postaux":["77130"],"code_dep":"77","code_region":"11","population":1774,"surface_km2":20.21,"lat":48.3813,"lon":3.0295,"fibre_pct":99.4},{"code_insee":"77280","nom":"Mary-sur-Marne","codes_postaux":["77440"],"code_dep":"77","code_region":"11","population":1155,"surface_km2":2.23,"lat":49.0145,"lon":3.033,"fibre_pct":93.7},{"code_insee":"77281","nom":"Mauperthuis","codes_postaux":["77120"],"code_dep":"77","code_region":"11","population":495,"surface_km2":1.97,"lat":48.7709,"lon":3.0386,"fibre_pct":96.6},{"code_insee":"77282","nom":"Mauregard","codes_postaux":["77990"],"code_dep":"77","code_region":"11","population":341,"surface_km2":8.75,"lat":49.029,"lon":2.5678,"fibre_pct":82.4},{"code_insee":"77283","nom":"May-en-Multien","codes_postaux":["77145"],"code_dep":"77","code_region":"11","population":877,"surface_km2":19.05,"lat":49.0686,"lon":3.0274,"fibre_pct":92.7},{"code_insee":"77284","nom":"Meaux","codes_postaux":["77100"],"code_dep":"77","code_region":"11","population":56905,"surface_km2":15.37,"lat":48.9573,"lon":2.9035,"fibre_pct":98.5},{"code_insee":"77285","nom":"Le Mée-sur-Seine","codes_postaux":["77350"],"code_dep":"77","code_region":"11","population":19527,"surface_km2":5.57,"lat":48.5401,"lon":2.6301,"fibre_pct":99.8},{"code_insee":"77286","nom":"Meigneux","codes_postaux":["77520"],"code_dep":"77","code_region":"11","population":236,"surface_km2":7.81,"lat":48.5132,"lon":3.0906,"fibre_pct":98.4},{"code_insee":"77287","nom":"Meilleray","codes_postaux":["77320"],"code_dep":"77","code_region":"11","population":504,"surface_km2":7.77,"lat":48.7989,"lon":3.4161,"fibre_pct":100.0},{"code_insee":"77288","nom":"Melun","codes_postaux":["77000"],"code_dep":"77","code_region":"11","population":45995,"surface_km2":8.0,"lat":48.5421,"lon":2.6552,"fibre_pct":96.1},{"code_insee":"77289","nom":"Melz-sur-Seine","codes_postaux":["77171"],"code_dep":"77","code_region":"11","population":345,"surface_km2":18.46,"lat":48.5037,"lon":3.3969,"fibre_pct":97.1},{"code_insee":"77290","nom":"Méry-sur-Marne","codes_postaux":["77730"],"code_dep":"77","code_region":"11","population":679,"surface_km2":5.74,"lat":48.9734,"lon":3.2051,"fibre_pct":99.7},{"code_insee":"77291","nom":"Le Mesnil-Amelot","codes_postaux":["77990"],"code_dep":"77","code_region":"11","population":992,"surface_km2":9.8,"lat":49.0175,"lon":2.5974,"fibre_pct":85.1},{"code_insee":"77292","nom":"Messy","codes_postaux":["77410"],"code_dep":"77","code_region":"11","population":1219,"surface_km2":10.33,"lat":48.9663,"lon":2.7041,"fibre_pct":96.3},{"code_insee":"77293","nom":"Misy-sur-Yonne","codes_postaux":["77130"],"code_dep":"77","code_region":"11","population":834,"surface_km2":6.27,"lat":48.3628,"lon":3.0942,"fibre_pct":97.1},{"code_insee":"77294","nom":"Mitry-Mory","codes_postaux":["77290"],"code_dep":"77","code_region":"11","population":20456,"surface_km2":29.87,"lat":48.9796,"lon":2.6116,"fibre_pct":99.1},{"code_insee":"77295","nom":"Moisenay","codes_postaux":["77950"],"code_dep":"77","code_region":"11","population":1362,"surface_km2":8.73,"lat":48.5636,"lon":2.7389,"fibre_pct":95.3},{"code_insee":"77296","nom":"Moissy-Cramayel","codes_postaux":["77550"],"code_dep":"77","code_region":"11","population":18511,"surface_km2":14.27,"lat":48.6247,"lon":2.5958,"fibre_pct":98.0},{"code_insee":"77297","nom":"Mondreville","codes_postaux":["77570"],"code_dep":"77","code_region":"11","population":334,"surface_km2":20.15,"lat":48.1513,"lon":2.6003,"fibre_pct":98.2},{"code_insee":"77298","nom":"Mons-en-Montois","codes_postaux":["77520"],"code_dep":"77","code_region":"11","population":454,"surface_km2":6.27,"lat":48.4922,"lon":3.1373,"fibre_pct":98.9},{"code_insee":"77300","nom":"Montceaux-lès-Meaux","codes_postaux":["77470"],"code_dep":"77","code_region":"11","population":669,"surface_km2":4.72,"lat":48.9445,"lon":2.9924,"fibre_pct":96.1},{"code_insee":"77301","nom":"Montceaux-lès-Provins","codes_postaux":["77151"],"code_dep":"77","code_region":"11","population":320,"surface_km2":15.35,"lat":48.6982,"lon":3.445,"fibre_pct":98.5},{"code_insee":"77302","nom":"Moncourt-Fromonville","codes_postaux":["77140"],"code_dep":"77","code_region":"11","population":1891,"surface_km2":8.06,"lat":48.2983,"lon":2.7153,"fibre_pct":96.8},{"code_insee":"77303","nom":"Montdauphin","codes_postaux":["77320"],"code_dep":"77","code_region":"11","population":235,"surface_km2":9.83,"lat":48.8536,"lon":3.4222,"fibre_pct":95.9},{"code_insee":"77304","nom":"Montenils","codes_postaux":["77320"],"code_dep":"77","code_region":"11","population":34,"surface_km2":5.31,"lat":48.832,"lon":3.4769,"fibre_pct":89.4},{"code_insee":"77305","nom":"Montereau-Fault-Yonne","codes_postaux":["77130"],"code_dep":"77","code_region":"11","population":22279,"surface_km2":9.03,"lat":48.3887,"lon":2.962,"fibre_pct":94.8},{"code_insee":"77306","nom":"Montereau-sur-le-Jard","codes_postaux":["77950"],"code_dep":"77","code_region":"11","population":499,"surface_km2":11.4,"lat":48.5969,"lon":2.6728,"fibre_pct":92.0},{"code_insee":"77307","nom":"Montévrain","codes_postaux":["77144"],"code_dep":"77","code_region":"11","population":15687,"surface_km2":5.38,"lat":48.8673,"lon":2.7511,"fibre_pct":96.7},{"code_insee":"77308","nom":"Montgé-en-Goële","codes_postaux":["77230"],"code_dep":"77","code_region":"11","population":717,"surface_km2":11.51,"lat":49.0279,"lon":2.7452,"fibre_pct":97.4},{"code_insee":"77309","nom":"Monthyon","codes_postaux":["77122"],"code_dep":"77","code_region":"11","population":1756,"surface_km2":12.12,"lat":49.0097,"lon":2.8345,"fibre_pct":98.7},{"code_insee":"77310","nom":"Montigny-le-Guesdier","codes_postaux":["77480"],"code_dep":"77","code_region":"11","population":295,"surface_km2":7.92,"lat":48.3838,"lon":3.2495,"fibre_pct":99.4},{"code_insee":"77311","nom":"Montigny-Lencoup","codes_postaux":["77520"],"code_dep":"77","code_region":"11","population":1358,"surface_km2":20.8,"lat":48.456,"lon":3.0541,"fibre_pct":96.5},{"code_insee":"77312","nom":"Montigny-sur-Loing","codes_postaux":["77690"],"code_dep":"77","code_region":"11","population":2669,"surface_km2":9.19,"lat":48.3381,"lon":2.7572,"fibre_pct":98.0},{"code_insee":"77313","nom":"Montmachoux","codes_postaux":["77940"],"code_dep":"77","code_region":"11","population":213,"surface_km2":4.43,"lat":48.3204,"lon":2.989,"fibre_pct":100.0},{"code_insee":"77314","nom":"Montolivet","codes_postaux":["77320"],"code_dep":"77","code_region":"11","population":257,"surface_km2":16.39,"lat":48.8274,"lon":3.4318,"fibre_pct":85.9},{"code_insee":"77315","nom":"Montry","codes_postaux":["77450"],"code_dep":"77","code_region":"11","population":3945,"surface_km2":2.86,"lat":48.8866,"lon":2.8227,"fibre_pct":98.8},{"code_insee":"77316","nom":"Moret-Loing-et-Orvanne","codes_postaux":["77250"],"code_dep":"77","code_region":"11","population":12810,"surface_km2":33.39,"lat":48.3545,"lon":2.8233,"fibre_pct":96.2},{"code_insee":"77317","nom":"Mormant","codes_postaux":["77720"],"code_dep":"77","code_region":"11","population":5282,"surface_km2":16.61,"lat":48.596,"lon":2.8772,"fibre_pct":93.6},{"code_insee":"77318","nom":"Mortcerf","codes_postaux":["77163"],"code_dep":"77","code_region":"11","population":1400,"surface_km2":17.84,"lat":48.78,"lon":2.897,"fibre_pct":99.1},{"code_insee":"77319","nom":"Mortery","codes_postaux":["77160"],"code_dep":"77","code_region":"11","population":137,"surface_km2":13.18,"lat":48.5906,"lon":3.2475,"fibre_pct":95.4},{"code_insee":"77320","nom":"Mouroux","codes_postaux":["77120"],"code_dep":"77","code_region":"11","population":5810,"surface_km2":16.74,"lat":48.825,"lon":3.0486,"fibre_pct":98.7},{"code_insee":"77321","nom":"Mousseaux-lès-Bray","codes_postaux":["77480"],"code_dep":"77","code_region":"11","population":682,"surface_km2":8.68,"lat":48.3941,"lon":3.2371,"fibre_pct":100.0},{"code_insee":"77322","nom":"Moussy-le-Neuf","codes_postaux":["77230"],"code_dep":"77","code_region":"11","population":3253,"surface_km2":14.82,"lat":49.0711,"lon":2.6038,"fibre_pct":98.2},{"code_insee":"77323","nom":"Moussy-le-Vieux","codes_postaux":["77230"],"code_dep":"77","code_region":"11","population":1469,"surface_km2":7.2,"lat":49.048,"lon":2.6221,"fibre_pct":72.1},{"code_insee":"77325","nom":"Mouy-sur-Seine","codes_postaux":["77480"],"code_dep":"77","code_region":"11","population":353,"surface_km2":8.62,"lat":48.4328,"lon":3.2443,"fibre_pct":95.5},{"code_insee":"77326","nom":"Nandy","codes_postaux":["77176"],"code_dep":"77","code_region":"11","population":6350,"surface_km2":8.6,"lat":48.5816,"lon":2.5476,"fibre_pct":100.0},{"code_insee":"77327","nom":"Nangis","codes_postaux":["77370"],"code_dep":"77","code_region":"11","population":8867,"surface_km2":24.11,"lat":48.5575,"lon":3.0079,"fibre_pct":93.5},{"code_insee":"77328","nom":"Nanteau-sur-Essonne","codes_postaux":["77760"],"code_dep":"77","code_region":"11","population":414,"surface_km2":12.9,"lat":48.3184,"lon":2.4262,"fibre_pct":90.2},{"code_insee":"77329","nom":"Nanteau-sur-Lunain","codes_postaux":["77710"],"code_dep":"77","code_region":"11","population":702,"surface_km2":13.32,"lat":48.2529,"lon":2.8099,"fibre_pct":97.6},{"code_insee":"77330","nom":"Nanteuil-lès-Meaux","codes_postaux":["77100"],"code_dep":"77","code_region":"11","population":7308,"surface_km2":7.59,"lat":48.9317,"lon":2.9019,"fibre_pct":95.9},{"code_insee":"77331","nom":"Nanteuil-sur-Marne","codes_postaux":["77730"],"code_dep":"77","code_region":"11","population":406,"surface_km2":1.26,"lat":48.98,"lon":3.2204,"fibre_pct":93.2},{"code_insee":"77332","nom":"Nantouillet","codes_postaux":["77230"],"code_dep":"77","code_region":"11","population":302,"surface_km2":5.15,"lat":48.9993,"lon":2.7045,"fibre_pct":97.2},{"code_insee":"77333","nom":"Nemours","codes_postaux":["77140"],"code_dep":"77","code_region":"11","population":12889,"surface_km2":10.12,"lat":48.2633,"lon":2.7187,"fibre_pct":96.4},{"code_insee":"77335","nom":"Chauconin-Neufmontiers","codes_postaux":["77124"],"code_dep":"77","code_region":"11","population":3784,"surface_km2":17.37,"lat":48.97,"lon":2.8323,"fibre_pct":97.1},{"code_insee":"77336","nom":"Neufmoutiers-en-Brie","codes_postaux":["77610"],"code_dep":"77","code_region":"11","population":1338,"surface_km2":16.23,"lat":48.773,"lon":2.8294,"fibre_pct":95.3},{"code_insee":"77337","nom":"Noisiel","codes_postaux":["77186"],"code_dep":"77","code_region":"11","population":16053,"surface_km2":4.32,"lat":48.8461,"lon":2.6187,"fibre_pct":96.4},{"code_insee":"77338","nom":"Noisy-Rudignon","codes_postaux":["77940"],"code_dep":"77","code_region":"11","population":580,"surface_km2":4.16,"lat":48.3372,"lon":2.9331,"fibre_pct":100.0},{"code_insee":"77339","nom":"Noisy-sur-École","codes_postaux":["77123"],"code_dep":"77","code_region":"11","population":1797,"surface_km2":29.93,"lat":48.3733,"lon":2.5114,"fibre_pct":88.9},{"code_insee":"77340","nom":"Nonville","codes_postaux":["77140"],"code_dep":"77","code_region":"11","population":591,"surface_km2":11.62,"lat":48.2894,"lon":2.7731,"fibre_pct":86.5},{"code_insee":"77341","nom":"Noyen-sur-Seine","codes_postaux":["77114"],"code_dep":"77","code_region":"11","population":369,"surface_km2":12.22,"lat":48.4512,"lon":3.3449,"fibre_pct":96.3},{"code_insee":"77342","nom":"Obsonville","codes_postaux":["77890"],"code_dep":"77","code_region":"11","population":126,"surface_km2":7.05,"lat":48.214,"lon":2.5673,"fibre_pct":98.7},{"code_insee":"77343","nom":"Ocquerre","codes_postaux":["77440"],"code_dep":"77","code_region":"11","population":378,"surface_km2":10.16,"lat":49.0379,"lon":3.0577,"fibre_pct":94.2},{"code_insee":"77344","nom":"Oissery","codes_postaux":["77178"],"code_dep":"77","code_region":"11","population":2496,"surface_km2":15.14,"lat":49.0725,"lon":2.8166,"fibre_pct":88.9},{"code_insee":"77345","nom":"Orly-sur-Morin","codes_postaux":["77750"],"code_dep":"77","code_region":"11","population":656,"surface_km2":5.87,"lat":48.9006,"lon":3.2285,"fibre_pct":93.1},{"code_insee":"77347","nom":"Les Ormes-sur-Voulzie","codes_postaux":["77134"],"code_dep":"77","code_region":"11","population":864,"surface_km2":12.25,"lat":48.4613,"lon":3.2255,"fibre_pct":100.0},{"code_insee":"77348","nom":"Ormesson","codes_postaux":["77167"],"code_dep":"77","code_region":"11","population":242,"surface_km2":3.81,"lat":48.2448,"lon":2.6487,"fibre_pct":93.8},{"code_insee":"77349","nom":"Othis","codes_postaux":["77280"],"code_dep":"77","code_region":"11","population":6717,"surface_km2":13.07,"lat":49.086,"lon":2.6572,"fibre_pct":99.6},{"code_insee":"77350","nom":"Ozoir-la-Ferrière","codes_postaux":["77330"],"code_dep":"77","code_region":"11","population":21238,"surface_km2":15.59,"lat":48.7631,"lon":2.6753,"fibre_pct":97.8},{"code_insee":"77352","nom":"Ozouer-le-Voulgis","codes_postaux":["77390"],"code_dep":"77","code_region":"11","population":2050,"surface_km2":11.35,"lat":48.6652,"lon":2.7754,"fibre_pct":95.5},{"code_insee":"77353","nom":"Paley","codes_postaux":["77710"],"code_dep":"77","code_region":"11","population":483,"surface_km2":9.3,"lat":48.2387,"lon":2.8565,"fibre_pct":100.0},{"code_insee":"77354","nom":"Pamfou","codes_postaux":["77830"],"code_dep":"77","code_region":"11","population":983,"surface_km2":10.41,"lat":48.4676,"lon":2.8634,"fibre_pct":77.0},{"code_insee":"77355","nom":"Paroy","codes_postaux":["77520"],"code_dep":"77","code_region":"11","population":187,"surface_km2":4.26,"lat":48.4796,"lon":3.2005,"fibre_pct":100.0},{"code_insee":"77356","nom":"Passy-sur-Seine","codes_postaux":["77480"],"code_dep":"77","code_region":"11","population":49,"surface_km2":4.56,"lat":48.4282,"lon":3.3455,"fibre_pct":97.4},{"code_insee":"77357","nom":"Pécy","codes_postaux":["77970"],"code_dep":"77","code_region":"11","population":849,"surface_km2":21.12,"lat":48.6459,"lon":3.0642,"fibre_pct":98.5},{"code_insee":"77358","nom":"Penchard","codes_postaux":["77124"],"code_dep":"77","code_region":"11","population":1373,"surface_km2":4.33,"lat":48.9908,"lon":2.8576,"fibre_pct":92.5},{"code_insee":"77359","nom":"Perthes","codes_postaux":["77930"],"code_dep":"77","code_region":"11","population":2073,"surface_km2":12.29,"lat":48.4786,"lon":2.5472,"fibre_pct":96.8},{"code_insee":"77360","nom":"Pézarches","codes_postaux":["77131"],"code_dep":"77","code_region":"11","population":410,"surface_km2":8.98,"lat":48.7462,"lon":2.9896,"fibre_pct":94.4},{"code_insee":"77361","nom":"Pierre-Levée","codes_postaux":["77580"],"code_dep":"77","code_region":"11","population":480,"surface_km2":12.99,"lat":48.8952,"lon":3.0346,"fibre_pct":92.8},{"code_insee":"77363","nom":"Le Pin","codes_postaux":["77181"],"code_dep":"77","code_region":"11","population":1530,"surface_km2":6.71,"lat":48.9138,"lon":2.6286,"fibre_pct":93.4},{"code_insee":"77364","nom":"Le Plessis-aux-Bois","codes_postaux":["77165"],"code_dep":"77","code_region":"11","population":261,"surface_km2":3.41,"lat":49.0049,"lon":2.7696,"fibre_pct":100.0},{"code_insee":"77365","nom":"Le Plessis-Feu-Aussoux","codes_postaux":["77540"],"code_dep":"77","code_region":"11","population":597,"surface_km2":5.59,"lat":48.713,"lon":3.04,"fibre_pct":100.0},{"code_insee":"77366","nom":"Le Plessis-l'Évêque","codes_postaux":["77165"],"code_dep":"77","code_region":"11","population":291,"surface_km2":3.58,"lat":49.0049,"lon":2.7912,"fibre_pct":97.3},{"code_insee":"77367","nom":"Le Plessis-Placy","codes_postaux":["77440"],"code_dep":"77","code_region":"11","population":305,"surface_km2":8.24,"lat":49.0534,"lon":2.9852,"fibre_pct":100.0},{"code_insee":"77368","nom":"Poigny","codes_postaux":["77160"],"code_dep":"77","code_region":"11","population":501,"surface_km2":5.97,"lat":48.5449,"lon":3.2772,"fibre_pct":96.0},{"code_insee":"77369","nom":"Poincy","codes_postaux":["77470"],"code_dep":"77","code_region":"11","population":797,"surface_km2":6.16,"lat":48.9739,"lon":2.9239,"fibre_pct":98.5},{"code_insee":"77370","nom":"Poligny","codes_postaux":["77167"],"code_dep":"77","code_region":"11","population":825,"surface_km2":27.29,"lat":48.2373,"lon":2.759,"fibre_pct":94.6},{"code_insee":"77371","nom":"Pommeuse","codes_postaux":["77515"],"code_dep":"77","code_region":"11","population":3049,"surface_km2":12.82,"lat":48.8169,"lon":3.0077,"fibre_pct":98.3},{"code_insee":"77372","nom":"Pomponne","codes_postaux":["77400"],"code_dep":"77","code_region":"11","population":4215,"surface_km2":7.29,"lat":48.887,"lon":2.6776,"fibre_pct":86.0},{"code_insee":"77373","nom":"Pontault-Combault","codes_postaux":["77340"],"code_dep":"77","code_region":"11","population":39096,"surface_km2":13.57,"lat":48.7885,"lon":2.6173,"fibre_pct":99.0},{"code_insee":"77374","nom":"Pontcarré","codes_postaux":["77135"],"code_dep":"77","code_region":"11","population":2136,"surface_km2":9.64,"lat":48.7954,"lon":2.706,"fibre_pct":92.4},{"code_insee":"77376","nom":"Précy-sur-Marne","codes_postaux":["77410"],"code_dep":"77","code_region":"11","population":747,"surface_km2":4.82,"lat":48.9352,"lon":2.7688,"fibre_pct":81.6},{"code_insee":"77377","nom":"Presles-en-Brie","codes_postaux":["77220"],"code_dep":"77","code_region":"11","population":2369,"surface_km2":17.47,"lat":48.7106,"lon":2.7407,"fibre_pct":98.7},{"code_insee":"77378","nom":"Pringy","codes_postaux":["77310"],"code_dep":"77","code_region":"11","population":3864,"surface_km2":4.11,"lat":48.5175,"lon":2.5498,"fibre_pct":96.6},{"code_insee":"77379","nom":"Provins","codes_postaux":["77160"],"code_dep":"77","code_region":"11","population":11632,"surface_km2":14.71,"lat":48.5629,"lon":3.2845,"fibre_pct":96.2},{"code_insee":"77380","nom":"Puisieux","codes_postaux":["77139"],"code_dep":"77","code_region":"11","population":317,"surface_km2":9.24,"lat":49.0627,"lon":2.9163,"fibre_pct":93.9},{"code_insee":"77381","nom":"Quiers","codes_postaux":["77720"],"code_dep":"77","code_region":"11","population":650,"surface_km2":11.79,"lat":48.6144,"lon":2.9611,"fibre_pct":99.6},{"code_insee":"77382","nom":"Quincy-Voisins","codes_postaux":["77860"],"code_dep":"77","code_region":"11","population":5547,"surface_km2":10.31,"lat":48.8982,"lon":2.8765,"fibre_pct":99.8},{"code_insee":"77383","nom":"Rampillon","codes_postaux":["77370"],"code_dep":"77","code_region":"11","population":836,"surface_km2":23.03,"lat":48.5399,"lon":3.0741,"fibre_pct":92.7},{"code_insee":"77384","nom":"Réau","codes_postaux":["77550"],"code_dep":"77","code_region":"11","population":2127,"surface_km2":13.32,"lat":48.6077,"lon":2.6249,"fibre_pct":36.8},{"code_insee":"77385","nom":"Rebais","codes_postaux":["77510"],"code_dep":"77","code_region":"11","population":2294,"surface_km2":11.02,"lat":48.8575,"lon":3.2321,"fibre_pct":97.4},{"code_insee":"77386","nom":"Recloses","codes_postaux":["77760"],"code_dep":"77","code_region":"11","population":633,"surface_km2":9.36,"lat":48.3388,"lon":2.6441,"fibre_pct":97.0},{"code_insee":"77387","nom":"Remauville","codes_postaux":["77710"],"code_dep":"77","code_region":"11","population":449,"surface_km2":10.87,"lat":48.2215,"lon":2.8285,"fibre_pct":100.0},{"code_insee":"77388","nom":"Reuil-en-Brie","codes_postaux":["77260"],"code_dep":"77","code_region":"11","population":798,"surface_km2":5.95,"lat":48.9578,"lon":3.1608,"fibre_pct":88.4},{"code_insee":"77389","nom":"La Rochette","codes_postaux":["77000"],"code_dep":"77","code_region":"11","population":3932,"surface_km2":5.84,"lat":48.507,"lon":2.6578,"fibre_pct":95.5},{"code_insee":"77390","nom":"Roissy-en-Brie","codes_postaux":["77680"],"code_dep":"77","code_region":"11","population":23229,"surface_km2":13.62,"lat":48.7913,"lon":2.6647,"fibre_pct":93.1},{"code_insee":"77391","nom":"Rouilly","codes_postaux":["77160"],"code_dep":"77","code_region":"11","population":496,"surface_km2":7.76,"lat":48.5912,"lon":3.2897,"fibre_pct":98.7},{"code_insee":"77392","nom":"Rouvres","codes_postaux":["77230"],"code_dep":"77","code_region":"11","population":1038,"surface_km2":4.15,"lat":49.0657,"lon":2.7189,"fibre_pct":95.8},{"code_insee":"77393","nom":"Rozay-en-Brie","codes_postaux":["77540"],"code_dep":"77","code_region":"11","population":2860,"surface_km2":3.16,"lat":48.6821,"lon":2.9623,"fibre_pct":98.1},{"code_insee":"77394","nom":"Rubelles","codes_postaux":["77950"],"code_dep":"77","code_region":"11","population":3537,"surface_km2":3.92,"lat":48.5654,"lon":2.6808,"fibre_pct":99.7},{"code_insee":"77395","nom":"Rumont","codes_postaux":["77760"],"code_dep":"77","code_region":"11","population":125,"surface_km2":6.6,"lat":48.2707,"lon":2.4966,"fibre_pct":98.8},{"code_insee":"77396","nom":"Rupéreux","codes_postaux":["77560"],"code_dep":"77","code_region":"11","population":106,"surface_km2":6.31,"lat":48.6401,"lon":3.331,"fibre_pct":98.2},{"code_insee":"77397","nom":"Saâcy-sur-Marne","codes_postaux":["77730"],"code_dep":"77","code_region":"11","population":1878,"surface_km2":13.62,"lat":48.9524,"lon":3.2128,"fibre_pct":95.9},{"code_insee":"77398","nom":"Sablonnières","codes_postaux":["77510"],"code_dep":"77","code_region":"11","population":791,"surface_km2":13.96,"lat":48.8766,"lon":3.2932,"fibre_pct":99.5},{"code_insee":"77400","nom":"Saint-Augustin","codes_postaux":["77515"],"code_dep":"77","code_region":"11","population":1888,"surface_km2":10.36,"lat":48.7869,"lon":3.0327,"fibre_pct":94.6},{"code_insee":"77401","nom":"Sainte-Aulde","codes_postaux":["77260"],"code_dep":"77","code_region":"11","population":706,"surface_km2":8.62,"lat":49.0049,"lon":3.1731,"fibre_pct":98.1},{"code_insee":"77402","nom":"Saint-Barthélemy","codes_postaux":["77320"],"code_dep":"77","code_region":"11","population":335,"surface_km2":15.02,"lat":48.8179,"lon":3.3603,"fibre_pct":97.4},{"code_insee":"77403","nom":"Saint-Brice","codes_postaux":["77160"],"code_dep":"77","code_region":"11","population":819,"surface_km2":11.46,"lat":48.5733,"lon":3.3365,"fibre_pct":93.8},{"code_insee":"77404","nom":"Sainte-Colombe","codes_postaux":["77650"],"code_dep":"77","code_region":"11","population":1781,"surface_km2":8.15,"lat":48.5367,"lon":3.261,"fibre_pct":98.8},{"code_insee":"77405","nom":"Saint-Cyr-sur-Morin","codes_postaux":["77750"],"code_dep":"77","code_region":"11","population":1976,"surface_km2":19.08,"lat":48.9141,"lon":3.1746,"fibre_pct":82.1},{"code_insee":"77406","nom":"Saint-Denis-lès-Rebais","codes_postaux":["77510"],"code_dep":"77","code_region":"11","population":966,"surface_km2":15.1,"lat":48.8475,"lon":3.195,"fibre_pct":98.1},{"code_insee":"77407","nom":"Saint-Fargeau-Ponthierry","codes_postaux":["77310"],"code_dep":"77","code_region":"11","population":15724,"surface_km2":16.61,"lat":48.541,"lon":2.5291,"fibre_pct":92.5},{"code_insee":"77408","nom":"Saint-Fiacre","codes_postaux":["77470"],"code_dep":"77","code_region":"11","population":523,"surface_km2":2.75,"lat":48.9234,"lon":2.9528,"fibre_pct":96.7},{"code_insee":"77409","nom":"Saint-Germain-Laval","codes_postaux":["77130"],"code_dep":"77","code_region":"11","population":2888,"surface_km2":8.86,"lat":48.4104,"lon":3.0004,"fibre_pct":97.1},{"code_insee":"77410","nom":"Saint-Germain-Laxis","codes_postaux":["77950"],"code_dep":"77","code_region":"11","population":742,"surface_km2":7.22,"lat":48.5895,"lon":2.7046,"fibre_pct":99.2},{"code_insee":"77411","nom":"Saint-Germain-sous-Doue","codes_postaux":["77169"],"code_dep":"77","code_region":"11","population":549,"surface_km2":10.01,"lat":48.8517,"lon":3.1415,"fibre_pct":97.0},{"code_insee":"77412","nom":"Saint-Germain-sur-École","codes_postaux":["77930"],"code_dep":"77","code_region":"11","population":365,"surface_km2":2.53,"lat":48.4745,"lon":2.5115,"fibre_pct":95.0},{"code_insee":"77413","nom":"Saint-Germain-sur-Morin","codes_postaux":["77860"],"code_dep":"77","code_region":"11","population":3902,"surface_km2":4.78,"lat":48.8745,"lon":2.8428,"fibre_pct":96.7},{"code_insee":"77414","nom":"Saint-Hilliers","codes_postaux":["77160"],"code_dep":"77","code_region":"11","population":474,"surface_km2":19.07,"lat":48.6323,"lon":3.2612,"fibre_pct":97.8},{"code_insee":"77415","nom":"Saint-Jean-les-Deux-Jumeaux","codes_postaux":["77660"],"code_dep":"77","code_region":"11","population":1298,"surface_km2":13.38,"lat":48.9381,"lon":3.0291,"fibre_pct":97.2},{"code_insee":"77416","nom":"Saint-Just-en-Brie","codes_postaux":["77370"],"code_dep":"77","code_region":"11","population":265,"surface_km2":7.36,"lat":48.6109,"lon":3.1259,"fibre_pct":99.2},{"code_insee":"77417","nom":"Saint-Léger","codes_postaux":["77510"],"code_dep":"77","code_region":"11","population":244,"surface_km2":9.81,"lat":48.8424,"lon":3.2709,"fibre_pct":100.0},{"code_insee":"77418","nom":"Saint-Loup-de-Naud","codes_postaux":["77650"],"code_dep":"77","code_region":"11","population":848,"surface_km2":10.96,"lat":48.5368,"lon":3.217,"fibre_pct":100.0},{"code_insee":"77419","nom":"Saint-Mammès","codes_postaux":["77670"],"code_dep":"77","code_region":"11","population":3162,"surface_km2":2.25,"lat":48.3863,"lon":2.8205,"fibre_pct":96.7},{"code_insee":"77420","nom":"Saint-Mard","codes_postaux":["77230"],"code_dep":"77","code_region":"11","population":3832,"surface_km2":6.26,"lat":49.0388,"lon":2.6962,"fibre_pct":93.0},{"code_insee":"77421","nom":"Saint-Mars-Vieux-Maisons","codes_postaux":["77320"],"code_dep":"77","code_region":"11","population":244,"surface_km2":19.05,"lat":48.739,"lon":3.3224,"fibre_pct":98.7},{"code_insee":"77423","nom":"Saint-Martin-des-Champs","codes_postaux":["77320"],"code_dep":"77","code_region":"11","population":661,"surface_km2":10.41,"lat":48.7838,"lon":3.3347,"fibre_pct":99.2},{"code_insee":"77424","nom":"Saint-Martin-du-Boschet","codes_postaux":["77320"],"code_dep":"77","code_region":"11","population":257,"surface_km2":17.09,"lat":48.7311,"lon":3.4289,"fibre_pct":100.0},{"code_insee":"77425","nom":"Saint-Martin-en-Bière","codes_postaux":["77630"],"code_dep":"77","code_region":"11","population":746,"surface_km2":7.85,"lat":48.4361,"lon":2.5729,"fibre_pct":91.2},{"code_insee":"77426","nom":"Saint-Méry","codes_postaux":["77720"],"code_dep":"77","code_region":"11","population":334,"surface_km2":9.97,"lat":48.5642,"lon":2.8377,"fibre_pct":94.5},{"code_insee":"77427","nom":"Saint-Mesmes","codes_postaux":["77410"],"code_dep":"77","code_region":"11","population":579,"surface_km2":7.69,"lat":48.986,"lon":2.7105,"fibre_pct":89.8},{"code_insee":"77428","nom":"Saint-Ouen-en-Brie","codes_postaux":["77720"],"code_dep":"77","code_region":"11","population":837,"surface_km2":5.68,"lat":48.5672,"lon":2.921,"fibre_pct":98.0},{"code_insee":"77429","nom":"Saint-Ouen-sur-Morin","codes_postaux":["77750"],"code_dep":"77","code_region":"11","population":529,"surface_km2":3.78,"lat":48.9064,"lon":3.2032,"fibre_pct":84.8},{"code_insee":"77430","nom":"Saint-Pathus","codes_postaux":["77178"],"code_dep":"77","code_region":"11","population":6479,"surface_km2":5.36,"lat":49.074,"lon":2.7848,"fibre_pct":95.3},{"code_insee":"77431","nom":"Saint-Pierre-lès-Nemours","codes_postaux":["77140"],"code_dep":"77","code_region":"11","population":5401,"surface_km2":21.7,"lat":48.2647,"lon":2.6673,"fibre_pct":84.6},{"code_insee":"77432","nom":"Saint-Rémy-de-la-Vanne","codes_postaux":["77320"],"code_dep":"77","code_region":"11","population":985,"surface_km2":15.13,"lat":48.8106,"lon":3.2472,"fibre_pct":98.1},{"code_insee":"77433","nom":"Beautheil-Saints","codes_postaux":["77120"],"code_dep":"77","code_region":"11","population":2093,"surface_km2":38.35,"lat":48.7617,"lon":3.0728,"fibre_pct":95.0},{"code_insee":"77434","nom":"Saint-Sauveur-lès-Bray","codes_postaux":["77480"],"code_dep":"77","code_region":"11","population":350,"surface_km2":6.46,"lat":48.4387,"lon":3.2038,"fibre_pct":97.7},{"code_insee":"77435","nom":"Saint-Sauveur-sur-École","codes_postaux":["77930"],"code_dep":"77","code_region":"11","population":1125,"surface_km2":7.35,"lat":48.501,"lon":2.5354,"fibre_pct":99.6},{"code_insee":"77436","nom":"Saint-Siméon","codes_postaux":["77169"],"code_dep":"77","code_region":"11","population":883,"surface_km2":12.88,"lat":48.8098,"lon":3.1935,"fibre_pct":95.8},{"code_insee":"77437","nom":"Saint-Soupplets","codes_postaux":["77165"],"code_dep":"77","code_region":"11","population":3542,"surface_km2":13.7,"lat":49.0348,"lon":2.7989,"fibre_pct":93.7},{"code_insee":"77438","nom":"Saint-Thibault-des-Vignes","codes_postaux":["77400"],"code_dep":"77","code_region":"11","population":6831,"surface_km2":4.62,"lat":48.8628,"lon":2.6792,"fibre_pct":96.3},{"code_insee":"77439","nom":"Salins","codes_postaux":["77148"],"code_dep":"77","code_region":"11","population":1165,"surface_km2":10.55,"lat":48.4342,"lon":3.0201,"fibre_pct":98.3},{"code_insee":"77440","nom":"Sammeron","codes_postaux":["77260"],"code_dep":"77","code_region":"11","population":1178,"surface_km2":6.1,"lat":48.94,"lon":3.0756,"fibre_pct":97.1},{"code_insee":"77441","nom":"Samois-sur-Seine","codes_postaux":["77920"],"code_dep":"77","code_region":"11","population":2126,"surface_km2":6.31,"lat":48.4534,"lon":2.7535,"fibre_pct":94.6},{"code_insee":"77442","nom":"Samoreau","codes_postaux":["77210"],"code_dep":"77","code_region":"11","population":2384,"surface_km2":5.64,"lat":48.4205,"lon":2.7749,"fibre_pct":96.8},{"code_insee":"77443","nom":"Sancy","codes_postaux":["77580"],"code_dep":"77","code_region":"11","population":401,"surface_km2":5.46,"lat":48.8773,"lon":2.9587,"fibre_pct":97.5},{"code_insee":"77444","nom":"Sancy-lès-Provins","codes_postaux":["77320"],"code_dep":"77","code_region":"11","population":339,"surface_km2":18.18,"lat":48.7106,"lon":3.3936,"fibre_pct":100.0},{"code_insee":"77445","nom":"Savigny-le-Temple","codes_postaux":["77176"],"code_dep":"77","code_region":"11","population":31148,"surface_km2":12.02,"lat":48.5846,"lon":2.5759,"fibre_pct":98.5},{"code_insee":"77446","nom":"Savins","codes_postaux":["77650"],"code_dep":"77","code_region":"11","population":617,"surface_km2":6.61,"lat":48.5096,"lon":3.2037,"fibre_pct":100.0},{"code_insee":"77447","nom":"Seine-Port","codes_postaux":["77240"],"code_dep":"77","code_region":"11","population":1742,"surface_km2":8.57,"lat":48.5536,"lon":2.5569,"fibre_pct":87.8},{"code_insee":"77448","nom":"Sept-Sorts","codes_postaux":["77260"],"code_dep":"77","code_region":"11","population":616,"surface_km2":3.08,"lat":48.9404,"lon":3.1066,"fibre_pct":96.1},{"code_insee":"77449","nom":"Serris","codes_postaux":["77700"],"code_dep":"77","code_region":"11","population":10326,"surface_km2":5.64,"lat":48.8453,"lon":2.7873,"fibre_pct":86.9},{"code_insee":"77450","nom":"Servon","codes_postaux":["77170"],"code_dep":"77","code_region":"11","population":3565,"surface_km2":7.42,"lat":48.7158,"lon":2.5914,"fibre_pct":92.6},{"code_insee":"77451","nom":"Signy-Signets","codes_postaux":["77640"],"code_dep":"77","code_region":"11","population":638,"surface_km2":13.43,"lat":48.9148,"lon":3.0603,"fibre_pct":99.7},{"code_insee":"77452","nom":"Sigy","codes_postaux":["77520"],"code_dep":"77","code_region":"11","population":66,"surface_km2":4.77,"lat":48.4726,"lon":3.1669,"fibre_pct":100.0},{"code_insee":"77453","nom":"Sivry-Courtry","codes_postaux":["77115"],"code_dep":"77","code_region":"11","population":1124,"surface_km2":22.42,"lat":48.5285,"lon":2.7571,"fibre_pct":86.7},{"code_insee":"77454","nom":"Sognolles-en-Montois","codes_postaux":["77520"],"code_dep":"77","code_region":"11","population":371,"surface_km2":10.23,"lat":48.5213,"lon":3.1516,"fibre_pct":98.4},{"code_insee":"77455","nom":"Soignolles-en-Brie","codes_postaux":["77111"],"code_dep":"77","code_region":"11","population":2021,"surface_km2":10.78,"lat":48.6465,"lon":2.7108,"fibre_pct":93.7},{"code_insee":"77456","nom":"Soisy-Bouy","codes_postaux":["77650"],"code_dep":"77","code_region":"11","population":850,"surface_km2":11.7,"lat":48.5089,"lon":3.2995,"fibre_pct":96.2},{"code_insee":"77457","nom":"Solers","codes_postaux":["77111"],"code_dep":"77","code_region":"11","population":1336,"surface_km2":6.27,"lat":48.6595,"lon":2.7261,"fibre_pct":97.6},{"code_insee":"77458","nom":"Souppes-sur-Loing","codes_postaux":["77460"],"code_dep":"77","code_region":"11","population":4952,"surface_km2":27.58,"lat":48.1864,"lon":2.7426,"fibre_pct":87.8},{"code_insee":"77459","nom":"Sourdun","codes_postaux":["77171"],"code_dep":"77","code_region":"11","population":1541,"surface_km2":23.32,"lat":48.5335,"lon":3.3643,"fibre_pct":91.3},{"code_insee":"77460","nom":"Tancrou","codes_postaux":["77440"],"code_dep":"77","code_region":"11","population":340,"surface_km2":12.22,"lat":49.0039,"lon":3.0808,"fibre_pct":100.0},{"code_insee":"77461","nom":"Thénisy","codes_postaux":["77520"],"code_dep":"77","code_region":"11","population":297,"surface_km2":5.4,"lat":48.4902,"lon":3.1793,"fibre_pct":100.0},{"code_insee":"77462","nom":"Thieux","codes_postaux":["77230"],"code_dep":"77","code_region":"11","population":778,"surface_km2":12.06,"lat":49.0088,"lon":2.6583,"fibre_pct":84.5},{"code_insee":"77463","nom":"Thomery","codes_postaux":["77810"],"code_dep":"77","code_region":"11","population":3384,"surface_km2":3.74,"lat":48.4021,"lon":2.7729,"fibre_pct":97.4},{"code_insee":"77464","nom":"Thorigny-sur-Marne","codes_postaux":["77400"],"code_dep":"77","code_region":"11","population":10440,"surface_km2":5.13,"lat":48.8928,"lon":2.7117,"fibre_pct":99.9},{"code_insee":"77465","nom":"Thoury-Férottes","codes_postaux":["77940"],"code_dep":"77","code_region":"11","population":649,"surface_km2":16.44,"lat":48.3016,"lon":2.939,"fibre_pct":99.0},{"code_insee":"77466","nom":"Tigeaux","codes_postaux":["77163"],"code_dep":"77","code_region":"11","population":421,"surface_km2":6.12,"lat":48.8235,"lon":2.8968,"fibre_pct":100.0},{"code_insee":"77467","nom":"La Tombe","codes_postaux":["77130"],"code_dep":"77","code_region":"11","population":208,"surface_km2":7.84,"lat":48.3873,"lon":3.0949,"fibre_pct":99.3},{"code_insee":"77468","nom":"Torcy","codes_postaux":["77200"],"code_dep":"77","code_region":"11","population":22810,"surface_km2":6.15,"lat":48.8534,"lon":2.6476,"fibre_pct":95.9},{"code_insee":"77469","nom":"Touquin","codes_postaux":["77131"],"code_dep":"77","code_region":"11","population":1253,"surface_km2":11.76,"lat":48.7317,"lon":3.0308,"fibre_pct":97.6},{"code_insee":"77470","nom":"Tournan-en-Brie","codes_postaux":["77220"],"code_dep":"77","code_region":"11","population":8274,"surface_km2":15.5,"lat":48.741,"lon":2.7769,"fibre_pct":95.1},{"code_insee":"77471","nom":"Tousson","codes_postaux":["77123"],"code_dep":"77","code_region":"11","population":334,"surface_km2":13.23,"lat":48.3454,"lon":2.4591,"fibre_pct":86.3},{"code_insee":"77472","nom":"La Trétoire","codes_postaux":["77510"],"code_dep":"77","code_region":"11","population":459,"surface_km2":9.27,"lat":48.8777,"lon":3.2425,"fibre_pct":93.6},{"code_insee":"77473","nom":"Treuzy-Levelay","codes_postaux":["77710"],"code_dep":"77","code_region":"11","population":458,"surface_km2":14.11,"lat":48.2713,"lon":2.7917,"fibre_pct":100.0},{"code_insee":"77474","nom":"Trilbardou","codes_postaux":["77450"],"code_dep":"77","code_region":"11","population":700,"surface_km2":7.99,"lat":48.948,"lon":2.8046,"fibre_pct":100.0},{"code_insee":"77475","nom":"Trilport","codes_postaux":["77470"],"code_dep":"77","code_region":"11","population":5146,"surface_km2":10.95,"lat":48.9583,"lon":2.9661,"fibre_pct":97.4},{"code_insee":"77476","nom":"Trocy-en-Multien","codes_postaux":["77440"],"code_dep":"77","code_region":"11","population":233,"surface_km2":7.52,"lat":49.0422,"lon":2.9627,"fibre_pct":100.0},{"code_insee":"77477","nom":"Ury","codes_postaux":["77760"],"code_dep":"77","code_region":"11","population":882,"surface_km2":8.28,"lat":48.341,"lon":2.6016,"fibre_pct":94.8},{"code_insee":"77478","nom":"Ussy-sur-Marne","codes_postaux":["77260"],"code_dep":"77","code_region":"11","population":1058,"surface_km2":13.9,"lat":48.9708,"lon":3.0721,"fibre_pct":94.5},{"code_insee":"77479","nom":"Vaires-sur-Marne","codes_postaux":["77360"],"code_dep":"77","code_region":"11","population":13931,"surface_km2":6.06,"lat":48.8703,"lon":2.6332,"fibre_pct":99.6},{"code_insee":"77480","nom":"Valence-en-Brie","codes_postaux":["77830"],"code_dep":"77","code_region":"11","population":1007,"surface_km2":11.02,"lat":48.4508,"lon":2.8931,"fibre_pct":98.5},{"code_insee":"77481","nom":"Vanvillé","codes_postaux":["77370"],"code_dep":"77","code_region":"11","population":197,"surface_km2":7.56,"lat":48.5522,"lon":3.116,"fibre_pct":94.7},{"code_insee":"77482","nom":"Varennes-sur-Seine","codes_postaux":["77130"],"code_dep":"77","code_region":"11","population":3748,"surface_km2":9.98,"lat":48.3695,"lon":2.9317,"fibre_pct":97.3},{"code_insee":"77483","nom":"Varreddes","codes_postaux":["77910"],"code_dep":"77","code_region":"11","population":2167,"surface_km2":8.03,"lat":49.0055,"lon":2.9284,"fibre_pct":99.2},{"code_insee":"77484","nom":"Vaucourtois","codes_postaux":["77580"],"code_dep":"77","code_region":"11","population":277,"surface_km2":4.66,"lat":48.8991,"lon":2.9561,"fibre_pct":99.2},{"code_insee":"77485","nom":"Le Vaudoué","codes_postaux":["77123"],"code_dep":"77","code_region":"11","population":731,"surface_km2":17.14,"lat":48.3468,"lon":2.5194,"fibre_pct":85.0},{"code_insee":"77486","nom":"Vaudoy-en-Brie","codes_postaux":["77141"],"code_dep":"77","code_region":"11","population":872,"surface_km2":27.63,"lat":48.6977,"lon":3.0843,"fibre_pct":97.0},{"code_insee":"77487","nom":"Vaux-le-Pénil","codes_postaux":["77000"],"code_dep":"77","code_region":"11","population":11474,"surface_km2":11.82,"lat":48.5242,"lon":2.6985,"fibre_pct":98.7},{"code_insee":"77489","nom":"Vaux-sur-Lunain","codes_postaux":["77710"],"code_dep":"77","code_region":"11","population":229,"surface_km2":8.48,"lat":48.2143,"lon":2.9559,"fibre_pct":98.1},{"code_insee":"77490","nom":"Vendrest","codes_postaux":["77440"],"code_dep":"77","code_region":"11","population":686,"surface_km2":17.68,"lat":49.0432,"lon":3.1092,"fibre_pct":97.3},{"code_insee":"77492","nom":"Verdelot","codes_postaux":["77510"],"code_dep":"77","code_region":"11","population":620,"surface_km2":25.54,"lat":48.8829,"lon":3.3662,"fibre_pct":84.5},{"code_insee":"77493","nom":"Verneuil-l'Étang","codes_postaux":["77390"],"code_dep":"77","code_region":"11","population":3223,"surface_km2":7.81,"lat":48.6367,"lon":2.8295,"fibre_pct":95.7},{"code_insee":"77494","nom":"Vernou-la-Celle-sur-Seine","codes_postaux":["77670"],"code_dep":"77","code_region":"11","population":2630,"surface_km2":22.41,"lat":48.4058,"lon":2.851,"fibre_pct":93.0},{"code_insee":"77495","nom":"Vert-Saint-Denis","codes_postaux":["77240"],"code_dep":"77","code_region":"11","population":9291,"surface_km2":16.18,"lat":48.5654,"lon":2.6266,"fibre_pct":99.4},{"code_insee":"77496","nom":"Vieux-Champagne","codes_postaux":["77370"],"code_dep":"77","code_region":"11","population":192,"surface_km2":8.91,"lat":48.5886,"lon":3.1427,"fibre_pct":100.0},{"code_insee":"77498","nom":"Vignely","codes_postaux":["77450"],"code_dep":"77","code_region":"11","population":322,"surface_km2":3.58,"lat":48.9312,"lon":2.8178,"fibre_pct":96.4},{"code_insee":"77500","nom":"Villebéon","codes_postaux":["77710"],"code_dep":"77","code_region":"11","population":452,"surface_km2":16.42,"lat":48.2033,"lon":2.9277,"fibre_pct":99.6},{"code_insee":"77501","nom":"Villecerf","codes_postaux":["77250"],"code_dep":"77","code_region":"11","population":724,"surface_km2":10.92,"lat":48.3271,"lon":2.8439,"fibre_pct":99.0},{"code_insee":"77504","nom":"Villemaréchal","codes_postaux":["77710"],"code_dep":"77","code_region":"11","population":1055,"surface_km2":17.49,"lat":48.2731,"lon":2.8784,"fibre_pct":99.3},{"code_insee":"77505","nom":"Villemareuil","codes_postaux":["77470"],"code_dep":"77","code_region":"11","population":386,"surface_km2":10.67,"lat":48.9206,"lon":2.9861,"fibre_pct":93.1},{"code_insee":"77506","nom":"Villemer","codes_postaux":["77250"],"code_dep":"77","code_region":"11","population":759,"surface_km2":18.52,"lat":48.3015,"lon":2.8226,"fibre_pct":99.7},{"code_insee":"77507","nom":"Villenauxe-la-Petite","codes_postaux":["77480"],"code_dep":"77","code_region":"11","population":453,"surface_km2":20.75,"lat":48.4016,"lon":3.312,"fibre_pct":96.5},{"code_insee":"77508","nom":"Villeneuve-le-Comte","codes_postaux":["77174"],"code_dep":"77","code_region":"11","population":1872,"surface_km2":19.09,"lat":48.8112,"lon":2.8391,"fibre_pct":91.6},{"code_insee":"77509","nom":"Villeneuve-les-Bordes","codes_postaux":["77154"],"code_dep":"77","code_region":"11","population":610,"surface_km2":20.8,"lat":48.4948,"lon":3.0278,"fibre_pct":95.9},{"code_insee":"77510","nom":"Villeneuve-Saint-Denis","codes_postaux":["77174"],"code_dep":"77","code_region":"11","population":1369,"surface_km2":7.41,"lat":48.8126,"lon":2.7929,"fibre_pct":92.4},{"code_insee":"77511","nom":"Villeneuve-sous-Dammartin","codes_postaux":["77230"],"code_dep":"77","code_region":"11","population":595,"surface_km2":7.57,"lat":49.0281,"lon":2.6351,"fibre_pct":93.3},{"code_insee":"77512","nom":"Villeneuve-sur-Bellot","codes_postaux":["77510"],"code_dep":"77","code_region":"11","population":1151,"surface_km2":9.5,"lat":48.8774,"lon":3.3328,"fibre_pct":98.1},{"code_insee":"77513","nom":"Villenoy","codes_postaux":["77124"],"code_dep":"77","code_region":"11","population":5127,"surface_km2":7.35,"lat":48.9406,"lon":2.8516,"fibre_pct":99.6},{"code_insee":"77514","nom":"Villeparisis","codes_postaux":["77270"],"code_dep":"77","code_region":"11","population":26946,"surface_km2":8.34,"lat":48.9408,"lon":2.6178,"fibre_pct":98.5},{"code_insee":"77515","nom":"Villeroy","codes_postaux":["77410"],"code_dep":"77","code_region":"11","population":711,"surface_km2":5.72,"lat":48.9813,"lon":2.778,"fibre_pct":98.6},{"code_insee":"77516","nom":"Ville-Saint-Jacques","codes_postaux":["77130"],"code_dep":"77","code_region":"11","population":815,"surface_km2":10.69,"lat":48.3436,"lon":2.8994,"fibre_pct":93.2},{"code_insee":"77517","nom":"Villevaudé","codes_postaux":["77410"],"code_dep":"77","code_region":"11","population":2132,"surface_km2":9.99,"lat":48.9137,"lon":2.6647,"fibre_pct":77.8},{"code_insee":"77518","nom":"Villiers-en-Bière","codes_postaux":["77190"],"code_dep":"77","code_region":"11","population":242,"surface_km2":10.68,"lat":48.4966,"lon":2.6045,"fibre_pct":60.3},{"code_insee":"77519","nom":"Villiers-Saint-Georges","codes_postaux":["77560"],"code_dep":"77","code_region":"11","population":1160,"surface_km2":33.24,"lat":48.6534,"lon":3.4089,"fibre_pct":94.7},{"code_insee":"77520","nom":"Villiers-sous-Grez","codes_postaux":["77760"],"code_dep":"77","code_region":"11","population":706,"surface_km2":12.14,"lat":48.3144,"lon":2.6396,"fibre_pct":92.2},{"code_insee":"77521","nom":"Villiers-sur-Morin","codes_postaux":["77580"],"code_dep":"77","code_region":"11","population":2083,"surface_km2":6.26,"lat":48.8506,"lon":2.8679,"fibre_pct":98.8},{"code_insee":"77522","nom":"Villiers-sur-Seine","codes_postaux":["77114"],"code_dep":"77","code_region":"11","population":278,"surface_km2":11.43,"lat":48.4569,"lon":3.383,"fibre_pct":97.8},{"code_insee":"77523","nom":"Villuis","codes_postaux":["77480"],"code_dep":"77","code_region":"11","population":272,"surface_km2":9.34,"lat":48.4019,"lon":3.3575,"fibre_pct":98.7},{"code_insee":"77524","nom":"Vimpelles","codes_postaux":["77520"],"code_dep":"77","code_region":"11","population":512,"surface_km2":11.36,"lat":48.4436,"lon":3.1678,"fibre_pct":99.7},{"code_insee":"77525","nom":"Vinantes","codes_postaux":["77230"],"code_dep":"77","code_region":"11","population":381,"surface_km2":5.29,"lat":49.0034,"lon":2.7386,"fibre_pct":100.0},{"code_insee":"77526","nom":"Vincy-Manœuvre","codes_postaux":["77139"],"code_dep":"77","code_region":"11","population":271,"surface_km2":4.98,"lat":49.0752,"lon":2.9553,"fibre_pct":96.2},{"code_insee":"77527","nom":"Voinsles","codes_postaux":["77540"],"code_dep":"77","code_region":"11","population":580,"surface_km2":28.48,"lat":48.6809,"lon":3.0176,"fibre_pct":95.5},{"code_insee":"77528","nom":"Voisenon","codes_postaux":["77950"],"code_dep":"77","code_region":"11","population":1170,"surface_km2":3.4,"lat":48.5695,"lon":2.6637,"fibre_pct":100.0},{"code_insee":"77529","nom":"Voulangis","codes_postaux":["77580"],"code_dep":"77","code_region":"11","population":1541,"surface_km2":9.58,"lat":48.8382,"lon":2.892,"fibre_pct":99.9},{"code_insee":"77530","nom":"Voulton","codes_postaux":["77560"],"code_dep":"77","code_region":"11","population":295,"surface_km2":26.34,"lat":48.6142,"lon":3.3411,"fibre_pct":92.2},{"code_insee":"77531","nom":"Voulx","codes_postaux":["77940"],"code_dep":"77","code_region":"11","population":1626,"surface_km2":12.61,"lat":48.2876,"lon":2.9688,"fibre_pct":96.6},{"code_insee":"77532","nom":"Vulaines-lès-Provins","codes_postaux":["77160"],"code_dep":"77","code_region":"11","population":80,"surface_km2":10.74,"lat":48.5637,"lon":3.2208,"fibre_pct":100.0},{"code_insee":"77533","nom":"Vulaines-sur-Seine","codes_postaux":["77870"],"code_dep":"77","code_region":"11","population":2730,"surface_km2":4.43,"lat":48.4335,"lon":2.7757,"fibre_pct":97.2},{"code_insee":"77534","nom":"Yèbles","codes_postaux":["77390"],"code_dep":"77","code_region":"11","population":980,"surface_km2":11.7,"lat":48.6378,"lon":2.7708,"fibre_pct":88.8}]