[{"code_insee":"78003","nom":"Ablis","codes_postaux":["78660"],"code_dep":"78","code_region":"11","population":3913,"surface_km2":26.19,"lat":48.5292,"lon":1.8565,"fibre_pct":100.0,"vivrescore":100},{"code_insee":"78005","nom":"Achères","codes_postaux":["78260"],"code_dep":"78","code_region":"11","population":22241,"surface_km2":9.47,"lat":48.9817,"lon":2.1095,"fibre_pct":98.7,"vivrescore":100},{"code_insee":"78006","nom":"Adainville","codes_postaux":["78113"],"code_dep":"78","code_region":"11","population":673,"surface_km2":10.19,"lat":48.7206,"lon":1.6629,"fibre_pct":100.0,"vivrescore":100},{"code_insee":"78007","nom":"Aigremont","codes_postaux":["78240"],"code_dep":"78","code_region":"11","population":1075,"surface_km2":3.04,"lat":48.9027,"lon":2.0127,"fibre_pct":98.3,"vivrescore":100},{"code_insee":"78009","nom":"Allainville","codes_postaux":["78660"],"code_dep":"78","code_region":"11","population":281,"surface_km2":16.27,"lat":48.4673,"lon":1.9038,"fibre_pct":100.0,"vivrescore":100},{"code_insee":"78010","nom":"Les Alluets-le-Roi","codes_postaux":["78580"],"code_dep":"78","code_region":"11","population":1390,"surface_km2":7.48,"lat":48.914,"lon":1.913,"fibre_pct":99.2,"vivrescore":100},{"code_insee":"78013","nom":"Andelu","codes_postaux":["78770"],"code_dep":"78","code_region":"11","population":550,"surface_km2":3.99,"lat":48.887,"lon":1.8094,"fibre_pct":100.0,"vivrescore":100},{"code_insee":"78015","nom":"Andrésy","codes_postaux":["78570"],"code_dep":"78","code_region":"11","population":13834,"surface_km2":6.91,"lat":48.9778,"lon":2.0496,"fibre_pct":99.3,"vivrescore":100},{"code_insee":"78020","nom":"Arnouville-lès-Mantes","codes_postaux":["78790"],"code_dep":"78","code_region":"11","population":951,"surface_km2":9.9,"lat":48.911,"lon":1.7225,"fibre_pct":98.4,"vivrescore":100},{"code_insee":"78029","nom":"Aubergenville","codes_postaux":["78410"],"code_dep":"78","code_region":"11","population":12723,"surface_km2":9.06,"lat":48.9609,"lon":1.844,"fibre_pct":97.3,"vivrescore":100},{"code_insee":"78030","nom":"Auffargis","codes_postaux":["78610"],"code_dep":"78","code_region":"11","population":1963,"surface_km2":17.3,"lat":48.6824,"lon":1.8994,"fibre_pct":100.0,"vivrescore":100},{"code_insee":"78031","nom":"Auffreville-Brasseuil","codes_postaux":["78930"],"code_dep":"78","code_region":"11","population":671,"surface_km2":2.35,"lat":48.9543,"lon":1.7057,"fibre_pct":98.7,"vivrescore":100},{"code_insee":"78033","nom":"Aulnay-sur-Mauldre","codes_postaux":["78126"],"code_dep":"78","code_region":"11","population":1180,"surface_km2":2.24,"lat":48.9294,"lon":1.84,"fibre_pct":99.8,"vivrescore":100},{"code_insee":"78034","nom":"Auteuil","codes_postaux":["78770"],"code_dep":"78","code_region":"11","population":1020,"surface_km2":4.41,"lat":48.8415,"lon":1.8172,"fibre_pct":100.0,"vivrescore":100},{"code_insee":"78036","nom":"Autouillet","codes_postaux":["78770"],"code_dep":"78","code_region":"11","population":665,"surface_km2":5.06,"lat":48.8451,"lon":1.7958,"fibre_pct":100.0,"vivrescore":100},{"code_insee":"78043","nom":"Bailly","codes_postaux":["78870"],"code_dep":"78","code_region":"11","population":3731,"surface_km2":6.62,"lat":48.8366,"lon":2.0809,"fibre_pct":97.4,"vivrescore":100},{"code_insee":"78048","nom":"Bazainville","codes_postaux":["78550"],"code_dep":"78","code_region":"11","population":1469,"surface_km2":12.04,"lat":48.8121,"lon":1.6659,"fibre_pct":100.0,"vivrescore":100},{"code_insee":"78049","nom":"Bazemont","codes_postaux":["78580"],"code_dep":"78","code_region":"11","population":1727,"surface_km2":6.7,"lat":48.9321,"lon":1.8761,"fibre_pct":100.0,"vivrescore":100},{"code_insee":"78050","nom":"Bazoches-sur-Guyonne","codes_postaux":["78490"],"code_dep":"78","code_region":"11","population":721,"surface_km2":5.62,"lat":48.7792,"lon":1.8489,"fibre_pct":100.0,"vivrescore":100},{"code_insee":"78053","nom":"Béhoust","codes_postaux":["78910"],"code_dep":"78","code_region":"11","population":533,"surface_km2":5.42,"lat":48.8324,"lon":1.7247,"fibre_pct":100.0,"vivrescore":100},{"code_insee":"78057","nom":"Bennecourt","codes_postaux":["78270"],"code_dep":"78","code_region":"11","population":1747,"surface_km2":6.92,"lat":49.0484,"lon":1.5654,"fibre_pct":100.0,"vivrescore":100},{"code_insee":"78062","nom":"Beynes","codes_postaux":["78650"],"code_dep":"78","code_region":"11","population":7704,"surface_km2":18.64,"lat":48.8528,"lon":1.8748,"fibre_pct":98.8,"vivrescore":100},{"code_insee":"78068","nom":"Blaru","codes_postaux":["78270"],"code_dep":"78","code_region":"11","population":907,"surface_km2":14.98,"lat":49.0413,"lon":1.4846,"fibre_pct":100.0,"vivrescore":100},{"code_insee":"78070","nom":"Boinville-en-Mantois","codes_postaux":["78930"],"code_dep":"78","code_region":"11","population":285,"surface_km2":4.91,"lat":48.9272,"lon":1.7491,"fibre_pct":100.0,"vivrescore":100},{"code_insee":"78071","nom":"Boinville-le-Gaillard","codes_postaux":["78660"],"code_dep":"78","code_region":"11","population":597,"surface_km2":12.67,"lat":48.4958,"lon":1.8698,"fibre_pct":100.0,"vivrescore":100},{"code_insee":"78072","nom":"Boinvilliers","codes_postaux":["78200"],"code_dep":"78","code_region":"11","population":243,"surface_km2":3.6,"lat":48.9188,"lon":1.661,"fibre_pct":100.0,"vivrescore":100},{"code_insee":"78073","nom":"Bois-d'Arcy","codes_postaux":["78390"],"code_dep":"78","code_region":"11","population":16586,"surface_km2":5.59,"lat":48.806,"lon":2.0223,"fibre_pct":99.6,"vivrescore":100},{"code_insee":"78076","nom":"Boissets","codes_postaux":["78910"],"code_dep":"78","code_region":"11","population":301,"surface_km2":3.93,"lat":48.8578,"lon":1.5859,"fibre_pct":100.0,"vivrescore":100},{"code_insee":"78077","nom":"La Boissière-École","codes_postaux":["78125"],"code_dep":"78","code_region":"11","population":747,"surface_km2":25.58,"lat":48.6911,"lon":1.6661,"fibre_pct":92.4,"vivrescore":80},{"code_insee":"78082","nom":"Boissy-Mauvoisin","codes_postaux":["78200"],"code_dep":"78","code_region":"11","population":615,"surface_km2":5.16,"lat":48.965,"lon":1.5831,"fibre_pct":100.0,"vivrescore":100},{"code_insee":"78084","nom":"Boissy-sans-Avoir","codes_postaux":["78490"],"code_dep":"78","code_region":"11","population":616,"surface_km2":4.07,"lat":48.8211,"lon":1.7979,"fibre_pct":100.0,"vivrescore":100},{"code_insee":"78087","nom":"Bonnelles","codes_postaux":["78830"],"code_dep":"78","code_region":"11","population":2165,"surface_km2":10.81,"lat":48.6203,"lon":2.0327,"fibre_pct":98.7,"vivrescore":100},{"code_insee":"78089","nom":"Bonnières-sur-Seine","codes_postaux":["78270"],"code_dep":"78","code_region":"11","population":5064,"surface_km2":7.86,"lat":49.0168,"lon":1.5685,"fibre_pct":97.1,"vivrescore":100},{"code_insee":"78090","nom":"Bouafle","codes_postaux":["78410"],"code_dep":"78","code_region":"11","population":2234,"surface_km2":6.96,"lat":48.9566,"lon":1.8997,"fibre_pct":98.4,"vivrescore":100},{"code_insee":"78092","nom":"Bougival","codes_postaux":["78380"],"code_dep":"78","code_region":"11","population":9134,"surface_km2":2.76,"lat":48.8627,"lon":2.1394,"fibre_pct":98.1,"vivrescore":100},{"code_insee":"78096","nom":"Bourdonné","codes_postaux":["78113"],"code_dep":"78","code_region":"11","population":506,"surface_km2":10.91,"lat":48.7556,"lon":1.6559,"fibre_pct":99.0,"vivrescore":100},{"code_insee":"78104","nom":"Breuil-Bois-Robert","codes_postaux":["78930"],"code_dep":"78","code_region":"11","population":764,"surface_km2":3.77,"lat":48.9447,"lon":1.7129,"fibre_pct":95.9,"vivrescore":100},{"code_insee":"78107","nom":"Bréval","codes_postaux":["78980"],"code_dep":"78","code_region":"11","population":2151,"surface_km2":11.51,"lat":48.9567,"lon":1.5402,"fibre_pct":100.0,"vivrescore":100},{"code_insee":"78108","nom":"Les Bréviaires","codes_postaux":["78610"],"code_dep":"78","code_region":"11","population":1302,"surface_km2":19.77,"lat":48.7172,"lon":1.8177,"fibre_pct":85.4,"vivrescore":80},{"code_insee":"78113","nom":"Brueil-en-Vexin","codes_postaux":["78440"],"code_dep":"78","code_region":"11","population":652,"surface_km2":7.43,"lat":49.0279,"lon":1.8083,"fibre_pct":100.0,"vivrescore":100},{"code_insee":"78117","nom":"Buc","codes_postaux":["78530"],"code_dep":"78","code_region":"11","population":5816,"surface_km2":8.05,"lat":48.7736,"lon":2.125,"fibre_pct":96.7,"vivrescore":100},{"code_insee":"78118","nom":"Buchelay","codes_postaux":["78200"],"code_dep":"78","code_region":"11","population":3360,"surface_km2":4.93,"lat":48.983,"lon":1.6788,"fibre_pct":88.4,"vivrescore":80},{"code_insee":"78120","nom":"Bullion","codes_postaux":["78830"],"code_dep":"78","code_region":"11","population":1916,"surface_km2":21.25,"lat":48.6267,"lon":1.9758,"fibre_pct":100.0,"vivrescore":100},{"code_insee":"78123","nom":"Carrières-sous-Poissy","codes_postaux":["78955"],"code_dep":"78","code_region":"11","population":20825,"surface_km2":7.27,"lat":48.9469,"lon":2.0264,"fibre_pct":94.6,"vivrescore":80},{"code_insee":"78124","nom":"Carrières-sur-Seine","codes_postaux":["78420"],"code_dep":"78","code_region":"11","population":14791,"surface_km2":5.09,"lat":48.9128,"lon":2.1812,"fibre_pct":98.0,"vivrescore":100},{"code_insee":"78125","nom":"La Celle-les-Bordes","codes_postaux":["78720"],"code_dep":"78","code_region":"11","population":840,"surface_km2":22.88,"lat":48.6382,"lon":1.9459,"fibre_pct":100.0,"vivrescore":100},{"code_insee":"78126","nom":"La Celle-Saint-Cloud","codes_postaux":["78170"],"code_dep":"78","code_region":"11","population":20460,"surface_km2":5.84,"lat":48.8498,"lon":2.1342,"fibre_pct":99.0,"vivrescore":100},{"code_insee":"78128","nom":"Cernay-la-Ville","codes_postaux":["78720"],"code_dep":"78","code_region":"11","population":1516,"surface_km2":10.08,"lat":48.6697,"lon":1.9617,"fibre_pct":100.0,"vivrescore":100},{"code_insee":"78133","nom":"Chambourcy","codes_postaux":["78240"],"code_dep":"78","code_region":"11","population":5847,"surface_km2":7.98,"lat":48.8973,"lon":2.0267,"fibre_pct":84.7,"vivrescore":80},{"code_insee":"78138","nom":"Chanteloup-les-Vignes","codes_postaux":["78570"],"code_dep":"78","code_region":"11","population":10861,"surface_km2":3.42,"lat":48.9773,"lon":2.0336,"fibre_pct":96.2,"vivrescore":100},{"code_insee":"78140","nom":"Chapet","codes_postaux":["78130"],"code_dep":"78","code_region":"11","population":1331,"surface_km2":5.2,"lat":48.9681,"lon":1.9383,"fibre_pct":99.6,"vivrescore":100},{"code_insee":"78143","nom":"Châteaufort","codes_postaux":["78117"],"code_dep":"78","code_region":"11","population":1564,"surface_km2":4.89,"lat":48.7371,"lon":2.0956,"fibre_pct":98.5,"vivrescore":100},{"code_insee":"78146","nom":"Chatou","codes_postaux":["78400"],"code_dep":"78","code_region":"11","population":30598,"surface_km2":5.07,"lat":48.8964,"lon":2.1502,"fibre_pct":98.4,"vivrescore":100},{"code_insee":"78147","nom":"Chaufour-lès-Bonnières","codes_postaux":["78270"],"code_dep":"78","code_region":"11","population":442,"surface_km2":3.05,"lat":49.0161,"lon":1.4842,"fibre_pct":100.0,"vivrescore":100},{"code_insee":"78152","nom":"Chavenay","codes_postaux":["78450"],"code_dep":"78","code_region":"11","population":1723,"surface_km2":6.1,"lat":48.8471,"lon":1.9862,"fibre_pct":99.4,"vivrescore":100},{"code_insee":"78158","nom":"Le Chesnay-Rocquencourt","codes_postaux":["78150"],"code_dep":"78","code_region":"11","population":30689,"surface_km2":7.16,"lat":48.8285,"lon":2.1188,"fibre_pct":97.7,"vivrescore":100},{"code_insee":"78160","nom":"Chevreuse","codes_postaux":["78460"],"code_dep":"78","code_region":"11","population":5502,"surface_km2":13.57,"lat":48.7035,"lon":2.0343,"fibre_pct":99.3,"vivrescore":100},{"code_insee":"78162","nom":"Choisel","codes_postaux":["78460"],"code_dep":"78","code_region":"11","population":540,"surface_km2":8.97,"lat":48.6754,"lon":2.0159,"fibre_pct":100.0,"vivrescore":100},{"code_insee":"78163","nom":"Civry-la-Forêt","codes_postaux":["78910"],"code_dep":"78","code_region":"11","population":373,"surface_km2":9.39,"lat":48.8647,"lon":1.6187,"fibre_pct":100.0,"vivrescore":100},{"code_insee":"78164","nom":"Clairefontaine-en-Yvelines","codes_postaux":["78120"],"code_dep":"78","code_region":"11","population":850,"surface_km2":17.27,"lat":48.6172,"lon":1.905,"fibre_pct":95.7,"vivrescore":100},{"code_insee":"78165","nom":"Les Clayes-sous-Bois","codes_postaux":["78340"],"code_dep":"78","code_region":"11","population":16804,"surface_km2":6.11,"lat":48.8168,"lon":1.9835,"fibre_pct":93.4,"vivrescore":80},{"code_insee":"78168","nom":"Coignières","codes_postaux":["78310"],"code_dep":"78","code_region":"11","population":4321,"surface_km2":8.09,"lat":48.7506,"lon":1.9178,"fibre_pct":97.4,"vivrescore":100},{"code_insee":"78171","nom":"Condé-sur-Vesgre","codes_postaux":["78113"],"code_dep":"78","code_region":"11","population":1279,"surface_km2":10.78,"lat":48.7308,"lon":1.669,"fibre_pct":100.0,"vivrescore":100},{"code_insee":"78172","nom":"Conflans-Sainte-Honorine","codes_postaux":["78700"],"code_dep":"78","code_region":"11","population":36958,"surface_km2":9.88,"lat":49.0016,"lon":2.0992,"fibre_pct":97.9,"vivrescore":100},{"code_insee":"78185","nom":"Courgent","codes_postaux":["78790"],"code_dep":"78","code_region":"11","population":414,"surface_km2":2.01,"lat":48.8971,"lon":1.6595,"fibre_pct":100.0,"vivrescore":100},{"code_insee":"78188","nom":"Cravent","codes_postaux":["78270"],"code_dep":"78","code_region":"11","population":438,"surface_km2":6.1,"lat":48.9901,"lon":1.4844,"fibre_pct":100.0,"vivrescore":100},{"code_insee":"78189","nom":"Crespières","codes_postaux":["78121"],"code_dep":"78","code_region":"11","population":1719,"surface_km2":15.0,"lat":48.8809,"lon":1.9185,"fibre_pct":100.0,"vivrescore":100},{"code_insee":"78190","nom":"Croissy-sur-Seine","codes_postaux":["78290"],"code_dep":"78","code_region":"11","population":11013,"surface_km2":3.44,"lat":48.8805,"lon":2.1342,"fibre_pct":99.6,"vivrescore":100},{"code_insee":"78192","nom":"Dammartin-en-Serve","codes_postaux":["78111"],"code_dep":"78","code_region":"11","population":1441,"surface_km2":13.86,"lat":48.9125,"lon":1.6193,"fibre_pct":99.9,"vivrescore":100},{"code_insee":"78193","nom":"Dampierre-en-Yvelines","codes_postaux":["78720"],"code_dep":"78","code_region":"11","population":1008,"surface_km2":11.28,"lat":48.7065,"lon":1.9789,"fibre_pct":99.3,"vivrescore":100},{"code_insee":"78194","nom":"Dannemarie","codes_postaux":["78550"],"code_dep":"78","code_region":"11","population":229,"surface_km2":3.45,"lat":48.7623,"lon":1.6036,"fibre_pct":99.3,"vivrescore":100},{"code_insee":"78196","nom":"Davron","codes_postaux":["78810"],"code_dep":"78","code_region":"11","population":295,"surface_km2":6.08,"lat":48.8664,"lon":1.946,"fibre_pct":87.3,"vivrescore":80},{"code_insee":"78202","nom":"Drocourt","codes_postaux":["78440"],"code_dep":"78","code_region":"11","population":554,"surface_km2":3.87,"lat":49.0528,"lon":1.7702,"fibre_pct":91.5,"vivrescore":80},{"code_insee":"78206","nom":"Ecquevilly","codes_postaux":["78920"],"code_dep":"78","code_region":"11","population":4279,"surface_km2":11.3,"lat":48.9482,"lon":1.925,"fibre_pct":98.9,"vivrescore":100},{"code_insee":"78208","nom":"Élancourt","codes_postaux":["78990"],"code_dep":"78","code_region":"11","population":26365,"surface_km2":9.24,"lat":48.7771,"lon":1.9612,"fibre_pct":99.8,"vivrescore":100},{"code_insee":"78209","nom":"Émancé","codes_postaux":["78125"],"code_dep":"78","code_region":"11","population":872,"surface_km2":12.17,"lat":48.5906,"lon":1.7342,"fibre_pct":99.5,"vivrescore":100},{"code_insee":"78217","nom":"Épône","codes_postaux":["78680"],"code_dep":"78","code_region":"11","population":7031,"surface_km2":13.35,"lat":48.9459,"lon":1.8119,"fibre_pct":98.7,"vivrescore":100},{"code_insee":"78220","nom":"Les Essarts-le-Roi","codes_postaux":["78690"],"code_dep":"78","code_region":"11","population":6831,"surface_km2":19.62,"lat":48.713,"lon":1.8905,"fibre_pct":100.0,"vivrescore":100},{"code_insee":"78224","nom":"L'Étang-la-Ville","codes_postaux":["78620"],"code_dep":"78","code_region":"11","population":5157,"surface_km2":5.38,"lat":48.8673,"lon":2.0586,"fibre_pct":99.9,"vivrescore":100},{"code_insee":"78227","nom":"Évecquemont","codes_postaux":["78740"],"code_dep":"78","code_region":"11","population":754,"surface_km2":2.53,"lat":49.0182,"lon":1.9392,"fibre_pct":100.0,"vivrescore":100},{"code_insee":"78230","nom":"La Falaise","codes_postaux":["78410"],"code_dep":"78","code_region":"11","population":609,"surface_km2":3.06,"lat":48.9385,"lon":1.8246,"fibre_pct":100.0,"vivrescore":100},{"code_insee":"78231","nom":"Favrieux","codes_postaux":["78200"],"code_dep":"78","code_region":"11","population":157,"surface_km2":3.18,"lat":48.9439,"lon":1.6407,"fibre_pct":100.0,"vivrescore":100},{"code_insee":"78233","nom":"Feucherolles","codes_postaux":["78810"],"code_dep":"78","code_region":"11","population":3043,"surface_km2":13.19,"lat":48.8787,"lon":1.9847,"fibre_pct":98.3,"vivrescore":100},{"code_insee":"78234","nom":"Flacourt","codes_postaux":["78200"],"code_dep":"78","code_region":"11","population":184,"surface_km2":4.36,"lat":48.9312,"lon":1.6416,"fibre_pct":100.0,"vivrescore":100},{"code_insee":"78236","nom":"Flexanville","codes_postaux":["78910"],"code_dep":"78","code_region":"11","population":576,"surface_km2":8.88,"lat":48.8569,"lon":1.7415,"fibre_pct":100.0,"vivrescore":100},{"code_insee":"78237","nom":"Flins-Neuve-Église","codes_postaux":["78790"],"code_dep":"78","code_region":"11","population":162,"surface_km2":1.24,"lat":48.8927,"lon":1.5773,"fibre_pct":100.0,"vivrescore":100},{"code_insee":"78238","nom":"Flins-sur-Seine","codes_postaux":["78410"],"code_dep":"78","code_region":"11","population":2447,"surface_km2":8.78,"lat":48.9664,"lon":1.8721,"fibre_pct":87.0,"vivrescore":80},{"code_insee":"78239","nom":"Follainville-Dennemont","codes_postaux":["78520"],"code_dep":"78","code_region":"11","population":2184,"surface_km2":9.76,"lat":49.0293,"lon":1.7027,"fibre_pct":99.8,"vivrescore":100},{"code_insee":"78242","nom":"Fontenay-le-Fleury","codes_postaux":["78330"],"code_dep":"78","code_region":"11","population":13680,"surface_km2":5.57,"lat":48.8169,"lon":2.0477,"fibre_pct":99.0,"vivrescore":100},{"code_insee":"78245","nom":"Fontenay-Mauvoisin","codes_postaux":["78200"],"code_dep":"78","code_region":"11","population":460,"surface_km2":3.32,"lat":48.9601,"lon":1.6486,"fibre_pct":100.0,"vivrescore":100},{"code_insee":"78246","nom":"Fontenay-Saint-Père","codes_postaux":["78440"],"code_dep":"78","code_region":"11","population":949,"surface_km2":13.07,"lat":49.0274,"lon":1.7576,"fibre_pct":100.0,"vivrescore":100},{"code_insee":"78255","nom":"Freneuse","codes_postaux":["78840"],"code_dep":"78","code_region":"11","population":4505,"surface_km2":10.39,"lat":49.0489,"lon":1.6139,"fibre_pct":99.0,"vivrescore":100},{"code_insee":"78261","nom":"Gaillon-sur-Montcient","codes_postaux":["78250"],"code_dep":"78","code_region":"11","population":689,"surface_km2":4.98,"lat":49.03,"lon":1.8979,"fibre_pct":100.0,"vivrescore":100},{"code_insee":"78262","nom":"Galluis","codes_postaux":["78490"],"code_dep":"78","code_region":"11","population":1298,"surface_km2":4.5,"lat":48.7984,"lon":1.7898,"fibre_pct":100.0,"vivrescore":100},{"code_insee":"78263","nom":"Gambais","codes_postaux":["78950"],"code_dep":"78","code_region":"11","population":2574,"surface_km2":22.73,"lat":48.7774,"lon":1.6732,"fibre_pct":100.0,"vivrescore":100},{"code_insee":"78264","nom":"Gambaiseuil","codes_postaux":["78490"],"code_dep":"78","code_region":"11","population":64,"surface_km2":19.2,"lat":48.7614,"lon":1.7221,"fibre_pct":100.0,"vivrescore":100},{"code_insee":"78265","nom":"Garancières","codes_postaux":["78890"],"code_dep":"78","code_region":"11","population":2621,"surface_km2":10.4,"lat":48.8223,"lon":1.7602,"fibre_pct":100.0,"vivrescore":100},{"code_insee":"78267","nom":"Gargenville","codes_postaux":["78440"],"code_dep":"78","code_region":"11","population":7869,"surface_km2":8.65,"lat":48.9938,"lon":1.8112,"fibre_pct":99.1,"vivrescore":100},{"code_insee":"78269","nom":"Gazeran","codes_postaux":["78125"],"code_dep":"78","code_region":"11","population":1492,"surface_km2":25.76,"lat":48.6375,"lon":1.7785,"fibre_pct":98.9,"vivrescore":100},{"code_insee":"78276","nom":"Gommecourt","codes_postaux":["78270"],"code_dep":"78","code_region":"11","population":613,"surface_km2":5.76,"lat":49.0697,"lon":1.5931,"fibre_pct":100.0,"vivrescore":100},{"code_insee":"78278","nom":"Goupillières","codes_postaux":["78770"],"code_dep":"78","code_region":"11","population":570,"surface_km2":5.64,"lat":48.882,"lon":1.7651,"fibre_pct":100.0,"vivrescore":100},{"code_insee":"78281","nom":"Goussonville","codes_postaux":["78930"],"code_dep":"78","code_region":"11","population":650,"surface_km2":4.68,"lat":48.9251,"lon":1.7668,"fibre_pct":98.2,"vivrescore":100},{"code_insee":"78283","nom":"Grandchamp","codes_postaux":["78113"],"code_dep":"78","code_region":"11","population":300,"surface_km2":6.1,"lat":48.7207,"lon":1.6141,"fibre_pct":100.0,"vivrescore":100},{"code_insee":"78285","nom":"Gressey","codes_postaux":["78550"],"code_dep":"78","code_region":"11","population":533,"surface_km2":7.21,"lat":48.833,"lon":1.6009,"fibre_pct":100.0,"vivrescore":100},{"code_insee":"78289","nom":"Grosrouvre","codes_postaux":["78490"],"code_dep":"78","code_region":"11","population":902,"surface_km2":12.56,"lat":48.7799,"lon":1.7609,"fibre_pct":100.0,"vivrescore":100},{"code_insee":"78290","nom":"Guernes","codes_postaux":["78520"],"code_dep":"78","code_region":"11","population":1085,"surface_km2":8.63,"lat":49.0164,"lon":1.6435,"fibre_pct":99.1,"vivrescore":100},{"code_insee":"78291","nom":"Guerville","codes_postaux":["78930"],"code_dep":"78","code_region":"11","population":2052,"surface_km2":10.11,"lat":48.9544,"lon":1.7409,"fibre_pct":95.4,"vivrescore":100},{"code_insee":"78296","nom":"Guitrancourt","codes_postaux":["78440"],"code_dep":"78","code_region":"11","population":646,"surface_km2":7.37,"lat":49.01,"lon":1.7775,"fibre_pct":100.0,"vivrescore":100},{"code_insee":"78297","nom":"Guyancourt","codes_postaux":["78280"],"code_dep":"78","code_region":"11","population":29778,"surface_km2":13.2,"lat":48.7735,"lon":2.0745,"fibre_pct":99.1,"vivrescore":100},{"code_insee":"78299","nom":"Hardricourt","codes_postaux":["78250"],"code_dep":"78","code_region":"11","population":2599,"surface_km2":3.35,"lat":49.0092,"lon":1.8834,"fibre_pct":97.6,"vivrescore":100},{"code_insee":"78300","nom":"Hargeville","codes_postaux":["78790"],"code_dep":"78","code_region":"11","population":418,"surface_km2":7.01,"lat":48.8953,"lon":1.7464,"fibre_pct":100.0,"vivrescore":100},{"code_insee":"78302","nom":"La Hauteville","codes_postaux":["78113"],"code_dep":"78","code_region":"11","population":157,"surface_km2":4.9,"lat":48.7049,"lon":1.6257,"fibre_pct":99.6,"vivrescore":100},{"code_insee":"78305","nom":"Herbeville","codes_postaux":["78580"],"code_dep":"78","code_region":"11","population":228,"surface_km2":6.41,"lat":48.903,"lon":1.8901,"fibre_pct":100.0,"vivrescore":100},{"code_insee":"78307","nom":"Hermeray","codes_postaux":["78125"],"code_dep":"78","code_region":"11","population":1007,"surface_km2":18.39,"lat":48.6549,"lon":1.688,"fibre_pct":97.7,"vivrescore":100},{"code_insee":"78310","nom":"Houdan","codes_postaux":["78550"],"code_dep":"78","code_region":"11","population":3721,"surface_km2":10.41,"lat":48.7968,"lon":1.5981,"fibre_pct":98.0,"vivrescore":100},{"code_insee":"78311","nom":"Houilles","codes_postaux":["78800"],"code_dep":"78","code_region":"11","population":33983,"surface_km2":4.48,"lat":48.9266,"lon":2.1866,"fibre_pct":97.4,"vivrescore":100},{"code_insee":"78314","nom":"Issou","codes_postaux":["78440"],"code_dep":"78","code_region":"11","population":4060,"surface_km2":4.79,"lat":48.9884,"lon":1.7865,"fibre_pct":93.6,"vivrescore":80},{"code_insee":"78317","nom":"Jambville","codes_postaux":["78440"],"code_dep":"78","code_region":"11","population":793,"surface_km2":4.88,"lat":49.0489,"lon":1.8483,"fibre_pct":100.0,"vivrescore":100},{"code_insee":"78320","nom":"Notre-Dame-de-la-Mer","codes_postaux":["78270"],"code_dep":"78","code_region":"11","population":742,"surface_km2":9.0,"lat":49.0552,"lon":1.5292,"fibre_pct":99.0,"vivrescore":100},{"code_insee":"78321","nom":"Jouars-Pontchartrain","codes_postaux":["78760"],"code_dep":"78","code_region":"11","population":6039,"surface_km2":9.73,"lat":48.7874,"lon":1.913,"fibre_pct":99.9,"vivrescore":100},{"code_insee":"78322","nom":"Jouy-en-Josas","codes_postaux":["78350"],"code_dep":"78","code_region":"11","population":7981,"surface_km2":10.21,"lat":48.7652,"lon":2.161,"fibre_pct":87.3,"vivrescore":80},{"code_insee":"78324","nom":"Jouy-Mauvoisin","codes_postaux":["78200"],"code_dep":"78","code_region":"11","population":554,"surface_km2":2.84,"lat":48.9746,"lon":1.6461,"fibre_pct":100.0,"vivrescore":100},{"code_insee":"78325","nom":"Jumeauville","codes_postaux":["78580"],"code_dep":"78","code_region":"11","population":638,"surface_km2":7.67,"lat":48.9087,"lon":1.7827,"fibre_pct":100.0,"vivrescore":100},{"code_insee":"78327","nom":"Juziers","codes_postaux":["78820"],"code_dep":"78","code_region":"11","population":4065,"surface_km2":8.75,"lat":48.9991,"lon":1.842,"fibre_pct":99.1,"vivrescore":100},{"code_insee":"78329","nom":"Lainville-en-Vexin","codes_postaux":["78440"],"code_dep":"78","code_region":"11","population":805,"surface_km2":7.75,"lat":49.0585,"lon":1.8182,"fibre_pct":100.0,"vivrescore":100},{"code_insee":"78334","nom":"Lévis-Saint-Nom","codes_postaux":["78320"],"code_dep":"78","code_region":"11","population":1603,"surface_km2":8.37,"lat":48.7248,"lon":1.9336,"fibre_pct":99.8,"vivrescore":100},{"code_insee":"78335","nom":"Limay","codes_postaux":["78520"],"code_dep":"78","code_region":"11","population":17885,"surface_km2":11.46,"lat":48.9911,"lon":1.7367,"fibre_pct":97.0,"vivrescore":100},{"code_insee":"78337","nom":"Limetz-Villez","codes_postaux":["78270"],"code_dep":"78","code_region":"11","population":2110,"surface_km2":9.46,"lat":49.0585,"lon":1.5512,"fibre_pct":100.0,"vivrescore":100},{"code_insee":"78343","nom":"Les Loges-en-Josas","codes_postaux":["78350"],"code_dep":"78","code_region":"11","population":1645,"surface_km2":2.51,"lat":48.7617,"lon":2.1412,"fibre_pct":94.2,"vivrescore":80},{"code_insee":"78344","nom":"Lommoye","codes_postaux":["78270"],"code_dep":"78","code_region":"11","population":639,"surface_km2":9.51,"lat":48.9985,"lon":1.5181,"fibre_pct":100.0,"vivrescore":100},{"code_insee":"78346","nom":"Longnes","codes_postaux":["78980"],"code_dep":"78","code_region":"11","population":1601,"surface_km2":13.98,"lat":48.9201,"lon":1.5753,"fibre_pct":100.0,"vivrescore":100},{"code_insee":"78349","nom":"Longvilliers","codes_postaux":["78730"],"code_dep":"78","code_region":"11","population":496,"surface_km2":14.06,"lat":48.5781,"lon":1.9969,"fibre_pct":100.0,"vivrescore":100},{"code_insee":"78350","nom":"Louveciennes","codes_postaux":["78430"],"code_dep":"78","code_region":"11","population":7990,"surface_km2":5.45,"lat":48.8595,"lon":2.1132,"fibre_pct":98.5,"vivrescore":100},{"code_insee":"78354","nom":"Magnanville","codes_postaux":["78200"],"code_dep":"78","code_region":"11","population":6383,"surface_km2":4.28,"lat":48.9685,"lon":1.6842,"fibre_pct":99.9,"vivrescore":100},{"code_insee":"78356","nom":"Magny-les-Hameaux","codes_postaux":["78114"],"code_dep":"78","code_region":"11","population":9386,"surface_km2":16.7,"lat":48.7379,"lon":2.0494,"fibre_pct":99.8,"vivrescore":100},{"code_insee":"78358","nom":"Maisons-Laffitte","codes_postaux":["78600"],"code_dep":"78","code_region":"11","population":23093,"surface_km2":6.93,"lat":48.9503,"lon":2.1533,"fibre_pct":95.6,"vivrescore":100},{"code_insee":"78361","nom":"Mantes-la-Jolie","codes_postaux":["78200"],"code_dep":"78","code_region":"11","population":43526,"surface_km2":9.43,"lat":48.9961,"lon":1.6918,"fibre_pct":96.5,"vivrescore":100},{"code_insee":"78362","nom":"Mantes-la-Ville","codes_postaux":["78711"],"code_dep":"78","code_region":"11","population":22332,"surface_km2":6.24,"lat":48.9752,"lon":1.7103,"fibre_pct":97.3,"vivrescore":100},{"code_insee":"78364","nom":"Marcq","codes_postaux":["78770"],"code_dep":"78","code_region":"11","population":802,"surface_km2":4.8,"lat":48.8645,"lon":1.8221,"fibre_pct":100.0,"vivrescore":100},{"code_insee":"78366","nom":"Mareil-le-Guyon","codes_postaux":["78490"],"code_dep":"78","code_region":"11","population":420,"surface_km2":4.08,"lat":48.7899,"lon":1.8531,"fibre_pct":100.0,"vivrescore":100},{"code_insee":"78367","nom":"Mareil-Marly","codes_postaux":["78750"],"code_dep":"78","code_region":"11","population":4141,"surface_km2":1.77,"lat":48.88,"lon":2.0775,"fibre_pct":97.9,"vivrescore":100},{"code_insee":"78368","nom":"Mareil-sur-Mauldre","codes_postaux":["78124"],"code_dep":"78","code_region":"11","population":1776,"surface_km2":4.38,"lat":48.8893,"lon":1.8747,"fibre_pct":98.7,"vivrescore":100},{"code_insee":"78372","nom":"Marly-le-Roi","codes_postaux":["78160"],"code_dep":"78","code_region":"11","population":16756,"surface_km2":6.68,"lat":48.866,"lon":2.0892,"fibre_pct":99.4,"vivrescore":100},{"code_insee":"78380","nom":"Maule","codes_postaux":["78580"],"code_dep":"78","code_region":"11","population":6083,"surface_km2":17.44,"lat":48.9058,"lon":1.8409,"fibre_pct":99.5,"vivrescore":100},{"code_insee":"78381","nom":"Maulette","codes_postaux":["78550"],"code_dep":"78","code_region":"11","population":1088,"surface_km2":7.91,"lat":48.7842,"lon":1.6111,"fibre_pct":100.0,"vivrescore":100},{"code_insee":"78382","nom":"Maurecourt","codes_postaux":["78780"],"code_dep":"78","code_region":"11","population":4454,"surface_km2":3.69,"lat":48.9994,"lon":2.0479,"fibre_pct":99.4,"vivrescore":100},{"code_insee":"78383","nom":"Maurepas","codes_postaux":["78310"],"code_dep":"78","code_region":"11","population":20629,"surface_km2":8.41,"lat":48.7712,"lon":1.925,"fibre_pct":97.4,"vivrescore":100},{"code_insee":"78384","nom":"Médan","codes_postaux":["78670"],"code_dep":"78","code_region":"11","population":1289,"surface_km2":2.89,"lat":48.9559,"lon":1.9858,"fibre_pct":90.8,"vivrescore":80},{"code_insee":"78385","nom":"Ménerville","codes_postaux":["78200"],"code_dep":"78","code_region":"11","population":216,"surface_km2":3.49,"lat":48.9568,"lon":1.5971,"fibre_pct":100.0,"vivrescore":100},{"code_insee":"78389","nom":"Méré","codes_postaux":["78490"],"code_dep":"78","code_region":"11","population":1731,"surface_km2":10.52,"lat":48.7954,"lon":1.8188,"fibre_pct":100.0,"vivrescore":100},{"code_insee":"78391","nom":"Méricourt","codes_postaux":["78270"],"code_dep":"78","code_region":"11","population":383,"surface_km2":2.44,"lat":49.037,"lon":1.6254,"fibre_pct":95.2,"vivrescore":100},{"code_insee":"78396","nom":"Le Mesnil-le-Roi","codes_postaux":["78600"],"code_dep":"78","code_region":"11","population":6332,"surface_km2":3.81,"lat":48.9249,"lon":2.1234,"fibre_pct":97.7,"vivrescore":100},{"code_insee":"78397","nom":"Le Mesnil-Saint-Denis","codes_postaux":["78320"],"code_dep":"78","code_region":"11","population":7276,"surface_km2":9.07,"lat":48.7389,"lon":1.9619,"fibre_pct":99.2,"vivrescore":100},{"code_insee":"78398","nom":"Les Mesnuls","codes_postaux":["78490"],"code_dep":"78","code_region":"11","population":910,"surface_km2":6.56,"lat":48.7542,"lon":1.8339,"fibre_pct":100.0,"vivrescore":100},{"code_insee":"78401","nom":"Meulan-en-Yvelines","codes_postaux":["78250"],"code_dep":"78","code_region":"11","population":8950,"surface_km2":3.45,"lat":49.0051,"lon":1.909,"fibre_pct":94.9,"vivrescore":80},{"code_insee":"78402","nom":"Mézières-sur-Seine","codes_postaux":["78970"],"code_dep":"78","code_region":"11","population":3923,"surface_km2":10.82,"lat":48.9481,"lon":1.782,"fibre_pct":99.0,"vivrescore":100},{"code_insee":"78403","nom":"Mézy-sur-Seine","codes_postaux":["78250"],"code_dep":"78","code_region":"11","population":2242,"surface_km2":4.81,"lat":49.0033,"lon":1.8692,"fibre_pct":86.9,"vivrescore":80},{"code_insee":"78404","nom":"Millemont","codes_postaux":["78940"],"code_dep":"78","code_region":"11","population":272,"surface_km2":5.8,"lat":48.8095,"lon":1.7258,"fibre_pct":94.1,"vivrescore":80},{"code_insee":"78406","nom":"Milon-la-Chapelle","codes_postaux":["78470"],"code_dep":"78","code_region":"11","population":295,"surface_km2":3.09,"lat":48.7298,"lon":2.0461,"fibre_pct":100.0,"vivrescore":100},{"code_insee":"78407","nom":"Mittainville","codes_postaux":["78125"],"code_dep":"78","code_region":"11","population":659,"surface_km2":10.65,"lat":48.6639,"lon":1.6363,"fibre_pct":97.6,"vivrescore":100},{"code_insee":"78410","nom":"Moisson","codes_postaux":["78840"],"code_dep":"78","code_region":"11","population":902,"surface_km2":10.09,"lat":49.0663,"lon":1.6587,"fibre_pct":100.0,"vivrescore":100},{"code_insee":"78413","nom":"Mondreville","codes_postaux":["78980"],"code_dep":"78","code_region":"11","population":381,"surface_km2":4.48,"lat":48.9034,"lon":1.5568,"fibre_pct":100.0,"vivrescore":100},{"code_insee":"78415","nom":"Montainville","codes_postaux":["78124"],"code_dep":"78","code_region":"11","population":589,"surface_km2":4.75,"lat":48.8807,"lon":1.8539,"fibre_pct":100.0,"vivrescore":100},{"code_insee":"78416","nom":"Montalet-le-Bois","codes_postaux":["78440"],"code_dep":"78","code_region":"11","population":322,"surface_km2":3.03,"lat":49.0471,"lon":1.8287,"fibre_pct":100.0,"vivrescore":100},{"code_insee":"78417","nom":"Montchauvet","codes_postaux":["78790"],"code_dep":"78","code_region":"11","population":275,"surface_km2":7.98,"lat":48.8944,"lon":1.6265,"fibre_pct":100.0,"vivrescore":100},{"code_insee":"78418","nom":"Montesson","codes_postaux":["78360"],"code_dep":"78","code_region":"11","population":14549,"surface_km2":7.34,"lat":48.919,"lon":2.1381,"fibre_pct":98.1,"vivrescore":100},{"code_insee":"78420","nom":"Montfort-l'Amaury","codes_postaux":["78490"],"code_dep":"78","code_region":"11","population":2779,"surface_km2":5.73,"lat":48.7717,"lon":1.8081,"fibre_pct":98.0,"vivrescore":100},{"code_insee":"78423","nom":"Montigny-le-Bretonneux","codes_postaux":["78180"],"code_dep":"78","code_region":"11","population":32465,"surface_km2":10.7,"lat":48.7776,"lon":2.0252,"fibre_pct":97.9,"vivrescore":100},{"code_insee":"78431","nom":"Morainvilliers","codes_postaux":["78630"],"code_dep":"78","code_region":"11","population":3120,"surface_km2":7.44,"lat":48.9351,"lon":1.9437,"fibre_pct":94.9,"vivrescore":80},{"code_insee":"78437","nom":"Mousseaux-sur-Seine","codes_postaux":["78270"],"code_dep":"78","code_region":"11","population":689,"surface_km2":7.21,"lat":49.051,"lon":1.6548,"fibre_pct":95.3,"vivrescore":100},{"code_insee":"78439","nom":"Mulcent","codes_postaux":["78790"],"code_dep":"78","code_region":"11","population":128,"surface_km2":3.58,"lat":48.879,"lon":1.6524,"fibre_pct":92.8,"vivrescore":80},{"code_insee":"78440","nom":"Les Mureaux","codes_postaux":["78130"],"code_dep":"78","code_region":"11","population":34632,"surface_km2":12.37,"lat":48.9877,"lon":1.911,"fibre_pct":96.2,"vivrescore":100},{"code_insee":"78442","nom":"Neauphle-le-Château","codes_postaux":["78640"],"code_dep":"78","code_region":"11","population":3250,"surface_km2":2.18,"lat":48.8122,"lon":1.9031,"fibre_pct":99.7,"vivrescore":100},{"code_insee":"78443","nom":"Neauphle-le-Vieux","codes_postaux":["78640"],"code_dep":"78","code_region":"11","population":937,"surface_km2":7.63,"lat":48.8166,"lon":1.8634,"fibre_pct":100.0,"vivrescore":100},{"code_insee":"78444","nom":"Neauphlette","codes_postaux":["78980"],"code_dep":"78","code_region":"11","population":871,"surface_km2":9.75,"lat":48.9358,"lon":1.5446,"fibre_pct":100.0,"vivrescore":100},{"code_insee":"78451","nom":"Nézel","codes_postaux":["78410"],"code_dep":"78","code_region":"11","population":1139,"surface_km2":1.32,"lat":48.9428,"lon":1.8398,"fibre_pct":100.0,"vivrescore":100},{"code_insee":"78455","nom":"Noisy-le-Roi","codes_postaux":["78590"],"code_dep":"78","code_region":"11","population":7713,"surface_km2":5.55,"lat":48.8466,"lon":2.0542,"fibre_pct":98.4,"vivrescore":100},{"code_insee":"78460","nom":"Oinville-sur-Montcient","codes_postaux":["78250"],"code_dep":"78","code_region":"11","population":1131,"surface_km2":3.82,"lat":49.0249,"lon":1.8474,"fibre_pct":99.8,"vivrescore":100},{"code_insee":"78464","nom":"Orcemont","codes_postaux":["78125"],"code_dep":"78","code_region":"11","population":985,"surface_km2":10.56,"lat":48.5958,"lon":1.8031,"fibre_pct":99.8,"vivrescore":100},{"code_insee":"78465","nom":"Orgerus","codes_postaux":["78910"],"code_dep":"78","code_region":"11","population":2489,"surface_km2":14.48,"lat":48.8351,"lon":1.695,"fibre_pct":100.0,"vivrescore":100},{"code_insee":"78466","nom":"Orgeval","codes_postaux":["78630"],"code_dep":"78","code_region":"11","population":7252,"surface_km2":15.46,"lat":48.9185,"lon":1.9698,"fibre_pct":97.1,"vivrescore":100},{"code_insee":"78470","nom":"Orphin","codes_postaux":["78125"],"code_dep":"78","code_region":"11","population":875,"surface_km2":16.65,"lat":48.5763,"lon":1.7842,"fibre_pct":100.0,"vivrescore":100},{"code_insee":"78472","nom":"Orsonville","codes_postaux":["78660"],"code_dep":"78","code_region":"11","population":325,"surface_km2":9.75,"lat":48.4778,"lon":1.8227,"fibre_pct":100.0,"vivrescore":100},{"code_insee":"78474","nom":"Orvilliers","codes_postaux":["78910"],"code_dep":"78","code_region":"11","population":925,"surface_km2":5.93,"lat":48.8549,"lon":1.6423,"fibre_pct":100.0,"vivrescore":100},{"code_insee":"78475","nom":"Osmoy","codes_postaux":["78910"],"code_dep":"78","code_region":"11","population":413,"surface_km2":2.57,"lat":48.8645,"lon":1.7162,"fibre_pct":100.0,"vivrescore":100},{"code_insee":"78478","nom":"Paray-Douaville","codes_postaux":["78660"],"code_dep":"78","code_region":"11","population":218,"surface_km2":10.2,"lat":48.4607,"lon":1.8615,"fibre_pct":100.0,"vivrescore":100},{"code_insee":"78481","nom":"Le Pecq","codes_postaux":["78230"],"code_dep":"78","code_region":"11","population":16059,"surface_km2":2.89,"lat":48.8924,"lon":2.1022,"fibre_pct":99.2,"vivrescore":100},{"code_insee":"78484","nom":"Perdreauville","codes_postaux":["78200"],"code_dep":"78","code_region":"11","population":701,"surface_km2":11.2,"lat":48.9666,"lon":1.6056,"fibre_pct":100.0,"vivrescore":100},{"code_insee":"78486","nom":"Le Perray-en-Yvelines","codes_postaux":["78610"],"code_dep":"78","code_region":"11","population":6480,"surface_km2":13.55,"lat":48.6988,"lon":1.8424,"fibre_pct":100.0,"vivrescore":100},{"code_insee":"78490","nom":"Plaisir","codes_postaux":["78370"],"code_dep":"78","code_region":"11","population":31811,"surface_km2":17.65,"lat":48.8129,"lon":1.9483,"fibre_pct":96.2,"vivrescore":100},{"code_insee":"78497","nom":"Poigny-la-Forêt","codes_postaux":["78125"],"code_dep":"78","code_region":"11","population":957,"surface_km2":23.58,"lat":48.6803,"lon":1.7549,"fibre_pct":99.2,"vivrescore":100},{"code_insee":"78498","nom":"Poissy","codes_postaux":["78300"],"code_dep":"78","code_region":"11","population":40983,"surface_km2":12.88,"lat":48.9241,"lon":2.025,"fibre_pct":97.6,"vivrescore":100},{"code_insee":"78499","nom":"Ponthévrard","codes_postaux":["78730"],"code_dep":"78","code_region":"11","population":693,"surface_km2":2.65,"lat":48.5496,"lon":1.91,"fibre_pct":100.0,"vivrescore":100},{"code_insee":"78501","nom":"Porcheville","codes_postaux":["78440"],"code_dep":"78","code_region":"11","population":3382,"surface_km2":4.62,"lat":48.9781,"lon":1.768,"fibre_pct":98.7,"vivrescore":100},{"code_insee":"78502","nom":"Le Port-Marly","codes_postaux":["78560"],"code_dep":"78","code_region":"11","population":5559,"surface_km2":1.44,"lat":48.8808,"lon":2.1104,"fibre_pct":96.5,"vivrescore":100},{"code_insee":"78505","nom":"Prunay-le-Temple","codes_postaux":["78910"],"code_dep":"78","code_region":"11","population":409,"surface_km2":6.74,"lat":48.858,"lon":1.6741,"fibre_pct":100.0,"vivrescore":100},{"code_insee":"78506","nom":"Prunay-en-Yvelines","codes_postaux":["78660"],"code_dep":"78","code_region":"11","population":808,"surface_km2":27.26,"lat":48.5257,"lon":1.8041,"fibre_pct":100.0,"vivrescore":100},{"code_insee":"78513","nom":"La Queue-les-Yvelines","codes_postaux":["78940"],"code_dep":"78","code_region":"11","population":2629,"surface_km2":5.78,"lat":48.8042,"lon":1.7603,"fibre_pct":98.8,"vivrescore":100},{"code_insee":"78516","nom":"Raizeux","codes_postaux":["78125"],"code_dep":"78","code_region":"11","population":970,"surface_km2":10.36,"lat":48.6375,"lon":1.6849,"fibre_pct":98.2,"vivrescore":100},{"code_insee":"78517","nom":"Rambouillet","codes_postaux":["78120"],"code_dep":"78","code_region":"11","population":27724,"surface_km2":35.87,"lat":48.6538,"lon":1.8339,"fibre_pct":97.6,"vivrescore":100},{"code_insee":"78518","nom":"Rennemoulin","codes_postaux":["78590"],"code_dep":"78","code_region":"11","population":116,"surface_km2":2.22,"lat":48.8339,"lon":2.0421,"fibre_pct":88.0,"vivrescore":80},{"code_insee":"78520","nom":"Richebourg","codes_postaux":["78550"],"code_dep":"78","code_region":"11","population":1570,"surface_km2":10.64,"lat":48.825,"lon":1.634,"fibre_pct":100.0,"vivrescore":100},{"code_insee":"78522","nom":"Rochefort-en-Yvelines","codes_postaux":["78730"],"code_dep":"78","code_region":"11","population":910,"surface_km2":12.77,"lat":48.593,"lon":1.9819,"fibre_pct":100.0,"vivrescore":100},{"code_insee":"78528","nom":"Rolleboise","codes_postaux":["78270"],"code_dep":"78","code_region":"11","population":346,"surface_km2":3.04,"lat":49.0195,"lon":1.6006,"fibre_pct":94.8,"vivrescore":80},{"code_insee":"78530","nom":"Rosay","codes_postaux":["78790"],"code_dep":"78","code_region":"11","population":387,"surface_km2":4.51,"lat":48.9108,"lon":1.684,"fibre_pct":100.0,"vivrescore":100},{"code_insee":"78531","nom":"Rosny-sur-Seine","codes_postaux":["78710"],"code_dep":"78","code_region":"11","population":7328,"surface_km2":19.24,"lat":48.9978,"lon":1.6054,"fibre_pct":97.9,"vivrescore":100},{"code_insee":"78536","nom":"Sailly","codes_postaux":["78440"],"code_dep":"78","code_region":"11","population":354,"surface_km2":5.49,"lat":49.0448,"lon":1.7927,"fibre_pct":100.0,"vivrescore":100},{"code_insee":"78537","nom":"Saint-Arnoult-en-Yvelines","codes_postaux":["78730"],"code_dep":"78","code_region":"11","population":5875,"surface_km2":12.69,"lat":48.5752,"lon":1.9293,"fibre_pct":92.4,"vivrescore":80},{"code_insee":"78545","nom":"Saint-Cyr-l'École","codes_postaux":["78210"],"code_dep":"78","code_region":"11","population":21268,"surface_km2":5.11,"lat":48.8064,"lon":2.0657,"fibre_pct":97.7,"vivrescore":100},{"code_insee":"78548","nom":"Saint-Forget","codes_postaux":["78720"],"code_dep":"78","code_region":"11","population":436,"surface_km2":6.0,"lat":48.7128,"lon":1.9976,"fibre_pct":100.0,"vivrescore":100},{"code_insee":"78550","nom":"Saint-Germain-de-la-Grange","codes_postaux":["78640"],"code_dep":"78","code_region":"11","population":1847,"surface_km2":5.28,"lat":48.8347,"lon":1.902,"fibre_pct":100.0,"vivrescore":100},{"code_insee":"78551","nom":"Saint-Germain-en-Laye","codes_postaux":["78100","78112"],"code_dep":"78","code_region":"11","population":45931,"surface_km2":53.09,"lat":48.931,"lon":2.1052,"fibre_pct":95.4,"vivrescore":100},{"code_insee":"78557","nom":"Saint-Hilarion","codes_postaux":["78125"],"code_dep":"78","code_region":"11","population":999,"surface_km2":14.26,"lat":48.6246,"lon":1.7222,"fibre_pct":98.6,"vivrescore":100},{"code_insee":"78558","nom":"Saint-Illiers-la-Ville","codes_postaux":["78980"],"code_dep":"78","code_region":"11","population":350,"surface_km2":6.62,"lat":48.9777,"lon":1.5437,"fibre_pct":54.1,"vivrescore":40},{"code_insee":"78559","nom":"Saint-Illiers-le-Bois","codes_postaux":["78980"],"code_dep":"78","code_region":"11","population":449,"surface_km2":4.42,"lat":48.9647,"lon":1.5102,"fibre_pct":100.0,"vivrescore":100},{"code_insee":"78561","nom":"Saint-Lambert","codes_postaux":["78470"],"code_dep":"78","code_region":"11","population":447,"surface_km2":6.62,"lat":48.7339,"lon":2.0093,"fibre_pct":100.0,"vivrescore":100},{"code_insee":"78562","nom":"Saint-Léger-en-Yvelines","codes_postaux":["78610"],"code_dep":"78","code_region":"11","population":1468,"surface_km2":35.09,"lat":48.7338,"lon":1.7646,"fibre_pct":100.0,"vivrescore":100},{"code_insee":"78564","nom":"Saint-Martin-de-Bréthencourt","codes_postaux":["78660"],"code_dep":"78","code_region":"11","population":690,"surface_km2":16.62,"lat":48.5153,"lon":1.9179,"fibre_pct":100.0,"vivrescore":100},{"code_insee":"78565","nom":"Saint-Martin-des-Champs","codes_postaux":["78790"],"code_dep":"78","code_region":"11","population":304,"surface_km2":6.21,"lat":48.8776,"lon":1.7215,"fibre_pct":100.0,"vivrescore":100},{"code_insee":"78567","nom":"Saint-Martin-la-Garenne","codes_postaux":["78520"],"code_dep":"78","code_region":"11","population":942,"surface_km2":15.93,"lat":49.0372,"lon":1.6707,"fibre_pct":100.0,"vivrescore":100},{"code_insee":"78569","nom":"Sainte-Mesme","codes_postaux":["78730"],"code_dep":"78","code_region":"11","population":904,"surface_km2":8.31,"lat":48.536,"lon":1.9433,"fibre_pct":97.4,"vivrescore":100},{"code_insee":"78571","nom":"Saint-Nom-la-Bretèche","codes_postaux":["78860"],"code_dep":"78","code_region":"11","population":4965,"surface_km2":11.8,"lat":48.8621,"lon":2.0168,"fibre_pct":99.4,"vivrescore":100},{"code_insee":"78575","nom":"Saint-Rémy-lès-Chevreuse","codes_postaux":["78470"],"code_dep":"78","code_region":"11","population":7747,"surface_km2":9.8,"lat":48.7037,"lon":2.082,"fibre_pct":99.9,"vivrescore":100},{"code_insee":"78576","nom":"Saint-Rémy-l'Honoré","codes_postaux":["78690"],"code_dep":"78","code_region":"11","population":1689,"surface_km2":10.24,"lat":48.7515,"lon":1.8775,"fibre_pct":100.0,"vivrescore":100},{"code_insee":"78586","nom":"Sartrouville","codes_postaux":["78500"],"code_dep":"78","code_region":"11","population":52763,"surface_km2":8.47,"lat":48.9374,"lon":2.1744,"fibre_pct":96.8,"vivrescore":100},{"code_insee":"78588","nom":"Saulx-Marchais","codes_postaux":["78650"],"code_dep":"78","code_region":"11","population":950,"surface_km2":2.15,"lat":48.8434,"lon":1.8361,"fibre_pct":100.0,"vivrescore":100},{"code_insee":"78590","nom":"Senlisse","codes_postaux":["78720"],"code_dep":"78","code_region":"11","population":511,"surface_km2":8.1,"lat":48.6828,"lon":1.9688,"fibre_pct":100.0,"vivrescore":100},{"code_insee":"78591","nom":"Septeuil","codes_postaux":["78790"],"code_dep":"78","code_region":"11","population":2264,"surface_km2":9.57,"lat":48.8883,"lon":1.6891,"fibre_pct":97.8,"vivrescore":100},{"code_insee":"78597","nom":"Soindres","codes_postaux":["78200"],"code_dep":"78","code_region":"11","population":757,"surface_km2":5.23,"lat":48.9547,"lon":1.6732,"fibre_pct":100.0,"vivrescore":100},{"code_insee":"78601","nom":"Sonchamp","codes_postaux":["78120"],"code_dep":"78","code_region":"11","population":1678,"surface_km2":46.34,"lat":48.5854,"lon":1.8765,"fibre_pct":93.2,"vivrescore":80},{"code_insee":"78605","nom":"Tacoignières","codes_postaux":["78910"],"code_dep":"78","code_region":"11","population":1219,"surface_km2":3.2,"lat":48.8328,"lon":1.664,"fibre_pct":100.0,"vivrescore":100},{"code_insee":"78606","nom":"Le Tartre-Gaudran","codes_postaux":["78113"],"code_dep":"78","code_region":"11","population":37,"surface_km2":4.3,"lat":48.6976,"lon":1.6028,"fibre_pct":87.3,"vivrescore":80},{"code_insee":"78608","nom":"Le Tertre-Saint-Denis","codes_postaux":["78980"],"code_dep":"78","code_region":"11","population":137,"surface_km2":2.91,"lat":48.9427,"lon":1.609,"fibre_pct":100.0,"vivrescore":100},{"code_insee":"78609","nom":"Tessancourt-sur-Aubette","codes_postaux":["78250"],"code_dep":"78","code_region":"11","population":966,"surface_km2":4.45,"lat":49.0263,"lon":1.9218,"fibre_pct":100.0,"vivrescore":100},{"code_insee":"78615","nom":"Thiverval-Grignon","codes_postaux":["78850"],"code_dep":"78","code_region":"11","population":1023,"surface_km2":11.3,"lat":48.8419,"lon":1.9322,"fibre_pct":100.0,"vivrescore":100},{"code_insee":"78616","nom":"Thoiry","codes_postaux":["78770"],"code_dep":"78","code_region":"11","population":1434,"surface_km2":7.14,"lat":48.8699,"lon":1.7989,"fibre_pct":100.0,"vivrescore":100},{"code_insee":"78618","nom":"Tilly","codes_postaux":["78790"],"code_dep":"78","code_region":"11","population":530,"surface_km2":7.75,"lat":48.8785,"lon":1.5764,"fibre_pct":100.0,"vivrescore":100},{"code_insee":"78620","nom":"Toussus-le-Noble","codes_postaux":["78117"],"code_dep":"78","code_region":"11","population":1172,"surface_km2":4.02,"lat":48.7477,"lon":2.1192,"fibre_pct":91.1,"vivrescore":80},{"code_insee":"78621","nom":"Trappes","codes_postaux":["78190"],"code_dep":"78","code_region":"11","population":34689,"surface_km2":13.69,"lat":48.7738,"lon":1.9964,"fibre_pct":96.0,"vivrescore":100},{"code_insee":"78623","nom":"Le Tremblay-sur-Mauldre","codes_postaux":["78490"],"code_dep":"78","code_region":"11","population":930,"surface_km2":6.06,"lat":48.7859,"lon":1.8765,"fibre_pct":100.0,"vivrescore":100},{"code_insee":"78624","nom":"Triel-sur-Seine","codes_postaux":["78510"],"code_dep":"78","code_region":"11","population":12206,"surface_km2":13.82,"lat":48.976,"lon":2.0055,"fibre_pct":96.4,"vivrescore":100},{"code_insee":"78638","nom":"Vaux-sur-Seine","codes_postaux":["78740"],"code_dep":"78","code_region":"11","population":5202,"surface_km2":8.44,"lat":49.0089,"lon":1.9704,"fibre_pct":99.4,"vivrescore":100},{"code_insee":"78640","nom":"Vélizy-Villacoublay","codes_postaux":["78140"],"code_dep":"78","code_region":"11","population":23011,"surface_km2":8.93,"lat":48.784,"lon":2.1956,"fibre_pct":96.4,"vivrescore":100},{"code_insee":"78642","nom":"Verneuil-sur-Seine","codes_postaux":["78480"],"code_dep":"78","code_region":"11","population":16280,"surface_km2":9.59,"lat":48.9874,"lon":1.9659,"fibre_pct":99.5,"vivrescore":100},{"code_insee":"78643","nom":"Vernouillet","codes_postaux":["78540"],"code_dep":"78","code_region":"11","population":9699,"surface_km2":6.73,"lat":48.9649,"lon":1.9748,"fibre_pct":97.5,"vivrescore":100},{"code_insee":"78644","nom":"La Verrière","codes_postaux":["78320"],"code_dep":"78","code_region":"11","population":5994,"surface_km2":2.13,"lat":48.7545,"lon":1.9505,"fibre_pct":98.1,"vivrescore":100},{"code_insee":"78646","nom":"Versailles","codes_postaux":["78000"],"code_dep":"78","code_region":"11","population":84095,"surface_km2":26.15,"lat":48.8039,"lon":2.1191,"fibre_pct":91.8,"vivrescore":80},{"code_insee":"78647","nom":"Vert","codes_postaux":["78930"],"code_dep":"78","code_region":"11","population":852,"surface_km2":3.72,"lat":48.9429,"lon":1.6824,"fibre_pct":100.0,"vivrescore":100},{"code_insee":"78650","nom":"Le Vésinet","codes_postaux":["78110"],"code_dep":"78","code_region":"11","population":15554,"surface_km2":5.02,"lat":48.8928,"lon":2.1312,"fibre_pct":99.3,"vivrescore":100},{"code_insee":"78653","nom":"Vicq","codes_postaux":["78490"],"code_dep":"78","code_region":"11","population":389,"surface_km2":4.47,"lat":48.8223,"lon":1.8283,"fibre_pct":97.7,"vivrescore":100},{"code_insee":"78655","nom":"Vieille-Église-en-Yvelines","codes_postaux":["78125"],"code_dep":"78","code_region":"11","population":652,"surface_km2":9.73,"lat":48.6695,"lon":1.8759,"fibre_pct":99.7,"vivrescore":100},{"code_insee":"78668","nom":"La Villeneuve-en-Chevrie","codes_postaux":["78270"],"code_dep":"78","code_region":"11","population":665,"surface_km2":11.84,"lat":49.0129,"lon":1.5285,"fibre_pct":100.0,"vivrescore":100},{"code_insee":"78672","nom":"Villennes-sur-Seine","codes_postaux":["78670"],"code_dep":"78","code_region":"11","population":5952,"surface_km2":5.01,"lat":48.9372,"lon":1.9975,"fibre_pct":95.7,"vivrescore":100},{"code_insee":"78674","nom":"Villepreux","codes_postaux":["78450"],"code_dep":"78","code_region":"11","population":11931,"surface_km2":10.46,"lat":48.8306,"lon":2.0127,"fibre_pct":100.0,"vivrescore":100},{"code_insee":"78677","nom":"Villette","codes_postaux":["78930"],"code_dep":"78","code_region":"11","population":524,"surface_km2":4.63,"lat":48.9244,"lon":1.6917,"fibre_pct":100.0,"vivrescore":100},{"code_insee":"78681","nom":"Villiers-le-Mahieu","codes_postaux":["78770"],"code_dep":"78","code_region":"11","population":888,"surface_km2":6.9,"lat":48.8518,"lon":1.7744,"fibre_pct":100.0,"vivrescore":100},{"code_insee":"78683","nom":"Villiers-Saint-Frédéric","codes_postaux":["78640"],"code_dep":"78","code_region":"11","population":3395,"surface_km2":5.1,"lat":48.8201,"lon":1.883,"fibre_pct":95.0,"vivrescore":100},{"code_insee":"78686","nom":"Viroflay","codes_postaux":["78220"],"code_dep":"78","code_region":"11","population":17237,"surface_km2":3.48,"lat":48.8017,"lon":2.1725,"fibre_pct":95.6,"vivrescore":100},{"code_insee":"78688","nom":"Voisins-le-Bretonneux","codes_postaux":["78960"],"code_dep":"78","code_region":"11","population":10624,"surface_km2":3.61,"lat":48.7598,"lon":2.047,"fibre_pct":100.0,"vivrescore":100}]