[{"code_insee":"79001","nom":"L'Absie","codes_postaux":["79240"],"code_dep":"79","code_region":"75","population":1047,"surface_km2":13.18,"lat":46.6478,"lon":-0.5606},{"code_insee":"79002","nom":"Adilly","codes_postaux":["79200"],"code_dep":"79","code_region":"75","population":310,"surface_km2":12.98,"lat":46.7011,"lon":-0.3188},{"code_insee":"79003","nom":"Aiffres","codes_postaux":["79230"],"code_dep":"79","code_region":"75","population":5419,"surface_km2":25.94,"lat":46.2831,"lon":-0.4147},{"code_insee":"79005","nom":"Airvault","codes_postaux":["79600"],"code_dep":"79","code_region":"75","population":3306,"surface_km2":64.1,"lat":46.8323,"lon":-0.1532},{"code_insee":"79007","nom":"Allonne","codes_postaux":["79130"],"code_dep":"79","code_region":"75","population":608,"surface_km2":23.16,"lat":46.5749,"lon":-0.3783},{"code_insee":"79008","nom":"Amailloux","codes_postaux":["79350"],"code_dep":"79","code_region":"75","population":822,"surface_km2":37.07,"lat":46.7467,"lon":-0.3191},{"code_insee":"79009","nom":"Amuré","codes_postaux":["79210"],"code_dep":"79","code_region":"75","population":429,"surface_km2":14.82,"lat":46.2559,"lon":-0.6109},{"code_insee":"79010","nom":"Arçais","codes_postaux":["79210"],"code_dep":"79","code_region":"75","population":615,"surface_km2":15.15,"lat":46.3002,"lon":-0.6982},{"code_insee":"79012","nom":"Ardin","codes_postaux":["79160"],"code_dep":"79","code_region":"75","population":1257,"surface_km2":30.09,"lat":46.489,"lon":-0.5597},{"code_insee":"79013","nom":"Argentonnay","codes_postaux":["79150","79300"],"code_dep":"79","code_region":"75","population":3234,"surface_km2":117.7,"lat":46.9721,"lon":-0.4164},{"code_insee":"79014","nom":"Loretz-d'Argenton","codes_postaux":["79290"],"code_dep":"79","code_region":"75","population":2575,"surface_km2":52.85,"lat":47.0578,"lon":-0.2732},{"code_insee":"79015","nom":"Asnières-en-Poitou","codes_postaux":["79170"],"code_dep":"79","code_region":"75","population":188,"surface_km2":19.18,"lat":46.0896,"lon":-0.2114},{"code_insee":"79016","nom":"Assais-les-Jumeaux","codes_postaux":["79600"],"code_dep":"79","code_region":"75","population":763,"surface_km2":53.21,"lat":46.7846,"lon":-0.0692},{"code_insee":"79018","nom":"Aubigné","codes_postaux":["79110"],"code_dep":"79","code_region":"75","population":163,"surface_km2":29.66,"lat":46.0382,"lon":-0.1477},{"code_insee":"79019","nom":"Aubigny","codes_postaux":["79390"],"code_dep":"79","code_region":"75","population":178,"surface_km2":11.98,"lat":46.7283,"lon":-0.1055},{"code_insee":"79020","nom":"Augé","codes_postaux":["79400"],"code_dep":"79","code_region":"75","population":892,"surface_km2":23.35,"lat":46.452,"lon":-0.2872},{"code_insee":"79022","nom":"Availles-Thouarsais","codes_postaux":["79600"],"code_dep":"79","code_region":"75","population":180,"surface_km2":10.92,"lat":46.8559,"lon":-0.1378},{"code_insee":"79023","nom":"Avon","codes_postaux":["79800"],"code_dep":"79","code_region":"75","population":63,"surface_km2":12.73,"lat":46.3721,"lon":0.0017},{"code_insee":"79024","nom":"Azay-le-Brûlé","codes_postaux":["79400"],"code_dep":"79","code_region":"75","population":1927,"surface_km2":22.18,"lat":46.4058,"lon":-0.2658},{"code_insee":"79025","nom":"Azay-sur-Thouet","codes_postaux":["79130"],"code_dep":"79","code_region":"75","population":1114,"surface_km2":20.44,"lat":46.6168,"lon":-0.3598},{"code_insee":"79029","nom":"Beaulieu-sous-Parthenay","codes_postaux":["79420"],"code_dep":"79","code_region":"75","population":680,"surface_km2":26.87,"lat":46.5762,"lon":-0.2136},{"code_insee":"79030","nom":"Beaussais-Vitré","codes_postaux":["79370"],"code_dep":"79","code_region":"75","population":923,"surface_km2":25.81,"lat":46.2819,"lon":-0.1729},{"code_insee":"79031","nom":"Beauvoir-sur-Niort","codes_postaux":["79360"],"code_dep":"79","code_region":"75","population":1765,"surface_km2":23.61,"lat":46.1842,"lon":-0.477},{"code_insee":"79032","nom":"Béceleuf","codes_postaux":["79160"],"code_dep":"79","code_region":"75","population":750,"surface_km2":19.12,"lat":46.4866,"lon":-0.5087},{"code_insee":"79034","nom":"Bessines","codes_postaux":["79000"],"code_dep":"79","code_region":"75","population":1903,"surface_km2":11.46,"lat":46.2916,"lon":-0.517},{"code_insee":"79038","nom":"Boismé","codes_postaux":["79300"],"code_dep":"79","code_region":"75","population":1176,"surface_km2":35.54,"lat":46.7798,"lon":-0.4293},{"code_insee":"79040","nom":"La Boissière-en-Gâtine","codes_postaux":["79310"],"code_dep":"79","code_region":"75","population":223,"surface_km2":11.13,"lat":46.5505,"lon":-0.3808},{"code_insee":"79042","nom":"Bougon","codes_postaux":["79800"],"code_dep":"79","code_region":"75","population":169,"surface_km2":11.91,"lat":46.3677,"lon":-0.0569},{"code_insee":"79046","nom":"Le Bourdet","codes_postaux":["79210"],"code_dep":"79","code_region":"75","population":564,"surface_km2":8.36,"lat":46.2391,"lon":-0.6422},{"code_insee":"79047","nom":"Boussais","codes_postaux":["79600"],"code_dep":"79","code_region":"75","population":446,"surface_km2":20.09,"lat":46.8159,"lon":-0.2689},{"code_insee":"79048","nom":"La Crèche","codes_postaux":["79260"],"code_dep":"79","code_region":"75","population":5662,"surface_km2":34.61,"lat":46.3678,"lon":-0.3037},{"code_insee":"79049","nom":"Bressuire","codes_postaux":["79300"],"code_dep":"79","code_region":"75","population":19970,"surface_km2":182.42,"lat":46.8654,"lon":-0.4733},{"code_insee":"79050","nom":"Bretignolles","codes_postaux":["79140"],"code_dep":"79","code_region":"75","population":592,"surface_km2":13.11,"lat":46.8724,"lon":-0.5926},{"code_insee":"79055","nom":"Brieuil-sur-Chizé","codes_postaux":["79170"],"code_dep":"79","code_region":"75","population":86,"surface_km2":8.12,"lat":46.1248,"lon":-0.3298},{"code_insee":"79056","nom":"Brion-près-Thouet","codes_postaux":["79290"],"code_dep":"79","code_region":"75","population":759,"surface_km2":8.46,"lat":47.0507,"lon":-0.1868},{"code_insee":"79057","nom":"Brioux-sur-Boutonne","codes_postaux":["79170"],"code_dep":"79","code_region":"75","population":1440,"surface_km2":15.61,"lat":46.1412,"lon":-0.2199},{"code_insee":"79058","nom":"Brûlain","codes_postaux":["79230"],"code_dep":"79","code_region":"75","population":735,"surface_km2":24.95,"lat":46.2022,"lon":-0.3125},{"code_insee":"79059","nom":"Le Busseau","codes_postaux":["79240"],"code_dep":"79","code_region":"75","population":734,"surface_km2":27.88,"lat":46.5801,"lon":-0.5899},{"code_insee":"79061","nom":"Celles-sur-Belle","codes_postaux":["79370"],"code_dep":"79","code_region":"75","population":3829,"surface_km2":41.87,"lat":46.2401,"lon":-0.2292},{"code_insee":"79062","nom":"Cerizay","codes_postaux":["79140"],"code_dep":"79","code_region":"75","population":4793,"surface_km2":18.93,"lat":46.8206,"lon":-0.6693},{"code_insee":"79063","nom":"Val en Vignes","codes_postaux":["79150","79290"],"code_dep":"79","code_region":"75","population":2020,"surface_km2":78.98,"lat":47.0351,"lon":-0.345},{"code_insee":"79064","nom":"Fontivillié","codes_postaux":["79110","79500"],"code_dep":"79","code_region":"75","population":754,"surface_km2":24.78,"lat":46.1832,"lon":-0.0867},{"code_insee":"79066","nom":"Champdeniers","codes_postaux":["79220"],"code_dep":"79","code_region":"75","population":1784,"surface_km2":21.75,"lat":46.4775,"lon":-0.3818},{"code_insee":"79069","nom":"Chanteloup","codes_postaux":["79320"],"code_dep":"79","code_region":"75","population":985,"surface_km2":20.72,"lat":46.762,"lon":-0.5031},{"code_insee":"79070","nom":"La Chapelle-Bâton","codes_postaux":["79220"],"code_dep":"79","code_region":"75","population":415,"surface_km2":16.95,"lat":46.4662,"lon":-0.3244},{"code_insee":"79071","nom":"La Chapelle-Bertrand","codes_postaux":["79200"],"code_dep":"79","code_region":"75","population":465,"surface_km2":19.47,"lat":46.6227,"lon":-0.1889},{"code_insee":"79074","nom":"La Chapelle-Pouilloux","codes_postaux":["79190"],"code_dep":"79","code_region":"75","population":171,"surface_km2":7.94,"lat":46.139,"lon":0.051},{"code_insee":"79076","nom":"La Chapelle-Saint-Laurent","codes_postaux":["79430"],"code_dep":"79","code_region":"75","population":2054,"surface_km2":28.84,"lat":46.7335,"lon":-0.4675},{"code_insee":"79077","nom":"Beugnon-Thireuil","codes_postaux":["79130","79160"],"code_dep":"79","code_region":"75","population":735,"surface_km2":33.99,"lat":46.5702,"lon":-0.5239},{"code_insee":"79078","nom":"Plaine-d'Argenson","codes_postaux":["79360"],"code_dep":"79","code_region":"75","population":1006,"surface_km2":45.84,"lat":46.1316,"lon":-0.4813},{"code_insee":"79079","nom":"Mauléon","codes_postaux":["79700"],"code_dep":"79","code_region":"75","population":8573,"surface_km2":122.66,"lat":46.943,"lon":-0.7565},{"code_insee":"79080","nom":"Châtillon-sur-Thouet","codes_postaux":["79200"],"code_dep":"79","code_region":"75","population":2656,"surface_km2":16.26,"lat":46.6801,"lon":-0.255},{"code_insee":"79081","nom":"Chauray","codes_postaux":["79180"],"code_dep":"79","code_region":"75","population":7221,"surface_km2":14.59,"lat":46.3537,"lon":-0.3862},{"code_insee":"79083","nom":"Chef-Boutonne","codes_postaux":["79110"],"code_dep":"79","code_region":"75","population":2371,"surface_km2":40.83,"lat":46.1182,"lon":-0.0966},{"code_insee":"79084","nom":"Chenay","codes_postaux":["79120"],"code_dep":"79","code_region":"75","population":461,"surface_km2":21.74,"lat":46.3311,"lon":-0.015},{"code_insee":"79085","nom":"Chérigné","codes_postaux":["79170"],"code_dep":"79","code_region":"75","population":134,"surface_km2":7.93,"lat":46.1161,"lon":-0.1741},{"code_insee":"79086","nom":"Cherveux","codes_postaux":["79410"],"code_dep":"79","code_region":"75","population":1885,"surface_km2":22.24,"lat":46.423,"lon":-0.3533},{"code_insee":"79087","nom":"Chey","codes_postaux":["79120"],"code_dep":"79","code_region":"75","population":541,"surface_km2":21.67,"lat":46.2919,"lon":-0.0492},{"code_insee":"79088","nom":"Chiché","codes_postaux":["79350"],"code_dep":"79","code_region":"75","population":1679,"surface_km2":47.53,"lat":46.792,"lon":-0.3517},{"code_insee":"79089","nom":"Le Chillou","codes_postaux":["79600"],"code_dep":"79","code_region":"75","population":163,"surface_km2":5.17,"lat":46.7687,"lon":-0.1222},{"code_insee":"79090","nom":"Chizé","codes_postaux":["79170"],"code_dep":"79","code_region":"75","population":862,"surface_km2":23.16,"lat":46.111,"lon":-0.3589},{"code_insee":"79091","nom":"Cirières","codes_postaux":["79140"],"code_dep":"79","code_region":"75","population":950,"surface_km2":17.19,"lat":46.8393,"lon":-0.619},{"code_insee":"79092","nom":"Clavé","codes_postaux":["79420"],"code_dep":"79","code_region":"75","population":348,"surface_km2":19.74,"lat":46.4986,"lon":-0.2012},{"code_insee":"79094","nom":"Clessé","codes_postaux":["79350"],"code_dep":"79","code_region":"75","population":923,"surface_km2":29.32,"lat":46.7238,"lon":-0.402},{"code_insee":"79095","nom":"Clussais-la-Pommeraie","codes_postaux":["79190"],"code_dep":"79","code_region":"75","population":562,"surface_km2":31.31,"lat":46.1866,"lon":0.0268},{"code_insee":"79096","nom":"Combrand","codes_postaux":["79140"],"code_dep":"79","code_region":"75","population":1222,"surface_km2":24.65,"lat":46.8688,"lon":-0.6994},{"code_insee":"79100","nom":"Coulon","codes_postaux":["79510"],"code_dep":"79","code_region":"75","population":2299,"surface_km2":29.95,"lat":46.3371,"lon":-0.5848},{"code_insee":"79101","nom":"Coulonges-sur-l'Autize","codes_postaux":["79160"],"code_dep":"79","code_region":"75","population":2345,"surface_km2":18.87,"lat":46.4773,"lon":-0.6026},{"code_insee":"79102","nom":"Coulonges-Thouarsais","codes_postaux":["79330"],"code_dep":"79","code_region":"75","population":443,"surface_km2":17.18,"lat":46.9221,"lon":-0.3303},{"code_insee":"79103","nom":"Courlay","codes_postaux":["79440"],"code_dep":"79","code_region":"75","population":2387,"surface_km2":29.36,"lat":46.7874,"lon":-0.5786},{"code_insee":"79104","nom":"Cours","codes_postaux":["79220"],"code_dep":"79","code_region":"75","population":521,"surface_km2":14.88,"lat":46.4992,"lon":-0.4111},{"code_insee":"79105","nom":"Les Châteliers","codes_postaux":["79340"],"code_dep":"79","code_region":"75","population":445,"surface_km2":26.54,"lat":46.503,"lon":-0.1333},{"code_insee":"79106","nom":"Couture-d'Argenson","codes_postaux":["79110"],"code_dep":"79","code_region":"75","population":398,"surface_km2":24.32,"lat":45.9972,"lon":-0.0876},{"code_insee":"79108","nom":"Doux","codes_postaux":["79390"],"code_dep":"79","code_region":"75","population":204,"surface_km2":9.87,"lat":46.7397,"lon":0.0094},{"code_insee":"79109","nom":"Échiré","codes_postaux":["79410"],"code_dep":"79","code_region":"75","population":3549,"surface_km2":31.31,"lat":46.3913,"lon":-0.4322},{"code_insee":"79111","nom":"Ensigné","codes_postaux":["79170"],"code_dep":"79","code_region":"75","population":288,"surface_km2":20.27,"lat":46.0794,"lon":-0.2597},{"code_insee":"79112","nom":"Épannes","codes_postaux":["79270"],"code_dep":"79","code_region":"75","population":851,"surface_km2":8.08,"lat":46.2235,"lon":-0.5895},{"code_insee":"79114","nom":"Exireuil","codes_postaux":["79400"],"code_dep":"79","code_region":"75","population":1578,"surface_km2":21.09,"lat":46.4536,"lon":-0.1782},{"code_insee":"79115","nom":"Exoudun","codes_postaux":["79800"],"code_dep":"79","code_region":"75","population":531,"surface_km2":26.5,"lat":46.3361,"lon":-0.0639},{"code_insee":"79116","nom":"Faye-l'Abbesse","codes_postaux":["79350"],"code_dep":"79","code_region":"75","population":1131,"surface_km2":23.29,"lat":46.8301,"lon":-0.3354},{"code_insee":"79117","nom":"Faye-sur-Ardin","codes_postaux":["79160"],"code_dep":"79","code_region":"75","population":667,"surface_km2":15.09,"lat":46.4411,"lon":-0.5114},{"code_insee":"79118","nom":"Fénery","codes_postaux":["79450"],"code_dep":"79","code_region":"75","population":293,"surface_km2":12.76,"lat":46.6843,"lon":-0.3623},{"code_insee":"79119","nom":"Fenioux","codes_postaux":["79160"],"code_dep":"79","code_region":"75","population":638,"surface_km2":34.02,"lat":46.5414,"lon":-0.495},{"code_insee":"79120","nom":"La Ferrière-en-Parthenay","codes_postaux":["79390"],"code_dep":"79","code_region":"75","population":774,"surface_km2":29.38,"lat":46.6454,"lon":-0.075},{"code_insee":"79121","nom":"Fomperron","codes_postaux":["79340"],"code_dep":"79","code_region":"75","population":388,"surface_km2":17.64,"lat":46.4703,"lon":-0.1157},{"code_insee":"79122","nom":"Fontenille-Saint-Martin-d'Entraigues","codes_postaux":["79110"],"code_dep":"79","code_region":"75","population":531,"surface_km2":15.35,"lat":46.1125,"lon":-0.1288},{"code_insee":"79123","nom":"La Forêt-sur-Sèvre","codes_postaux":["79380"],"code_dep":"79","code_region":"75","population":2250,"surface_km2":56.06,"lat":46.7627,"lon":-0.6466},{"code_insee":"79124","nom":"Les Forges","codes_postaux":["79340"],"code_dep":"79","code_region":"75","population":125,"surface_km2":10.63,"lat":46.5421,"lon":-0.0211},{"code_insee":"79125","nom":"Fors","codes_postaux":["79230"],"code_dep":"79","code_region":"75","population":1780,"surface_km2":18.91,"lat":46.2415,"lon":-0.4149},{"code_insee":"79126","nom":"Les Fosses","codes_postaux":["79360"],"code_dep":"79","code_region":"75","population":425,"surface_km2":12.21,"lat":46.1688,"lon":-0.3682},{"code_insee":"79127","nom":"La Foye-Monjault","codes_postaux":["79360"],"code_dep":"79","code_region":"75","population":839,"surface_km2":19.44,"lat":46.1849,"lon":-0.5359},{"code_insee":"79128","nom":"François","codes_postaux":["79260"],"code_dep":"79","code_region":"75","population":999,"surface_km2":9.37,"lat":46.3761,"lon":-0.3424},{"code_insee":"79129","nom":"Fressines","codes_postaux":["79370"],"code_dep":"79","code_region":"75","population":1757,"surface_km2":9.64,"lat":46.3252,"lon":-0.3019},{"code_insee":"79130","nom":"Frontenay-Rohan-Rohan","codes_postaux":["79270"],"code_dep":"79","code_region":"75","population":2967,"surface_km2":33.8,"lat":46.2611,"lon":-0.5313},{"code_insee":"79131","nom":"Geay","codes_postaux":["79330"],"code_dep":"79","code_region":"75","population":338,"surface_km2":19.32,"lat":46.8717,"lon":-0.3532},{"code_insee":"79132","nom":"Genneton","codes_postaux":["79150"],"code_dep":"79","code_region":"75","population":302,"surface_km2":27.66,"lat":47.0412,"lon":-0.4392},{"code_insee":"79133","nom":"Germond-Rouvre","codes_postaux":["79220"],"code_dep":"79","code_region":"75","population":1167,"surface_km2":17.85,"lat":46.4555,"lon":-0.4178},{"code_insee":"79134","nom":"Glénay","codes_postaux":["79330"],"code_dep":"79","code_region":"75","population":523,"surface_km2":21.32,"lat":46.8564,"lon":-0.245},{"code_insee":"79135","nom":"Gourgé","codes_postaux":["79200"],"code_dep":"79","code_region":"75","population":884,"surface_km2":50.43,"lat":46.7251,"lon":-0.1786},{"code_insee":"79136","nom":"Alloinay","codes_postaux":["79110","79190"],"code_dep":"79","code_region":"75","population":914,"surface_km2":32.8,"lat":46.1486,"lon":-0.035},{"code_insee":"79137","nom":"Granzay-Gript","codes_postaux":["79360"],"code_dep":"79","code_region":"75","population":933,"surface_km2":21.66,"lat":46.2279,"lon":-0.483},{"code_insee":"79139","nom":"Les Groseillers","codes_postaux":["79220"],"code_dep":"79","code_region":"75","population":54,"surface_km2":4.5,"lat":46.5324,"lon":-0.4088},{"code_insee":"79140","nom":"Valdelaume","codes_postaux":["79110"],"code_dep":"79","code_region":"75","population":818,"surface_km2":51.12,"lat":46.086,"lon":0.0009},{"code_insee":"79141","nom":"Irais","codes_postaux":["79600"],"code_dep":"79","code_region":"75","population":209,"surface_km2":13.56,"lat":46.8751,"lon":-0.0916},{"code_insee":"79142","nom":"Juillé","codes_postaux":["79170"],"code_dep":"79","code_region":"75","population":98,"surface_km2":4.92,"lat":46.1108,"lon":-0.2233},{"code_insee":"79144","nom":"Juscorps","codes_postaux":["79230"],"code_dep":"79","code_region":"75","population":382,"surface_km2":6.55,"lat":46.2099,"lon":-0.3785},{"code_insee":"79145","nom":"Lageon","codes_postaux":["79200"],"code_dep":"79","code_region":"75","population":378,"surface_km2":14.06,"lat":46.7306,"lon":-0.2519},{"code_insee":"79147","nom":"Largeasse","codes_postaux":["79240"],"code_dep":"79","code_region":"75","population":759,"surface_km2":30.4,"lat":46.6779,"lon":-0.5168},{"code_insee":"79148","nom":"Lezay","codes_postaux":["79120"],"code_dep":"79","code_region":"75","population":2024,"surface_km2":45.64,"lat":46.2694,"lon":-0.0285},{"code_insee":"79149","nom":"Lhoumois","codes_postaux":["79390"],"code_dep":"79","code_region":"75","population":157,"surface_km2":9.85,"lat":46.7082,"lon":-0.1272},{"code_insee":"79150","nom":"Limalonges","codes_postaux":["79190"],"code_dep":"79","code_region":"75","population":843,"surface_km2":24.39,"lat":46.1361,"lon":0.1757},{"code_insee":"79152","nom":"Lorigné","codes_postaux":["79190"],"code_dep":"79","code_region":"75","population":303,"surface_km2":11.09,"lat":46.1063,"lon":0.068},{"code_insee":"79153","nom":"Loubigné","codes_postaux":["79110"],"code_dep":"79","code_region":"75","population":157,"surface_km2":11.23,"lat":46.0748,"lon":-0.0792},{"code_insee":"79154","nom":"Loubillé","codes_postaux":["79110"],"code_dep":"79","code_region":"75","population":357,"surface_km2":21.53,"lat":46.0442,"lon":-0.0658},{"code_insee":"79156","nom":"Louin","codes_postaux":["79600"],"code_dep":"79","code_region":"75","population":674,"surface_km2":20.54,"lat":46.7793,"lon":-0.1998},{"code_insee":"79157","nom":"Louzy","codes_postaux":["79100"],"code_dep":"79","code_region":"75","population":1288,"surface_km2":18.65,"lat":47.0155,"lon":-0.1832},{"code_insee":"79158","nom":"Luché-sur-Brioux","codes_postaux":["79170"],"code_dep":"79","code_region":"75","population":119,"surface_km2":5.18,"lat":46.1355,"lon":-0.1513},{"code_insee":"79159","nom":"Luché-Thouarsais","codes_postaux":["79330"],"code_dep":"79","code_region":"75","population":536,"surface_km2":13.67,"lat":46.9132,"lon":-0.305},{"code_insee":"79160","nom":"Lusseray","codes_postaux":["79170"],"code_dep":"79","code_region":"75","population":172,"surface_km2":8.17,"lat":46.1438,"lon":-0.1708},{"code_insee":"79161","nom":"Luzay","codes_postaux":["79100"],"code_dep":"79","code_region":"75","population":617,"surface_km2":20.96,"lat":46.9311,"lon":-0.2131},{"code_insee":"79162","nom":"Magné","codes_postaux":["79460"],"code_dep":"79","code_region":"75","population":2728,"surface_km2":14.79,"lat":46.3103,"lon":-0.5567},{"code_insee":"79163","nom":"Mairé-Levescault","codes_postaux":["79190"],"code_dep":"79","code_region":"75","population":582,"surface_km2":17.58,"lat":46.1562,"lon":0.0748},{"code_insee":"79164","nom":"Maisonnay","codes_postaux":["79500"],"code_dep":"79","code_region":"75","population":252,"surface_km2":5.2,"lat":46.1841,"lon":-0.0495},{"code_insee":"79165","nom":"Maisontiers","codes_postaux":["79600"],"code_dep":"79","code_region":"75","population":134,"surface_km2":18.47,"lat":46.7727,"lon":-0.2675},{"code_insee":"79166","nom":"Marigny","codes_postaux":["79360"],"code_dep":"79","code_region":"75","population":902,"surface_km2":32.14,"lat":46.1932,"lon":-0.4141},{"code_insee":"79167","nom":"Marnes","codes_postaux":["79600"],"code_dep":"79","code_region":"75","population":217,"surface_km2":17.19,"lat":46.8538,"lon":-0.0113},{"code_insee":"79170","nom":"Mauzé-sur-le-Mignon","codes_postaux":["79210"],"code_dep":"79","code_region":"75","population":2941,"surface_km2":24.11,"lat":46.1907,"lon":-0.6436},{"code_insee":"79172","nom":"Mazières-en-Gâtine","codes_postaux":["79310"],"code_dep":"79","code_region":"75","population":1047,"surface_km2":19.29,"lat":46.5245,"lon":-0.3216},{"code_insee":"79174","nom":"Melle","codes_postaux":["79500"],"code_dep":"79","code_region":"75","population":5752,"surface_km2":65.68,"lat":46.2082,"lon":-0.144},{"code_insee":"79175","nom":"Melleran","codes_postaux":["79190"],"code_dep":"79","code_region":"75","population":480,"surface_km2":20.03,"lat":46.1315,"lon":0.0082},{"code_insee":"79176","nom":"Ménigoute","codes_postaux":["79340"],"code_dep":"79","code_region":"75","population":846,"surface_km2":19.24,"lat":46.491,"lon":-0.0631},{"code_insee":"79177","nom":"Messé","codes_postaux":["79120"],"code_dep":"79","code_region":"75","population":220,"surface_km2":12.34,"lat":46.2599,"lon":0.1098},{"code_insee":"79179","nom":"Moncoutant-sur-Sèvre","codes_postaux":["79240","79320","79380"],"code_dep":"79","code_region":"75","population":5121,"surface_km2":93.3,"lat":46.7097,"lon":-0.5927},{"code_insee":"79183","nom":"Montravers","codes_postaux":["79140"],"code_dep":"79","code_region":"75","population":365,"surface_km2":10.06,"lat":46.8395,"lon":-0.7359},{"code_insee":"79184","nom":"La Mothe-Saint-Héray","codes_postaux":["79800"],"code_dep":"79","code_region":"75","population":1652,"surface_km2":15.14,"lat":46.3516,"lon":-0.1176},{"code_insee":"79185","nom":"Aigondigné","codes_postaux":["79370"],"code_dep":"79","code_region":"75","population":4710,"surface_km2":70.43,"lat":46.2844,"lon":-0.2723},{"code_insee":"79189","nom":"Nanteuil","codes_postaux":["79400"],"code_dep":"79","code_region":"75","population":1684,"surface_km2":20.48,"lat":46.4253,"lon":-0.1599},{"code_insee":"79190","nom":"Neuvy-Bouin","codes_postaux":["79130"],"code_dep":"79","code_region":"75","population":487,"surface_km2":25.54,"lat":46.6796,"lon":-0.446},{"code_insee":"79191","nom":"Niort","codes_postaux":["79000"],"code_dep":"79","code_region":"75","population":59854,"surface_km2":68.38,"lat":46.3274,"lon":-0.4613},{"code_insee":"79195","nom":"Nueil-les-Aubiers","codes_postaux":["79250"],"code_dep":"79","code_region":"75","population":5483,"surface_km2":101.01,"lat":46.9391,"lon":-0.6114},{"code_insee":"79196","nom":"Plaine-et-Vallées","codes_postaux":["79100","79600"],"code_dep":"79","code_region":"75","population":2317,"surface_km2":93.24,"lat":46.9083,"lon":-0.0985},{"code_insee":"79197","nom":"Oroux","codes_postaux":["79390"],"code_dep":"79","code_region":"75","population":102,"surface_km2":6.66,"lat":46.6902,"lon":-0.0984},{"code_insee":"79198","nom":"Paizay-le-Chapt","codes_postaux":["79170"],"code_dep":"79","code_region":"75","population":258,"surface_km2":20.42,"lat":46.0724,"lon":-0.1889},{"code_insee":"79200","nom":"Pamplie","codes_postaux":["79220"],"code_dep":"79","code_region":"75","population":249,"surface_km2":12.25,"lat":46.5247,"lon":-0.4366},{"code_insee":"79201","nom":"Pamproux","codes_postaux":["79800"],"code_dep":"79","code_region":"75","population":1686,"surface_km2":36.16,"lat":46.4154,"lon":-0.0453},{"code_insee":"79202","nom":"Parthenay","codes_postaux":["79200"],"code_dep":"79","code_region":"75","population":10140,"surface_km2":11.43,"lat":46.6458,"lon":-0.235},{"code_insee":"79203","nom":"Pas-de-Jeu","codes_postaux":["79100"],"code_dep":"79","code_region":"75","population":341,"surface_km2":11.13,"lat":46.9796,"lon":-0.0637},{"code_insee":"79204","nom":"Périgné","codes_postaux":["79170"],"code_dep":"79","code_region":"75","population":932,"surface_km2":21.3,"lat":46.1858,"lon":-0.248},{"code_insee":"79207","nom":"La Petite-Boissière","codes_postaux":["79700"],"code_dep":"79","code_region":"75","population":616,"surface_km2":13.18,"lat":46.8816,"lon":-0.7377},{"code_insee":"79208","nom":"La Peyratte","codes_postaux":["79200"],"code_dep":"79","code_region":"75","population":1105,"surface_km2":47.72,"lat":46.6619,"lon":-0.162},{"code_insee":"79209","nom":"Pierrefitte","codes_postaux":["79330"],"code_dep":"79","code_region":"75","population":318,"surface_km2":15.97,"lat":46.8667,"lon":-0.3024},{"code_insee":"79210","nom":"Le Pin","codes_postaux":["79140"],"code_dep":"79","code_region":"75","population":1091,"surface_km2":19.1,"lat":46.8767,"lon":-0.6471},{"code_insee":"79213","nom":"Pompaire","codes_postaux":["79200"],"code_dep":"79","code_region":"75","population":2049,"surface_km2":12.83,"lat":46.614,"lon":-0.2405},{"code_insee":"79215","nom":"Pougne-Hérisson","codes_postaux":["79130"],"code_dep":"79","code_region":"75","population":353,"surface_km2":12.04,"lat":46.6615,"lon":-0.4169},{"code_insee":"79216","nom":"Prahecq","codes_postaux":["79230"],"code_dep":"79","code_region":"75","population":2252,"surface_km2":25.02,"lat":46.2658,"lon":-0.3476},{"code_insee":"79217","nom":"Prailles-La Couarde","codes_postaux":["79370","79800"],"code_dep":"79","code_region":"75","population":929,"surface_km2":35.38,"lat":46.3164,"lon":-0.1703},{"code_insee":"79218","nom":"Pressigny","codes_postaux":["79390"],"code_dep":"79","code_region":"75","population":191,"surface_km2":12.04,"lat":46.751,"lon":-0.0834},{"code_insee":"79220","nom":"Prin-Deyrançon","codes_postaux":["79210"],"code_dep":"79","code_region":"75","population":593,"surface_km2":16.16,"lat":46.2168,"lon":-0.6498},{"code_insee":"79223","nom":"Puihardy","codes_postaux":["79160"],"code_dep":"79","code_region":"75","population":58,"surface_km2":1.18,"lat":46.527,"lon":-0.5424},{"code_insee":"79225","nom":"Reffannes","codes_postaux":["79420"],"code_dep":"79","code_region":"75","population":386,"surface_km2":8.56,"lat":46.5369,"lon":-0.1865},{"code_insee":"79226","nom":"Le Retail","codes_postaux":["79130"],"code_dep":"79","code_region":"75","population":276,"surface_km2":14.34,"lat":46.5648,"lon":-0.4375},{"code_insee":"79229","nom":"La Rochénard","codes_postaux":["79270"],"code_dep":"79","code_region":"75","population":518,"surface_km2":8.55,"lat":46.1989,"lon":-0.5731},{"code_insee":"79230","nom":"Rom","codes_postaux":["79120"],"code_dep":"79","code_region":"75","population":802,"surface_km2":52.53,"lat":46.3032,"lon":0.1175},{"code_insee":"79231","nom":"Romans","codes_postaux":["79260"],"code_dep":"79","code_region":"75","population":690,"surface_km2":11.5,"lat":46.3566,"lon":-0.2302},{"code_insee":"79235","nom":"Saint-Amand-sur-Sèvre","codes_postaux":["79700"],"code_dep":"79","code_region":"75","population":1422,"surface_km2":32.68,"lat":46.8774,"lon":-0.7822},{"code_insee":"79236","nom":"Saint-André-sur-Sèvre","codes_postaux":["79380"],"code_dep":"79","code_region":"75","population":637,"surface_km2":19.85,"lat":46.7793,"lon":-0.6928},{"code_insee":"79238","nom":"Saint-Aubin-du-Plain","codes_postaux":["79300"],"code_dep":"79","code_region":"75","population":565,"surface_km2":14.16,"lat":46.9224,"lon":-0.4693},{"code_insee":"79239","nom":"Saint-Aubin-le-Cloud","codes_postaux":["79450"],"code_dep":"79","code_region":"75","population":1648,"surface_km2":42.11,"lat":46.661,"lon":-0.3504},{"code_insee":"79241","nom":"Saint-Christophe-sur-Roc","codes_postaux":["79220"],"code_dep":"79","code_region":"75","population":558,"surface_km2":10.94,"lat":46.4579,"lon":-0.3611},{"code_insee":"79242","nom":"Voulmentin","codes_postaux":["79150"],"code_dep":"79","code_region":"75","population":1129,"surface_km2":31.63,"lat":46.942,"lon":-0.5227},{"code_insee":"79243","nom":"Saint-Coutant","codes_postaux":["79120"],"code_dep":"79","code_region":"75","population":273,"surface_km2":12.03,"lat":46.2203,"lon":0.0047},{"code_insee":"79244","nom":"Saint-Cyr-la-Lande","codes_postaux":["79100"],"code_dep":"79","code_region":"75","population":368,"surface_km2":9.05,"lat":47.0485,"lon":-0.1515},{"code_insee":"79246","nom":"Sainte-Eanne","codes_postaux":["79800"],"code_dep":"79","code_region":"75","population":580,"surface_km2":13.9,"lat":46.3935,"lon":-0.1384},{"code_insee":"79249","nom":"Saint-Gelais","codes_postaux":["79410"],"code_dep":"79","code_region":"75","population":2220,"surface_km2":16.65,"lat":46.3797,"lon":-0.3919},{"code_insee":"79250","nom":"Sainte-Gemme","codes_postaux":["79330"],"code_dep":"79","code_region":"75","population":407,"surface_km2":8.92,"lat":46.8991,"lon":-0.2832},{"code_insee":"79251","nom":"Marcillé","codes_postaux":["79500"],"code_dep":"79","code_region":"75","population":725,"surface_km2":18.38,"lat":46.1907,"lon":-0.1307},{"code_insee":"79252","nom":"Saint-Généroux","codes_postaux":["79600"],"code_dep":"79","code_region":"75","population":340,"surface_km2":20.43,"lat":46.8868,"lon":-0.1484},{"code_insee":"79253","nom":"Saint-Georges-de-Noisné","codes_postaux":["79400"],"code_dep":"79","code_region":"75","population":684,"surface_km2":24.94,"lat":46.4804,"lon":-0.2408},{"code_insee":"79254","nom":"Saint-Georges-de-Rex","codes_postaux":["79210"],"code_dep":"79","code_region":"75","population":431,"surface_km2":17.72,"lat":46.2668,"lon":-0.6555},{"code_insee":"79255","nom":"Saint-Germain-de-Longue-Chaume","codes_postaux":["79200"],"code_dep":"79","code_region":"75","population":380,"surface_km2":14.74,"lat":46.718,"lon":-0.3444},{"code_insee":"79256","nom":"Saint-Germier","codes_postaux":["79340"],"code_dep":"79","code_region":"75","population":261,"surface_km2":11.95,"lat":46.4582,"lon":-0.0444},{"code_insee":"79257","nom":"Saint-Hilaire-la-Palud","codes_postaux":["79210"],"code_dep":"79","code_region":"75","population":1498,"surface_km2":34.11,"lat":46.265,"lon":-0.7098},{"code_insee":"79258","nom":"Saint-Jacques-de-Thouars","codes_postaux":["79100"],"code_dep":"79","code_region":"75","population":421,"surface_km2":5.56,"lat":46.969,"lon":-0.2357},{"code_insee":"79259","nom":"Saint-Jean-de-Thouars","codes_postaux":["79100"],"code_dep":"79","code_region":"75","population":1328,"surface_km2":4.97,"lat":46.9562,"lon":-0.221},{"code_insee":"79263","nom":"Saint-Laurs","codes_postaux":["79160"],"code_dep":"79","code_region":"75","population":615,"surface_km2":8.26,"lat":46.5257,"lon":-0.5786},{"code_insee":"79265","nom":"Saint-Léger-de-Montbrun","codes_postaux":["79100"],"code_dep":"79","code_region":"75","population":1247,"surface_km2":30.75,"lat":46.9918,"lon":-0.1296},{"code_insee":"79267","nom":"Saint-Lin","codes_postaux":["79420"],"code_dep":"79","code_region":"75","population":310,"surface_km2":11.37,"lat":46.5301,"lon":-0.2269},{"code_insee":"79268","nom":"Saint-Loup-Lamairé","codes_postaux":["79600"],"code_dep":"79","code_region":"75","population":1064,"surface_km2":22.42,"lat":46.7714,"lon":-0.155},{"code_insee":"79269","nom":"Saint-Maixent-de-Beugné","codes_postaux":["79160"],"code_dep":"79","code_region":"75","population":416,"surface_km2":11.08,"lat":46.5164,"lon":-0.61},{"code_insee":"79270","nom":"Saint-Maixent-l'École","codes_postaux":["79400"],"code_dep":"79","code_region":"75","population":7595,"surface_km2":5.22,"lat":46.4145,"lon":-0.2122},{"code_insee":"79271","nom":"Saint-Marc-la-Lande","codes_postaux":["79310"],"code_dep":"79","code_region":"75","population":356,"surface_km2":10.33,"lat":46.5248,"lon":-0.3582},{"code_insee":"79273","nom":"Saint-Martin-de-Bernegoue","codes_postaux":["79230"],"code_dep":"79","code_region":"75","population":806,"surface_km2":17.74,"lat":46.2385,"lon":-0.3516},{"code_insee":"79274","nom":"Saint-Martin-de-Mâcon","codes_postaux":["79100"],"code_dep":"79","code_region":"75","population":325,"surface_km2":12.35,"lat":47.0235,"lon":-0.1114},{"code_insee":"79276","nom":"Saint-Martin-de-Saint-Maixent","codes_postaux":["79400"],"code_dep":"79","code_region":"75","population":1062,"surface_km2":12.82,"lat":46.3888,"lon":-0.2017},{"code_insee":"79277","nom":"Saint-Martin-de-Sanzay","codes_postaux":["79290"],"code_dep":"79","code_region":"75","population":1030,"surface_km2":24.32,"lat":47.0687,"lon":-0.1907},{"code_insee":"79278","nom":"Saint-Martin-du-Fouilloux","codes_postaux":["79420"],"code_dep":"79","code_region":"75","population":253,"surface_km2":24.16,"lat":46.5924,"lon":-0.129},{"code_insee":"79280","nom":"Saint Maurice Étusson","codes_postaux":["79150"],"code_dep":"79","code_region":"75","population":895,"surface_km2":57.35,"lat":47.0343,"lon":-0.5281},{"code_insee":"79281","nom":"Saint-Maxire","codes_postaux":["79410"],"code_dep":"79","code_region":"75","population":1319,"surface_km2":14.24,"lat":46.3974,"lon":-0.4803},{"code_insee":"79283","nom":"Sainte-Néomaye","codes_postaux":["79260"],"code_dep":"79","code_region":"75","population":1359,"surface_km2":10.74,"lat":46.3606,"lon":-0.2598},{"code_insee":"79284","nom":"Sainte-Ouenne","codes_postaux":["79220"],"code_dep":"79","code_region":"75","population":789,"surface_km2":11.49,"lat":46.4416,"lon":-0.4585},{"code_insee":"79285","nom":"Saint-Pardoux-Soutiers","codes_postaux":["79310"],"code_dep":"79","code_region":"75","population":1869,"surface_km2":40.21,"lat":46.5738,"lon":-0.3049},{"code_insee":"79286","nom":"Saint-Paul-en-Gâtine","codes_postaux":["79240"],"code_dep":"79","code_region":"75","population":501,"surface_km2":15.43,"lat":46.6403,"lon":-0.6203},{"code_insee":"79289","nom":"Saint-Pierre-des-Échaubrognes","codes_postaux":["79700"],"code_dep":"79","code_region":"75","population":1384,"surface_km2":29.32,"lat":46.9785,"lon":-0.7438},{"code_insee":"79290","nom":"Saint-Pompain","codes_postaux":["79160"],"code_dep":"79","code_region":"75","population":949,"surface_km2":24.23,"lat":46.423,"lon":-0.6025},{"code_insee":"79293","nom":"Saint-Rémy","codes_postaux":["79410"],"code_dep":"79","code_region":"75","population":1105,"surface_km2":13.66,"lat":46.3697,"lon":-0.5243},{"code_insee":"79294","nom":"Saint-Romans-des-Champs","codes_postaux":["79230"],"code_dep":"79","code_region":"75","population":169,"surface_km2":4.1,"lat":46.2017,"lon":-0.3473},{"code_insee":"79295","nom":"Saint-Romans-lès-Melle","codes_postaux":["79500"],"code_dep":"79","code_region":"75","population":729,"surface_km2":8.89,"lat":46.2055,"lon":-0.1973},{"code_insee":"79297","nom":"Sainte-Soline","codes_postaux":["79120"],"code_dep":"79","code_region":"75","population":343,"surface_km2":25.69,"lat":46.2489,"lon":0.0498},{"code_insee":"79298","nom":"Saint-Symphorien","codes_postaux":["79270"],"code_dep":"79","code_region":"75","population":1983,"surface_km2":19.18,"lat":46.2688,"lon":-0.4842},{"code_insee":"79299","nom":"Saint-Varent","codes_postaux":["79330"],"code_dep":"79","code_region":"75","population":2395,"surface_km2":34.58,"lat":46.8913,"lon":-0.2199},{"code_insee":"79300","nom":"Sainte-Verge","codes_postaux":["79100"],"code_dep":"79","code_region":"75","population":1404,"surface_km2":12.83,"lat":47.0135,"lon":-0.2278},{"code_insee":"79301","nom":"Saint-Vincent-la-Châtre","codes_postaux":["79500"],"code_dep":"79","code_region":"75","population":589,"surface_km2":21.3,"lat":46.2073,"lon":-0.0395},{"code_insee":"79302","nom":"Saivres","codes_postaux":["79400"],"code_dep":"79","code_region":"75","population":1306,"surface_km2":21.32,"lat":46.4397,"lon":-0.2382},{"code_insee":"79303","nom":"Salles","codes_postaux":["79800"],"code_dep":"79","code_region":"75","population":323,"surface_km2":7.97,"lat":46.3878,"lon":-0.0975},{"code_insee":"79304","nom":"Sansais","codes_postaux":["79270"],"code_dep":"79","code_region":"75","population":760,"surface_km2":15.01,"lat":46.2924,"lon":-0.5947},{"code_insee":"79306","nom":"Saurais","codes_postaux":["79200"],"code_dep":"79","code_region":"75","population":178,"surface_km2":11.66,"lat":46.6234,"lon":-0.1335},{"code_insee":"79307","nom":"Sauzé-entre-Bois","codes_postaux":["79190"],"code_dep":"79","code_region":"75","population":2271,"surface_km2":65.91,"lat":46.1625,"lon":0.1257},{"code_insee":"79308","nom":"Sciecq","codes_postaux":["79000"],"code_dep":"79","code_region":"75","population":659,"surface_km2":4.45,"lat":46.37,"lon":-0.4743},{"code_insee":"79309","nom":"Scillé","codes_postaux":["79240"],"code_dep":"79","code_region":"75","population":365,"surface_km2":11.74,"lat":46.6009,"lon":-0.5569},{"code_insee":"79310","nom":"Secondigné-sur-Belle","codes_postaux":["79170"],"code_dep":"79","code_region":"75","population":480,"surface_km2":24.58,"lat":46.1643,"lon":-0.3148},{"code_insee":"79311","nom":"Secondigny","codes_postaux":["79130"],"code_dep":"79","code_region":"75","population":1765,"surface_km2":37.88,"lat":46.6125,"lon":-0.4332},{"code_insee":"79312","nom":"Séligné","codes_postaux":["79170"],"code_dep":"79","code_region":"75","population":110,"surface_km2":9.86,"lat":46.1403,"lon":-0.2718},{"code_insee":"79313","nom":"Sepvret","codes_postaux":["79120"],"code_dep":"79","code_region":"75","population":620,"surface_km2":17.06,"lat":46.2894,"lon":-0.0965},{"code_insee":"79316","nom":"Soudan","codes_postaux":["79800"],"code_dep":"79","code_region":"75","population":424,"surface_km2":23.4,"lat":46.4312,"lon":-0.0958},{"code_insee":"79319","nom":"Souvigné","codes_postaux":["79800"],"code_dep":"79","code_region":"75","population":863,"surface_km2":26.55,"lat":46.3575,"lon":-0.172},{"code_insee":"79320","nom":"Surin","codes_postaux":["79220"],"code_dep":"79","code_region":"75","population":635,"surface_km2":13.57,"lat":46.4655,"lon":-0.4619},{"code_insee":"79322","nom":"Le Tallud","codes_postaux":["79200"],"code_dep":"79","code_region":"75","population":1961,"surface_km2":19.25,"lat":46.6268,"lon":-0.2984},{"code_insee":"79326","nom":"Thénezay","codes_postaux":["79390"],"code_dep":"79","code_region":"75","population":1400,"surface_km2":48.42,"lat":46.7239,"lon":-0.0414},{"code_insee":"79329","nom":"Thouars","codes_postaux":["79100"],"code_dep":"79","code_region":"75","population":13891,"surface_km2":81.81,"lat":46.9765,"lon":-0.2466},{"code_insee":"79331","nom":"Tourtenay","codes_postaux":["79100"],"code_dep":"79","code_region":"75","population":125,"surface_km2":7.86,"lat":47.0486,"lon":-0.1139},{"code_insee":"79332","nom":"Trayes","codes_postaux":["79240"],"code_dep":"79","code_region":"75","population":111,"surface_km2":7.18,"lat":46.67,"lon":-0.4845},{"code_insee":"79334","nom":"Val-du-Mignon","codes_postaux":["79210","79360"],"code_dep":"79","code_region":"75","population":1092,"surface_km2":28.7,"lat":46.1624,"lon":-0.5826},{"code_insee":"79335","nom":"Vallans","codes_postaux":["79270"],"code_dep":"79","code_region":"75","population":840,"surface_km2":9.14,"lat":46.2188,"lon":-0.5452},{"code_insee":"79336","nom":"Vançais","codes_postaux":["79120"],"code_dep":"79","code_region":"75","population":222,"surface_km2":17.04,"lat":46.3025,"lon":0.0417},{"code_insee":"79337","nom":"Le Vanneau-Irleau","codes_postaux":["79270"],"code_dep":"79","code_region":"75","population":860,"surface_km2":14.22,"lat":46.2998,"lon":-0.6445},{"code_insee":"79338","nom":"Vanzay","codes_postaux":["79120"],"code_dep":"79","code_region":"75","population":234,"surface_km2":11.42,"lat":46.2284,"lon":0.1105},{"code_insee":"79339","nom":"Vasles","codes_postaux":["79340"],"code_dep":"79","code_region":"75","population":1665,"surface_km2":89.54,"lat":46.5721,"lon":-0.0385},{"code_insee":"79340","nom":"Vausseroux","codes_postaux":["79420"],"code_dep":"79","code_region":"75","population":334,"surface_km2":19.27,"lat":46.5534,"lon":-0.1387},{"code_insee":"79341","nom":"Vautebis","codes_postaux":["79420"],"code_dep":"79","code_region":"75","population":127,"surface_km2":7.26,"lat":46.5321,"lon":-0.1501},{"code_insee":"79342","nom":"Vernoux-en-Gâtine","codes_postaux":["79240"],"code_dep":"79","code_region":"75","population":592,"surface_km2":31.56,"lat":46.616,"lon":-0.5142},{"code_insee":"79343","nom":"Vernoux-sur-Boutonne","codes_postaux":["79170"],"code_dep":"79","code_region":"75","population":249,"surface_km2":8.23,"lat":46.1595,"lon":-0.2631},{"code_insee":"79345","nom":"Verruyes","codes_postaux":["79310"],"code_dep":"79","code_region":"75","population":900,"surface_km2":26.53,"lat":46.5159,"lon":-0.2792},{"code_insee":"79346","nom":"Le Vert","codes_postaux":["79170"],"code_dep":"79","code_region":"75","population":117,"surface_km2":11.86,"lat":46.103,"lon":-0.3939},{"code_insee":"79347","nom":"Viennay","codes_postaux":["79200"],"code_dep":"79","code_region":"75","population":1062,"surface_km2":15.85,"lat":46.6943,"lon":-0.2475},{"code_insee":"79348","nom":"Villefollet","codes_postaux":["79170"],"code_dep":"79","code_region":"75","population":203,"surface_km2":12.91,"lat":46.1197,"lon":-0.2737},{"code_insee":"79349","nom":"Villemain","codes_postaux":["79110"],"code_dep":"79","code_region":"75","population":153,"surface_km2":16.9,"lat":46.0144,"lon":-0.1088},{"code_insee":"79350","nom":"Villiers-en-Bois","codes_postaux":["79360"],"code_dep":"79","code_region":"75","population":127,"surface_km2":18.63,"lat":46.1449,"lon":-0.4075},{"code_insee":"79351","nom":"Villiers-en-Plaine","codes_postaux":["79160"],"code_dep":"79","code_region":"75","population":1806,"surface_km2":28.14,"lat":46.4183,"lon":-0.5337},{"code_insee":"79352","nom":"Villiers-sur-Chizé","codes_postaux":["79170"],"code_dep":"79","code_region":"75","population":156,"surface_km2":11.44,"lat":46.0965,"lon":-0.2969},{"code_insee":"79354","nom":"Vouhé","codes_postaux":["79310"],"code_dep":"79","code_region":"75","population":356,"surface_km2":14.18,"lat":46.5601,"lon":-0.2566},{"code_insee":"79355","nom":"Vouillé","codes_postaux":["79230"],"code_dep":"79","code_region":"75","population":3566,"surface_km2":22.31,"lat":46.3199,"lon":-0.3555},{"code_insee":"79357","nom":"Xaintray","codes_postaux":["79220"],"code_dep":"79","code_region":"75","population":238,"surface_km2":11.2,"lat":46.4969,"lon":-0.485}]