[{"code_insee":"83001","nom":"Les Adrets-de-l'Estérel","codes_postaux":["83600"],"code_dep":"83","code_region":"93","population":2775,"surface_km2":22.47,"lat":43.5385,"lon":6.8177,"fibre_pct":96.1},{"code_insee":"83002","nom":"Aiguines","codes_postaux":["83630"],"code_dep":"83","code_region":"93","population":274,"surface_km2":116.5,"lat":43.7365,"lon":6.3197,"fibre_pct":87.7},{"code_insee":"83003","nom":"Ampus","codes_postaux":["83111"],"code_dep":"83","code_region":"93","population":919,"surface_km2":83.68,"lat":43.6218,"lon":6.3683,"fibre_pct":84.2},{"code_insee":"83004","nom":"Les Arcs","codes_postaux":["83460"],"code_dep":"83","code_region":"93","population":8109,"surface_km2":54.38,"lat":43.4533,"lon":6.4862,"fibre_pct":90.5},{"code_insee":"83005","nom":"Artignosc-sur-Verdon","codes_postaux":["83630"],"code_dep":"83","code_region":"93","population":311,"surface_km2":18.92,"lat":43.6991,"lon":6.1087,"fibre_pct":93.1},{"code_insee":"83006","nom":"Artigues","codes_postaux":["83560"],"code_dep":"83","code_region":"93","population":282,"surface_km2":32.62,"lat":43.5802,"lon":5.8,"fibre_pct":98.9},{"code_insee":"83007","nom":"Aups","codes_postaux":["83630"],"code_dep":"83","code_region":"93","population":2192,"surface_km2":64.88,"lat":43.6283,"lon":6.2139,"fibre_pct":95.7},{"code_insee":"83008","nom":"Bagnols-en-Forêt","codes_postaux":["83600"],"code_dep":"83","code_region":"93","population":3194,"surface_km2":42.93,"lat":43.5328,"lon":6.7089,"fibre_pct":93.5},{"code_insee":"83009","nom":"Bandol","codes_postaux":["83150"],"code_dep":"83","code_region":"93","population":8267,"surface_km2":9.04,"lat":43.147,"lon":5.7488,"fibre_pct":97.8},{"code_insee":"83010","nom":"Bargème","codes_postaux":["83840"],"code_dep":"83","code_region":"93","population":207,"surface_km2":27.99,"lat":43.7279,"lon":6.5697,"fibre_pct":87.3},{"code_insee":"83011","nom":"Bargemon","codes_postaux":["83830"],"code_dep":"83","code_region":"93","population":1433,"surface_km2":35.27,"lat":43.6344,"lon":6.5439,"fibre_pct":80.0},{"code_insee":"83012","nom":"Barjols","codes_postaux":["83670"],"code_dep":"83","code_region":"93","population":2984,"surface_km2":30.34,"lat":43.5484,"lon":5.973,"fibre_pct":94.5},{"code_insee":"83013","nom":"La Bastide","codes_postaux":["83840"],"code_dep":"83","code_region":"93","population":227,"surface_km2":11.82,"lat":43.7464,"lon":6.6327,"fibre_pct":97.4},{"code_insee":"83014","nom":"Baudinard-sur-Verdon","codes_postaux":["83630"],"code_dep":"83","code_region":"93","population":235,"surface_km2":22.26,"lat":43.714,"lon":6.1351,"fibre_pct":99.3},{"code_insee":"83015","nom":"Bauduen","codes_postaux":["83630"],"code_dep":"83","code_region":"93","population":308,"surface_km2":52.07,"lat":43.7203,"lon":6.2048,"fibre_pct":87.1},{"code_insee":"83016","nom":"Le Beausset","codes_postaux":["83330"],"code_dep":"83","code_region":"93","population":10219,"surface_km2":36.15,"lat":43.205,"lon":5.8239,"fibre_pct":97.7},{"code_insee":"83017","nom":"Belgentier","codes_postaux":["83210"],"code_dep":"83","code_region":"93","population":2373,"surface_km2":13.41,"lat":43.2416,"lon":5.9972,"fibre_pct":98.2},{"code_insee":"83018","nom":"Besse-sur-Issole","codes_postaux":["83890"],"code_dep":"83","code_region":"93","population":3125,"surface_km2":37.49,"lat":43.339,"lon":6.1839,"fibre_pct":93.2},{"code_insee":"83019","nom":"Bormes-les-Mimosas","codes_postaux":["83230"],"code_dep":"83","code_region":"93","population":8545,"surface_km2":96.76,"lat":43.1575,"lon":6.3615,"fibre_pct":93.8},{"code_insee":"83020","nom":"Le Bourguet","codes_postaux":["83840"],"code_dep":"83","code_region":"93","population":42,"surface_km2":25.29,"lat":43.7798,"lon":6.5017,"fibre_pct":90.9},{"code_insee":"83021","nom":"Bras","codes_postaux":["83149"],"code_dep":"83","code_region":"93","population":2637,"surface_km2":35.87,"lat":43.4723,"lon":5.9558,"fibre_pct":99.3},{"code_insee":"83022","nom":"Brenon","codes_postaux":["83840"],"code_dep":"83","code_region":"93","population":24,"surface_km2":5.8,"lat":43.7691,"lon":6.5365,"fibre_pct":86.4},{"code_insee":"83023","nom":"Brignoles","codes_postaux":["83170"],"code_dep":"83","code_region":"93","population":17850,"surface_km2":70.82,"lat":43.3878,"lon":6.0759,"fibre_pct":92.5},{"code_insee":"83025","nom":"Brue-Auriac","codes_postaux":["83119"],"code_dep":"83","code_region":"93","population":1463,"surface_km2":36.65,"lat":43.5259,"lon":5.9402,"fibre_pct":95.0},{"code_insee":"83026","nom":"Cabasse","codes_postaux":["83340"],"code_dep":"83","code_region":"93","population":2020,"surface_km2":45.59,"lat":43.4275,"lon":6.2303,"fibre_pct":95.0},{"code_insee":"83027","nom":"La Cadière-d'Azur","codes_postaux":["83740"],"code_dep":"83","code_region":"93","population":5739,"surface_km2":37.56,"lat":43.2026,"lon":5.7231,"fibre_pct":97.5},{"code_insee":"83028","nom":"Callas","codes_postaux":["83830"],"code_dep":"83","code_region":"93","population":2124,"surface_km2":49.45,"lat":43.5687,"lon":6.5735,"fibre_pct":71.6},{"code_insee":"83029","nom":"Callian","codes_postaux":["83440"],"code_dep":"83","code_region":"93","population":3823,"surface_km2":25.53,"lat":43.6069,"lon":6.7601,"fibre_pct":97.4},{"code_insee":"83030","nom":"Camps-la-Source","codes_postaux":["83170"],"code_dep":"83","code_region":"93","population":1941,"surface_km2":22.78,"lat":43.3719,"lon":6.1261,"fibre_pct":92.9},{"code_insee":"83031","nom":"Le Cannet-des-Maures","codes_postaux":["83340"],"code_dep":"83","code_region":"93","population":5140,"surface_km2":73.95,"lat":43.3695,"lon":6.3703,"fibre_pct":95.5},{"code_insee":"83032","nom":"Carcès","codes_postaux":["83570"],"code_dep":"83","code_region":"93","population":3540,"surface_km2":35.74,"lat":43.4738,"lon":6.1752,"fibre_pct":95.0},{"code_insee":"83033","nom":"Carnoules","codes_postaux":["83660"],"code_dep":"83","code_region":"93","population":4388,"surface_km2":25.8,"lat":43.2921,"lon":6.1978,"fibre_pct":96.7},{"code_insee":"83034","nom":"Carqueiranne","codes_postaux":["83320"],"code_dep":"83","code_region":"93","population":9408,"surface_km2":14.66,"lat":43.0975,"lon":6.0714,"fibre_pct":99.3},{"code_insee":"83035","nom":"Le Castellet","codes_postaux":["83330"],"code_dep":"83","code_region":"93","population":6040,"surface_km2":45.29,"lat":43.2148,"lon":5.7561,"fibre_pct":81.5},{"code_insee":"83036","nom":"Cavalaire-sur-Mer","codes_postaux":["83240"],"code_dep":"83","code_region":"93","population":8121,"surface_km2":16.88,"lat":43.1797,"lon":6.5215,"fibre_pct":96.5},{"code_insee":"83037","nom":"La Celle","codes_postaux":["83170"],"code_dep":"83","code_region":"93","population":1659,"surface_km2":21.51,"lat":43.3843,"lon":6.0016,"fibre_pct":97.6},{"code_insee":"83038","nom":"Châteaudouble","codes_postaux":["83300"],"code_dep":"83","code_region":"93","population":476,"surface_km2":40.92,"lat":43.6259,"lon":6.442,"fibre_pct":72.7},{"code_insee":"83039","nom":"Châteauvert","codes_postaux":["83670"],"code_dep":"83","code_region":"93","population":141,"surface_km2":27.65,"lat":43.4992,"lon":6.0088,"fibre_pct":93.0},{"code_insee":"83040","nom":"Châteauvieux","codes_postaux":["83840"],"code_dep":"83","code_region":"93","population":78,"surface_km2":14.85,"lat":43.7874,"lon":6.5959,"fibre_pct":100.0},{"code_insee":"83041","nom":"Claviers","codes_postaux":["83830"],"code_dep":"83","code_region":"93","population":727,"surface_km2":15.99,"lat":43.5998,"lon":6.5845,"fibre_pct":80.7},{"code_insee":"83042","nom":"Cogolin","codes_postaux":["83310"],"code_dep":"83","code_region":"93","population":12301,"surface_km2":27.81,"lat":43.2406,"lon":6.5319,"fibre_pct":94.2},{"code_insee":"83043","nom":"Collobrières","codes_postaux":["83610"],"code_dep":"83","code_region":"93","population":1870,"surface_km2":113.22,"lat":43.2446,"lon":6.3454,"fibre_pct":94.2},{"code_insee":"83044","nom":"Comps-sur-Artuby","codes_postaux":["83840"],"code_dep":"83","code_region":"93","population":339,"surface_km2":63.92,"lat":43.7075,"lon":6.506,"fibre_pct":98.4},{"code_insee":"83045","nom":"Correns","codes_postaux":["83570"],"code_dep":"83","code_region":"93","population":886,"surface_km2":37.08,"lat":43.4884,"lon":6.0543,"fibre_pct":95.0},{"code_insee":"83046","nom":"Cotignac","codes_postaux":["83570"],"code_dep":"83","code_region":"93","population":2197,"surface_km2":44.26,"lat":43.5246,"lon":6.1436,"fibre_pct":95.6},{"code_insee":"83047","nom":"La Crau","codes_postaux":["83260"],"code_dep":"83","code_region":"93","population":19556,"surface_km2":37.53,"lat":43.1706,"lon":6.0923,"fibre_pct":99.2},{"code_insee":"83048","nom":"La Croix-Valmer","codes_postaux":["83420"],"code_dep":"83","code_region":"93","population":3855,"surface_km2":22.6,"lat":43.1909,"lon":6.588,"fibre_pct":99.2},{"code_insee":"83049","nom":"Cuers","codes_postaux":["83390"],"code_dep":"83","code_region":"93","population":13271,"surface_km2":51.06,"lat":43.2429,"lon":6.0654,"fibre_pct":95.4},{"code_insee":"83050","nom":"Draguignan","codes_postaux":["83300"],"code_dep":"83","code_region":"93","population":40826,"surface_km2":54.02,"lat":43.5346,"lon":6.4651,"fibre_pct":90.6},{"code_insee":"83051","nom":"Entrecasteaux","codes_postaux":["83570"],"code_dep":"83","code_region":"93","population":1118,"surface_km2":32.21,"lat":43.5085,"lon":6.2324,"fibre_pct":97.3},{"code_insee":"83052","nom":"Esparron","codes_postaux":["83560"],"code_dep":"83","code_region":"93","population":377,"surface_km2":30.09,"lat":43.5881,"lon":5.851,"fibre_pct":96.5},{"code_insee":"83053","nom":"Évenos","codes_postaux":["83330"],"code_dep":"83","code_region":"93","population":2406,"surface_km2":42.04,"lat":43.1876,"lon":5.8702,"fibre_pct":99.3},{"code_insee":"83054","nom":"La Farlède","codes_postaux":["83210"],"code_dep":"83","code_region":"93","population":10014,"surface_km2":8.38,"lat":43.164,"lon":6.0414,"fibre_pct":95.9},{"code_insee":"83055","nom":"Fayence","codes_postaux":["83440"],"code_dep":"83","code_region":"93","population":6157,"surface_km2":27.78,"lat":43.6118,"lon":6.6762,"fibre_pct":96.4},{"code_insee":"83056","nom":"Figanières","codes_postaux":["83830"],"code_dep":"83","code_region":"93","population":2762,"surface_km2":28.35,"lat":43.5642,"lon":6.4915,"fibre_pct":91.9},{"code_insee":"83057","nom":"Flassans-sur-Issole","codes_postaux":["83340"],"code_dep":"83","code_region":"93","population":3706,"surface_km2":44.95,"lat":43.372,"lon":6.2169,"fibre_pct":94.1},{"code_insee":"83058","nom":"Flayosc","codes_postaux":["83780"],"code_dep":"83","code_region":"93","population":4673,"surface_km2":46.26,"lat":43.5441,"lon":6.3577,"fibre_pct":83.0},{"code_insee":"83059","nom":"Forcalqueiret","codes_postaux":["83136"],"code_dep":"83","code_region":"93","population":3389,"surface_km2":10.69,"lat":43.3357,"lon":6.0884,"fibre_pct":97.5},{"code_insee":"83060","nom":"Fox-Amphoux","codes_postaux":["83670"],"code_dep":"83","code_region":"93","population":504,"surface_km2":41.14,"lat":43.5944,"lon":6.1165,"fibre_pct":96.2},{"code_insee":"83061","nom":"Fréjus","codes_postaux":["83370","83600"],"code_dep":"83","code_region":"93","population":59719,"surface_km2":104.78,"lat":43.4553,"lon":6.7848,"fibre_pct":92.4},{"code_insee":"83062","nom":"La Garde","codes_postaux":["83130"],"code_dep":"83","code_region":"93","population":26476,"surface_km2":15.6,"lat":43.129,"lon":6.0162,"fibre_pct":98.4},{"code_insee":"83063","nom":"La Garde-Freinet","codes_postaux":["83680"],"code_dep":"83","code_region":"93","population":1862,"surface_km2":76.57,"lat":43.3251,"lon":6.4603,"fibre_pct":79.8},{"code_insee":"83064","nom":"Garéoult","codes_postaux":["83136"],"code_dep":"83","code_region":"93","population":5835,"surface_km2":15.88,"lat":43.3397,"lon":6.0426,"fibre_pct":98.2},{"code_insee":"83065","nom":"Gassin","codes_postaux":["83580"],"code_dep":"83","code_region":"93","population":2687,"surface_km2":24.88,"lat":43.2385,"lon":6.5876,"fibre_pct":98.7},{"code_insee":"83066","nom":"Ginasservis","codes_postaux":["83560"],"code_dep":"83","code_region":"93","population":2075,"surface_km2":38.18,"lat":43.6566,"lon":5.8393,"fibre_pct":97.7},{"code_insee":"83067","nom":"Gonfaron","codes_postaux":["83590"],"code_dep":"83","code_region":"93","population":4496,"surface_km2":41.72,"lat":43.3149,"lon":6.2978,"fibre_pct":94.3},{"code_insee":"83068","nom":"Grimaud","codes_postaux":["83310"],"code_dep":"83","code_region":"93","population":4587,"surface_km2":44.34,"lat":43.2822,"lon":6.5097,"fibre_pct":98.6},{"code_insee":"83069","nom":"Hyères","codes_postaux":["83400"],"code_dep":"83","code_region":"93","population":55858,"surface_km2":133.61,"lat":43.1139,"lon":6.2357,"fibre_pct":98.9},{"code_insee":"83070","nom":"Le Lavandou","codes_postaux":["83980"],"code_dep":"83","code_region":"93","population":6646,"surface_km2":30.24,"lat":43.1669,"lon":6.4015,"fibre_pct":96.7},{"code_insee":"83071","nom":"La Londe-les-Maures","codes_postaux":["83250"],"code_dep":"83","code_region":"93","population":10584,"surface_km2":79.95,"lat":43.1641,"lon":6.2417,"fibre_pct":98.7},{"code_insee":"83072","nom":"Lorgues","codes_postaux":["83510"],"code_dep":"83","code_region":"93","population":9849,"surface_km2":64.61,"lat":43.4734,"lon":6.3588,"fibre_pct":85.9},{"code_insee":"83073","nom":"Le Luc","codes_postaux":["83340"],"code_dep":"83","code_region":"93","population":11310,"surface_km2":44.25,"lat":43.3855,"lon":6.3107,"fibre_pct":97.3},{"code_insee":"83074","nom":"La Martre","codes_postaux":["83840"],"code_dep":"83","code_region":"93","population":226,"surface_km2":20.71,"lat":43.7631,"lon":6.5914,"fibre_pct":99.2},{"code_insee":"83075","nom":"Les Mayons","codes_postaux":["83340"],"code_dep":"83","code_region":"93","population":625,"surface_km2":28.86,"lat":43.3117,"lon":6.3621,"fibre_pct":96.9},{"code_insee":"83076","nom":"Mazaugues","codes_postaux":["83136"],"code_dep":"83","code_region":"93","population":901,"surface_km2":53.71,"lat":43.3435,"lon":5.8899,"fibre_pct":98.8},{"code_insee":"83077","nom":"Méounes-lès-Montrieux","codes_postaux":["83136"],"code_dep":"83","code_region":"93","population":2277,"surface_km2":40.75,"lat":43.2699,"lon":5.979,"fibre_pct":94.5},{"code_insee":"83078","nom":"Moissac-Bellevue","codes_postaux":["83630"],"code_dep":"83","code_region":"93","population":306,"surface_km2":20.69,"lat":43.6487,"lon":6.1666,"fibre_pct":97.1},{"code_insee":"83079","nom":"La Môle","codes_postaux":["83310"],"code_dep":"83","code_region":"93","population":1535,"surface_km2":46.21,"lat":43.2202,"lon":6.4835,"fibre_pct":96.4},{"code_insee":"83080","nom":"Mons","codes_postaux":["83440"],"code_dep":"83","code_region":"93","population":909,"surface_km2":76.91,"lat":43.7041,"lon":6.7054,"fibre_pct":98.8},{"code_insee":"83081","nom":"Montauroux","codes_postaux":["83440"],"code_dep":"83","code_region":"93","population":7183,"surface_km2":37.23,"lat":43.5936,"lon":6.7993,"fibre_pct":96.1},{"code_insee":"83082","nom":"Montferrat","codes_postaux":["83131"],"code_dep":"83","code_region":"93","population":1719,"surface_km2":34.1,"lat":43.6336,"lon":6.4774,"fibre_pct":58.0},{"code_insee":"83083","nom":"Montfort-sur-Argens","codes_postaux":["83570"],"code_dep":"83","code_region":"93","population":1453,"surface_km2":11.97,"lat":43.486,"lon":6.1252,"fibre_pct":95.8},{"code_insee":"83084","nom":"Montmeyan","codes_postaux":["83670"],"code_dep":"83","code_region":"93","population":596,"surface_km2":39.51,"lat":43.6574,"lon":6.0652,"fibre_pct":95.8},{"code_insee":"83085","nom":"La Motte","codes_postaux":["83920"],"code_dep":"83","code_region":"93","population":3071,"surface_km2":28.99,"lat":43.5091,"lon":6.5506,"fibre_pct":89.5},{"code_insee":"83086","nom":"Le Muy","codes_postaux":["83490"],"code_dep":"83","code_region":"93","population":10118,"surface_km2":66.89,"lat":43.468,"lon":6.5844,"fibre_pct":89.4},{"code_insee":"83087","nom":"Nans-les-Pins","codes_postaux":["83860"],"code_dep":"83","code_region":"93","population":5215,"surface_km2":48.9,"lat":43.3808,"lon":5.7874,"fibre_pct":96.2},{"code_insee":"83088","nom":"Néoules","codes_postaux":["83136"],"code_dep":"83","code_region":"93","population":2976,"surface_km2":25.18,"lat":43.2912,"lon":6.0267,"fibre_pct":95.4},{"code_insee":"83089","nom":"Ollières","codes_postaux":["83470"],"code_dep":"83","code_region":"93","population":636,"surface_km2":39.85,"lat":43.5074,"lon":5.8141,"fibre_pct":97.0},{"code_insee":"83090","nom":"Ollioules","codes_postaux":["83190"],"code_dep":"83","code_region":"93","population":14568,"surface_km2":20.29,"lat":43.1385,"lon":5.8515,"fibre_pct":99.4},{"code_insee":"83091","nom":"Pierrefeu-du-Var","codes_postaux":["83390"],"code_dep":"83","code_region":"93","population":6084,"surface_km2":58.99,"lat":43.2351,"lon":6.1798,"fibre_pct":94.6},{"code_insee":"83092","nom":"Pignans","codes_postaux":["83790"],"code_dep":"83","code_region":"93","population":4838,"surface_km2":34.41,"lat":43.2997,"lon":6.2625,"fibre_pct":95.6},{"code_insee":"83093","nom":"Plan-d'Aups-Sainte-Baume","codes_postaux":["83640"],"code_dep":"83","code_region":"93","population":2527,"surface_km2":24.7,"lat":43.3336,"lon":5.7472,"fibre_pct":95.3},{"code_insee":"83094","nom":"Le Plan-de-la-Tour","codes_postaux":["83120"],"code_dep":"83","code_region":"93","population":3125,"surface_km2":37.97,"lat":43.337,"lon":6.5462,"fibre_pct":96.9},{"code_insee":"83095","nom":"Pontevès","codes_postaux":["83670"],"code_dep":"83","code_region":"93","population":784,"surface_km2":41.15,"lat":43.5509,"lon":6.0687,"fibre_pct":97.3},{"code_insee":"83096","nom":"Pourcieux","codes_postaux":["83470"],"code_dep":"83","code_region":"93","population":1552,"surface_km2":21.13,"lat":43.4626,"lon":5.7894,"fibre_pct":96.1},{"code_insee":"83097","nom":"Pourrières","codes_postaux":["83910"],"code_dep":"83","code_region":"93","population":5642,"surface_km2":57.14,"lat":43.487,"lon":5.7432,"fibre_pct":94.0},{"code_insee":"83098","nom":"Le Pradet","codes_postaux":["83220"],"code_dep":"83","code_region":"93","population":10933,"surface_km2":10.33,"lat":43.0984,"lon":6.0214,"fibre_pct":99.4},{"code_insee":"83099","nom":"Puget-sur-Argens","codes_postaux":["83480"],"code_dep":"83","code_region":"93","population":8602,"surface_km2":27.0,"lat":43.4712,"lon":6.6861,"fibre_pct":93.7},{"code_insee":"83100","nom":"Puget-Ville","codes_postaux":["83390"],"code_dep":"83","code_region":"93","population":4610,"surface_km2":37.14,"lat":43.2809,"lon":6.1646,"fibre_pct":96.3},{"code_insee":"83101","nom":"Ramatuelle","codes_postaux":["83350"],"code_dep":"83","code_region":"93","population":1888,"surface_km2":34.96,"lat":43.2115,"lon":6.6449,"fibre_pct":97.8},{"code_insee":"83102","nom":"Régusse","codes_postaux":["83630"],"code_dep":"83","code_region":"93","population":2380,"surface_km2":35.63,"lat":43.663,"lon":6.122,"fibre_pct":98.3},{"code_insee":"83103","nom":"Le Revest-les-Eaux","codes_postaux":["83200"],"code_dep":"83","code_region":"93","population":4074,"surface_km2":24.32,"lat":43.1878,"lon":5.9453,"fibre_pct":97.1},{"code_insee":"83104","nom":"Rians","codes_postaux":["83560"],"code_dep":"83","code_region":"93","population":4223,"surface_km2":97.08,"lat":43.6026,"lon":5.734,"fibre_pct":97.1},{"code_insee":"83105","nom":"Riboux","codes_postaux":["13780"],"code_dep":"83","code_region":"93","population":51,"surface_km2":13.55,"lat":43.3063,"lon":5.753,"fibre_pct":0.0},{"code_insee":"83106","nom":"Rocbaron","codes_postaux":["83136"],"code_dep":"83","code_region":"93","population":5660,"surface_km2":20.51,"lat":43.3062,"lon":6.0869,"fibre_pct":94.8},{"code_insee":"83107","nom":"Roquebrune-sur-Argens","codes_postaux":["83380","83520"],"code_dep":"83","code_region":"93","population":15442,"surface_km2":106.81,"lat":43.4282,"lon":6.6525,"fibre_pct":94.2},{"code_insee":"83108","nom":"La Roquebrussanne","codes_postaux":["83136"],"code_dep":"83","code_region":"93","population":2817,"surface_km2":37.25,"lat":43.3384,"lon":5.9787,"fibre_pct":98.4},{"code_insee":"83109","nom":"La Roque-Esclapon","codes_postaux":["83840"],"code_dep":"83","code_region":"93","population":261,"surface_km2":27.01,"lat":43.721,"lon":6.6479,"fibre_pct":89.7},{"code_insee":"83110","nom":"Rougiers","codes_postaux":["83170"],"code_dep":"83","code_region":"93","population":1697,"surface_km2":20.84,"lat":43.3869,"lon":5.8505,"fibre_pct":95.1},{"code_insee":"83111","nom":"Sainte-Anastasie-sur-Issole","codes_postaux":["83136"],"code_dep":"83","code_region":"93","population":2165,"surface_km2":10.73,"lat":43.3337,"lon":6.1227,"fibre_pct":94.5},{"code_insee":"83112","nom":"Saint-Cyr-sur-Mer","codes_postaux":["83270"],"code_dep":"83","code_region":"93","population":11658,"surface_km2":21.43,"lat":43.17,"lon":5.7055,"fibre_pct":98.3},{"code_insee":"83113","nom":"Saint-Julien","codes_postaux":["83560"],"code_dep":"83","code_region":"93","population":2453,"surface_km2":76.22,"lat":43.7045,"lon":5.9143,"fibre_pct":98.3},{"code_insee":"83114","nom":"Saint-Martin-de-Pallières","codes_postaux":["83560"],"code_dep":"83","code_region":"93","population":284,"surface_km2":26.72,"lat":43.577,"lon":5.8869,"fibre_pct":92.7},{"code_insee":"83115","nom":"Sainte-Maxime","codes_postaux":["83120"],"code_dep":"83","code_region":"93","population":14118,"surface_km2":82.26,"lat":43.3584,"lon":6.6139,"fibre_pct":98.4},{"code_insee":"83116","nom":"Saint-Maximin-la-Sainte-Baume","codes_postaux":["83470"],"code_dep":"83","code_region":"93","population":17896,"surface_km2":64.63,"lat":43.4488,"lon":5.8603,"fibre_pct":95.9},{"code_insee":"83117","nom":"Saint-Paul-en-Forêt","codes_postaux":["83440"],"code_dep":"83","code_region":"93","population":1735,"surface_km2":20.4,"lat":43.5681,"lon":6.6822,"fibre_pct":97.3},{"code_insee":"83118","nom":"Saint-Raphaël","codes_postaux":["83530","83700"],"code_dep":"83","code_region":"93","population":37113,"surface_km2":90.75,"lat":43.4582,"lon":6.8483,"fibre_pct":91.0},{"code_insee":"83119","nom":"Saint-Tropez","codes_postaux":["83990"],"code_dep":"83","code_region":"93","population":3582,"surface_km2":11.46,"lat":43.2619,"lon":6.6638,"fibre_pct":94.1},{"code_insee":"83120","nom":"Saint-Zacharie","codes_postaux":["83640"],"code_dep":"83","code_region":"93","population":5879,"surface_km2":27.19,"lat":43.3749,"lon":5.7164,"fibre_pct":97.4},{"code_insee":"83121","nom":"Salernes","codes_postaux":["83690"],"code_dep":"83","code_region":"93","population":4019,"surface_km2":39.51,"lat":43.5646,"lon":6.2379,"fibre_pct":90.2},{"code_insee":"83122","nom":"Les Salles-sur-Verdon","codes_postaux":["83630"],"code_dep":"83","code_region":"93","population":236,"surface_km2":12.83,"lat":43.767,"lon":6.2042,"fibre_pct":94.4},{"code_insee":"83123","nom":"Sanary-sur-Mer","codes_postaux":["83110"],"code_dep":"83","code_region":"93","population":18538,"surface_km2":19.77,"lat":43.1374,"lon":5.7951,"fibre_pct":98.6},{"code_insee":"83124","nom":"Seillans","codes_postaux":["83440"],"code_dep":"83","code_region":"93","population":2941,"surface_km2":88.96,"lat":43.6326,"lon":6.6024,"fibre_pct":94.2},{"code_insee":"83125","nom":"Seillons-Source-d'Argens","codes_postaux":["83470"],"code_dep":"83","code_region":"93","population":2818,"surface_km2":25.09,"lat":43.5156,"lon":5.8775,"fibre_pct":94.5},{"code_insee":"83126","nom":"La Seyne-sur-Mer","codes_postaux":["83500"],"code_dep":"83","code_region":"93","population":63732,"surface_km2":23.48,"lat":43.0837,"lon":5.8789,"fibre_pct":98.8},{"code_insee":"83127","nom":"Signes","codes_postaux":["83870"],"code_dep":"83","code_region":"93","population":3126,"surface_km2":133.25,"lat":43.2759,"lon":5.8498,"fibre_pct":95.6},{"code_insee":"83128","nom":"Sillans-la-Cascade","codes_postaux":["83690"],"code_dep":"83","code_region":"93","population":787,"surface_km2":20.28,"lat":43.565,"lon":6.1549,"fibre_pct":94.7},{"code_insee":"83129","nom":"Six-Fours-les-Plages","codes_postaux":["83140"],"code_dep":"83","code_region":"93","population":37109,"surface_km2":26.69,"lat":43.0843,"lon":5.8079,"fibre_pct":98.6},{"code_insee":"83130","nom":"Solliès-Pont","codes_postaux":["83210"],"code_dep":"83","code_region":"93","population":12521,"surface_km2":17.82,"lat":43.1895,"lon":6.0625,"fibre_pct":95.3},{"code_insee":"83131","nom":"Solliès-Toucas","codes_postaux":["83210"],"code_dep":"83","code_region":"93","population":6269,"surface_km2":30.05,"lat":43.2097,"lon":5.9836,"fibre_pct":94.8},{"code_insee":"83132","nom":"Solliès-Ville","codes_postaux":["83210"],"code_dep":"83","code_region":"93","population":2504,"surface_km2":14.14,"lat":43.1804,"lon":6.0232,"fibre_pct":99.6},{"code_insee":"83133","nom":"Tanneron","codes_postaux":["83440"],"code_dep":"83","code_region":"93","population":1750,"surface_km2":54.3,"lat":43.5732,"lon":6.8538,"fibre_pct":97.0},{"code_insee":"83134","nom":"Taradeau","codes_postaux":["83460"],"code_dep":"83","code_region":"93","population":1945,"surface_km2":17.38,"lat":43.4657,"lon":6.4283,"fibre_pct":87.9},{"code_insee":"83135","nom":"Tavernes","codes_postaux":["83670"],"code_dep":"83","code_region":"93","population":1492,"surface_km2":31.29,"lat":43.6009,"lon":6.0232,"fibre_pct":97.0},{"code_insee":"83136","nom":"Le Thoronet","codes_postaux":["83340"],"code_dep":"83","code_region":"93","population":2631,"surface_km2":36.43,"lat":43.4585,"lon":6.2905,"fibre_pct":96.5},{"code_insee":"83137","nom":"Toulon","codes_postaux":["83000","83100","83200"],"code_dep":"83","code_region":"93","population":179116,"surface_km2":44.06,"lat":43.1364,"lon":5.9334,"fibre_pct":93.2},{"code_insee":"83138","nom":"Tourrettes","codes_postaux":["83440"],"code_dep":"83","code_region":"93","population":2972,"surface_km2":34.07,"lat":43.609,"lon":6.7252,"fibre_pct":94.7},{"code_insee":"83139","nom":"Tourtour","codes_postaux":["83690"],"code_dep":"83","code_region":"93","population":581,"surface_km2":28.8,"lat":43.594,"lon":6.3098,"fibre_pct":69.5},{"code_insee":"83140","nom":"Tourves","codes_postaux":["83170"],"code_dep":"83","code_region":"93","population":5207,"surface_km2":65.86,"lat":43.4108,"lon":5.9281,"fibre_pct":95.0},{"code_insee":"83141","nom":"Trans-en-Provence","codes_postaux":["83720"],"code_dep":"83","code_region":"93","population":6905,"surface_km2":17.03,"lat":43.5025,"lon":6.4869,"fibre_pct":92.2},{"code_insee":"83142","nom":"Trigance","codes_postaux":["83840"],"code_dep":"83","code_region":"93","population":232,"surface_km2":61.13,"lat":43.7365,"lon":6.438,"fibre_pct":98.4},{"code_insee":"83143","nom":"Le Val","codes_postaux":["83143"],"code_dep":"83","code_region":"93","population":4335,"surface_km2":39.32,"lat":43.4468,"lon":6.0569,"fibre_pct":98.0},{"code_insee":"83144","nom":"La Valette-du-Var","codes_postaux":["83160"],"code_dep":"83","code_region":"93","population":23719,"surface_km2":15.43,"lat":43.1484,"lon":5.9893,"fibre_pct":94.7},{"code_insee":"83145","nom":"Varages","codes_postaux":["83670"],"code_dep":"83","code_region":"93","population":1177,"surface_km2":34.82,"lat":43.5924,"lon":5.9435,"fibre_pct":97.0},{"code_insee":"83146","nom":"La Verdière","codes_postaux":["83560"],"code_dep":"83","code_region":"93","population":1668,"surface_km2":68.46,"lat":43.6529,"lon":5.9374,"fibre_pct":92.2},{"code_insee":"83147","nom":"Vérignon","codes_postaux":["83630"],"code_dep":"83","code_region":"93","population":8,"surface_km2":36.66,"lat":43.658,"lon":6.2653,"fibre_pct":97.0},{"code_insee":"83148","nom":"Vidauban","codes_postaux":["83550"],"code_dep":"83","code_region":"93","population":12608,"surface_km2":76.52,"lat":43.4071,"lon":6.4599,"fibre_pct":87.4},{"code_insee":"83149","nom":"Villecroze","codes_postaux":["83690"],"code_dep":"83","code_region":"93","population":1514,"surface_km2":20.9,"lat":43.5649,"lon":6.2855,"fibre_pct":98.0},{"code_insee":"83150","nom":"Vinon-sur-Verdon","codes_postaux":["83560"],"code_dep":"83","code_region":"93","population":4464,"surface_km2":36.1,"lat":43.7214,"lon":5.8017,"fibre_pct":99.9},{"code_insee":"83151","nom":"Vins-sur-Caramy","codes_postaux":["83170"],"code_dep":"83","code_region":"93","population":936,"surface_km2":16.34,"lat":43.432,"lon":6.1495,"fibre_pct":98.1},{"code_insee":"83152","nom":"Rayol-Canadel-sur-Mer","codes_postaux":["83820"],"code_dep":"83","code_region":"93","population":639,"surface_km2":6.91,"lat":43.1664,"lon":6.4744,"fibre_pct":96.8},{"code_insee":"83153","nom":"Saint-Mandrier-sur-Mer","codes_postaux":["83430"],"code_dep":"83","code_region":"93","population":6000,"surface_km2":5.26,"lat":43.0762,"lon":5.9272,"fibre_pct":99.6},{"code_insee":"83154","nom":"Saint-Antonin-du-Var","codes_postaux":["83510"],"code_dep":"83","code_region":"93","population":870,"surface_km2":17.68,"lat":43.5071,"lon":6.2935,"fibre_pct":97.9}]