[{"code_insee":"84001","nom":"Althen-des-Paluds","codes_postaux":["84210"],"code_dep":"84","code_region":"93","population":2960,"surface_km2":6.53,"lat":44.0055,"lon":4.9585,"fibre_pct":98.6},{"code_insee":"84002","nom":"Ansouis","codes_postaux":["84240"],"code_dep":"84","code_region":"93","population":1064,"surface_km2":17.59,"lat":43.7338,"lon":5.4682,"fibre_pct":98.1},{"code_insee":"84003","nom":"Apt","codes_postaux":["84400"],"code_dep":"84","code_region":"93","population":10143,"surface_km2":45.17,"lat":43.8815,"lon":5.3814,"fibre_pct":97.9},{"code_insee":"84004","nom":"Aubignan","codes_postaux":["84810"],"code_dep":"84","code_region":"93","population":5981,"surface_km2":15.72,"lat":44.0962,"lon":5.0331,"fibre_pct":92.0},{"code_insee":"84005","nom":"Aurel","codes_postaux":["84390"],"code_dep":"84","code_region":"93","population":190,"surface_km2":29.29,"lat":44.1357,"lon":5.3906,"fibre_pct":100.0},{"code_insee":"84006","nom":"Auribeau","codes_postaux":["84400"],"code_dep":"84","code_region":"93","population":68,"surface_km2":7.53,"lat":43.8275,"lon":5.4444,"fibre_pct":100.0},{"code_insee":"84007","nom":"Avignon","codes_postaux":["84000","84140"],"code_dep":"84","code_region":"93","population":92188,"surface_km2":65.06,"lat":43.9416,"lon":4.8333,"fibre_pct":74.6},{"code_insee":"84008","nom":"Le Barroux","codes_postaux":["84330"],"code_dep":"84","code_region":"93","population":662,"surface_km2":16.05,"lat":44.1591,"lon":5.1046,"fibre_pct":95.0},{"code_insee":"84009","nom":"La Bastide-des-Jourdans","codes_postaux":["84240"],"code_dep":"84","code_region":"93","population":1760,"surface_km2":27.67,"lat":43.7954,"lon":5.6443,"fibre_pct":96.9},{"code_insee":"84010","nom":"La Bastidonne","codes_postaux":["84120"],"code_dep":"84","code_region":"93","population":929,"surface_km2":5.91,"lat":43.6927,"lon":5.5791,"fibre_pct":100.0},{"code_insee":"84011","nom":"Le Beaucet","codes_postaux":["84210"],"code_dep":"84","code_region":"93","population":397,"surface_km2":9.04,"lat":43.9761,"lon":5.1341,"fibre_pct":83.9},{"code_insee":"84012","nom":"Beaumes-de-Venise","codes_postaux":["84190"],"code_dep":"84","code_region":"93","population":2442,"surface_km2":18.97,"lat":44.1224,"lon":5.0279,"fibre_pct":92.6},{"code_insee":"84013","nom":"Beaumettes","codes_postaux":["84220"],"code_dep":"84","code_region":"93","population":314,"surface_km2":2.66,"lat":43.8632,"lon":5.202,"fibre_pct":88.3},{"code_insee":"84014","nom":"Beaumont-de-Pertuis","codes_postaux":["84120"],"code_dep":"84","code_region":"93","population":1130,"surface_km2":53.84,"lat":43.7372,"lon":5.6978,"fibre_pct":99.4},{"code_insee":"84015","nom":"Beaumont-du-Ventoux","codes_postaux":["84340"],"code_dep":"84","code_region":"93","population":308,"surface_km2":28.13,"lat":44.182,"lon":5.2197,"fibre_pct":60.8},{"code_insee":"84016","nom":"Bédarrides","codes_postaux":["84370"],"code_dep":"84","code_region":"93","population":5671,"surface_km2":24.97,"lat":44.0478,"lon":4.9029,"fibre_pct":97.5},{"code_insee":"84017","nom":"Bédoin","codes_postaux":["84410"],"code_dep":"84","code_region":"93","population":3106,"surface_km2":90.61,"lat":44.1337,"lon":5.2342,"fibre_pct":97.7},{"code_insee":"84018","nom":"Blauvac","codes_postaux":["84570"],"code_dep":"84","code_region":"93","population":573,"surface_km2":21.06,"lat":44.0356,"lon":5.2418,"fibre_pct":100.0},{"code_insee":"84019","nom":"Bollène","codes_postaux":["84500"],"code_dep":"84","code_region":"93","population":14024,"surface_km2":54.39,"lat":44.2885,"lon":4.751,"fibre_pct":98.7},{"code_insee":"84020","nom":"Bonnieux","codes_postaux":["84480"],"code_dep":"84","code_region":"93","population":1198,"surface_km2":51.37,"lat":43.8327,"lon":5.3172,"fibre_pct":98.7},{"code_insee":"84021","nom":"Brantes","codes_postaux":["84390"],"code_dep":"84","code_region":"93","population":86,"surface_km2":28.24,"lat":44.1861,"lon":5.3315,"fibre_pct":100.0},{"code_insee":"84022","nom":"Buisson","codes_postaux":["84110"],"code_dep":"84","code_region":"93","population":252,"surface_km2":9.47,"lat":44.2759,"lon":4.9985,"fibre_pct":97.8},{"code_insee":"84023","nom":"Buoux","codes_postaux":["84480"],"code_dep":"84","code_region":"93","population":104,"surface_km2":17.61,"lat":43.8207,"lon":5.3745,"fibre_pct":91.4},{"code_insee":"84024","nom":"Cabrières-d'Aigues","codes_postaux":["84240"],"code_dep":"84","code_region":"93","population":946,"surface_km2":18.92,"lat":43.7882,"lon":5.4891,"fibre_pct":100.0},{"code_insee":"84025","nom":"Cabrières-d'Avignon","codes_postaux":["84220"],"code_dep":"84","code_region":"93","population":1686,"surface_km2":14.56,"lat":43.9034,"lon":5.1494,"fibre_pct":99.1},{"code_insee":"84026","nom":"Cadenet","codes_postaux":["84160"],"code_dep":"84","code_region":"93","population":4363,"surface_km2":25.79,"lat":43.7299,"lon":5.386,"fibre_pct":96.7},{"code_insee":"84027","nom":"Caderousse","codes_postaux":["84860"],"code_dep":"84","code_region":"93","population":2493,"surface_km2":32.44,"lat":44.1155,"lon":4.746,"fibre_pct":99.4},{"code_insee":"84028","nom":"Cairanne","codes_postaux":["84290"],"code_dep":"84","code_region":"93","population":1129,"surface_km2":22.75,"lat":44.2277,"lon":4.9339,"fibre_pct":98.0},{"code_insee":"84029","nom":"Camaret-sur-Aigues","codes_postaux":["84850"],"code_dep":"84","code_region":"93","population":4533,"surface_km2":18.37,"lat":44.1551,"lon":4.8911,"fibre_pct":99.5},{"code_insee":"84030","nom":"Caromb","codes_postaux":["84330"],"code_dep":"84","code_region":"93","population":3479,"surface_km2":17.88,"lat":44.11,"lon":5.1078,"fibre_pct":97.5},{"code_insee":"84031","nom":"Carpentras","codes_postaux":["84200"],"code_dep":"84","code_region":"93","population":31619,"surface_km2":37.92,"lat":44.0629,"lon":5.0584,"fibre_pct":90.3},{"code_insee":"84032","nom":"Caseneuve","codes_postaux":["84750"],"code_dep":"84","code_region":"93","population":527,"surface_km2":18.09,"lat":43.8859,"lon":5.4833,"fibre_pct":99.3},{"code_insee":"84033","nom":"Castellet-en-Luberon","codes_postaux":["84400"],"code_dep":"84","code_region":"93","population":113,"surface_km2":9.55,"lat":43.8336,"lon":5.4876,"fibre_pct":100.0},{"code_insee":"84034","nom":"Caumont-sur-Durance","codes_postaux":["84510"],"code_dep":"84","code_region":"93","population":5667,"surface_km2":18.28,"lat":43.8813,"lon":4.955,"fibre_pct":91.4},{"code_insee":"84035","nom":"Cavaillon","codes_postaux":["84300"],"code_dep":"84","code_region":"93","population":25636,"surface_km2":45.92,"lat":43.8485,"lon":5.0333,"fibre_pct":91.1},{"code_insee":"84036","nom":"Châteauneuf-de-Gadagne","codes_postaux":["84470"],"code_dep":"84","code_region":"93","population":3565,"surface_km2":13.49,"lat":43.9307,"lon":4.9435,"fibre_pct":87.1},{"code_insee":"84037","nom":"Châteauneuf-du-Pape","codes_postaux":["84230"],"code_dep":"84","code_region":"93","population":2050,"surface_km2":24.83,"lat":44.0602,"lon":4.8263,"fibre_pct":99.5},{"code_insee":"84038","nom":"Cheval-Blanc","codes_postaux":["84460"],"code_dep":"84","code_region":"93","population":4362,"surface_km2":58.53,"lat":43.7875,"lon":5.1204,"fibre_pct":87.9},{"code_insee":"84039","nom":"Courthézon","codes_postaux":["84350"],"code_dep":"84","code_region":"93","population":6426,"surface_km2":32.78,"lat":44.0876,"lon":4.8868,"fibre_pct":98.9},{"code_insee":"84040","nom":"Crestet","codes_postaux":["84110"],"code_dep":"84","code_region":"93","population":415,"surface_km2":11.45,"lat":44.2112,"lon":5.0859,"fibre_pct":100.0},{"code_insee":"84041","nom":"Crillon-le-Brave","codes_postaux":["84410"],"code_dep":"84","code_region":"93","population":488,"surface_km2":7.66,"lat":44.1187,"lon":5.152,"fibre_pct":100.0},{"code_insee":"84042","nom":"Cucuron","codes_postaux":["84160"],"code_dep":"84","code_region":"93","population":1885,"surface_km2":32.5,"lat":43.7801,"lon":5.4401,"fibre_pct":97.9},{"code_insee":"84043","nom":"Entraigues-sur-la-Sorgue","codes_postaux":["84320"],"code_dep":"84","code_region":"93","population":8913,"surface_km2":16.85,"lat":43.9959,"lon":4.9347,"fibre_pct":90.5},{"code_insee":"84044","nom":"Entrechaux","codes_postaux":["84340"],"code_dep":"84","code_region":"93","population":1177,"surface_km2":14.91,"lat":44.2238,"lon":5.1364,"fibre_pct":99.5},{"code_insee":"84045","nom":"Faucon","codes_postaux":["84110"],"code_dep":"84","code_region":"93","population":454,"surface_km2":8.74,"lat":44.2524,"lon":5.1404,"fibre_pct":99.3},{"code_insee":"84046","nom":"Flassan","codes_postaux":["84410"],"code_dep":"84","code_region":"93","population":453,"surface_km2":20.86,"lat":44.0995,"lon":5.2613,"fibre_pct":99.1},{"code_insee":"84047","nom":"Gargas","codes_postaux":["84400"],"code_dep":"84","code_region":"93","population":3035,"surface_km2":14.88,"lat":43.8939,"lon":5.3435,"fibre_pct":99.0},{"code_insee":"84048","nom":"Gignac","codes_postaux":["84400"],"code_dep":"84","code_region":"93","population":73,"surface_km2":8.15,"lat":43.9283,"lon":5.526,"fibre_pct":100.0},{"code_insee":"84049","nom":"Gigondas","codes_postaux":["84190"],"code_dep":"84","code_region":"93","population":448,"surface_km2":27.13,"lat":44.164,"lon":5.0153,"fibre_pct":95.4},{"code_insee":"84050","nom":"Gordes","codes_postaux":["84220"],"code_dep":"84","code_region":"93","population":1661,"surface_km2":48.92,"lat":43.9074,"lon":5.204,"fibre_pct":98.8},{"code_insee":"84051","nom":"Goult","codes_postaux":["84220"],"code_dep":"84","code_region":"93","population":1055,"surface_km2":23.84,"lat":43.8675,"lon":5.2448,"fibre_pct":99.1},{"code_insee":"84052","nom":"Grambois","codes_postaux":["84240"],"code_dep":"84","code_region":"93","population":1234,"surface_km2":31.25,"lat":43.7581,"lon":5.6022,"fibre_pct":99.6},{"code_insee":"84053","nom":"Grillon","codes_postaux":["84600"],"code_dep":"84","code_region":"93","population":1690,"surface_km2":15.04,"lat":44.3946,"lon":4.9355,"fibre_pct":99.3},{"code_insee":"84054","nom":"L'Isle-sur-la-Sorgue","codes_postaux":["84800"],"code_dep":"84","code_region":"93","population":20244,"surface_km2":44.62,"lat":43.9191,"lon":5.0588,"fibre_pct":91.6},{"code_insee":"84055","nom":"Jonquerettes","codes_postaux":["84450"],"code_dep":"84","code_region":"93","population":1606,"surface_km2":2.58,"lat":43.9496,"lon":4.9433,"fibre_pct":92.6},{"code_insee":"84056","nom":"Jonquières","codes_postaux":["84150"],"code_dep":"84","code_region":"93","population":5201,"surface_km2":24.3,"lat":44.1324,"lon":4.9144,"fibre_pct":97.4},{"code_insee":"84057","nom":"Joucas","codes_postaux":["84220"],"code_dep":"84","code_region":"93","population":348,"surface_km2":8.44,"lat":43.9223,"lon":5.2522,"fibre_pct":94.1},{"code_insee":"84058","nom":"Lacoste","codes_postaux":["84480"],"code_dep":"84","code_region":"93","population":468,"surface_km2":10.69,"lat":43.8236,"lon":5.2645,"fibre_pct":98.2},{"code_insee":"84059","nom":"Lafare","codes_postaux":["84190"],"code_dep":"84","code_region":"93","population":130,"surface_km2":4.53,"lat":44.1535,"lon":5.0501,"fibre_pct":83.5},{"code_insee":"84060","nom":"Lagarde-d'Apt","codes_postaux":["84400"],"code_dep":"84","code_region":"93","population":30,"surface_km2":22.2,"lat":43.9842,"lon":5.4769,"fibre_pct":85.7},{"code_insee":"84061","nom":"Lagarde-Paréol","codes_postaux":["84290"],"code_dep":"84","code_region":"93","population":319,"surface_km2":9.29,"lat":44.2287,"lon":4.8481,"fibre_pct":100.0},{"code_insee":"84062","nom":"Lagnes","codes_postaux":["84800"],"code_dep":"84","code_region":"93","population":1742,"surface_km2":16.87,"lat":43.9044,"lon":5.1181,"fibre_pct":99.6},{"code_insee":"84063","nom":"Lamotte-du-Rhône","codes_postaux":["84840"],"code_dep":"84","code_region":"93","population":403,"surface_km2":12.07,"lat":44.2798,"lon":4.6804,"fibre_pct":100.0},{"code_insee":"84064","nom":"Lapalud","codes_postaux":["84840"],"code_dep":"84","code_region":"93","population":3853,"surface_km2":17.58,"lat":44.3073,"lon":4.6821,"fibre_pct":99.3},{"code_insee":"84065","nom":"Lauris","codes_postaux":["84360"],"code_dep":"84","code_region":"93","population":3921,"surface_km2":22.51,"lat":43.7611,"lon":5.3019,"fibre_pct":98.4},{"code_insee":"84066","nom":"Lioux","codes_postaux":["84220"],"code_dep":"84","code_region":"93","population":286,"surface_km2":38.85,"lat":43.9782,"lon":5.3122,"fibre_pct":100.0},{"code_insee":"84067","nom":"Loriol-du-Comtat","codes_postaux":["84870"],"code_dep":"84","code_region":"93","population":2486,"surface_km2":11.28,"lat":44.0759,"lon":5.0049,"fibre_pct":97.0},{"code_insee":"84068","nom":"Lourmarin","codes_postaux":["84160"],"code_dep":"84","code_region":"93","population":1020,"surface_km2":20.21,"lat":43.7785,"lon":5.3625,"fibre_pct":95.8},{"code_insee":"84069","nom":"Malaucène","codes_postaux":["84340"],"code_dep":"84","code_region":"93","population":2758,"surface_km2":45.34,"lat":44.1804,"lon":5.1559,"fibre_pct":98.3},{"code_insee":"84070","nom":"Malemort-du-Comtat","codes_postaux":["84570"],"code_dep":"84","code_region":"93","population":1969,"surface_km2":11.98,"lat":44.0171,"lon":5.1646,"fibre_pct":98.8},{"code_insee":"84071","nom":"Maubec","codes_postaux":["84660"],"code_dep":"84","code_region":"93","population":1915,"surface_km2":9.18,"lat":43.8384,"lon":5.1357,"fibre_pct":98.5},{"code_insee":"84072","nom":"Mazan","codes_postaux":["84380"],"code_dep":"84","code_region":"93","population":6285,"surface_km2":37.96,"lat":44.0528,"lon":5.1333,"fibre_pct":99.9},{"code_insee":"84073","nom":"Ménerbes","codes_postaux":["84560"],"code_dep":"84","code_region":"93","population":962,"surface_km2":30.45,"lat":43.8271,"lon":5.2172,"fibre_pct":98.2},{"code_insee":"84074","nom":"Mérindol","codes_postaux":["84360"],"code_dep":"84","code_region":"93","population":2283,"surface_km2":27.1,"lat":43.7648,"lon":5.1884,"fibre_pct":86.1},{"code_insee":"84075","nom":"Méthamis","codes_postaux":["84570"],"code_dep":"84","code_region":"93","population":450,"surface_km2":37.07,"lat":44.0153,"lon":5.2483,"fibre_pct":98.5},{"code_insee":"84076","nom":"Mirabeau","codes_postaux":["84120"],"code_dep":"84","code_region":"93","population":1450,"surface_km2":31.59,"lat":43.7035,"lon":5.6482,"fibre_pct":98.9},{"code_insee":"84077","nom":"Modène","codes_postaux":["84330"],"code_dep":"84","code_region":"93","population":458,"surface_km2":4.77,"lat":44.1092,"lon":5.1285,"fibre_pct":97.8},{"code_insee":"84078","nom":"Mondragon","codes_postaux":["84430"],"code_dep":"84","code_region":"93","population":3833,"surface_km2":40.53,"lat":44.2407,"lon":4.7326,"fibre_pct":98.9},{"code_insee":"84079","nom":"Monieux","codes_postaux":["84390"],"code_dep":"84","code_region":"93","population":263,"surface_km2":47.55,"lat":44.052,"lon":5.345,"fibre_pct":91.2},{"code_insee":"84080","nom":"Monteux","codes_postaux":["84170"],"code_dep":"84","code_region":"93","population":13301,"surface_km2":39.47,"lat":44.033,"lon":4.9862,"fibre_pct":86.9},{"code_insee":"84081","nom":"Morières-lès-Avignon","codes_postaux":["84310"],"code_dep":"84","code_region":"93","population":9019,"surface_km2":10.4,"lat":43.9298,"lon":4.9078,"fibre_pct":90.9},{"code_insee":"84082","nom":"Mormoiron","codes_postaux":["84570"],"code_dep":"84","code_region":"93","population":1884,"surface_km2":25.23,"lat":44.0686,"lon":5.1918,"fibre_pct":97.1},{"code_insee":"84083","nom":"Mornas","codes_postaux":["84550"],"code_dep":"84","code_region":"93","population":2569,"surface_km2":26.06,"lat":44.1997,"lon":4.7438,"fibre_pct":99.4},{"code_insee":"84084","nom":"La Motte-d'Aigues","codes_postaux":["84240"],"code_dep":"84","code_region":"93","population":1438,"surface_km2":14.67,"lat":43.7817,"lon":5.5237,"fibre_pct":99.5},{"code_insee":"84085","nom":"Murs","codes_postaux":["84220"],"code_dep":"84","code_region":"93","population":376,"surface_km2":31.4,"lat":43.965,"lon":5.2432,"fibre_pct":100.0},{"code_insee":"84086","nom":"Oppède","codes_postaux":["84580"],"code_dep":"84","code_region":"93","population":1285,"surface_km2":24.39,"lat":43.8331,"lon":5.1707,"fibre_pct":99.2},{"code_insee":"84087","nom":"Orange","codes_postaux":["84100"],"code_dep":"84","code_region":"93","population":29706,"surface_km2":74.41,"lat":44.1264,"lon":4.8031,"fibre_pct":85.3},{"code_insee":"84088","nom":"Pernes-les-Fontaines","codes_postaux":["84210"],"code_dep":"84","code_region":"93","population":10504,"surface_km2":51.06,"lat":43.9966,"lon":5.0289,"fibre_pct":86.9},{"code_insee":"84089","nom":"Pertuis","codes_postaux":["84120"],"code_dep":"84","code_region":"93","population":19548,"surface_km2":59.37,"lat":43.6931,"lon":5.5345,"fibre_pct":96.3},{"code_insee":"84090","nom":"Peypin-d'Aigues","codes_postaux":["84240"],"code_dep":"84","code_region":"93","population":664,"surface_km2":17.28,"lat":43.7962,"lon":5.5617,"fibre_pct":97.4},{"code_insee":"84091","nom":"Piolenc","codes_postaux":["84420"],"code_dep":"84","code_region":"93","population":5718,"surface_km2":24.69,"lat":44.1784,"lon":4.7587,"fibre_pct":99.7},{"code_insee":"84092","nom":"Le Pontet","codes_postaux":["84130"],"code_dep":"84","code_region":"93","population":18386,"surface_km2":10.75,"lat":43.9707,"lon":4.8614,"fibre_pct":95.3},{"code_insee":"84093","nom":"Puget","codes_postaux":["84360"],"code_dep":"84","code_region":"93","population":894,"surface_km2":19.56,"lat":43.7699,"lon":5.2572,"fibre_pct":99.8},{"code_insee":"84094","nom":"Puyméras","codes_postaux":["84110"],"code_dep":"84","code_region":"93","population":585,"surface_km2":14.73,"lat":44.2883,"lon":5.124,"fibre_pct":100.0},{"code_insee":"84095","nom":"Puyvert","codes_postaux":["84160"],"code_dep":"84","code_region":"93","population":865,"surface_km2":10.06,"lat":43.7519,"lon":5.3384,"fibre_pct":99.8},{"code_insee":"84096","nom":"Rasteau","codes_postaux":["84110"],"code_dep":"84","code_region":"93","population":813,"surface_km2":19.03,"lat":44.2336,"lon":4.9794,"fibre_pct":100.0},{"code_insee":"84097","nom":"Richerenches","codes_postaux":["84600"],"code_dep":"84","code_region":"93","population":591,"surface_km2":11.07,"lat":44.3555,"lon":4.9034,"fibre_pct":100.0},{"code_insee":"84098","nom":"Roaix","codes_postaux":["84110"],"code_dep":"84","code_region":"93","population":626,"surface_km2":5.88,"lat":44.2539,"lon":5.0125,"fibre_pct":100.0},{"code_insee":"84099","nom":"Robion","codes_postaux":["84440"],"code_dep":"84","code_region":"93","population":4816,"surface_km2":17.85,"lat":43.8429,"lon":5.1066,"fibre_pct":98.4},{"code_insee":"84100","nom":"La Roque-Alric","codes_postaux":["84190"],"code_dep":"84","code_region":"93","population":50,"surface_km2":4.9,"lat":44.1458,"lon":5.0683,"fibre_pct":91.3},{"code_insee":"84101","nom":"La Roque-sur-Pernes","codes_postaux":["84210"],"code_dep":"84","code_region":"93","population":437,"surface_km2":11.07,"lat":43.9782,"lon":5.104,"fibre_pct":89.4},{"code_insee":"84102","nom":"Roussillon","codes_postaux":["84220"],"code_dep":"84","code_region":"93","population":1333,"surface_km2":30.26,"lat":43.8959,"lon":5.2906,"fibre_pct":98.9},{"code_insee":"84103","nom":"Rustrel","codes_postaux":["84400"],"code_dep":"84","code_region":"93","population":672,"surface_km2":28.79,"lat":43.9315,"lon":5.4759,"fibre_pct":98.6},{"code_insee":"84104","nom":"Sablet","codes_postaux":["84110"],"code_dep":"84","code_region":"93","population":1436,"surface_km2":11.12,"lat":44.1927,"lon":4.9962,"fibre_pct":95.7},{"code_insee":"84105","nom":"Saignon","codes_postaux":["84400"],"code_dep":"84","code_region":"93","population":912,"surface_km2":19.78,"lat":43.868,"lon":5.4405,"fibre_pct":99.4},{"code_insee":"84106","nom":"Sainte-Cécile-les-Vignes","codes_postaux":["84290"],"code_dep":"84","code_region":"93","population":2656,"surface_km2":19.98,"lat":44.2344,"lon":4.8949,"fibre_pct":99.0},{"code_insee":"84107","nom":"Saint-Christol","codes_postaux":["84390"],"code_dep":"84","code_region":"93","population":1409,"surface_km2":46.43,"lat":44.0216,"lon":5.4923,"fibre_pct":99.0},{"code_insee":"84108","nom":"Saint-Didier","codes_postaux":["84210"],"code_dep":"84","code_region":"93","population":2208,"surface_km2":3.66,"lat":44.0108,"lon":5.1093,"fibre_pct":99.0},{"code_insee":"84109","nom":"Saint-Hippolyte-le-Graveyron","codes_postaux":["84330"],"code_dep":"84","code_region":"93","population":168,"surface_km2":4.94,"lat":44.1175,"lon":5.0775,"fibre_pct":90.2},{"code_insee":"84110","nom":"Saint-Léger-du-Ventoux","codes_postaux":["84390"],"code_dep":"84","code_region":"93","population":25,"surface_km2":19.51,"lat":44.2027,"lon":5.2749,"fibre_pct":98.1},{"code_insee":"84111","nom":"Saint-Marcellin-lès-Vaison","codes_postaux":["84110"],"code_dep":"84","code_region":"93","population":334,"surface_km2":3.55,"lat":44.2368,"lon":5.1024,"fibre_pct":100.0},{"code_insee":"84112","nom":"Saint-Martin-de-Castillon","codes_postaux":["84750"],"code_dep":"84","code_region":"93","population":689,"surface_km2":38.37,"lat":43.8557,"lon":5.5141,"fibre_pct":95.0},{"code_insee":"84113","nom":"Saint-Martin-de-la-Brasque","codes_postaux":["84760"],"code_dep":"84","code_region":"93","population":805,"surface_km2":5.61,"lat":43.7656,"lon":5.5401,"fibre_pct":98.9},{"code_insee":"84114","nom":"Saint-Pantaléon","codes_postaux":["84220"],"code_dep":"84","code_region":"93","population":222,"surface_km2":0.79,"lat":43.8787,"lon":5.2154,"fibre_pct":100.0},{"code_insee":"84115","nom":"Saint-Pierre-de-Vassols","codes_postaux":["84330"],"code_dep":"84","code_region":"93","population":499,"surface_km2":5.0,"lat":44.0983,"lon":5.1463,"fibre_pct":98.4},{"code_insee":"84116","nom":"Saint-Romain-en-Viennois","codes_postaux":["84110"],"code_dep":"84","code_region":"93","population":868,"surface_km2":9.09,"lat":44.2625,"lon":5.0995,"fibre_pct":99.8},{"code_insee":"84117","nom":"Saint-Roman-de-Malegarde","codes_postaux":["84290"],"code_dep":"84","code_region":"93","population":339,"surface_km2":8.53,"lat":44.2642,"lon":4.9592,"fibre_pct":100.0},{"code_insee":"84118","nom":"Saint-Saturnin-lès-Apt","codes_postaux":["84490"],"code_dep":"84","code_region":"93","population":3004,"surface_km2":76.82,"lat":43.961,"lon":5.3566,"fibre_pct":99.6},{"code_insee":"84119","nom":"Saint-Saturnin-lès-Avignon","codes_postaux":["84450"],"code_dep":"84","code_region":"93","population":5206,"surface_km2":6.22,"lat":43.9625,"lon":4.9447,"fibre_pct":92.5},{"code_insee":"84120","nom":"Saint-Trinit","codes_postaux":["84390"],"code_dep":"84","code_region":"93","population":118,"surface_km2":16.9,"lat":44.0913,"lon":5.4747,"fibre_pct":100.0},{"code_insee":"84121","nom":"Sannes","codes_postaux":["84240"],"code_dep":"84","code_region":"93","population":290,"surface_km2":4.57,"lat":43.7588,"lon":5.4917,"fibre_pct":100.0},{"code_insee":"84122","nom":"Sarrians","codes_postaux":["84260"],"code_dep":"84","code_region":"93","population":5792,"surface_km2":37.6,"lat":44.1018,"lon":4.9541,"fibre_pct":90.1},{"code_insee":"84123","nom":"Sault","codes_postaux":["84390"],"code_dep":"84","code_region":"93","population":1343,"surface_km2":112.19,"lat":44.0774,"lon":5.3892,"fibre_pct":99.4},{"code_insee":"84124","nom":"Saumane-de-Vaucluse","codes_postaux":["84800"],"code_dep":"84","code_region":"93","population":886,"surface_km2":20.96,"lat":43.9334,"lon":5.1201,"fibre_pct":80.9},{"code_insee":"84125","nom":"Savoillan","codes_postaux":["84390"],"code_dep":"84","code_region":"93","population":81,"surface_km2":8.79,"lat":44.1778,"lon":5.3707,"fibre_pct":100.0},{"code_insee":"84126","nom":"Séguret","codes_postaux":["84110"],"code_dep":"84","code_region":"93","population":769,"surface_km2":21.15,"lat":44.2161,"lon":5.0257,"fibre_pct":97.4},{"code_insee":"84127","nom":"Sérignan-du-Comtat","codes_postaux":["84830"],"code_dep":"84","code_region":"93","population":2939,"surface_km2":20.23,"lat":44.1933,"lon":4.8496,"fibre_pct":99.8},{"code_insee":"84128","nom":"Sivergues","codes_postaux":["84400"],"code_dep":"84","code_region":"93","population":39,"surface_km2":9.44,"lat":43.8231,"lon":5.418,"fibre_pct":66.7},{"code_insee":"84129","nom":"Sorgues","codes_postaux":["84700"],"code_dep":"84","code_region":"93","population":19006,"surface_km2":33.55,"lat":44.016,"lon":4.8555,"fibre_pct":98.0},{"code_insee":"84130","nom":"Suzette","codes_postaux":["84190"],"code_dep":"84","code_region":"93","population":112,"surface_km2":6.79,"lat":44.1728,"lon":5.0563,"fibre_pct":100.0},{"code_insee":"84131","nom":"Taillades","codes_postaux":["84300"],"code_dep":"84","code_region":"93","population":2040,"surface_km2":6.9,"lat":43.8312,"lon":5.0965,"fibre_pct":93.9},{"code_insee":"84132","nom":"Le Thor","codes_postaux":["84250"],"code_dep":"84","code_region":"93","population":8882,"surface_km2":35.5,"lat":43.9236,"lon":4.9939,"fibre_pct":86.2},{"code_insee":"84133","nom":"La Tour-d'Aigues","codes_postaux":["84240"],"code_dep":"84","code_region":"93","population":4405,"surface_km2":41.29,"lat":43.7128,"lon":5.5682,"fibre_pct":99.2},{"code_insee":"84134","nom":"Travaillan","codes_postaux":["84850"],"code_dep":"84","code_region":"93","population":708,"surface_km2":17.89,"lat":44.1912,"lon":4.9055,"fibre_pct":100.0},{"code_insee":"84135","nom":"Uchaux","codes_postaux":["84100"],"code_dep":"84","code_region":"93","population":1699,"surface_km2":18.77,"lat":44.2096,"lon":4.7983,"fibre_pct":99.6},{"code_insee":"84136","nom":"Vacqueyras","codes_postaux":["84190"],"code_dep":"84","code_region":"93","population":1179,"surface_km2":9.0,"lat":44.1444,"lon":4.9764,"fibre_pct":94.1},{"code_insee":"84137","nom":"Vaison-la-Romaine","codes_postaux":["84110"],"code_dep":"84","code_region":"93","population":6058,"surface_km2":27.18,"lat":44.2395,"lon":5.0586,"fibre_pct":99.7},{"code_insee":"84138","nom":"Valréas","codes_postaux":["84600"],"code_dep":"84","code_region":"93","population":9224,"surface_km2":58.67,"lat":44.379,"lon":4.9973,"fibre_pct":99.7},{"code_insee":"84139","nom":"Fontaine-de-Vaucluse","codes_postaux":["84800"],"code_dep":"84","code_region":"93","population":585,"surface_km2":7.17,"lat":43.9244,"lon":5.1307,"fibre_pct":94.4},{"code_insee":"84140","nom":"Vaugines","codes_postaux":["84160"],"code_dep":"84","code_region":"93","population":553,"surface_km2":15.54,"lat":43.7738,"lon":5.4081,"fibre_pct":99.0},{"code_insee":"84141","nom":"Vedène","codes_postaux":["84270"],"code_dep":"84","code_region":"93","population":11974,"surface_km2":11.37,"lat":43.9736,"lon":4.9055,"fibre_pct":95.8},{"code_insee":"84142","nom":"Velleron","codes_postaux":["84740"],"code_dep":"84","code_region":"93","population":3168,"surface_km2":16.43,"lat":43.9604,"lon":5.0145,"fibre_pct":86.5},{"code_insee":"84143","nom":"Venasque","codes_postaux":["84210"],"code_dep":"84","code_region":"93","population":1082,"surface_km2":35.07,"lat":43.9866,"lon":5.1684,"fibre_pct":84.1},{"code_insee":"84144","nom":"Viens","codes_postaux":["84750"],"code_dep":"84","code_region":"93","population":626,"surface_km2":35.16,"lat":43.9,"lon":5.5595,"fibre_pct":75.6},{"code_insee":"84145","nom":"Villars","codes_postaux":["84400"],"code_dep":"84","code_region":"93","population":783,"surface_km2":30.29,"lat":43.9573,"lon":5.434,"fibre_pct":99.9},{"code_insee":"84146","nom":"Villedieu","codes_postaux":["84110"],"code_dep":"84","code_region":"93","population":507,"surface_km2":11.56,"lat":44.2899,"lon":5.0468,"fibre_pct":100.0},{"code_insee":"84147","nom":"Villelaure","codes_postaux":["84530"],"code_dep":"84","code_region":"93","population":3398,"surface_km2":18.1,"lat":43.7066,"lon":5.4266,"fibre_pct":97.8},{"code_insee":"84148","nom":"Villes-sur-Auzon","codes_postaux":["84570"],"code_dep":"84","code_region":"93","population":1306,"surface_km2":27.19,"lat":44.0658,"lon":5.2572,"fibre_pct":98.9},{"code_insee":"84149","nom":"Violès","codes_postaux":["84150"],"code_dep":"84","code_region":"93","population":1762,"surface_km2":14.63,"lat":44.1764,"lon":4.9511,"fibre_pct":100.0},{"code_insee":"84150","nom":"Visan","codes_postaux":["84820"],"code_dep":"84","code_region":"93","population":1857,"surface_km2":42.19,"lat":44.3288,"lon":4.9477,"fibre_pct":100.0},{"code_insee":"84151","nom":"Vitrolles-en-Lubéron","codes_postaux":["84240"],"code_dep":"84","code_region":"93","population":217,"surface_km2":16.09,"lat":43.8068,"lon":5.5985,"fibre_pct":100.0}]