[{"code_insee":"85001","nom":"L'Aiguillon-la-Presqu'île","codes_postaux":["85460"],"code_dep":"85","code_region":"52","population":2845,"surface_km2":17.0,"lat":46.31,"lon":-1.2801,"fibre_pct":95.9,"vivrescore":100},{"code_insee":"85002","nom":"L'Aiguillon-sur-Vie","codes_postaux":["85220"],"code_dep":"85","code_region":"52","population":2277,"surface_km2":23.24,"lat":46.6723,"lon":-1.8303,"fibre_pct":93.8,"vivrescore":80},{"code_insee":"85003","nom":"Aizenay","codes_postaux":["85190"],"code_dep":"85","code_region":"52","population":10365,"surface_km2":82.07,"lat":46.7366,"lon":-1.6271,"fibre_pct":99.9,"vivrescore":100},{"code_insee":"85004","nom":"Angles","codes_postaux":["85750"],"code_dep":"85","code_region":"52","population":3115,"surface_km2":33.38,"lat":46.3873,"lon":-1.4045,"fibre_pct":98.5,"vivrescore":100},{"code_insee":"85005","nom":"Antigny","codes_postaux":["85120"],"code_dep":"85","code_region":"52","population":1027,"surface_km2":22.38,"lat":46.6141,"lon":-0.7576,"fibre_pct":98.4,"vivrescore":100},{"code_insee":"85006","nom":"Apremont","codes_postaux":["85220"],"code_dep":"85","code_region":"52","population":2108,"surface_km2":30.07,"lat":46.76,"lon":-1.7498,"fibre_pct":81.1,"vivrescore":80},{"code_insee":"85008","nom":"Aubigny-Les Clouzeaux","codes_postaux":["85430"],"code_dep":"85","code_region":"52","population":7191,"surface_km2":52.59,"lat":46.6123,"lon":-1.4794,"fibre_pct":96.4,"vivrescore":100},{"code_insee":"85009","nom":"Auchay-sur-Vendée","codes_postaux":["85200"],"code_dep":"85","code_region":"52","population":1122,"surface_km2":21.28,"lat":46.4366,"lon":-0.8739,"fibre_pct":96.9,"vivrescore":100},{"code_insee":"85010","nom":"Avrillé","codes_postaux":["85440"],"code_dep":"85","code_region":"52","population":1403,"surface_km2":25.49,"lat":46.4744,"lon":-1.4983,"fibre_pct":92.3,"vivrescore":80},{"code_insee":"85011","nom":"Barbâtre","codes_postaux":["85630"],"code_dep":"85","code_region":"52","population":1824,"surface_km2":13.15,"lat":46.9274,"lon":-2.1723,"fibre_pct":98.3,"vivrescore":100},{"code_insee":"85012","nom":"La Barre-de-Monts","codes_postaux":["85550"],"code_dep":"85","code_region":"52","population":2367,"surface_km2":28.16,"lat":46.8741,"lon":-2.0915,"fibre_pct":97.1,"vivrescore":100},{"code_insee":"85013","nom":"Bazoges-en-Paillers","codes_postaux":["85130"],"code_dep":"85","code_region":"52","population":1555,"surface_km2":11.61,"lat":46.9204,"lon":-1.1472,"fibre_pct":93.8,"vivrescore":80},{"code_insee":"85014","nom":"Bazoges-en-Pareds","codes_postaux":["85390"],"code_dep":"85","code_region":"52","population":1184,"surface_km2":34.01,"lat":46.6599,"lon":-0.9163,"fibre_pct":99.7,"vivrescore":100},{"code_insee":"85015","nom":"Beaufou","codes_postaux":["85170"],"code_dep":"85","code_region":"52","population":1683,"surface_km2":28.0,"lat":46.8226,"lon":-1.5124,"fibre_pct":99.9,"vivrescore":100},{"code_insee":"85016","nom":"Beaulieu-sous-la-Roche","codes_postaux":["85190"],"code_dep":"85","code_region":"52","population":2421,"surface_km2":25.75,"lat":46.6869,"lon":-1.6246,"fibre_pct":90.8,"vivrescore":80},{"code_insee":"85017","nom":"Beaurepaire","codes_postaux":["85500"],"code_dep":"85","code_region":"52","population":2385,"surface_km2":24.38,"lat":46.9076,"lon":-1.0998,"fibre_pct":88.8,"vivrescore":80},{"code_insee":"85018","nom":"Beauvoir-sur-Mer","codes_postaux":["85230"],"code_dep":"85","code_region":"52","population":4035,"surface_km2":35.18,"lat":46.9047,"lon":-2.0648,"fibre_pct":98.4,"vivrescore":100},{"code_insee":"85019","nom":"Bellevigny","codes_postaux":["85170"],"code_dep":"85","code_region":"52","population":6240,"surface_km2":39.06,"lat":46.7876,"lon":-1.4073,"fibre_pct":92.9,"vivrescore":80},{"code_insee":"85020","nom":"Benet","codes_postaux":["85490"],"code_dep":"85","code_region":"52","population":4089,"surface_km2":50.27,"lat":46.3654,"lon":-0.6147,"fibre_pct":94.4,"vivrescore":80},{"code_insee":"85022","nom":"Le Bernard","codes_postaux":["85560"],"code_dep":"85","code_region":"52","population":1319,"surface_km2":27.66,"lat":46.4512,"lon":-1.4443,"fibre_pct":89.0,"vivrescore":80},{"code_insee":"85023","nom":"Bessay","codes_postaux":["85320"],"code_dep":"85","code_region":"52","population":456,"surface_km2":10.74,"lat":46.5418,"lon":-1.1679,"fibre_pct":95.1,"vivrescore":100},{"code_insee":"85024","nom":"Bois-de-Céné","codes_postaux":["85710"],"code_dep":"85","code_region":"52","population":2256,"surface_km2":42.7,"lat":46.9528,"lon":-1.8923,"fibre_pct":99.7,"vivrescore":100},{"code_insee":"85025","nom":"La Boissière-de-Montaigu","codes_postaux":["85600"],"code_dep":"85","code_region":"52","population":2311,"surface_km2":29.2,"lat":46.9497,"lon":-1.1903,"fibre_pct":99.8,"vivrescore":100},{"code_insee":"85026","nom":"La Boissière-des-Landes","codes_postaux":["85430"],"code_dep":"85","code_region":"52","population":1464,"surface_km2":23.93,"lat":46.5588,"lon":-1.438,"fibre_pct":96.4,"vivrescore":100},{"code_insee":"85028","nom":"Bouillé-Courdault","codes_postaux":["85420"],"code_dep":"85","code_region":"52","population":595,"surface_km2":9.8,"lat":46.3855,"lon":-0.6849,"fibre_pct":92.4,"vivrescore":80},{"code_insee":"85029","nom":"Bouin","codes_postaux":["85230"],"code_dep":"85","code_region":"52","population":2205,"surface_km2":52.12,"lat":46.9802,"lon":-2.0064,"fibre_pct":95.4,"vivrescore":100},{"code_insee":"85031","nom":"Le Boupère","codes_postaux":["85510"],"code_dep":"85","code_region":"52","population":3151,"surface_km2":43.73,"lat":46.7867,"lon":-0.9341,"fibre_pct":99.7,"vivrescore":100},{"code_insee":"85033","nom":"Bourneau","codes_postaux":["85200"],"code_dep":"85","code_region":"52","population":710,"surface_km2":16.38,"lat":46.5501,"lon":-0.811,"fibre_pct":96.1,"vivrescore":100},{"code_insee":"85034","nom":"Bournezeau","codes_postaux":["85480"],"code_dep":"85","code_region":"52","population":3452,"surface_km2":61.23,"lat":46.6289,"lon":-1.139,"fibre_pct":95.6,"vivrescore":100},{"code_insee":"85035","nom":"Bretignolles-sur-Mer","codes_postaux":["85470"],"code_dep":"85","code_region":"52","population":5344,"surface_km2":27.31,"lat":46.6309,"lon":-1.8713,"fibre_pct":96.7,"vivrescore":100},{"code_insee":"85036","nom":"La Bretonnière-la-Claye","codes_postaux":["85320"],"code_dep":"85","code_region":"52","population":586,"surface_km2":16.51,"lat":46.4917,"lon":-1.2624,"fibre_pct":100.0,"vivrescore":100},{"code_insee":"85038","nom":"Les Brouzils","codes_postaux":["85260"],"code_dep":"85","code_region":"52","population":2938,"surface_km2":41.73,"lat":46.8898,"lon":-1.3389,"fibre_pct":100.0,"vivrescore":100},{"code_insee":"85039","nom":"La Bruffière","codes_postaux":["85530"],"code_dep":"85","code_region":"52","population":3987,"surface_km2":40.72,"lat":47.0143,"lon":-1.1816,"fibre_pct":97.3,"vivrescore":100},{"code_insee":"85040","nom":"La Caillère-Saint-Hilaire","codes_postaux":["85410"],"code_dep":"85","code_region":"52","population":1100,"surface_km2":15.43,"lat":46.6306,"lon":-0.9315,"fibre_pct":100.0,"vivrescore":100},{"code_insee":"85042","nom":"Chaillé-les-Marais","codes_postaux":["85450"],"code_dep":"85","code_region":"52","population":1924,"surface_km2":40.26,"lat":46.3875,"lon":-1.0093,"fibre_pct":93.4,"vivrescore":80},{"code_insee":"85045","nom":"La Chaize-Giraud","codes_postaux":["85220"],"code_dep":"85","code_region":"52","population":1124,"surface_km2":2.81,"lat":46.6479,"lon":-1.8196,"fibre_pct":98.6,"vivrescore":100},{"code_insee":"85046","nom":"La Chaize-le-Vicomte","codes_postaux":["85310"],"code_dep":"85","code_region":"52","population":3948,"surface_km2":49.72,"lat":46.6671,"lon":-1.2833,"fibre_pct":92.9,"vivrescore":80},{"code_insee":"85047","nom":"Challans","codes_postaux":["85300"],"code_dep":"85","code_region":"52","population":22943,"surface_km2":65.42,"lat":46.833,"lon":-1.8422,"fibre_pct":94.6,"vivrescore":80},{"code_insee":"85049","nom":"Champagné-les-Marais","codes_postaux":["85450"],"code_dep":"85","code_region":"52","population":1824,"surface_km2":49.79,"lat":46.3718,"lon":-1.1288,"fibre_pct":85.7,"vivrescore":80},{"code_insee":"85050","nom":"Le Champ-Saint-Père","codes_postaux":["85540"],"code_dep":"85","code_region":"52","population":2135,"surface_km2":24.79,"lat":46.5121,"lon":-1.3396,"fibre_pct":99.6,"vivrescore":100},{"code_insee":"85051","nom":"Chantonnay","codes_postaux":["85110"],"code_dep":"85","code_region":"52","population":8557,"surface_km2":83.9,"lat":46.6699,"lon":-1.045,"fibre_pct":94.9,"vivrescore":80},{"code_insee":"85054","nom":"La Chapelle-Hermier","codes_postaux":["85220"],"code_dep":"85","code_region":"52","population":1098,"surface_km2":18.13,"lat":46.6841,"lon":-1.7237,"fibre_pct":93.8,"vivrescore":80},{"code_insee":"85055","nom":"La Chapelle-Palluau","codes_postaux":["85670"],"code_dep":"85","code_region":"52","population":1124,"surface_km2":13.03,"lat":46.7877,"lon":-1.6228,"fibre_pct":100.0,"vivrescore":100},{"code_insee":"85056","nom":"La Chapelle-Thémer","codes_postaux":["85210"],"code_dep":"85","code_region":"52","population":393,"surface_km2":15.18,"lat":46.5677,"lon":-0.9645,"fibre_pct":100.0,"vivrescore":100},{"code_insee":"85058","nom":"Chasnais","codes_postaux":["85400"],"code_dep":"85","code_region":"52","population":818,"surface_km2":10.83,"lat":46.444,"lon":-1.2388,"fibre_pct":100.0,"vivrescore":100},{"code_insee":"85059","nom":"La Châtaigneraie","codes_postaux":["85120"],"code_dep":"85","code_region":"52","population":2600,"surface_km2":7.98,"lat":46.6423,"lon":-0.7402,"fibre_pct":96.1,"vivrescore":100},{"code_insee":"85061","nom":"Château-Guibert","codes_postaux":["85320"],"code_dep":"85","code_region":"52","population":1584,"surface_km2":35.25,"lat":46.575,"lon":-1.2638,"fibre_pct":96.3,"vivrescore":100},{"code_insee":"85062","nom":"Châteauneuf","codes_postaux":["85710"],"code_dep":"85","code_region":"52","population":1140,"surface_km2":16.1,"lat":46.9205,"lon":-1.9237,"fibre_pct":98.7,"vivrescore":100},{"code_insee":"85064","nom":"Chauché","codes_postaux":["85140"],"code_dep":"85","code_region":"52","population":2613,"surface_km2":41.93,"lat":46.8272,"lon":-1.2668,"fibre_pct":99.0,"vivrescore":100},{"code_insee":"85065","nom":"Chavagnes-en-Paillers","codes_postaux":["85250"],"code_dep":"85","code_region":"52","population":3726,"surface_km2":40.38,"lat":46.8898,"lon":-1.2341,"fibre_pct":97.2,"vivrescore":100},{"code_insee":"85066","nom":"Chavagnes-les-Redoux","codes_postaux":["85390"],"code_dep":"85","code_region":"52","population":857,"surface_km2":13.6,"lat":46.7119,"lon":-0.9171,"fibre_pct":100.0,"vivrescore":100},{"code_insee":"85067","nom":"Cheffois","codes_postaux":["85390"],"code_dep":"85","code_region":"52","population":1009,"surface_km2":18.82,"lat":46.6803,"lon":-0.7815,"fibre_pct":100.0,"vivrescore":100},{"code_insee":"85070","nom":"Coëx","codes_postaux":["85220"],"code_dep":"85","code_region":"52","population":3428,"surface_km2":39.92,"lat":46.7105,"lon":-1.7534,"fibre_pct":93.6,"vivrescore":80},{"code_insee":"85071","nom":"Commequiers","codes_postaux":["85220"],"code_dep":"85","code_region":"52","population":3735,"surface_km2":40.73,"lat":46.7694,"lon":-1.8232,"fibre_pct":98.4,"vivrescore":100},{"code_insee":"85072","nom":"La Copechagnière","codes_postaux":["85260"],"code_dep":"85","code_region":"52","population":1046,"surface_km2":9.87,"lat":46.8507,"lon":-1.3421,"fibre_pct":100.0,"vivrescore":100},{"code_insee":"85073","nom":"Corpe","codes_postaux":["85320"],"code_dep":"85","code_region":"52","population":1024,"surface_km2":17.11,"lat":46.5079,"lon":-1.1686,"fibre_pct":99.8,"vivrescore":100},{"code_insee":"85074","nom":"La Couture","codes_postaux":["85320"],"code_dep":"85","code_region":"52","population":231,"surface_km2":7.13,"lat":46.5241,"lon":-1.2661,"fibre_pct":89.7,"vivrescore":80},{"code_insee":"85076","nom":"Cugand-la-Bernardière","codes_postaux":["85610"],"code_dep":"85","code_region":"52","population":5711,"surface_km2":28.52,"lat":47.0474,"lon":-1.2574,"fibre_pct":98.6,"vivrescore":100},{"code_insee":"85077","nom":"Curzon","codes_postaux":["85540"],"code_dep":"85","code_region":"52","population":481,"surface_km2":5.94,"lat":46.4494,"lon":-1.3051,"fibre_pct":93.2,"vivrescore":80},{"code_insee":"85078","nom":"Damvix","codes_postaux":["85420"],"code_dep":"85","code_region":"52","population":733,"surface_km2":11.6,"lat":46.3224,"lon":-0.7458,"fibre_pct":93.2,"vivrescore":80},{"code_insee":"85080","nom":"Doix lès Fontaines","codes_postaux":["85200"],"code_dep":"85","code_region":"52","population":1779,"surface_km2":23.99,"lat":46.3994,"lon":-0.8098,"fibre_pct":97.1,"vivrescore":100},{"code_insee":"85081","nom":"Dompierre-sur-Yon","codes_postaux":["85170"],"code_dep":"85","code_region":"52","population":4625,"surface_km2":33.87,"lat":46.7636,"lon":-1.3773,"fibre_pct":98.6,"vivrescore":100},{"code_insee":"85082","nom":"Les Epesses","codes_postaux":["85590"],"code_dep":"85","code_region":"52","population":2983,"surface_km2":31.65,"lat":46.8927,"lon":-0.903,"fibre_pct":99.2,"vivrescore":100},{"code_insee":"85083","nom":"L'Épine","codes_postaux":["85740"],"code_dep":"85","code_region":"52","population":1636,"surface_km2":8.64,"lat":46.9799,"lon":-2.2616,"fibre_pct":94.6,"vivrescore":80},{"code_insee":"85084","nom":"Essarts-en-Bocage","codes_postaux":["85140"],"code_dep":"85","code_region":"52","population":6851,"surface_km2":69.07,"lat":46.7861,"lon":-1.2458,"fibre_pct":82.3,"vivrescore":80},{"code_insee":"85086","nom":"Falleron","codes_postaux":["85670"],"code_dep":"85","code_region":"52","population":1725,"surface_km2":29.07,"lat":46.863,"lon":-1.7016,"fibre_pct":93.8,"vivrescore":80},{"code_insee":"85087","nom":"Faymoreau","codes_postaux":["85240"],"code_dep":"85","code_region":"52","population":209,"surface_km2":11.02,"lat":46.5436,"lon":-0.6256,"fibre_pct":100.0,"vivrescore":100},{"code_insee":"85088","nom":"Le Fenouiller","codes_postaux":["85800"],"code_dep":"85","code_region":"52","population":4978,"surface_km2":17.93,"lat":46.7168,"lon":-1.8951,"fibre_pct":99.2,"vivrescore":100},{"code_insee":"85089","nom":"La Ferrière","codes_postaux":["85280"],"code_dep":"85","code_region":"52","population":5454,"surface_km2":47.13,"lat":46.7205,"lon":-1.3294,"fibre_pct":97.2,"vivrescore":100},{"code_insee":"85090","nom":"Sèvremont","codes_postaux":["85700"],"code_dep":"85","code_region":"52","population":6385,"surface_km2":89.25,"lat":46.8405,"lon":-0.8511,"fibre_pct":99.8,"vivrescore":100},{"code_insee":"85092","nom":"Fontenay-le-Comte","codes_postaux":["85200"],"code_dep":"85","code_region":"52","population":14059,"surface_km2":34.2,"lat":46.4587,"lon":-0.7887,"fibre_pct":97.2,"vivrescore":100},{"code_insee":"85093","nom":"Fougeré","codes_postaux":["85480"],"code_dep":"85","code_region":"52","population":1240,"surface_km2":27.21,"lat":46.6648,"lon":-1.2414,"fibre_pct":98.9,"vivrescore":100},{"code_insee":"85094","nom":"Foussais-Payré","codes_postaux":["85240"],"code_dep":"85","code_region":"52","population":1168,"surface_km2":34.61,"lat":46.5192,"lon":-0.6873,"fibre_pct":100.0,"vivrescore":100},{"code_insee":"85095","nom":"Froidfond","codes_postaux":["85300"],"code_dep":"85","code_region":"52","population":2208,"surface_km2":21.81,"lat":46.8791,"lon":-1.7596,"fibre_pct":99.5,"vivrescore":100},{"code_insee":"85096","nom":"La Garnache","codes_postaux":["85710"],"code_dep":"85","code_region":"52","population":5515,"surface_km2":60.52,"lat":46.8961,"lon":-1.8215,"fibre_pct":99.6,"vivrescore":100},{"code_insee":"85097","nom":"La Gaubretière","codes_postaux":["85130"],"code_dep":"85","code_region":"52","population":3225,"surface_km2":30.27,"lat":46.9351,"lon":-1.0541,"fibre_pct":97.8,"vivrescore":100},{"code_insee":"85098","nom":"La Genétouze","codes_postaux":["85190"],"code_dep":"85","code_region":"52","population":2011,"surface_km2":13.28,"lat":46.7232,"lon":-1.5062,"fibre_pct":99.2,"vivrescore":100},{"code_insee":"85099","nom":"Le Girouard","codes_postaux":["85150"],"code_dep":"85","code_region":"52","population":1156,"surface_km2":25.5,"lat":46.5725,"lon":-1.591,"fibre_pct":100.0,"vivrescore":100},{"code_insee":"85100","nom":"Givrand","codes_postaux":["85800"],"code_dep":"85","code_region":"52","population":2205,"surface_km2":11.79,"lat":46.6821,"lon":-1.8792,"fibre_pct":79.0,"vivrescore":60},{"code_insee":"85101","nom":"Le Givre","codes_postaux":["85540"],"code_dep":"85","code_region":"52","population":535,"surface_km2":12.53,"lat":46.4732,"lon":-1.3973,"fibre_pct":100.0,"vivrescore":100},{"code_insee":"85102","nom":"Grand'Landes","codes_postaux":["85670"],"code_dep":"85","code_region":"52","population":725,"surface_km2":20.38,"lat":46.8434,"lon":-1.6431,"fibre_pct":100.0,"vivrescore":100},{"code_insee":"85103","nom":"Grosbreuil","codes_postaux":["85440"],"code_dep":"85","code_region":"52","population":2221,"surface_km2":36.76,"lat":46.539,"lon":-1.5955,"fibre_pct":99.3,"vivrescore":100},{"code_insee":"85104","nom":"Grues","codes_postaux":["85580"],"code_dep":"85","code_region":"52","population":927,"surface_km2":47.51,"lat":46.3818,"lon":-1.3216,"fibre_pct":99.9,"vivrescore":100},{"code_insee":"85105","nom":"Le Gué-de-Velluire","codes_postaux":["85770"],"code_dep":"85","code_region":"52","population":525,"surface_km2":12.8,"lat":46.3682,"lon":-0.9066,"fibre_pct":97.3,"vivrescore":100},{"code_insee":"85106","nom":"La Guérinière","codes_postaux":["85680"],"code_dep":"85","code_region":"52","population":1377,"surface_km2":7.84,"lat":46.9668,"lon":-2.2273,"fibre_pct":99.0,"vivrescore":100},{"code_insee":"85108","nom":"L'Herbergement","codes_postaux":["85260"],"code_dep":"85","code_region":"52","population":3482,"surface_km2":16.97,"lat":46.9153,"lon":-1.3745,"fibre_pct":89.0,"vivrescore":80},{"code_insee":"85109","nom":"Les Herbiers","codes_postaux":["85500"],"code_dep":"85","code_region":"52","population":16521,"surface_km2":89.06,"lat":46.8644,"lon":-1.0286,"fibre_pct":98.8,"vivrescore":100},{"code_insee":"85110","nom":"L'Hermenault","codes_postaux":["85570"],"code_dep":"85","code_region":"52","population":914,"surface_km2":11.44,"lat":46.5152,"lon":-0.8951,"fibre_pct":98.9,"vivrescore":100},{"code_insee":"85111","nom":"L'Île-d'Elle","codes_postaux":["85770"],"code_dep":"85","code_region":"52","population":1502,"surface_km2":19.11,"lat":46.335,"lon":-0.9235,"fibre_pct":100.0,"vivrescore":100},{"code_insee":"85112","nom":"L'Île-d'Olonne","codes_postaux":["85340"],"code_dep":"85","code_region":"52","population":2802,"surface_km2":19.54,"lat":46.57,"lon":-1.7767,"fibre_pct":99.7,"vivrescore":100},{"code_insee":"85113","nom":"L'Île-d'Yeu","codes_postaux":["85350"],"code_dep":"85","code_region":"52","population":4883,"surface_km2":24.0,"lat":46.7099,"lon":-2.3415,"fibre_pct":96.0,"vivrescore":100},{"code_insee":"85114","nom":"Jard-sur-Mer","codes_postaux":["85520"],"code_dep":"85","code_region":"52","population":3235,"surface_km2":16.72,"lat":46.4267,"lon":-1.6083,"fibre_pct":97.8,"vivrescore":100},{"code_insee":"85115","nom":"La Jaudonnière","codes_postaux":["85110"],"code_dep":"85","code_region":"52","population":670,"surface_km2":8.29,"lat":46.6477,"lon":-0.961,"fibre_pct":95.0,"vivrescore":100},{"code_insee":"85116","nom":"La Jonchère","codes_postaux":["85540"],"code_dep":"85","code_region":"52","population":498,"surface_km2":11.52,"lat":46.4364,"lon":-1.3829,"fibre_pct":99.2,"vivrescore":100},{"code_insee":"85117","nom":"Lairoux","codes_postaux":["85400"],"code_dep":"85","code_region":"52","population":602,"surface_km2":13.33,"lat":46.4477,"lon":-1.2707,"fibre_pct":100.0,"vivrescore":100},{"code_insee":"85118","nom":"Landeronde","codes_postaux":["85150"],"code_dep":"85","code_region":"52","population":2303,"surface_km2":18.21,"lat":46.6526,"lon":-1.5706,"fibre_pct":95.3,"vivrescore":100},{"code_insee":"85119","nom":"Les Landes-Genusson","codes_postaux":["85130"],"code_dep":"85","code_region":"52","population":2638,"surface_km2":31.35,"lat":46.9697,"lon":-1.1254,"fibre_pct":92.3,"vivrescore":80},{"code_insee":"85120","nom":"Landevieille","codes_postaux":["85220"],"code_dep":"85","code_region":"52","population":1519,"surface_km2":13.83,"lat":46.6451,"lon":-1.7869,"fibre_pct":98.5,"vivrescore":100},{"code_insee":"85121","nom":"Le Langon","codes_postaux":["85370"],"code_dep":"85","code_region":"52","population":1045,"surface_km2":23.86,"lat":46.437,"lon":-0.9444,"fibre_pct":98.9,"vivrescore":100},{"code_insee":"85123","nom":"Liez","codes_postaux":["85420"],"code_dep":"85","code_region":"52","population":302,"surface_km2":8.51,"lat":46.3685,"lon":-0.7043,"fibre_pct":94.0,"vivrescore":80},{"code_insee":"85125","nom":"Loge-Fougereuse","codes_postaux":["85120"],"code_dep":"85","code_region":"52","population":373,"surface_km2":10.42,"lat":46.6147,"lon":-0.6939,"fibre_pct":99.5,"vivrescore":100},{"code_insee":"85126","nom":"Longèves","codes_postaux":["85200"],"code_dep":"85","code_region":"52","population":1369,"surface_km2":11.85,"lat":46.4714,"lon":-0.861,"fibre_pct":91.1,"vivrescore":80},{"code_insee":"85127","nom":"Longeville-sur-Mer","codes_postaux":["85560"],"code_dep":"85","code_region":"52","population":2625,"surface_km2":38.14,"lat":46.4095,"lon":-1.478,"fibre_pct":97.7,"vivrescore":100},{"code_insee":"85128","nom":"Luçon","codes_postaux":["85400"],"code_dep":"85","code_region":"52","population":9417,"surface_km2":31.44,"lat":46.452,"lon":-1.1616,"fibre_pct":97.9,"vivrescore":100},{"code_insee":"85129","nom":"Les Lucs-sur-Boulogne","codes_postaux":["85170"],"code_dep":"85","code_region":"52","population":3701,"surface_km2":53.33,"lat":46.8516,"lon":-1.4938,"fibre_pct":98.0,"vivrescore":100},{"code_insee":"85130","nom":"Maché","codes_postaux":["85190"],"code_dep":"85","code_region":"52","population":1831,"surface_km2":18.22,"lat":46.7717,"lon":-1.6959,"fibre_pct":94.0,"vivrescore":80},{"code_insee":"85131","nom":"Les Magnils-Reigniers","codes_postaux":["85400"],"code_dep":"85","code_region":"52","population":1486,"surface_km2":18.08,"lat":46.4585,"lon":-1.2134,"fibre_pct":93.5,"vivrescore":80},{"code_insee":"85132","nom":"Maillé","codes_postaux":["85420"],"code_dep":"85","code_region":"52","population":759,"surface_km2":17.64,"lat":46.3435,"lon":-0.7842,"fibre_pct":88.7,"vivrescore":80},{"code_insee":"85133","nom":"Maillezais","codes_postaux":["85420"],"code_dep":"85","code_region":"52","population":890,"surface_km2":20.45,"lat":46.3637,"lon":-0.7484,"fibre_pct":95.8,"vivrescore":100},{"code_insee":"85134","nom":"Mallièvre","codes_postaux":["85590"],"code_dep":"85","code_region":"52","population":251,"surface_km2":0.21,"lat":46.9112,"lon":-0.8653,"fibre_pct":97.1,"vivrescore":100},{"code_insee":"85135","nom":"Mareuil-sur-Lay-Dissais","codes_postaux":["85320"],"code_dep":"85","code_region":"52","population":2808,"surface_km2":25.9,"lat":46.5321,"lon":-1.2322,"fibre_pct":98.4,"vivrescore":100},{"code_insee":"85136","nom":"Marillet","codes_postaux":["85240"],"code_dep":"85","code_region":"52","population":123,"surface_km2":4.25,"lat":46.5675,"lon":-0.6349,"fibre_pct":100.0,"vivrescore":100},{"code_insee":"85137","nom":"Marsais-Sainte-Radégonde","codes_postaux":["85570"],"code_dep":"85","code_region":"52","population":553,"surface_km2":14.77,"lat":46.5389,"lon":-0.8712,"fibre_pct":100.0,"vivrescore":100},{"code_insee":"85138","nom":"Martinet","codes_postaux":["85150"],"code_dep":"85","code_region":"52","population":1229,"surface_km2":18.38,"lat":46.6638,"lon":-1.6793,"fibre_pct":91.1,"vivrescore":80},{"code_insee":"85139","nom":"Le Mazeau","codes_postaux":["85420"],"code_dep":"85","code_region":"52","population":464,"surface_km2":8.41,"lat":46.332,"lon":-0.6769,"fibre_pct":100.0,"vivrescore":100},{"code_insee":"85140","nom":"La Meilleraie-Tillay","codes_postaux":["85700"],"code_dep":"85","code_region":"52","population":1485,"surface_km2":20.2,"lat":46.7407,"lon":-0.851,"fibre_pct":100.0,"vivrescore":100},{"code_insee":"85141","nom":"Menomblet","codes_postaux":["85700"],"code_dep":"85","code_region":"52","population":685,"surface_km2":21.28,"lat":46.7334,"lon":-0.7324,"fibre_pct":96.3,"vivrescore":100},{"code_insee":"85142","nom":"La Merlatière","codes_postaux":["85140"],"code_dep":"85","code_region":"52","population":1009,"surface_km2":15.08,"lat":46.7547,"lon":-1.2968,"fibre_pct":86.6,"vivrescore":80},{"code_insee":"85143","nom":"Mervent","codes_postaux":["85200"],"code_dep":"85","code_region":"52","population":1063,"surface_km2":22.5,"lat":46.5335,"lon":-0.7529,"fibre_pct":89.5,"vivrescore":80},{"code_insee":"85144","nom":"Mesnard-la-Barotière","codes_postaux":["85500"],"code_dep":"85","code_region":"52","population":1558,"surface_km2":11.9,"lat":46.8544,"lon":-1.1072,"fibre_pct":93.5,"vivrescore":80},{"code_insee":"85145","nom":"Monsireigne","codes_postaux":["85110"],"code_dep":"85","code_region":"52","population":999,"surface_km2":20.91,"lat":46.7333,"lon":-0.9308,"fibre_pct":100.0,"vivrescore":100},{"code_insee":"85146","nom":"Montaigu-Vendée","codes_postaux":["85600"],"code_dep":"85","code_region":"52","population":21134,"surface_km2":118.22,"lat":46.9741,"lon":-1.2923,"fibre_pct":96.2,"vivrescore":100},{"code_insee":"85147","nom":"Montournais","codes_postaux":["85700"],"code_dep":"85","code_region":"52","population":1630,"surface_km2":29.49,"lat":46.7539,"lon":-0.7789,"fibre_pct":96.7,"vivrescore":100},{"code_insee":"85148","nom":"Montreuil","codes_postaux":["85200"],"code_dep":"85","code_region":"52","population":818,"surface_km2":12.03,"lat":46.3975,"lon":-0.8407,"fibre_pct":100.0,"vivrescore":100},{"code_insee":"85149","nom":"Moreilles","codes_postaux":["85450"],"code_dep":"85","code_region":"52","population":407,"surface_km2":19.81,"lat":46.4206,"lon":-1.1009,"fibre_pct":91.6,"vivrescore":80},{"code_insee":"85151","nom":"Mortagne-sur-Sèvre","codes_postaux":["85290"],"code_dep":"85","code_region":"52","population":6057,"surface_km2":22.05,"lat":46.993,"lon":-0.9542,"fibre_pct":100.0,"vivrescore":100},{"code_insee":"85152","nom":"Les Achards","codes_postaux":["85150"],"code_dep":"85","code_region":"52","population":5518,"surface_km2":30.59,"lat":46.5924,"lon":-1.6651,"fibre_pct":95.7,"vivrescore":100},{"code_insee":"85153","nom":"Mouchamps","codes_postaux":["85640"],"code_dep":"85","code_region":"52","population":3015,"surface_km2":54.97,"lat":46.7899,"lon":-1.0509,"fibre_pct":99.4,"vivrescore":100},{"code_insee":"85154","nom":"Mouilleron-Saint-Germain","codes_postaux":["85390"],"code_dep":"85","code_region":"52","population":1744,"surface_km2":28.71,"lat":46.6689,"lon":-0.8453,"fibre_pct":99.9,"vivrescore":100},{"code_insee":"85155","nom":"Mouilleron-le-Captif","codes_postaux":["85000"],"code_dep":"85","code_region":"52","population":5273,"surface_km2":20.02,"lat":46.7114,"lon":-1.4649,"fibre_pct":95.4,"vivrescore":100},{"code_insee":"85156","nom":"Moutiers-les-Mauxfaits","codes_postaux":["85540"],"code_dep":"85","code_region":"52","population":2385,"surface_km2":9.34,"lat":46.4888,"lon":-1.434,"fibre_pct":96.9,"vivrescore":100},{"code_insee":"85157","nom":"Moutiers-sur-le-Lay","codes_postaux":["85320"],"code_dep":"85","code_region":"52","population":843,"surface_km2":18.43,"lat":46.5644,"lon":-1.1722,"fibre_pct":100.0,"vivrescore":100},{"code_insee":"85158","nom":"Mouzeuil-Saint-Martin","codes_postaux":["85370"],"code_dep":"85","code_region":"52","population":1233,"surface_km2":26.11,"lat":46.4544,"lon":-0.9807,"fibre_pct":93.9,"vivrescore":80},{"code_insee":"85159","nom":"Nalliers","codes_postaux":["85370"],"code_dep":"85","code_region":"52","population":2389,"surface_km2":32.82,"lat":46.4639,"lon":-1.0395,"fibre_pct":99.6,"vivrescore":100},{"code_insee":"85160","nom":"Nesmy","codes_postaux":["85310"],"code_dep":"85","code_region":"52","population":3100,"surface_km2":24.69,"lat":46.5904,"lon":-1.4107,"fibre_pct":97.9,"vivrescore":100},{"code_insee":"85161","nom":"Nieul-le-Dolent","codes_postaux":["85430"],"code_dep":"85","code_region":"52","population":2571,"surface_km2":28.06,"lat":46.5688,"lon":-1.5141,"fibre_pct":96.7,"vivrescore":100},{"code_insee":"85162","nom":"Rives-d'Autise","codes_postaux":["85240","85420"],"code_dep":"85","code_region":"52","population":2036,"surface_km2":32.13,"lat":46.4185,"lon":-0.6661,"fibre_pct":99.6,"vivrescore":100},{"code_insee":"85163","nom":"Noirmoutier-en-l'Île","codes_postaux":["85330"],"code_dep":"85","code_region":"52","population":4505,"surface_km2":20.0,"lat":47.0164,"lon":-2.2891,"fibre_pct":95.8,"vivrescore":100},{"code_insee":"85164","nom":"Notre-Dame-de-Monts","codes_postaux":["85690"],"code_dep":"85","code_region":"52","population":2420,"surface_km2":20.81,"lat":46.8398,"lon":-2.103,"fibre_pct":96.8,"vivrescore":100},{"code_insee":"85165","nom":"L'Oie","codes_postaux":["85140"],"code_dep":"85","code_region":"52","population":1250,"surface_km2":14.3,"lat":46.7799,"lon":-1.121,"fibre_pct":97.3,"vivrescore":100},{"code_insee":"85167","nom":"L'Orbrie","codes_postaux":["85200"],"code_dep":"85","code_region":"52","population":808,"surface_km2":9.67,"lat":46.4988,"lon":-0.7742,"fibre_pct":98.4,"vivrescore":100},{"code_insee":"85169","nom":"Palluau","codes_postaux":["85670"],"code_dep":"85","code_region":"52","population":1128,"surface_km2":7.56,"lat":46.8075,"lon":-1.6033,"fibre_pct":99.9,"vivrescore":100},{"code_insee":"85171","nom":"Péault","codes_postaux":["85320"],"code_dep":"85","code_region":"52","population":629,"surface_km2":9.12,"lat":46.5028,"lon":-1.2291,"fibre_pct":100.0,"vivrescore":100},{"code_insee":"85172","nom":"Le Perrier","codes_postaux":["85300"],"code_dep":"85","code_region":"52","population":2280,"surface_km2":33.02,"lat":46.8098,"lon":-1.9671,"fibre_pct":100.0,"vivrescore":100},{"code_insee":"85174","nom":"Petosse","codes_postaux":["85570"],"code_dep":"85","code_region":"52","population":688,"surface_km2":15.95,"lat":46.4797,"lon":-0.9133,"fibre_pct":100.0,"vivrescore":100},{"code_insee":"85175","nom":"Les Pineaux","codes_postaux":["85320"],"code_dep":"85","code_region":"52","population":688,"surface_km2":17.32,"lat":46.5988,"lon":-1.1739,"fibre_pct":100.0,"vivrescore":100},{"code_insee":"85176","nom":"Pissotte","codes_postaux":["85200"],"code_dep":"85","code_region":"52","population":1132,"surface_km2":12.01,"lat":46.5035,"lon":-0.8106,"fibre_pct":99.9,"vivrescore":100},{"code_insee":"85177","nom":"Les Velluire-sur-Vendée","codes_postaux":["85770"],"code_dep":"85","code_region":"52","population":1358,"surface_km2":26.56,"lat":46.4152,"lon":-0.904,"fibre_pct":100.0,"vivrescore":100},{"code_insee":"85178","nom":"Le Poiré-sur-Vie","codes_postaux":["85170"],"code_dep":"85","code_region":"52","population":8649,"surface_km2":72.13,"lat":46.7681,"lon":-1.5016,"fibre_pct":98.7,"vivrescore":100},{"code_insee":"85179","nom":"Poiroux","codes_postaux":["85440"],"code_dep":"85","code_region":"52","population":1246,"surface_km2":25.8,"lat":46.5086,"lon":-1.5378,"fibre_pct":100.0,"vivrescore":100},{"code_insee":"85181","nom":"Pouillé","codes_postaux":["85570"],"code_dep":"85","code_region":"52","population":630,"surface_km2":17.24,"lat":46.5034,"lon":-0.9587,"fibre_pct":100.0,"vivrescore":100},{"code_insee":"85182","nom":"Pouzauges","codes_postaux":["85700"],"code_dep":"85","code_region":"52","population":5668,"surface_km2":36.62,"lat":46.7767,"lon":-0.8228,"fibre_pct":99.7,"vivrescore":100},{"code_insee":"85184","nom":"Puy-de-Serre","codes_postaux":["85240"],"code_dep":"85","code_region":"52","population":311,"surface_km2":13.87,"lat":46.5637,"lon":-0.6796,"fibre_pct":100.0,"vivrescore":100},{"code_insee":"85185","nom":"Puyravault","codes_postaux":["85450"],"code_dep":"85","code_region":"52","population":642,"surface_km2":16.91,"lat":46.3597,"lon":-1.1,"fibre_pct":82.5,"vivrescore":80},{"code_insee":"85186","nom":"La Rabatelière","codes_postaux":["85250"],"code_dep":"85","code_region":"52","population":1024,"surface_km2":8.26,"lat":46.8601,"lon":-1.2571,"fibre_pct":100.0,"vivrescore":100},{"code_insee":"85187","nom":"Réaumur","codes_postaux":["85700"],"code_dep":"85","code_region":"52","population":857,"surface_km2":22.27,"lat":46.7158,"lon":-0.8126,"fibre_pct":97.2,"vivrescore":100},{"code_insee":"85188","nom":"La Réorthe","codes_postaux":["85210"],"code_dep":"85","code_region":"52","population":1161,"surface_km2":24.19,"lat":46.6088,"lon":-1.0496,"fibre_pct":95.3,"vivrescore":100},{"code_insee":"85189","nom":"Notre-Dame-de-Riez","codes_postaux":["85270"],"code_dep":"85","code_region":"52","population":2213,"surface_km2":14.76,"lat":46.7537,"lon":-1.9024,"fibre_pct":99.0,"vivrescore":100},{"code_insee":"85190","nom":"Rocheservière","codes_postaux":["85620"],"code_dep":"85","code_region":"52","population":3594,"surface_km2":28.29,"lat":46.9227,"lon":-1.5017,"fibre_pct":99.9,"vivrescore":100},{"code_insee":"85191","nom":"La Roche-sur-Yon","codes_postaux":["85000"],"code_dep":"85","code_region":"52","population":54849,"surface_km2":87.99,"lat":46.6659,"lon":-1.4162,"fibre_pct":95.2,"vivrescore":100},{"code_insee":"85192","nom":"Rochetrejoux","codes_postaux":["85510"],"code_dep":"85","code_region":"52","population":983,"surface_km2":11.12,"lat":46.7869,"lon":-1.002,"fibre_pct":100.0,"vivrescore":100},{"code_insee":"85193","nom":"Rosnay","codes_postaux":["85320"],"code_dep":"85","code_region":"52","population":672,"surface_km2":14.21,"lat":46.5319,"lon":-1.3051,"fibre_pct":99.7,"vivrescore":100},{"code_insee":"85194","nom":"Les Sables-d'Olonne","codes_postaux":["85100","85180","85340"],"code_dep":"85","code_region":"52","population":49603,"surface_km2":85.89,"lat":46.5264,"lon":-1.7611,"fibre_pct":95.7,"vivrescore":100},{"code_insee":"85196","nom":"Saint-André-Goule-d'Oie","codes_postaux":["85250"],"code_dep":"85","code_region":"52","population":1960,"surface_km2":20.46,"lat":46.8445,"lon":-1.1977,"fibre_pct":100.0,"vivrescore":100},{"code_insee":"85197","nom":"Montréverd","codes_postaux":["85260"],"code_dep":"85","code_region":"52","population":3857,"surface_km2":48.81,"lat":46.9104,"lon":-1.4314,"fibre_pct":92.6,"vivrescore":80},{"code_insee":"85198","nom":"Saint-Aubin-des-Ormeaux","codes_postaux":["85130"],"code_dep":"85","code_region":"52","population":1394,"surface_km2":12.67,"lat":46.9953,"lon":-1.0389,"fibre_pct":92.0,"vivrescore":80},{"code_insee":"85199","nom":"Saint-Aubin-la-Plaine","codes_postaux":["85210"],"code_dep":"85","code_region":"52","population":529,"surface_km2":11.64,"lat":46.5002,"lon":-1.0661,"fibre_pct":100.0,"vivrescore":100},{"code_insee":"85200","nom":"Saint-Avaugourd-des-Landes","codes_postaux":["85540"],"code_dep":"85","code_region":"52","population":1213,"surface_km2":20.89,"lat":46.5096,"lon":-1.4741,"fibre_pct":98.3,"vivrescore":100},{"code_insee":"85201","nom":"Saint-Benoist-sur-Mer","codes_postaux":["85540"],"code_dep":"85","code_region":"52","population":515,"surface_km2":15.64,"lat":46.4245,"lon":-1.3387,"fibre_pct":99.4,"vivrescore":100},{"code_insee":"85202","nom":"Sainte-Cécile","codes_postaux":["85110"],"code_dep":"85","code_region":"52","population":1575,"surface_km2":32.13,"lat":46.7295,"lon":-1.1196,"fibre_pct":96.4,"vivrescore":100},{"code_insee":"85204","nom":"Saint-Christophe-du-Ligneron","codes_postaux":["85670"],"code_dep":"85","code_region":"52","population":2727,"surface_km2":42.34,"lat":46.8142,"lon":-1.7387,"fibre_pct":99.9,"vivrescore":100},{"code_insee":"85205","nom":"Saint-Cyr-des-Gâts","codes_postaux":["85410"],"code_dep":"85","code_region":"52","population":533,"surface_km2":21.03,"lat":46.5735,"lon":-0.864,"fibre_pct":100.0,"vivrescore":100},{"code_insee":"85206","nom":"Saint-Cyr-en-Talmondais","codes_postaux":["85540"],"code_dep":"85","code_region":"52","population":403,"surface_km2":13.97,"lat":46.4581,"lon":-1.3294,"fibre_pct":68.2,"vivrescore":60},{"code_insee":"85207","nom":"Saint-Denis-du-Payré","codes_postaux":["85580"],"code_dep":"85","code_region":"52","population":434,"surface_km2":16.29,"lat":46.4085,"lon":-1.2769,"fibre_pct":100.0,"vivrescore":100},{"code_insee":"85208","nom":"Saint-Denis-la-Chevasse","codes_postaux":["85170"],"code_dep":"85","code_region":"52","population":2419,"surface_km2":40.02,"lat":46.8332,"lon":-1.3846,"fibre_pct":92.0,"vivrescore":80},{"code_insee":"85209","nom":"Saint-Étienne-de-Brillouet","codes_postaux":["85210"],"code_dep":"85","code_region":"52","population":616,"surface_km2":18.98,"lat":46.5145,"lon":-1.0098,"fibre_pct":100.0,"vivrescore":100},{"code_insee":"85210","nom":"Saint-Étienne-du-Bois","codes_postaux":["85670"],"code_dep":"85","code_region":"52","population":2311,"surface_km2":29.63,"lat":46.8398,"lon":-1.5882,"fibre_pct":91.7,"vivrescore":80},{"code_insee":"85211","nom":"Sainte-Flaive-des-Loups","codes_postaux":["85150"],"code_dep":"85","code_region":"52","population":2585,"surface_km2":36.32,"lat":46.6068,"lon":-1.5786,"fibre_pct":98.1,"vivrescore":100},{"code_insee":"85212","nom":"Sainte-Florence","codes_postaux":["85140"],"code_dep":"85","code_region":"52","population":1359,"surface_km2":17.36,"lat":46.79,"lon":-1.1578,"fibre_pct":99.7,"vivrescore":100},{"code_insee":"85213","nom":"Rives de l'Yon","codes_postaux":["85310"],"code_dep":"85","code_region":"52","population":4335,"surface_km2":54.57,"lat":46.5896,"lon":-1.3345,"fibre_pct":97.4,"vivrescore":100},{"code_insee":"85214","nom":"Sainte-Foy","codes_postaux":["85150"],"code_dep":"85","code_region":"52","population":2717,"surface_km2":15.76,"lat":46.5316,"lon":-1.6989,"fibre_pct":94.8,"vivrescore":80},{"code_insee":"85215","nom":"Saint-Fulgent","codes_postaux":["85250"],"code_dep":"85","code_region":"52","population":3994,"surface_km2":36.84,"lat":46.8724,"lon":-1.1627,"fibre_pct":93.4,"vivrescore":80},{"code_insee":"85216","nom":"Sainte-Gemme-la-Plaine","codes_postaux":["85400"],"code_dep":"85","code_region":"52","population":2084,"surface_km2":35.59,"lat":46.4733,"lon":-1.113,"fibre_pct":97.6,"vivrescore":100},{"code_insee":"85218","nom":"Saint-Georges-de-Pointindoux","codes_postaux":["85150"],"code_dep":"85","code_region":"52","population":1870,"surface_km2":15.6,"lat":46.6432,"lon":-1.6283,"fibre_pct":96.8,"vivrescore":100},{"code_insee":"85220","nom":"Saint-Germain-de-Prinçay","codes_postaux":["85110"],"code_dep":"85","code_region":"52","population":1640,"surface_km2":24.83,"lat":46.7334,"lon":-1.0414,"fibre_pct":99.7,"vivrescore":100},{"code_insee":"85221","nom":"Saint-Gervais","codes_postaux":["85230"],"code_dep":"85","code_region":"52","population":2781,"surface_km2":42.4,"lat":46.9323,"lon":-1.9826,"fibre_pct":96.2,"vivrescore":100},{"code_insee":"85222","nom":"Saint-Gilles-Croix-de-Vie","codes_postaux":["85800"],"code_dep":"85","code_region":"52","population":8333,"surface_km2":10.14,"lat":46.688,"lon":-1.9207,"fibre_pct":96.9,"vivrescore":100},{"code_insee":"85223","nom":"Saint-Jean-d'Hermine","codes_postaux":["85210"],"code_dep":"85","code_region":"52","population":3611,"surface_km2":48.25,"lat":46.5519,"lon":-1.0881,"fibre_pct":97.9,"vivrescore":100},{"code_insee":"85226","nom":"Saint-Hilaire-de-Riez","codes_postaux":["85270"],"code_dep":"85","code_region":"52","population":13074,"surface_km2":48.75,"lat":46.7452,"lon":-1.9796,"fibre_pct":96.8,"vivrescore":100},{"code_insee":"85227","nom":"Saint-Hilaire-des-Loges","codes_postaux":["85240"],"code_dep":"85","code_region":"52","population":1917,"surface_km2":35.38,"lat":46.4775,"lon":-0.6526,"fibre_pct":97.2,"vivrescore":100},{"code_insee":"85229","nom":"Saint-Hilaire-de-Voust","codes_postaux":["85120"],"code_dep":"85","code_region":"52","population":642,"surface_km2":18.82,"lat":46.589,"lon":-0.6513,"fibre_pct":91.6,"vivrescore":80},{"code_insee":"85231","nom":"Saint-Hilaire-la-Forêt","codes_postaux":["85440"],"code_dep":"85","code_region":"52","population":846,"surface_km2":10.98,"lat":46.4553,"lon":-1.5272,"fibre_pct":92.2,"vivrescore":80},{"code_insee":"85232","nom":"Saint-Hilaire-le-Vouhis","codes_postaux":["85480"],"code_dep":"85","code_region":"52","population":1101,"surface_km2":29.19,"lat":46.6855,"lon":-1.1572,"fibre_pct":100.0,"vivrescore":100},{"code_insee":"85234","nom":"Saint-Jean-de-Monts","codes_postaux":["85160"],"code_dep":"85","code_region":"52","population":8868,"surface_km2":62.43,"lat":46.8009,"lon":-2.0527,"fibre_pct":95.9,"vivrescore":100},{"code_insee":"85235","nom":"Saint-Juire-Champgillon","codes_postaux":["85210"],"code_dep":"85","code_region":"52","population":425,"surface_km2":20.73,"lat":46.5912,"lon":-1.008,"fibre_pct":100.0,"vivrescore":100},{"code_insee":"85236","nom":"Saint-Julien-des-Landes","codes_postaux":["85150"],"code_dep":"85","code_region":"52","population":2085,"surface_km2":28.47,"lat":46.6393,"lon":-1.7164,"fibre_pct":92.9,"vivrescore":80},{"code_insee":"85237","nom":"Saint-Laurent-de-la-Salle","codes_postaux":["85410"],"code_dep":"85","code_region":"52","population":398,"surface_km2":19.38,"lat":46.5859,"lon":-0.9205,"fibre_pct":100.0,"vivrescore":100},{"code_insee":"85238","nom":"Saint-Laurent-sur-Sèvre","codes_postaux":["85290"],"code_dep":"85","code_region":"52","population":3550,"surface_km2":15.59,"lat":46.9506,"lon":-0.8996,"fibre_pct":99.6,"vivrescore":100},{"code_insee":"85239","nom":"Saint-Maixent-sur-Vie","codes_postaux":["85220"],"code_dep":"85","code_region":"52","population":1234,"surface_km2":10.79,"lat":46.7331,"lon":-1.8254,"fibre_pct":98.2,"vivrescore":100},{"code_insee":"85240","nom":"Saint-Malô-du-Bois","codes_postaux":["85590"],"code_dep":"85","code_region":"52","population":1612,"surface_km2":14.25,"lat":46.9266,"lon":-0.9058,"fibre_pct":100.0,"vivrescore":100},{"code_insee":"85242","nom":"Saint-Mars-la-Réorthe","codes_postaux":["85590"],"code_dep":"85","code_region":"52","population":1042,"surface_km2":9.27,"lat":46.8605,"lon":-0.9298,"fibre_pct":88.3,"vivrescore":80},{"code_insee":"85243","nom":"Brem-sur-Mer","codes_postaux":["85470"],"code_dep":"85","code_region":"52","population":2993,"surface_km2":16.23,"lat":46.6085,"lon":-1.8081,"fibre_pct":94.0,"vivrescore":80},{"code_insee":"85244","nom":"Saint-Martin-de-Fraigneau","codes_postaux":["85200"],"code_dep":"85","code_region":"52","population":795,"surface_km2":13.55,"lat":46.4308,"lon":-0.7623,"fibre_pct":97.6,"vivrescore":100},{"code_insee":"85245","nom":"Saint-Martin-des-Fontaines","codes_postaux":["85570"],"code_dep":"85","code_region":"52","population":166,"surface_km2":5.62,"lat":46.5468,"lon":-0.9085,"fibre_pct":94.6,"vivrescore":80},{"code_insee":"85246","nom":"Saint-Martin-des-Noyers","codes_postaux":["85140"],"code_dep":"85","code_region":"52","population":2560,"surface_km2":41.52,"lat":46.7216,"lon":-1.2009,"fibre_pct":99.2,"vivrescore":100},{"code_insee":"85247","nom":"Saint-Martin-des-Tilleuls","codes_postaux":["85130"],"code_dep":"85","code_region":"52","population":1150,"surface_km2":14.06,"lat":46.9723,"lon":-1.0611,"fibre_pct":100.0,"vivrescore":100},{"code_insee":"85248","nom":"Saint-Martin-Lars-en-Sainte-Hermine","codes_postaux":["85210"],"code_dep":"85","code_region":"52","population":419,"surface_km2":18.88,"lat":46.596,"lon":-0.9772,"fibre_pct":100.0,"vivrescore":100},{"code_insee":"85250","nom":"Saint-Mathurin","codes_postaux":["85150"],"code_dep":"85","code_region":"52","population":2496,"surface_km2":23.95,"lat":46.5719,"lon":-1.7069,"fibre_pct":96.3,"vivrescore":100},{"code_insee":"85251","nom":"Saint-Maurice-des-Noues","codes_postaux":["85120"],"code_dep":"85","code_region":"52","population":642,"surface_km2":21.58,"lat":46.5956,"lon":-0.7235,"fibre_pct":96.2,"vivrescore":100},{"code_insee":"85252","nom":"Saint-Maurice-le-Girard","codes_postaux":["85390"],"code_dep":"85","code_region":"52","population":597,"surface_km2":11.51,"lat":46.6398,"lon":-0.8137,"fibre_pct":94.5,"vivrescore":80},{"code_insee":"85254","nom":"Saint-Mesmin","codes_postaux":["85700"],"code_dep":"85","code_region":"52","population":1774,"surface_km2":26.53,"lat":46.8001,"lon":-0.7484,"fibre_pct":99.8,"vivrescore":100},{"code_insee":"85255","nom":"Saint-Michel-en-l'Herm","codes_postaux":["85580"],"code_dep":"85","code_region":"52","population":2329,"surface_km2":57.56,"lat":46.3405,"lon":-1.2531,"fibre_pct":98.1,"vivrescore":100},{"code_insee":"85256","nom":"Saint-Michel-le-Cloucq","codes_postaux":["85200"],"code_dep":"85","code_region":"52","population":1253,"surface_km2":17.69,"lat":46.4907,"lon":-0.7468,"fibre_pct":99.5,"vivrescore":100},{"code_insee":"85259","nom":"Saint-Paul-en-Pareds","codes_postaux":["85500"],"code_dep":"85","code_region":"52","population":1377,"surface_km2":12.31,"lat":46.8308,"lon":-0.9684,"fibre_pct":96.0,"vivrescore":100},{"code_insee":"85260","nom":"Saint-Paul-Mont-Penit","codes_postaux":["85670"],"code_dep":"85","code_region":"52","population":880,"surface_km2":16.88,"lat":46.8101,"lon":-1.6665,"fibre_pct":100.0,"vivrescore":100},{"code_insee":"85261","nom":"Sainte-Pexine","codes_postaux":["85320"],"code_dep":"85","code_region":"52","population":291,"surface_km2":16.02,"lat":46.5615,"lon":-1.1251,"fibre_pct":98.9,"vivrescore":100},{"code_insee":"85262","nom":"Saint-Philbert-de-Bouaine","codes_postaux":["85660"],"code_dep":"85","code_region":"52","population":3653,"surface_km2":50.46,"lat":46.9942,"lon":-1.5066,"fibre_pct":98.2,"vivrescore":100},{"code_insee":"85264","nom":"Saint-Pierre-du-Chemin","codes_postaux":["85120"],"code_dep":"85","code_region":"52","population":1354,"surface_km2":29.81,"lat":46.6969,"lon":-0.7091,"fibre_pct":98.0,"vivrescore":100},{"code_insee":"85265","nom":"Saint-Pierre-le-Vieux","codes_postaux":["85420"],"code_dep":"85","code_region":"52","population":917,"surface_km2":23.42,"lat":46.4006,"lon":-0.7417,"fibre_pct":99.8,"vivrescore":100},{"code_insee":"85266","nom":"Saint-Prouant","codes_postaux":["85110"],"code_dep":"85","code_region":"52","population":1666,"surface_km2":12.95,"lat":46.7488,"lon":-0.9715,"fibre_pct":99.3,"vivrescore":100},{"code_insee":"85267","nom":"Sainte-Radégonde-des-Noyers","codes_postaux":["85450"],"code_dep":"85","code_region":"52","population":990,"surface_km2":31.26,"lat":46.3756,"lon":-1.0718,"fibre_pct":97.9,"vivrescore":100},{"code_insee":"85268","nom":"Saint-Révérend","codes_postaux":["85220"],"code_dep":"85","code_region":"52","population":1549,"surface_km2":15.8,"lat":46.7064,"lon":-1.8354,"fibre_pct":96.0,"vivrescore":100},{"code_insee":"85269","nom":"Saint-Sigismond","codes_postaux":["85420"],"code_dep":"85","code_region":"52","population":428,"surface_km2":10.33,"lat":46.338,"lon":-0.7055,"fibre_pct":99.6,"vivrescore":100},{"code_insee":"85273","nom":"Saint-Urbain","codes_postaux":["85230"],"code_dep":"85","code_region":"52","population":2000,"surface_km2":16.55,"lat":46.8809,"lon":-2.0026,"fibre_pct":96.8,"vivrescore":100},{"code_insee":"85274","nom":"Saint-Valérien","codes_postaux":["85570"],"code_dep":"85","code_region":"52","population":557,"surface_km2":14.6,"lat":46.5345,"lon":-0.9469,"fibre_pct":99.1,"vivrescore":100},{"code_insee":"85276","nom":"Saint-Vincent-Sterlanges","codes_postaux":["85110"],"code_dep":"85","code_region":"52","population":747,"surface_km2":4.53,"lat":46.7388,"lon":-1.0837,"fibre_pct":97.9,"vivrescore":100},{"code_insee":"85277","nom":"Saint-Vincent-sur-Graon","codes_postaux":["85540"],"code_dep":"85","code_region":"52","population":1615,"surface_km2":49.01,"lat":46.5062,"lon":-1.3786,"fibre_pct":97.9,"vivrescore":100},{"code_insee":"85278","nom":"Saint-Vincent-sur-Jard","codes_postaux":["85520"],"code_dep":"85","code_region":"52","population":1741,"surface_km2":14.65,"lat":46.4291,"lon":-1.5506,"fibre_pct":98.2,"vivrescore":100},{"code_insee":"85280","nom":"Sallertaine","codes_postaux":["85300"],"code_dep":"85","code_region":"52","population":3518,"surface_km2":49.83,"lat":46.867,"lon":-1.958,"fibre_pct":95.4,"vivrescore":100},{"code_insee":"85281","nom":"Sérigné","codes_postaux":["85200"],"code_dep":"85","code_region":"52","population":1048,"surface_km2":18.48,"lat":46.5077,"lon":-0.8497,"fibre_pct":97.4,"vivrescore":100},{"code_insee":"85282","nom":"Sigournais","codes_postaux":["85110"],"code_dep":"85","code_region":"52","population":999,"surface_km2":18.48,"lat":46.7136,"lon":-0.9894,"fibre_pct":97.8,"vivrescore":100},{"code_insee":"85284","nom":"Soullans","codes_postaux":["85300"],"code_dep":"85","code_region":"52","population":4654,"surface_km2":41.49,"lat":46.7921,"lon":-1.9086,"fibre_pct":97.5,"vivrescore":100},{"code_insee":"85285","nom":"Le Tablier","codes_postaux":["85310"],"code_dep":"85","code_region":"52","population":765,"surface_km2":9.27,"lat":46.5593,"lon":-1.327,"fibre_pct":58.3,"vivrescore":40},{"code_insee":"85286","nom":"La Taillée","codes_postaux":["85450"],"code_dep":"85","code_region":"52","population":550,"surface_km2":11.56,"lat":46.3858,"lon":-0.9395,"fibre_pct":99.7,"vivrescore":100},{"code_insee":"85287","nom":"Tallud-Sainte-Gemme","codes_postaux":["85390"],"code_dep":"85","code_region":"52","population":453,"surface_km2":18.71,"lat":46.6972,"lon":-0.8987,"fibre_pct":99.6,"vivrescore":100},{"code_insee":"85288","nom":"Talmont-Saint-Hilaire","codes_postaux":["85440"],"code_dep":"85","code_region":"52","population":8492,"surface_km2":90.41,"lat":46.4775,"lon":-1.6299,"fibre_pct":96.6,"vivrescore":100},{"code_insee":"85289","nom":"Terval","codes_postaux":["85120"],"code_dep":"85","code_region":"52","population":2147,"surface_km2":46.13,"lat":46.6467,"lon":-0.692,"fibre_pct":98.7,"vivrescore":100},{"code_insee":"85290","nom":"Thiré","codes_postaux":["85210"],"code_dep":"85","code_region":"52","population":532,"surface_km2":11.61,"lat":46.5425,"lon":-1.0128,"fibre_pct":100.0,"vivrescore":100},{"code_insee":"85291","nom":"Thorigny","codes_postaux":["85480"],"code_dep":"85","code_region":"52","population":1275,"surface_km2":32.19,"lat":46.6153,"lon":-1.2441,"fibre_pct":98.0,"vivrescore":100},{"code_insee":"85292","nom":"Rives-du-Fougerais","codes_postaux":["85410"],"code_dep":"85","code_region":"52","population":1500,"surface_km2":43.11,"lat":46.6013,"lon":-0.8421,"fibre_pct":99.8,"vivrescore":100},{"code_insee":"85293","nom":"Tiffauges","codes_postaux":["85130"],"code_dep":"85","code_region":"52","population":1544,"surface_km2":9.87,"lat":47.0016,"lon":-1.1033,"fibre_pct":95.4,"vivrescore":100},{"code_insee":"85294","nom":"La Tranche-sur-Mer","codes_postaux":["85360"],"code_dep":"85","code_region":"52","population":3136,"surface_km2":20.96,"lat":46.3567,"lon":-1.4193,"fibre_pct":96.5,"vivrescore":100},{"code_insee":"85295","nom":"Treize-Septiers","codes_postaux":["85600"],"code_dep":"85","code_region":"52","population":3416,"surface_km2":22.34,"lat":47.0016,"lon":-1.2268,"fibre_pct":94.7,"vivrescore":80},{"code_insee":"85296","nom":"Treize-Vents","codes_postaux":["85590"],"code_dep":"85","code_region":"52","population":1226,"surface_km2":19.14,"lat":46.9161,"lon":-0.8448,"fibre_pct":88.5,"vivrescore":80},{"code_insee":"85297","nom":"Triaize","codes_postaux":["85580"],"code_dep":"85","code_region":"52","population":1071,"surface_km2":56.89,"lat":46.3766,"lon":-1.2052,"fibre_pct":99.6,"vivrescore":100},{"code_insee":"85298","nom":"Vairé","codes_postaux":["85150"],"code_dep":"85","code_region":"52","population":1960,"surface_km2":28.27,"lat":46.604,"lon":-1.7506,"fibre_pct":91.2,"vivrescore":80},{"code_insee":"85300","nom":"Venansault","codes_postaux":["85190"],"code_dep":"85","code_region":"52","population":4757,"surface_km2":44.74,"lat":46.6816,"lon":-1.5417,"fibre_pct":88.3,"vivrescore":80},{"code_insee":"85301","nom":"Vendrennes","codes_postaux":["85250"],"code_dep":"85","code_region":"52","population":1799,"surface_km2":17.12,"lat":46.8188,"lon":-1.1176,"fibre_pct":98.8,"vivrescore":100},{"code_insee":"85302","nom":"Chanverrie","codes_postaux":["85130","85500"],"code_dep":"85","code_region":"52","population":5653,"surface_km2":59.34,"lat":46.9468,"lon":-0.9857,"fibre_pct":99.5,"vivrescore":100},{"code_insee":"85303","nom":"Vix","codes_postaux":["85770"],"code_dep":"85","code_region":"52","population":1835,"surface_km2":28.87,"lat":46.3528,"lon":-0.8525,"fibre_pct":98.1,"vivrescore":100},{"code_insee":"85304","nom":"Vouillé-les-Marais","codes_postaux":["85450"],"code_dep":"85","code_region":"52","population":806,"surface_km2":9.07,"lat":46.3901,"lon":-0.961,"fibre_pct":100.0,"vivrescore":100},{"code_insee":"85305","nom":"Vouvant","codes_postaux":["85120"],"code_dep":"85","code_region":"52","population":829,"surface_km2":20.38,"lat":46.5554,"lon":-0.7614,"fibre_pct":94.8,"vivrescore":80},{"code_insee":"85306","nom":"Xanton-Chassenon","codes_postaux":["85240"],"code_dep":"85","code_region":"52","population":743,"surface_km2":19.39,"lat":46.453,"lon":-0.7027,"fibre_pct":100.0,"vivrescore":100}]