[{"code_insee":"86001","nom":"Adriers","codes_postaux":["86430"],"code_dep":"86","code_region":"75","population":698,"surface_km2":68.09,"lat":46.2621,"lon":0.7884},{"code_insee":"86002","nom":"Amberre","codes_postaux":["86110"],"code_dep":"86","code_region":"75","population":565,"surface_km2":15.85,"lat":46.7588,"lon":0.1564},{"code_insee":"86003","nom":"Anché","codes_postaux":["86700"],"code_dep":"86","code_region":"75","population":324,"surface_km2":16.42,"lat":46.3497,"lon":0.2683},{"code_insee":"86004","nom":"Angles-sur-l'Anglin","codes_postaux":["86260"],"code_dep":"86","code_region":"75","population":370,"surface_km2":14.63,"lat":46.7028,"lon":0.8961},{"code_insee":"86005","nom":"Angliers","codes_postaux":["86330"],"code_dep":"86","code_region":"75","population":612,"surface_km2":23.32,"lat":46.9365,"lon":0.0992},{"code_insee":"86006","nom":"Antigny","codes_postaux":["86310"],"code_dep":"86","code_region":"75","population":550,"surface_km2":44.43,"lat":46.5343,"lon":0.8427},{"code_insee":"86007","nom":"Antran","codes_postaux":["86100"],"code_dep":"86","code_region":"75","population":1148,"surface_km2":23.69,"lat":46.8813,"lon":0.5182},{"code_insee":"86008","nom":"Arçay","codes_postaux":["86200"],"code_dep":"86","code_region":"75","population":343,"surface_km2":14.2,"lat":46.9544,"lon":0.0012},{"code_insee":"86009","nom":"Archigny","codes_postaux":["86210"],"code_dep":"86","code_region":"75","population":1058,"surface_km2":66.81,"lat":46.6682,"lon":0.6846},{"code_insee":"86010","nom":"Aslonnes","codes_postaux":["86340"],"code_dep":"86","code_region":"75","population":1136,"surface_km2":22.93,"lat":46.4521,"lon":0.34},{"code_insee":"86011","nom":"Asnières-sur-Blour","codes_postaux":["86430"],"code_dep":"86","code_region":"75","population":193,"surface_km2":32.71,"lat":46.1501,"lon":0.78},{"code_insee":"86012","nom":"Asnois","codes_postaux":["86250"],"code_dep":"86","code_region":"75","population":129,"surface_km2":16.33,"lat":46.0998,"lon":0.4129},{"code_insee":"86013","nom":"Aulnay","codes_postaux":["86330"],"code_dep":"86","code_region":"75","population":107,"surface_km2":8.06,"lat":46.9064,"lon":0.0944},{"code_insee":"86014","nom":"Availles-en-Châtellerault","codes_postaux":["86530"],"code_dep":"86","code_region":"75","population":1730,"surface_km2":15.49,"lat":46.7569,"lon":0.5712},{"code_insee":"86015","nom":"Availles-Limouzine","codes_postaux":["86460"],"code_dep":"86","code_region":"75","population":1312,"surface_km2":58.16,"lat":46.1313,"lon":0.6515},{"code_insee":"86016","nom":"Avanton","codes_postaux":["86170"],"code_dep":"86","code_region":"75","population":2226,"surface_km2":10.79,"lat":46.6635,"lon":0.3077},{"code_insee":"86017","nom":"Ayron","codes_postaux":["86190"],"code_dep":"86","code_region":"75","population":1085,"surface_km2":28.34,"lat":46.6458,"lon":0.0463},{"code_insee":"86018","nom":"Basses","codes_postaux":["86200"],"code_dep":"86","code_region":"75","population":344,"surface_km2":10.28,"lat":47.0442,"lon":0.1266},{"code_insee":"86019","nom":"Beaumont Saint-Cyr","codes_postaux":["86130","86490"],"code_dep":"86","code_region":"75","population":2908,"surface_km2":37.17,"lat":46.7256,"lon":0.4556},{"code_insee":"86020","nom":"Bellefonds","codes_postaux":["86210"],"code_dep":"86","code_region":"75","population":247,"surface_km2":8.59,"lat":46.6523,"lon":0.6078},{"code_insee":"86022","nom":"Berrie","codes_postaux":["86120"],"code_dep":"86","code_region":"75","population":251,"surface_km2":16.81,"lat":47.0612,"lon":-0.0694},{"code_insee":"86023","nom":"Berthegon","codes_postaux":["86420"],"code_dep":"86","code_region":"75","population":259,"surface_km2":10.6,"lat":46.8995,"lon":0.2636},{"code_insee":"86024","nom":"Béruges","codes_postaux":["86190"],"code_dep":"86","code_region":"75","population":1528,"surface_km2":32.9,"lat":46.5497,"lon":0.2081},{"code_insee":"86025","nom":"Béthines","codes_postaux":["86310"],"code_dep":"86","code_region":"75","population":467,"surface_km2":37.56,"lat":46.5447,"lon":0.9649},{"code_insee":"86026","nom":"Beuxes","codes_postaux":["86120"],"code_dep":"86","code_region":"75","population":559,"surface_km2":11.26,"lat":47.088,"lon":0.1747},{"code_insee":"86027","nom":"Biard","codes_postaux":["86580"],"code_dep":"86","code_region":"75","population":1910,"surface_km2":7.49,"lat":46.5861,"lon":0.2952},{"code_insee":"86028","nom":"Bignoux","codes_postaux":["86800"],"code_dep":"86","code_region":"75","population":1087,"surface_km2":14.65,"lat":46.6044,"lon":0.4597},{"code_insee":"86029","nom":"Blanzay","codes_postaux":["86400"],"code_dep":"86","code_region":"75","population":819,"surface_km2":35.6,"lat":46.2128,"lon":0.2529},{"code_insee":"86031","nom":"Bonnes","codes_postaux":["86300"],"code_dep":"86","code_region":"75","population":1688,"surface_km2":34.87,"lat":46.6121,"lon":0.6021},{"code_insee":"86032","nom":"Bonneuil-Matours","codes_postaux":["86210"],"code_dep":"86","code_region":"75","population":2081,"surface_km2":42.91,"lat":46.6851,"lon":0.5684},{"code_insee":"86034","nom":"Bouresse","codes_postaux":["86410"],"code_dep":"86","code_region":"75","population":620,"surface_km2":37.34,"lat":46.3531,"lon":0.576},{"code_insee":"86035","nom":"Bourg-Archambault","codes_postaux":["86390"],"code_dep":"86","code_region":"75","population":170,"surface_km2":24.4,"lat":46.3714,"lon":0.9973},{"code_insee":"86036","nom":"Bournand","codes_postaux":["86120"],"code_dep":"86","code_region":"75","population":914,"surface_km2":32.73,"lat":47.0793,"lon":0.0718},{"code_insee":"86037","nom":"Brigueil-le-Chantre","codes_postaux":["86290"],"code_dep":"86","code_region":"75","population":455,"surface_km2":54.4,"lat":46.3849,"lon":1.0891},{"code_insee":"86038","nom":"Brion","codes_postaux":["86160"],"code_dep":"86","code_region":"75","population":224,"surface_km2":16.19,"lat":46.3576,"lon":0.4759},{"code_insee":"86039","nom":"Brux","codes_postaux":["86510"],"code_dep":"86","code_region":"75","population":777,"surface_km2":36.1,"lat":46.2488,"lon":0.1902},{"code_insee":"86040","nom":"La Bussière","codes_postaux":["86310"],"code_dep":"86","code_region":"75","population":298,"surface_km2":32.35,"lat":46.6282,"lon":0.8234},{"code_insee":"86041","nom":"Buxerolles","codes_postaux":["86180"],"code_dep":"86","code_region":"75","population":10289,"surface_km2":9.12,"lat":46.6057,"lon":0.367},{"code_insee":"86042","nom":"Buxeuil","codes_postaux":["37160"],"code_dep":"86","code_region":"75","population":887,"surface_km2":12.03,"lat":46.9687,"lon":0.6618},{"code_insee":"86044","nom":"Ceaux-en-Loudun","codes_postaux":["86200"],"code_dep":"86","code_region":"75","population":560,"surface_km2":28.78,"lat":47.0324,"lon":0.2294},{"code_insee":"86045","nom":"Celle-Lévescault","codes_postaux":["86600"],"code_dep":"86","code_region":"75","population":1383,"surface_km2":42.82,"lat":46.4065,"lon":0.1744},{"code_insee":"86046","nom":"Cenon-sur-Vienne","codes_postaux":["86530"],"code_dep":"86","code_region":"75","population":1666,"surface_km2":8.8,"lat":46.7617,"lon":0.5263},{"code_insee":"86047","nom":"Cernay","codes_postaux":["86140"],"code_dep":"86","code_region":"75","population":466,"surface_km2":3.31,"lat":46.8368,"lon":0.3011},{"code_insee":"86048","nom":"Chabournay","codes_postaux":["86380"],"code_dep":"86","code_region":"75","population":1274,"surface_km2":5.91,"lat":46.7177,"lon":0.2699},{"code_insee":"86049","nom":"Chalais","codes_postaux":["86200"],"code_dep":"86","code_region":"75","population":465,"surface_km2":14.91,"lat":46.9719,"lon":0.0999},{"code_insee":"86050","nom":"Chalandray","codes_postaux":["86190"],"code_dep":"86","code_region":"75","population":784,"surface_km2":25.16,"lat":46.6517,"lon":-0.0071},{"code_insee":"86051","nom":"Champagné-le-Sec","codes_postaux":["86510"],"code_dep":"86","code_region":"75","population":215,"surface_km2":8.02,"lat":46.1903,"lon":0.1895},{"code_insee":"86052","nom":"Champagné-Saint-Hilaire","codes_postaux":["86160"],"code_dep":"86","code_region":"75","population":998,"surface_km2":46.91,"lat":46.324,"lon":0.3178},{"code_insee":"86053","nom":"Champigny en Rochereau","codes_postaux":["86170"],"code_dep":"86","code_region":"75","population":1878,"surface_km2":33.34,"lat":46.7127,"lon":0.1567},{"code_insee":"86054","nom":"Champniers","codes_postaux":["86400"],"code_dep":"86","code_region":"75","population":358,"surface_km2":20.12,"lat":46.2157,"lon":0.328},{"code_insee":"86055","nom":"La Chapelle-Bâton","codes_postaux":["86250"],"code_dep":"86","code_region":"75","population":354,"surface_km2":29.97,"lat":46.1905,"lon":0.4071},{"code_insee":"86058","nom":"La Chapelle-Moulière","codes_postaux":["86210"],"code_dep":"86","code_region":"75","population":723,"surface_km2":17.6,"lat":46.6438,"lon":0.5401},{"code_insee":"86059","nom":"Chapelle-Viviers","codes_postaux":["86300"],"code_dep":"86","code_region":"75","population":551,"surface_km2":14.73,"lat":46.4673,"lon":0.7364},{"code_insee":"86061","nom":"Charroux","codes_postaux":["86250"],"code_dep":"86","code_region":"75","population":1036,"surface_km2":44.64,"lat":46.1388,"lon":0.4075},{"code_insee":"86062","nom":"Chasseneuil-du-Poitou","codes_postaux":["86360"],"code_dep":"86","code_region":"75","population":4743,"surface_km2":17.56,"lat":46.6476,"lon":0.356},{"code_insee":"86063","nom":"Chatain","codes_postaux":["86250"],"code_dep":"86","code_region":"75","population":240,"surface_km2":22.24,"lat":46.0753,"lon":0.4408},{"code_insee":"86064","nom":"Château-Garnier","codes_postaux":["86350"],"code_dep":"86","code_region":"75","population":596,"surface_km2":36.35,"lat":46.2589,"lon":0.4424},{"code_insee":"86065","nom":"Château-Larcher","codes_postaux":["86370"],"code_dep":"86","code_region":"75","population":1034,"surface_km2":15.45,"lat":46.4126,"lon":0.302},{"code_insee":"86066","nom":"Châtellerault","codes_postaux":["86100"],"code_dep":"86","code_region":"75","population":31003,"surface_km2":52.02,"lat":46.8147,"lon":0.5583},{"code_insee":"86068","nom":"Chaunay","codes_postaux":["86510"],"code_dep":"86","code_region":"75","population":1194,"surface_km2":38.77,"lat":46.1986,"lon":0.1674},{"code_insee":"86069","nom":"La Chaussée","codes_postaux":["86330"],"code_dep":"86","code_region":"75","population":189,"surface_km2":13.6,"lat":46.8849,"lon":0.107},{"code_insee":"86070","nom":"Chauvigny","codes_postaux":["86300"],"code_dep":"86","code_region":"75","population":7007,"surface_km2":96.03,"lat":46.5528,"lon":0.6714},{"code_insee":"86072","nom":"Chenevelles","codes_postaux":["86450"],"code_dep":"86","code_region":"75","population":435,"surface_km2":29.21,"lat":46.7233,"lon":0.6811},{"code_insee":"86073","nom":"Cherves","codes_postaux":["86170"],"code_dep":"86","code_region":"75","population":529,"surface_km2":26.19,"lat":46.6992,"lon":0.0245},{"code_insee":"86074","nom":"Chiré-en-Montreuil","codes_postaux":["86190"],"code_dep":"86","code_region":"75","population":922,"surface_km2":21.64,"lat":46.6223,"lon":0.1123},{"code_insee":"86075","nom":"Chouppes","codes_postaux":["86110"],"code_dep":"86","code_region":"75","population":802,"surface_km2":31.79,"lat":46.807,"lon":0.1778},{"code_insee":"86076","nom":"Cissé","codes_postaux":["86170"],"code_dep":"86","code_region":"75","population":2869,"surface_km2":17.31,"lat":46.6485,"lon":0.2448},{"code_insee":"86077","nom":"Civaux","codes_postaux":["86320"],"code_dep":"86","code_region":"75","population":1210,"surface_km2":26.39,"lat":46.4417,"lon":0.6722},{"code_insee":"86078","nom":"Civray","codes_postaux":["86400"],"code_dep":"86","code_region":"75","population":2522,"surface_km2":8.7,"lat":46.1427,"lon":0.2994},{"code_insee":"86079","nom":"La Roche-Rigault","codes_postaux":["86200"],"code_dep":"86","code_region":"75","population":565,"surface_km2":25.71,"lat":46.9674,"lon":0.1709},{"code_insee":"86080","nom":"Cloué","codes_postaux":["86600"],"code_dep":"86","code_region":"75","population":490,"surface_km2":12.18,"lat":46.4464,"lon":0.1666},{"code_insee":"86081","nom":"Colombiers","codes_postaux":["86490"],"code_dep":"86","code_region":"75","population":1405,"surface_km2":21.03,"lat":46.7804,"lon":0.4351},{"code_insee":"86082","nom":"Valence-en-Poitou","codes_postaux":["86700"],"code_dep":"86","code_region":"75","population":4325,"surface_km2":83.5,"lat":46.3169,"lon":0.2126},{"code_insee":"86083","nom":"Coulombiers","codes_postaux":["86600"],"code_dep":"86","code_region":"75","population":1155,"surface_km2":28.31,"lat":46.489,"lon":0.174},{"code_insee":"86084","nom":"Coulonges-les-Hérolles","codes_postaux":["86290"],"code_dep":"86","code_region":"75","population":230,"surface_km2":18.53,"lat":46.4151,"lon":1.1767},{"code_insee":"86085","nom":"Coussay","codes_postaux":["86110"],"code_dep":"86","code_region":"75","population":266,"surface_km2":20.19,"lat":46.8414,"lon":0.1958},{"code_insee":"86086","nom":"Coussay-les-Bois","codes_postaux":["86270"],"code_dep":"86","code_region":"75","population":919,"surface_km2":43.63,"lat":46.8111,"lon":0.7262},{"code_insee":"86087","nom":"Craon","codes_postaux":["86110"],"code_dep":"86","code_region":"75","population":183,"surface_km2":21.91,"lat":46.77,"lon":0.0248},{"code_insee":"86088","nom":"Croutelle","codes_postaux":["86240"],"code_dep":"86","code_region":"75","population":946,"surface_km2":1.49,"lat":46.5415,"lon":0.2944},{"code_insee":"86089","nom":"Cuhon","codes_postaux":["86110"],"code_dep":"86","code_region":"75","population":377,"surface_km2":16.62,"lat":46.7651,"lon":0.1041},{"code_insee":"86090","nom":"Curçay-sur-Dive","codes_postaux":["86120"],"code_dep":"86","code_region":"75","population":224,"surface_km2":15.88,"lat":47.0097,"lon":-0.0482},{"code_insee":"86091","nom":"Curzay-sur-Vonne","codes_postaux":["86600"],"code_dep":"86","code_region":"75","population":380,"surface_km2":16.52,"lat":46.4902,"lon":0.0428},{"code_insee":"86092","nom":"Dangé-Saint-Romain","codes_postaux":["86220"],"code_dep":"86","code_region":"75","population":2959,"surface_km2":34.88,"lat":46.926,"lon":0.6063},{"code_insee":"86093","nom":"Dercé","codes_postaux":["86420"],"code_dep":"86","code_region":"75","population":162,"surface_km2":12.35,"lat":46.9416,"lon":0.2076},{"code_insee":"86094","nom":"Dienné","codes_postaux":["86410"],"code_dep":"86","code_region":"75","population":581,"surface_km2":17.41,"lat":46.4423,"lon":0.5373},{"code_insee":"86095","nom":"Dissay","codes_postaux":["86130"],"code_dep":"86","code_region":"75","population":3101,"surface_km2":23.63,"lat":46.698,"lon":0.4452},{"code_insee":"86096","nom":"Doussay","codes_postaux":["86140"],"code_dep":"86","code_region":"75","population":690,"surface_km2":27.23,"lat":46.8411,"lon":0.2748},{"code_insee":"86097","nom":"La Ferrière-Airoux","codes_postaux":["86160"],"code_dep":"86","code_region":"75","population":334,"surface_km2":27.16,"lat":46.3151,"lon":0.404},{"code_insee":"86098","nom":"Fleix","codes_postaux":["86300"],"code_dep":"86","code_region":"75","population":143,"surface_km2":9.23,"lat":46.562,"lon":0.7467},{"code_insee":"86099","nom":"Fleuré","codes_postaux":["86340"],"code_dep":"86","code_region":"75","population":1137,"surface_km2":16.92,"lat":46.4863,"lon":0.5285},{"code_insee":"86100","nom":"Fontaine-le-Comte","codes_postaux":["86240"],"code_dep":"86","code_region":"75","population":3972,"surface_km2":18.78,"lat":46.5265,"lon":0.2522},{"code_insee":"86102","nom":"Frozes","codes_postaux":["86190"],"code_dep":"86","code_region":"75","population":621,"surface_km2":8.74,"lat":46.6647,"lon":0.1322},{"code_insee":"86103","nom":"Gençay","codes_postaux":["86160"],"code_dep":"86","code_region":"75","population":1653,"surface_km2":4.8,"lat":46.3705,"lon":0.4134},{"code_insee":"86104","nom":"Genouillé","codes_postaux":["86250"],"code_dep":"86","code_region":"75","population":504,"surface_km2":30.06,"lat":46.0971,"lon":0.3396},{"code_insee":"86105","nom":"Gizay","codes_postaux":["86340"],"code_dep":"86","code_region":"75","population":364,"surface_km2":20.72,"lat":46.4395,"lon":0.4255},{"code_insee":"86106","nom":"Glénouze","codes_postaux":["86200"],"code_dep":"86","code_region":"75","population":106,"surface_km2":9.67,"lat":47.0069,"lon":-0.0003},{"code_insee":"86107","nom":"Gouex","codes_postaux":["86320"],"code_dep":"86","code_region":"75","population":487,"surface_km2":18.29,"lat":46.3701,"lon":0.6607},{"code_insee":"86108","nom":"La Grimaudière","codes_postaux":["86110","86330"],"code_dep":"86","code_region":"75","population":392,"surface_km2":19.33,"lat":46.8043,"lon":0.034},{"code_insee":"86109","nom":"Guesnes","codes_postaux":["86420"],"code_dep":"86","code_region":"75","population":239,"surface_km2":13.41,"lat":46.906,"lon":0.1505},{"code_insee":"86110","nom":"Haims","codes_postaux":["86310"],"code_dep":"86","code_region":"75","population":228,"surface_km2":32.79,"lat":46.5145,"lon":0.9331},{"code_insee":"86111","nom":"Ingrandes","codes_postaux":["86220"],"code_dep":"86","code_region":"75","population":1709,"surface_km2":35.12,"lat":46.8703,"lon":0.606},{"code_insee":"86112","nom":"L'Isle-Jourdain","codes_postaux":["86150"],"code_dep":"86","code_region":"75","population":1126,"surface_km2":5.92,"lat":46.2377,"lon":0.7032},{"code_insee":"86113","nom":"Iteuil","codes_postaux":["86240"],"code_dep":"86","code_region":"75","population":2989,"surface_km2":21.99,"lat":46.4812,"lon":0.2904},{"code_insee":"86114","nom":"Jardres","codes_postaux":["86800"],"code_dep":"86","code_region":"75","population":1250,"surface_km2":20.52,"lat":46.5657,"lon":0.5771},{"code_insee":"86115","nom":"Jaunay-Marigny","codes_postaux":["86130","86380"],"code_dep":"86","code_region":"75","population":7528,"surface_km2":48.98,"lat":46.7274,"lon":0.3642},{"code_insee":"86116","nom":"Jazeneuil","codes_postaux":["86600"],"code_dep":"86","code_region":"75","population":793,"surface_km2":32.23,"lat":46.4749,"lon":0.0735},{"code_insee":"86117","nom":"Jouhet","codes_postaux":["86500"],"code_dep":"86","code_region":"75","population":502,"surface_km2":25.57,"lat":46.4898,"lon":0.8766},{"code_insee":"86118","nom":"Journet","codes_postaux":["86290"],"code_dep":"86","code_region":"75","population":366,"surface_km2":59.24,"lat":46.4753,"lon":0.9666},{"code_insee":"86119","nom":"Joussé","codes_postaux":["86350"],"code_dep":"86","code_region":"75","population":309,"surface_km2":7.64,"lat":46.228,"lon":0.4556},{"code_insee":"86120","nom":"Lathus-Saint-Rémy","codes_postaux":["86390"],"code_dep":"86","code_region":"75","population":1214,"surface_km2":98.63,"lat":46.3223,"lon":0.9372},{"code_insee":"86121","nom":"Latillé","codes_postaux":["86190"],"code_dep":"86","code_region":"75","population":1494,"surface_km2":25.33,"lat":46.612,"lon":0.0672},{"code_insee":"86122","nom":"Lauthiers","codes_postaux":["86300"],"code_dep":"86","code_region":"75","population":68,"surface_km2":8.3,"lat":46.6047,"lon":0.726},{"code_insee":"86123","nom":"Boivre-la-Vallée","codes_postaux":["86470"],"code_dep":"86","code_region":"75","population":3024,"surface_km2":118.13,"lat":46.5391,"lon":0.087},{"code_insee":"86124","nom":"Lavoux","codes_postaux":["86800"],"code_dep":"86","code_region":"75","population":1192,"surface_km2":15.38,"lat":46.5961,"lon":0.5288},{"code_insee":"86125","nom":"Leigné-les-Bois","codes_postaux":["86450"],"code_dep":"86","code_region":"75","population":547,"surface_km2":30.05,"lat":46.7614,"lon":0.7072},{"code_insee":"86126","nom":"Leignes-sur-Fontaine","codes_postaux":["86300"],"code_dep":"86","code_region":"75","population":647,"surface_km2":32.53,"lat":46.5107,"lon":0.7768},{"code_insee":"86127","nom":"Leigné-sur-Usseau","codes_postaux":["86230"],"code_dep":"86","code_region":"75","population":451,"surface_km2":11.23,"lat":46.9154,"lon":0.4795},{"code_insee":"86128","nom":"Lencloître","codes_postaux":["86140"],"code_dep":"86","code_region":"75","population":2483,"surface_km2":19.01,"lat":46.8081,"lon":0.303},{"code_insee":"86129","nom":"Lésigny","codes_postaux":["86270"],"code_dep":"86","code_region":"75","population":524,"surface_km2":13.15,"lat":46.8346,"lon":0.7692},{"code_insee":"86130","nom":"Leugny","codes_postaux":["86220"],"code_dep":"86","code_region":"75","population":362,"surface_km2":15.73,"lat":46.8996,"lon":0.6959},{"code_insee":"86131","nom":"Lhommaizé","codes_postaux":["86410"],"code_dep":"86","code_region":"75","population":898,"surface_km2":30.72,"lat":46.4444,"lon":0.5868},{"code_insee":"86132","nom":"Liglet","codes_postaux":["86290"],"code_dep":"86","code_region":"75","population":297,"surface_km2":53.34,"lat":46.5042,"lon":1.085},{"code_insee":"86133","nom":"Ligugé","codes_postaux":["86240"],"code_dep":"86","code_region":"75","population":3444,"surface_km2":22.89,"lat":46.5228,"lon":0.29},{"code_insee":"86134","nom":"Linazay","codes_postaux":["86400"],"code_dep":"86","code_region":"75","population":216,"surface_km2":9.23,"lat":46.1654,"lon":0.1932},{"code_insee":"86135","nom":"Liniers","codes_postaux":["86800"],"code_dep":"86","code_region":"75","population":591,"surface_km2":16.34,"lat":46.6193,"lon":0.5292},{"code_insee":"86136","nom":"Lizant","codes_postaux":["86400"],"code_dep":"86","code_region":"75","population":393,"surface_km2":16.97,"lat":46.0792,"lon":0.2783},{"code_insee":"86137","nom":"Loudun","codes_postaux":["86200"],"code_dep":"86","code_region":"75","population":6839,"surface_km2":43.99,"lat":47.0116,"lon":0.1048},{"code_insee":"86138","nom":"Luchapt","codes_postaux":["86430"],"code_dep":"86","code_region":"75","population":244,"surface_km2":26.39,"lat":46.1866,"lon":0.7797},{"code_insee":"86139","nom":"Lusignan","codes_postaux":["86600"],"code_dep":"86","code_region":"75","population":2544,"surface_km2":38.08,"lat":46.4404,"lon":0.1186},{"code_insee":"86140","nom":"Lussac-les-Châteaux","codes_postaux":["86320"],"code_dep":"86","code_region":"75","population":2263,"surface_km2":28.11,"lat":46.4074,"lon":0.7304},{"code_insee":"86141","nom":"Magné","codes_postaux":["86160"],"code_dep":"86","code_region":"75","population":672,"surface_km2":20.46,"lat":46.3472,"lon":0.3955},{"code_insee":"86142","nom":"Maillé","codes_postaux":["86190"],"code_dep":"86","code_region":"75","population":637,"surface_km2":12.29,"lat":46.6764,"lon":0.0947},{"code_insee":"86143","nom":"Mairé","codes_postaux":["86270"],"code_dep":"86","code_region":"75","population":173,"surface_km2":20.53,"lat":46.8607,"lon":0.7195},{"code_insee":"86144","nom":"Maisonneuve","codes_postaux":["86170"],"code_dep":"86","code_region":"75","population":319,"surface_km2":9.19,"lat":46.7198,"lon":0.054},{"code_insee":"86145","nom":"Marçay","codes_postaux":["86370"],"code_dep":"86","code_region":"75","population":1107,"surface_km2":30.97,"lat":46.4706,"lon":0.2262},{"code_insee":"86147","nom":"Marigny-Chemereau","codes_postaux":["86370"],"code_dep":"86","code_region":"75","population":603,"surface_km2":11.52,"lat":46.4259,"lon":0.2173},{"code_insee":"86148","nom":"Marnay","codes_postaux":["86160"],"code_dep":"86","code_region":"75","population":713,"surface_km2":45.41,"lat":46.3948,"lon":0.3467},{"code_insee":"86149","nom":"Martaizé","codes_postaux":["86330"],"code_dep":"86","code_region":"75","population":355,"surface_km2":19.7,"lat":46.92,"lon":0.0519},{"code_insee":"86150","nom":"Massognes","codes_postaux":["86170"],"code_dep":"86","code_region":"75","population":274,"surface_km2":13.75,"lat":46.7495,"lon":0.0592},{"code_insee":"86151","nom":"Maulay","codes_postaux":["86200"],"code_dep":"86","code_region":"75","population":194,"surface_km2":23.04,"lat":46.9668,"lon":0.2052},{"code_insee":"86152","nom":"Mauprévoir","codes_postaux":["86460"],"code_dep":"86","code_region":"75","population":608,"surface_km2":48.77,"lat":46.1667,"lon":0.5218},{"code_insee":"86153","nom":"Mazerolles","codes_postaux":["86320"],"code_dep":"86","code_region":"75","population":834,"surface_km2":21.47,"lat":46.4037,"lon":0.663},{"code_insee":"86154","nom":"Mazeuil","codes_postaux":["86110"],"code_dep":"86","code_region":"75","population":243,"surface_km2":13.66,"lat":46.7924,"lon":0.0887},{"code_insee":"86156","nom":"Messemé","codes_postaux":["86200"],"code_dep":"86","code_region":"75","population":243,"surface_km2":9.85,"lat":47.0098,"lon":0.1637},{"code_insee":"86157","nom":"Mignaloux-Beauvoir","codes_postaux":["86550"],"code_dep":"86","code_region":"75","population":5229,"surface_km2":21.61,"lat":46.5488,"lon":0.4112},{"code_insee":"86158","nom":"Migné-Auxances","codes_postaux":["86440"],"code_dep":"86","code_region":"75","population":6285,"surface_km2":28.98,"lat":46.6307,"lon":0.3008},{"code_insee":"86159","nom":"Millac","codes_postaux":["86150"],"code_dep":"86","code_region":"75","population":462,"surface_km2":40.73,"lat":46.1895,"lon":0.7068},{"code_insee":"86160","nom":"Mirebeau","codes_postaux":["86110"],"code_dep":"86","code_region":"75","population":2143,"surface_km2":13.81,"lat":46.7909,"lon":0.195},{"code_insee":"86161","nom":"Moncontour","codes_postaux":["86330"],"code_dep":"86","code_region":"75","population":976,"surface_km2":41.42,"lat":46.8768,"lon":0.0033},{"code_insee":"86162","nom":"Mondion","codes_postaux":["86230"],"code_dep":"86","code_region":"75","population":120,"surface_km2":8.99,"lat":46.9393,"lon":0.4711},{"code_insee":"86163","nom":"Montamisé","codes_postaux":["86360"],"code_dep":"86","code_region":"75","population":3723,"surface_km2":32.61,"lat":46.6255,"lon":0.4381},{"code_insee":"86164","nom":"Monthoiron","codes_postaux":["86210"],"code_dep":"86","code_region":"75","population":673,"surface_km2":16.89,"lat":46.7296,"lon":0.6191},{"code_insee":"86165","nom":"Montmorillon","codes_postaux":["86500"],"code_dep":"86","code_region":"75","population":5821,"surface_km2":57.06,"lat":46.4291,"lon":0.8939},{"code_insee":"86167","nom":"Monts-sur-Guesnes","codes_postaux":["86420"],"code_dep":"86","code_region":"75","population":921,"surface_km2":11.34,"lat":46.9108,"lon":0.1929},{"code_insee":"86169","nom":"Morton","codes_postaux":["86120"],"code_dep":"86","code_region":"75","population":370,"surface_km2":8.12,"lat":47.104,"lon":-0.0103},{"code_insee":"86170","nom":"Moulismes","codes_postaux":["86500"],"code_dep":"86","code_region":"75","population":358,"surface_km2":29.15,"lat":46.325,"lon":0.8079},{"code_insee":"86171","nom":"Moussac","codes_postaux":["86150"],"code_dep":"86","code_region":"75","population":436,"surface_km2":24.93,"lat":46.279,"lon":0.6848},{"code_insee":"86172","nom":"Mouterre-sur-Blourde","codes_postaux":["86430"],"code_dep":"86","code_region":"75","population":170,"surface_km2":20.41,"lat":46.2163,"lon":0.7656},{"code_insee":"86173","nom":"Mouterre-Silly","codes_postaux":["86200"],"code_dep":"86","code_region":"75","population":602,"surface_km2":31.07,"lat":46.9837,"lon":0.0355},{"code_insee":"86174","nom":"Naintré","codes_postaux":["86530"],"code_dep":"86","code_region":"75","population":5964,"surface_km2":24.85,"lat":46.7738,"lon":0.4947},{"code_insee":"86175","nom":"Nalliers","codes_postaux":["86310"],"code_dep":"86","code_region":"75","population":302,"surface_km2":16.05,"lat":46.6116,"lon":0.8798},{"code_insee":"86176","nom":"Nérignac","codes_postaux":["86150"],"code_dep":"86","code_region":"75","population":112,"surface_km2":4.51,"lat":46.2987,"lon":0.7295},{"code_insee":"86177","nom":"Neuville-de-Poitou","codes_postaux":["86170"],"code_dep":"86","code_region":"75","population":5513,"surface_km2":17.03,"lat":46.6825,"lon":0.2523},{"code_insee":"86178","nom":"Nieuil-l'Espoir","codes_postaux":["86340"],"code_dep":"86","code_region":"75","population":2631,"surface_km2":21.13,"lat":46.491,"lon":0.4589},{"code_insee":"86180","nom":"Nouaillé-Maupertuis","codes_postaux":["86340"],"code_dep":"86","code_region":"75","population":2975,"surface_km2":22.14,"lat":46.5055,"lon":0.4191},{"code_insee":"86181","nom":"Nueil-sous-Faye","codes_postaux":["86200"],"code_dep":"86","code_region":"75","population":217,"surface_km2":16.03,"lat":46.9722,"lon":0.2763},{"code_insee":"86182","nom":"Orches","codes_postaux":["86230"],"code_dep":"86","code_region":"75","population":353,"surface_km2":19.47,"lat":46.8805,"lon":0.327},{"code_insee":"86183","nom":"Les Ormes","codes_postaux":["86220"],"code_dep":"86","code_region":"75","population":1613,"surface_km2":23.93,"lat":46.965,"lon":0.621},{"code_insee":"86184","nom":"Ouzilly","codes_postaux":["86380"],"code_dep":"86","code_region":"75","population":961,"surface_km2":10.63,"lat":46.7758,"lon":0.3581},{"code_insee":"86186","nom":"Oyré","codes_postaux":["86220"],"code_dep":"86","code_region":"75","population":962,"surface_km2":33.26,"lat":46.8603,"lon":0.646},{"code_insee":"86187","nom":"Paizay-le-Sec","codes_postaux":["86300"],"code_dep":"86","code_region":"75","population":468,"surface_km2":34.78,"lat":46.5847,"lon":0.7779},{"code_insee":"86189","nom":"Payroux","codes_postaux":["86350"],"code_dep":"86","code_region":"75","population":461,"surface_km2":30.32,"lat":46.2139,"lon":0.4807},{"code_insee":"86190","nom":"Persac","codes_postaux":["86320"],"code_dep":"86","code_region":"75","population":717,"surface_km2":60.39,"lat":46.3397,"lon":0.7325},{"code_insee":"86191","nom":"Pindray","codes_postaux":["86500"],"code_dep":"86","code_region":"75","population":253,"surface_km2":26.93,"lat":46.476,"lon":0.8162},{"code_insee":"86192","nom":"Plaisance","codes_postaux":["86500"],"code_dep":"86","code_region":"75","population":170,"surface_km2":13.05,"lat":46.3117,"lon":0.8529},{"code_insee":"86193","nom":"Pleumartin","codes_postaux":["86450"],"code_dep":"86","code_region":"75","population":1214,"surface_km2":24.1,"lat":46.7446,"lon":0.7696},{"code_insee":"86194","nom":"Poitiers","codes_postaux":["86000"],"code_dep":"86","code_region":"75","population":89916,"surface_km2":42.53,"lat":46.5846,"lon":0.3715},{"code_insee":"86195","nom":"Port-de-Piles","codes_postaux":["86220"],"code_dep":"86","code_region":"75","population":545,"surface_km2":5.77,"lat":46.9989,"lon":0.5956},{"code_insee":"86196","nom":"Pouançay","codes_postaux":["86120"],"code_dep":"86","code_region":"75","population":230,"surface_km2":5.47,"lat":47.0882,"lon":-0.0822},{"code_insee":"86197","nom":"Pouant","codes_postaux":["86200"],"code_dep":"86","code_region":"75","population":407,"surface_km2":26.91,"lat":47.0215,"lon":0.2743},{"code_insee":"86198","nom":"Pouillé","codes_postaux":["86800"],"code_dep":"86","code_region":"75","population":735,"surface_km2":14.05,"lat":46.5419,"lon":0.5795},{"code_insee":"86200","nom":"Pressac","codes_postaux":["86460"],"code_dep":"86","code_region":"75","population":544,"surface_km2":49.38,"lat":46.123,"lon":0.5566},{"code_insee":"86201","nom":"Prinçay","codes_postaux":["86420"],"code_dep":"86","code_region":"75","population":201,"surface_km2":16.55,"lat":46.9302,"lon":0.2528},{"code_insee":"86202","nom":"La Puye","codes_postaux":["86260"],"code_dep":"86","code_region":"75","population":608,"surface_km2":23.68,"lat":46.6468,"lon":0.7444},{"code_insee":"86203","nom":"Queaux","codes_postaux":["86150"],"code_dep":"86","code_region":"75","population":586,"surface_km2":53.34,"lat":46.3104,"lon":0.6356},{"code_insee":"86204","nom":"Quinçay","codes_postaux":["86190"],"code_dep":"86","code_region":"75","population":2139,"surface_km2":29.76,"lat":46.6086,"lon":0.2153},{"code_insee":"86205","nom":"Ranton","codes_postaux":["86200"],"code_dep":"86","code_region":"75","population":204,"surface_km2":6.12,"lat":46.9972,"lon":-0.0329},{"code_insee":"86206","nom":"Raslay","codes_postaux":["86120"],"code_dep":"86","code_region":"75","population":134,"surface_km2":4.06,"lat":47.1128,"lon":0.0036},{"code_insee":"86207","nom":"La Roche-Posay","codes_postaux":["86270"],"code_dep":"86","code_region":"75","population":1566,"surface_km2":35.26,"lat":46.7768,"lon":0.8057},{"code_insee":"86209","nom":"Roches-Prémarie-Andillé","codes_postaux":["86340"],"code_dep":"86","code_region":"75","population":2191,"surface_km2":22.34,"lat":46.4768,"lon":0.3672},{"code_insee":"86210","nom":"Roiffé","codes_postaux":["86120"],"code_dep":"86","code_region":"75","population":747,"surface_km2":24.33,"lat":47.1302,"lon":0.0517},{"code_insee":"86211","nom":"Romagne","codes_postaux":["86700"],"code_dep":"86","code_region":"75","population":801,"surface_km2":41.26,"lat":46.2629,"lon":0.3032},{"code_insee":"86213","nom":"Rouillé","codes_postaux":["86480"],"code_dep":"86","code_region":"75","population":2533,"surface_km2":52.07,"lat":46.422,"lon":0.0282},{"code_insee":"86214","nom":"Saint-Benoît","codes_postaux":["86280"],"code_dep":"86","code_region":"75","population":7375,"surface_km2":13.61,"lat":46.5484,"lon":0.3561},{"code_insee":"86217","nom":"Saint-Christophe","codes_postaux":["86230"],"code_dep":"86","code_region":"75","population":279,"surface_km2":15.2,"lat":46.9211,"lon":0.3766},{"code_insee":"86218","nom":"Saint-Clair","codes_postaux":["86330"],"code_dep":"86","code_region":"75","population":209,"surface_km2":10.77,"lat":46.878,"lon":0.0546},{"code_insee":"86220","nom":"Saint-Gaudent","codes_postaux":["86400"],"code_dep":"86","code_region":"75","population":303,"surface_km2":11.82,"lat":46.1123,"lon":0.2856},{"code_insee":"86221","nom":"Saint-Genest-d'Ambière","codes_postaux":["86140"],"code_dep":"86","code_region":"75","population":1235,"surface_km2":32.14,"lat":46.8264,"lon":0.3621},{"code_insee":"86222","nom":"Saint-Georges-lès-Baillargeaux","codes_postaux":["86130"],"code_dep":"86","code_region":"75","population":4385,"surface_km2":33.88,"lat":46.6681,"lon":0.4428},{"code_insee":"86223","nom":"Saint-Germain","codes_postaux":["86310"],"code_dep":"86","code_region":"75","population":886,"surface_km2":20.35,"lat":46.5737,"lon":0.9029},{"code_insee":"86224","nom":"Saint-Gervais-les-Trois-Clochers","codes_postaux":["86230"],"code_dep":"86","code_region":"75","population":1310,"surface_km2":39.48,"lat":46.8949,"lon":0.4169},{"code_insee":"86225","nom":"Saint-Jean-de-Sauves","codes_postaux":["86330"],"code_dep":"86","code_region":"75","population":1281,"surface_km2":56.66,"lat":46.8386,"lon":0.0847},{"code_insee":"86226","nom":"Saint-Julien-l'Ars","codes_postaux":["86800"],"code_dep":"86","code_region":"75","population":2880,"surface_km2":18.66,"lat":46.5546,"lon":0.4931},{"code_insee":"86227","nom":"Saint-Laon","codes_postaux":["86200"],"code_dep":"86","code_region":"75","population":136,"surface_km2":11.93,"lat":46.9657,"lon":-0.0195},{"code_insee":"86228","nom":"Saint-Laurent-de-Jourdes","codes_postaux":["86410"],"code_dep":"86","code_region":"75","population":192,"surface_km2":18.07,"lat":46.3904,"lon":0.5391},{"code_insee":"86229","nom":"Saint-Léger-de-Montbrillais","codes_postaux":["86120"],"code_dep":"86","code_region":"75","population":354,"surface_km2":10.42,"lat":47.077,"lon":-0.0374},{"code_insee":"86230","nom":"Saint-Léomer","codes_postaux":["86290"],"code_dep":"86","code_region":"75","population":172,"surface_km2":29.1,"lat":46.4161,"lon":0.9979},{"code_insee":"86233","nom":"Valdivienne","codes_postaux":["86300"],"code_dep":"86","code_region":"75","population":2715,"surface_km2":61.47,"lat":46.4992,"lon":0.6357},{"code_insee":"86234","nom":"Saint-Martin-l'Ars","codes_postaux":["86350"],"code_dep":"86","code_region":"75","population":362,"surface_km2":41.96,"lat":46.2105,"lon":0.5497},{"code_insee":"86235","nom":"Saint-Maurice-la-Clouère","codes_postaux":["86160"],"code_dep":"86","code_region":"75","population":1290,"surface_km2":40.21,"lat":46.3853,"lon":0.4456},{"code_insee":"86236","nom":"Saint-Pierre-de-Maillé","codes_postaux":["86260"],"code_dep":"86","code_region":"75","population":836,"surface_km2":75.03,"lat":46.6806,"lon":0.825},{"code_insee":"86237","nom":"Saint-Pierre-d'Exideuil","codes_postaux":["86400"],"code_dep":"86","code_region":"75","population":717,"surface_km2":19.46,"lat":46.157,"lon":0.2536},{"code_insee":"86239","nom":"Sainte-Radégonde","codes_postaux":["86300"],"code_dep":"86","code_region":"75","population":187,"surface_km2":13.2,"lat":46.6176,"lon":0.7041},{"code_insee":"86241","nom":"Saint-Rémy-sur-Creuse","codes_postaux":["86220"],"code_dep":"86","code_region":"75","population":462,"surface_km2":13.04,"lat":46.9337,"lon":0.6812},{"code_insee":"86242","nom":"Saint-Romain","codes_postaux":["86250"],"code_dep":"86","code_region":"75","population":386,"surface_km2":20.61,"lat":46.2255,"lon":0.3834},{"code_insee":"86244","nom":"Saint-Sauvant","codes_postaux":["86600"],"code_dep":"86","code_region":"75","population":1293,"surface_km2":59.93,"lat":46.3527,"lon":0.0774},{"code_insee":"86245","nom":"Senillé-Saint-Sauveur","codes_postaux":["86100"],"code_dep":"86","code_region":"75","population":1706,"surface_km2":50.95,"lat":46.7943,"lon":0.6335},{"code_insee":"86246","nom":"Saint-Savin","codes_postaux":["86310"],"code_dep":"86","code_region":"75","population":816,"surface_km2":18.72,"lat":46.5878,"lon":0.8388},{"code_insee":"86247","nom":"Val-de-Comporté","codes_postaux":["86400"],"code_dep":"86","code_region":"75","population":999,"surface_km2":21.6,"lat":46.1423,"lon":0.2283},{"code_insee":"86248","nom":"Saint-Secondin","codes_postaux":["86350"],"code_dep":"86","code_region":"75","population":531,"surface_km2":38.07,"lat":46.3235,"lon":0.4939},{"code_insee":"86249","nom":"Saires","codes_postaux":["86420"],"code_dep":"86","code_region":"75","population":122,"surface_km2":14.07,"lat":46.8914,"lon":0.2327},{"code_insee":"86250","nom":"Saix","codes_postaux":["86120"],"code_dep":"86","code_region":"75","population":250,"surface_km2":22.93,"lat":47.1459,"lon":0.0034},{"code_insee":"86252","nom":"Sammarçolles","codes_postaux":["86200"],"code_dep":"86","code_region":"75","population":648,"surface_km2":21.19,"lat":47.0396,"lon":0.1704},{"code_insee":"86253","nom":"Sanxay","codes_postaux":["86600"],"code_dep":"86","code_region":"75","population":548,"surface_km2":24.51,"lat":46.4963,"lon":-0.0057},{"code_insee":"86254","nom":"Saulgé","codes_postaux":["86500"],"code_dep":"86","code_region":"75","population":1011,"surface_km2":62.6,"lat":46.3588,"lon":0.8643},{"code_insee":"86255","nom":"Savigné","codes_postaux":["86400"],"code_dep":"86","code_region":"75","population":1256,"surface_km2":36.63,"lat":46.1682,"lon":0.3266},{"code_insee":"86256","nom":"Savigny-Lévescault","codes_postaux":["86800"],"code_dep":"86","code_region":"75","population":1240,"surface_km2":22.08,"lat":46.5266,"lon":0.4759},{"code_insee":"86257","nom":"Savigny-sous-Faye","codes_postaux":["86140"],"code_dep":"86","code_region":"75","population":379,"surface_km2":15.07,"lat":46.8706,"lon":0.289},{"code_insee":"86258","nom":"Scorbé-Clairvaux","codes_postaux":["86140"],"code_dep":"86","code_region":"75","population":2174,"surface_km2":22.75,"lat":46.8102,"lon":0.4089},{"code_insee":"86260","nom":"Sérigny","codes_postaux":["86230"],"code_dep":"86","code_region":"75","population":315,"surface_km2":24.92,"lat":46.9296,"lon":0.3209},{"code_insee":"86261","nom":"Sèvres-Anxaumont","codes_postaux":["86800"],"code_dep":"86","code_region":"75","population":2394,"surface_km2":15.68,"lat":46.5745,"lon":0.4607},{"code_insee":"86262","nom":"Sillars","codes_postaux":["86320"],"code_dep":"86","code_region":"75","population":584,"surface_km2":60.65,"lat":46.4147,"lon":0.7812},{"code_insee":"86263","nom":"Smarves","codes_postaux":["86240"],"code_dep":"86","code_region":"75","population":2941,"surface_km2":20.51,"lat":46.5118,"lon":0.3569},{"code_insee":"86264","nom":"Sommières-du-Clain","codes_postaux":["86160"],"code_dep":"86","code_region":"75","population":729,"surface_km2":26.16,"lat":46.278,"lon":0.3721},{"code_insee":"86265","nom":"Sossais","codes_postaux":["86230"],"code_dep":"86","code_region":"75","population":409,"surface_km2":11.99,"lat":46.8683,"lon":0.3751},{"code_insee":"86266","nom":"Surin","codes_postaux":["86250"],"code_dep":"86","code_region":"75","population":123,"surface_km2":12.07,"lat":46.0823,"lon":0.3748},{"code_insee":"86268","nom":"Tercé","codes_postaux":["86800"],"code_dep":"86","code_region":"75","population":1135,"surface_km2":23.89,"lat":46.5136,"lon":0.5582},{"code_insee":"86269","nom":"Ternay","codes_postaux":["86120"],"code_dep":"86","code_region":"75","population":189,"surface_km2":10.23,"lat":47.0347,"lon":-0.0548},{"code_insee":"86270","nom":"Thollet","codes_postaux":["86290"],"code_dep":"86","code_region":"75","population":164,"surface_km2":30.46,"lat":46.4399,"lon":1.1194},{"code_insee":"86271","nom":"Thurageau","codes_postaux":["86110"],"code_dep":"86","code_region":"75","population":720,"surface_km2":35.31,"lat":46.7815,"lon":0.2799},{"code_insee":"86272","nom":"Thuré","codes_postaux":["86540"],"code_dep":"86","code_region":"75","population":2765,"surface_km2":44.02,"lat":46.8412,"lon":0.4565},{"code_insee":"86273","nom":"La Trimouille","codes_postaux":["86290"],"code_dep":"86","code_region":"75","population":859,"surface_km2":42.15,"lat":46.4538,"lon":1.0673},{"code_insee":"86274","nom":"Les Trois-Moutiers","codes_postaux":["86120"],"code_dep":"86","code_region":"75","population":1078,"surface_km2":35.78,"lat":47.0621,"lon":0.0073},{"code_insee":"86275","nom":"Usseau","codes_postaux":["86230"],"code_dep":"86","code_region":"75","population":573,"surface_km2":18.99,"lat":46.8896,"lon":0.495},{"code_insee":"86276","nom":"Usson-du-Poitou","codes_postaux":["86350"],"code_dep":"86","code_region":"75","population":1217,"surface_km2":72.82,"lat":46.2832,"lon":0.5408},{"code_insee":"86279","nom":"Vaux-sur-Vienne","codes_postaux":["86220"],"code_dep":"86","code_region":"75","population":538,"surface_km2":6.91,"lat":46.9087,"lon":0.5631},{"code_insee":"86280","nom":"Vellèches","codes_postaux":["86230"],"code_dep":"86","code_region":"75","population":347,"surface_km2":19.59,"lat":46.9377,"lon":0.5259},{"code_insee":"86281","nom":"Saint-Martin-la-Pallu","codes_postaux":["86110","86170","86380"],"code_dep":"86","code_region":"75","population":5713,"surface_km2":95.13,"lat":46.7297,"lon":0.2634},{"code_insee":"86284","nom":"Vernon","codes_postaux":["86340"],"code_dep":"86","code_region":"75","population":730,"surface_km2":39.35,"lat":46.4298,"lon":0.4767},{"code_insee":"86285","nom":"Verrières","codes_postaux":["86410"],"code_dep":"86","code_region":"75","population":921,"surface_km2":19.6,"lat":46.4018,"lon":0.598},{"code_insee":"86286","nom":"Verrue","codes_postaux":["86420"],"code_dep":"86","code_region":"75","population":379,"surface_km2":28.57,"lat":46.8673,"lon":0.1817},{"code_insee":"86287","nom":"Vézières","codes_postaux":["86120"],"code_dep":"86","code_region":"75","population":340,"surface_km2":26.52,"lat":47.0925,"lon":0.125},{"code_insee":"86288","nom":"Vicq-sur-Gartempe","codes_postaux":["86260"],"code_dep":"86","code_region":"75","population":658,"surface_km2":33.32,"lat":46.7301,"lon":0.8417},{"code_insee":"86289","nom":"Le Vigeant","codes_postaux":["86150"],"code_dep":"86","code_region":"75","population":657,"surface_km2":65.15,"lat":46.2199,"lon":0.6324},{"code_insee":"86290","nom":"La Villedieu-du-Clain","codes_postaux":["86340"],"code_dep":"86","code_region":"75","population":1512,"surface_km2":7.21,"lat":46.4607,"lon":0.3888},{"code_insee":"86291","nom":"Villemort","codes_postaux":["86310"],"code_dep":"86","code_region":"75","population":100,"surface_km2":4.45,"lat":46.5492,"lon":0.9251},{"code_insee":"86292","nom":"Villiers","codes_postaux":["86190"],"code_dep":"86","code_region":"75","population":982,"surface_km2":11.13,"lat":46.6718,"lon":0.1729},{"code_insee":"86293","nom":"Vivonne","codes_postaux":["86370"],"code_dep":"86","code_region":"75","population":4550,"surface_km2":41.63,"lat":46.4193,"lon":0.2499},{"code_insee":"86294","nom":"Vouillé","codes_postaux":["86190"],"code_dep":"86","code_region":"75","population":3697,"surface_km2":34.49,"lat":46.6198,"lon":0.1685},{"code_insee":"86295","nom":"Voulême","codes_postaux":["86400"],"code_dep":"86","code_region":"75","population":390,"surface_km2":11.27,"lat":46.1001,"lon":0.2327},{"code_insee":"86296","nom":"Voulon","codes_postaux":["86700"],"code_dep":"86","code_region":"75","population":463,"surface_km2":8.37,"lat":46.3643,"lon":0.2394},{"code_insee":"86297","nom":"Vouneuil-sous-Biard","codes_postaux":["86580"],"code_dep":"86","code_region":"75","population":6290,"surface_km2":26.22,"lat":46.5843,"lon":0.2694},{"code_insee":"86298","nom":"Vouneuil-sur-Vienne","codes_postaux":["86210"],"code_dep":"86","code_region":"75","population":2277,"surface_km2":36.83,"lat":46.7198,"lon":0.5385},{"code_insee":"86299","nom":"Vouzailles","codes_postaux":["86170"],"code_dep":"86","code_region":"75","population":566,"surface_km2":16.07,"lat":46.7153,"lon":0.0936},{"code_insee":"86300","nom":"Yversay","codes_postaux":["86170"],"code_dep":"86","code_region":"75","population":611,"surface_km2":5.98,"lat":46.6704,"lon":0.2062}]