[{"code_insee":"88001","nom":"Les Ableuvenettes","codes_postaux":["88270"],"code_dep":"88","code_region":"44","population":72,"surface_km2":4.52,"lat":48.191,"lon":6.1937},{"code_insee":"88002","nom":"Ahéville","codes_postaux":["88500"],"code_dep":"88","code_region":"44","population":67,"surface_km2":5.83,"lat":48.2836,"lon":6.2007},{"code_insee":"88003","nom":"Aingeville","codes_postaux":["88140"],"code_dep":"88","code_region":"44","population":60,"surface_km2":5.73,"lat":48.206,"lon":5.7659},{"code_insee":"88004","nom":"Ainvelle","codes_postaux":["88320"],"code_dep":"88","code_region":"44","population":140,"surface_km2":9.08,"lat":47.9866,"lon":5.8268},{"code_insee":"88005","nom":"Allarmont","codes_postaux":["88110"],"code_dep":"88","code_region":"44","population":214,"surface_km2":13.12,"lat":48.4697,"lon":7.0176},{"code_insee":"88006","nom":"Ambacourt","codes_postaux":["88500"],"code_dep":"88","code_region":"44","population":300,"surface_km2":6.8,"lat":48.3515,"lon":6.1394},{"code_insee":"88007","nom":"Ameuvelle","codes_postaux":["88410"],"code_dep":"88","code_region":"44","population":46,"surface_km2":5.61,"lat":47.951,"lon":5.9498},{"code_insee":"88008","nom":"Anglemont","codes_postaux":["88700"],"code_dep":"88","code_region":"44","population":144,"surface_km2":5.9,"lat":48.3773,"lon":6.6713},{"code_insee":"88009","nom":"Anould","codes_postaux":["88650"],"code_dep":"88","code_region":"44","population":3234,"surface_km2":24.53,"lat":48.1794,"lon":6.939},{"code_insee":"88010","nom":"Aouze","codes_postaux":["88170"],"code_dep":"88","code_region":"44","population":190,"surface_km2":11.15,"lat":48.3836,"lon":5.8675},{"code_insee":"88011","nom":"Arches","codes_postaux":["88380"],"code_dep":"88","code_region":"44","population":1617,"surface_km2":17.63,"lat":48.1081,"lon":6.5077},{"code_insee":"88012","nom":"Archettes","codes_postaux":["88380"],"code_dep":"88","code_region":"44","population":1113,"surface_km2":13.89,"lat":48.1324,"lon":6.5484},{"code_insee":"88013","nom":"Aroffe","codes_postaux":["88170"],"code_dep":"88","code_region":"44","population":93,"surface_km2":8.54,"lat":48.4112,"lon":5.8997},{"code_insee":"88014","nom":"Arrentès-de-Corcieux","codes_postaux":["88430"],"code_dep":"88","code_region":"44","population":169,"surface_km2":17.11,"lat":48.1336,"lon":6.8716},{"code_insee":"88015","nom":"Attignéville","codes_postaux":["88300"],"code_dep":"88","code_region":"44","population":219,"surface_km2":14.64,"lat":48.3969,"lon":5.8266},{"code_insee":"88016","nom":"Attigny","codes_postaux":["88260"],"code_dep":"88","code_region":"44","population":200,"surface_km2":16.06,"lat":48.0624,"lon":6.0249},{"code_insee":"88017","nom":"Aulnois","codes_postaux":["88300"],"code_dep":"88","code_region":"44","population":159,"surface_km2":4.43,"lat":48.2617,"lon":5.7787},{"code_insee":"88019","nom":"Autigny-la-Tour","codes_postaux":["88300"],"code_dep":"88","code_region":"44","population":144,"surface_km2":15.83,"lat":48.4137,"lon":5.7869},{"code_insee":"88020","nom":"Autreville","codes_postaux":["88300"],"code_dep":"88","code_region":"44","population":194,"surface_km2":10.96,"lat":48.4867,"lon":5.8687},{"code_insee":"88021","nom":"Autrey","codes_postaux":["88700"],"code_dep":"88","code_region":"44","population":273,"surface_km2":17.4,"lat":48.2918,"lon":6.725},{"code_insee":"88022","nom":"Auzainvilliers","codes_postaux":["88140"],"code_dep":"88","code_region":"44","population":191,"surface_km2":8.24,"lat":48.2375,"lon":5.8559},{"code_insee":"88023","nom":"Avillers","codes_postaux":["88500"],"code_dep":"88","code_region":"44","population":88,"surface_km2":6.91,"lat":48.3125,"lon":6.205},{"code_insee":"88024","nom":"Avrainville","codes_postaux":["88130"],"code_dep":"88","code_region":"44","population":111,"surface_km2":4.59,"lat":48.3789,"lon":6.2194},{"code_insee":"88025","nom":"Avranville","codes_postaux":["88630"],"code_dep":"88","code_region":"44","population":66,"surface_km2":10.89,"lat":48.4165,"lon":5.5388},{"code_insee":"88026","nom":"Aydoilles","codes_postaux":["88600"],"code_dep":"88","code_region":"44","population":1018,"surface_km2":10.09,"lat":48.2121,"lon":6.5738},{"code_insee":"88027","nom":"Badménil-aux-Bois","codes_postaux":["88330"],"code_dep":"88","code_region":"44","population":135,"surface_km2":9.31,"lat":48.3115,"lon":6.5285},{"code_insee":"88028","nom":"La Baffe","codes_postaux":["88460"],"code_dep":"88","code_region":"44","population":631,"surface_km2":9.02,"lat":48.165,"lon":6.5584},{"code_insee":"88029","nom":"La Vôge-les-Bains","codes_postaux":["88240"],"code_dep":"88","code_region":"44","population":1545,"surface_km2":44.54,"lat":48.017,"lon":6.2543},{"code_insee":"88030","nom":"Bainville-aux-Saules","codes_postaux":["88270"],"code_dep":"88","code_region":"44","population":148,"surface_km2":5.66,"lat":48.2082,"lon":6.1329},{"code_insee":"88031","nom":"Balléville","codes_postaux":["88170"],"code_dep":"88","code_region":"44","population":97,"surface_km2":6.28,"lat":48.3363,"lon":5.8467},{"code_insee":"88032","nom":"Ban-de-Laveline","codes_postaux":["88520"],"code_dep":"88","code_region":"44","population":1148,"surface_km2":26.27,"lat":48.2254,"lon":7.0801},{"code_insee":"88033","nom":"Ban-de-Sapt","codes_postaux":["88210"],"code_dep":"88","code_region":"44","population":360,"surface_km2":22.64,"lat":48.34,"lon":7.0161},{"code_insee":"88035","nom":"Barbey-Seroux","codes_postaux":["88640"],"code_dep":"88","code_region":"44","population":143,"surface_km2":7.33,"lat":48.1291,"lon":6.8466},{"code_insee":"88036","nom":"Barville","codes_postaux":["88300"],"code_dep":"88","code_region":"44","population":79,"surface_km2":8.53,"lat":48.3785,"lon":5.7709},{"code_insee":"88037","nom":"Basse-sur-le-Rupt","codes_postaux":["88120"],"code_dep":"88","code_region":"44","population":843,"surface_km2":13.69,"lat":47.9855,"lon":6.7724},{"code_insee":"88038","nom":"Battexey","codes_postaux":["88130"],"code_dep":"88","code_region":"44","population":31,"surface_km2":2.73,"lat":48.3892,"lon":6.1841},{"code_insee":"88039","nom":"Baudricourt","codes_postaux":["88500"],"code_dep":"88","code_region":"44","population":327,"surface_km2":3.46,"lat":48.3087,"lon":6.0566},{"code_insee":"88040","nom":"Bayecourt","codes_postaux":["88150"],"code_dep":"88","code_region":"44","population":230,"surface_km2":7.09,"lat":48.2714,"lon":6.4941},{"code_insee":"88041","nom":"Bazegney","codes_postaux":["88270"],"code_dep":"88","code_region":"44","population":95,"surface_km2":5.83,"lat":48.2654,"lon":6.2344},{"code_insee":"88042","nom":"Bazien","codes_postaux":["88700"],"code_dep":"88","code_region":"44","population":79,"surface_km2":3.18,"lat":48.4151,"lon":6.6806},{"code_insee":"88043","nom":"Bazoilles-et-Ménil","codes_postaux":["88500"],"code_dep":"88","code_region":"44","population":122,"surface_km2":5.75,"lat":48.259,"lon":6.1064},{"code_insee":"88044","nom":"Bazoilles-sur-Meuse","codes_postaux":["88300"],"code_dep":"88","code_region":"44","population":612,"surface_km2":21.36,"lat":48.2989,"lon":5.649},{"code_insee":"88045","nom":"Beaufremont","codes_postaux":["88300"],"code_dep":"88","code_region":"44","population":83,"surface_km2":8.98,"lat":48.2562,"lon":5.7436},{"code_insee":"88046","nom":"Beauménil","codes_postaux":["88600"],"code_dep":"88","code_region":"44","population":131,"surface_km2":3.31,"lat":48.1689,"lon":6.7212},{"code_insee":"88047","nom":"Begnécourt","codes_postaux":["88270"],"code_dep":"88","code_region":"44","population":139,"surface_km2":4.54,"lat":48.2095,"lon":6.1653},{"code_insee":"88048","nom":"Bellefontaine","codes_postaux":["88370"],"code_dep":"88","code_region":"44","population":952,"surface_km2":39.33,"lat":48.0103,"lon":6.4624},{"code_insee":"88049","nom":"Belmont-lès-Darney","codes_postaux":["88260"],"code_dep":"88","code_region":"44","population":107,"surface_km2":4.14,"lat":48.0855,"lon":6.0152},{"code_insee":"88050","nom":"Belmont-sur-Buttant","codes_postaux":["88600"],"code_dep":"88","code_region":"44","population":293,"surface_km2":8.5,"lat":48.2222,"lon":6.7689},{"code_insee":"88051","nom":"Belmont-sur-Vair","codes_postaux":["88800"],"code_dep":"88","code_region":"44","population":123,"surface_km2":6.18,"lat":48.2579,"lon":5.9135},{"code_insee":"88052","nom":"Belrupt","codes_postaux":["88260"],"code_dep":"88","code_region":"44","population":88,"surface_km2":9.4,"lat":48.0946,"lon":6.0853},{"code_insee":"88053","nom":"Belval","codes_postaux":["88210"],"code_dep":"88","code_region":"44","population":148,"surface_km2":6.91,"lat":48.4122,"lon":7.0697},{"code_insee":"88054","nom":"Bertrimoutier","codes_postaux":["88520"],"code_dep":"88","code_region":"44","population":315,"surface_km2":3.72,"lat":48.2655,"lon":7.0606},{"code_insee":"88055","nom":"Bettegney-Saint-Brice","codes_postaux":["88450"],"code_dep":"88","code_region":"44","population":163,"surface_km2":5.39,"lat":48.3046,"lon":6.3122},{"code_insee":"88056","nom":"Bettoncourt","codes_postaux":["88500"],"code_dep":"88","code_region":"44","population":88,"surface_km2":3.25,"lat":48.3392,"lon":6.1635},{"code_insee":"88057","nom":"Le Beulay","codes_postaux":["88490"],"code_dep":"88","code_region":"44","population":88,"surface_km2":2.4,"lat":48.3048,"lon":7.0651},{"code_insee":"88058","nom":"Biécourt","codes_postaux":["88170"],"code_dep":"88","code_region":"44","population":89,"surface_km2":5.99,"lat":48.3243,"lon":5.9535},{"code_insee":"88059","nom":"Biffontaine","codes_postaux":["88430"],"code_dep":"88","code_region":"44","population":390,"surface_km2":8.88,"lat":48.2122,"lon":6.8183},{"code_insee":"88060","nom":"Blémerey","codes_postaux":["88500"],"code_dep":"88","code_region":"44","population":28,"surface_km2":2.5,"lat":48.3586,"lon":6.0425},{"code_insee":"88061","nom":"Bleurville","codes_postaux":["88410"],"code_dep":"88","code_region":"44","population":281,"surface_km2":20.43,"lat":48.0677,"lon":5.9588},{"code_insee":"88062","nom":"Blevaincourt","codes_postaux":["88320"],"code_dep":"88","code_region":"44","population":90,"surface_km2":8.71,"lat":48.1217,"lon":5.7107},{"code_insee":"88063","nom":"Bocquegney","codes_postaux":["88270"],"code_dep":"88","code_region":"44","population":131,"surface_km2":4.58,"lat":48.2234,"lon":6.3114},{"code_insee":"88064","nom":"Bois-de-Champ","codes_postaux":["88600"],"code_dep":"88","code_region":"44","population":105,"surface_km2":17.71,"lat":48.2416,"lon":6.7942},{"code_insee":"88065","nom":"Bonvillet","codes_postaux":["88260"],"code_dep":"88","code_region":"44","population":272,"surface_km2":10.1,"lat":48.1004,"lon":6.0644},{"code_insee":"88066","nom":"Boulaincourt","codes_postaux":["88500"],"code_dep":"88","code_region":"44","population":64,"surface_km2":2.55,"lat":48.3737,"lon":6.084},{"code_insee":"88068","nom":"La Bourgonce","codes_postaux":["88470"],"code_dep":"88","code_region":"44","population":842,"surface_km2":16.64,"lat":48.3013,"lon":6.8129},{"code_insee":"88069","nom":"Bouxières-aux-Bois","codes_postaux":["88270"],"code_dep":"88","code_region":"44","population":149,"surface_km2":7.71,"lat":48.2562,"lon":6.3225},{"code_insee":"88070","nom":"Bouxurulles","codes_postaux":["88130"],"code_dep":"88","code_region":"44","population":176,"surface_km2":6.78,"lat":48.3322,"lon":6.2304},{"code_insee":"88071","nom":"Bouzemont","codes_postaux":["88270"],"code_dep":"88","code_region":"44","population":44,"surface_km2":4.97,"lat":48.2498,"lon":6.2392},{"code_insee":"88073","nom":"Brantigny","codes_postaux":["88130"],"code_dep":"88","code_region":"44","population":198,"surface_km2":2.98,"lat":48.349,"lon":6.2769},{"code_insee":"88074","nom":"Brechainville","codes_postaux":["88350"],"code_dep":"88","code_region":"44","population":55,"surface_km2":14.25,"lat":48.3618,"lon":5.5023},{"code_insee":"88075","nom":"La Bresse","codes_postaux":["88250"],"code_dep":"88","code_region":"44","population":3853,"surface_km2":58.01,"lat":48.0211,"lon":6.9202},{"code_insee":"88076","nom":"Brouvelieures","codes_postaux":["88600"],"code_dep":"88","code_region":"44","population":405,"surface_km2":7.45,"lat":48.2412,"lon":6.7336},{"code_insee":"88077","nom":"Brû","codes_postaux":["88700"],"code_dep":"88","code_region":"44","population":567,"surface_km2":8.96,"lat":48.3554,"lon":6.6854},{"code_insee":"88078","nom":"Bruyères","codes_postaux":["88600"],"code_dep":"88","code_region":"44","population":2923,"surface_km2":16.0,"lat":48.2155,"lon":6.7139},{"code_insee":"88079","nom":"Bulgnéville","codes_postaux":["88140"],"code_dep":"88","code_region":"44","population":1516,"surface_km2":13.35,"lat":48.212,"lon":5.8412},{"code_insee":"88080","nom":"Bult","codes_postaux":["88700"],"code_dep":"88","code_region":"44","population":301,"surface_km2":9.91,"lat":48.2982,"lon":6.5938},{"code_insee":"88081","nom":"Bussang","codes_postaux":["88540"],"code_dep":"88","code_region":"44","population":1261,"surface_km2":27.61,"lat":47.8922,"lon":6.875},{"code_insee":"88082","nom":"Celles-sur-Plaine","codes_postaux":["88110"],"code_dep":"88","code_region":"44","population":737,"surface_km2":20.19,"lat":48.4513,"lon":6.9656},{"code_insee":"88083","nom":"Certilleux","codes_postaux":["88300"],"code_dep":"88","code_region":"44","population":216,"surface_km2":5.93,"lat":48.3198,"lon":5.733},{"code_insee":"88084","nom":"Chamagne","codes_postaux":["88130"],"code_dep":"88","code_region":"44","population":446,"surface_km2":15.29,"lat":48.4117,"lon":6.3074},{"code_insee":"88085","nom":"Champdray","codes_postaux":["88640"],"code_dep":"88","code_region":"44","population":192,"surface_km2":9.58,"lat":48.1257,"lon":6.7577},{"code_insee":"88086","nom":"Champ-le-Duc","codes_postaux":["88600"],"code_dep":"88","code_region":"44","population":475,"surface_km2":3.95,"lat":48.1924,"lon":6.7274},{"code_insee":"88087","nom":"Chantraine","codes_postaux":["88000"],"code_dep":"88","code_region":"44","population":3198,"surface_km2":6.14,"lat":48.167,"lon":6.4244},{"code_insee":"88088","nom":"La Chapelle-aux-Bois","codes_postaux":["88240"],"code_dep":"88","code_region":"44","population":675,"surface_km2":30.98,"lat":48.03,"lon":6.3231},{"code_insee":"88089","nom":"La Chapelle-devant-Bruyères","codes_postaux":["88600"],"code_dep":"88","code_region":"44","population":547,"surface_km2":20.45,"lat":48.1778,"lon":6.8037},{"code_insee":"88090","nom":"Charmes","codes_postaux":["88130"],"code_dep":"88","code_region":"44","population":4484,"surface_km2":23.75,"lat":48.383,"lon":6.3225},{"code_insee":"88091","nom":"Charmois-devant-Bruyères","codes_postaux":["88460"],"code_dep":"88","code_region":"44","population":373,"surface_km2":6.67,"lat":48.1712,"lon":6.5898},{"code_insee":"88092","nom":"Charmois-l'Orgueilleux","codes_postaux":["88270"],"code_dep":"88","code_region":"44","population":586,"surface_km2":36.44,"lat":48.0904,"lon":6.2618},{"code_insee":"88093","nom":"Châtas","codes_postaux":["88210"],"code_dep":"88","code_region":"44","population":34,"surface_km2":5.59,"lat":48.3667,"lon":7.0383},{"code_insee":"88094","nom":"Châtel-sur-Moselle","codes_postaux":["88330"],"code_dep":"88","code_region":"44","population":1723,"surface_km2":12.12,"lat":48.3164,"lon":6.399},{"code_insee":"88095","nom":"Châtenois","codes_postaux":["88170"],"code_dep":"88","code_region":"44","population":1723,"surface_km2":17.61,"lat":48.3119,"lon":5.8251},{"code_insee":"88096","nom":"Châtillon-sur-Saône","codes_postaux":["88410"],"code_dep":"88","code_region":"44","population":105,"surface_km2":9.26,"lat":47.9462,"lon":5.8785},{"code_insee":"88097","nom":"Chauffecourt","codes_postaux":["88500"],"code_dep":"88","code_region":"44","population":41,"surface_km2":1.88,"lat":48.3335,"lon":6.1557},{"code_insee":"88098","nom":"Chaumousey","codes_postaux":["88390"],"code_dep":"88","code_region":"44","population":924,"surface_km2":10.15,"lat":48.172,"lon":6.3251},{"code_insee":"88099","nom":"Chavelot","codes_postaux":["88150"],"code_dep":"88","code_region":"44","population":1376,"surface_km2":6.23,"lat":48.229,"lon":6.4281},{"code_insee":"88100","nom":"Chef-Haut","codes_postaux":["88500"],"code_dep":"88","code_region":"44","population":49,"surface_km2":3.18,"lat":48.354,"lon":6.0093},{"code_insee":"88101","nom":"Cheniménil","codes_postaux":["88460"],"code_dep":"88","code_region":"44","population":1210,"surface_km2":9.39,"lat":48.1367,"lon":6.5959},{"code_insee":"88102","nom":"Chermisey","codes_postaux":["88630"],"code_dep":"88","code_region":"44","population":83,"surface_km2":10.78,"lat":48.4125,"lon":5.5717},{"code_insee":"88103","nom":"Circourt","codes_postaux":["88270"],"code_dep":"88","code_region":"44","population":79,"surface_km2":5.91,"lat":48.2491,"lon":6.2833},{"code_insee":"88104","nom":"Circourt-sur-Mouzon","codes_postaux":["88300"],"code_dep":"88","code_region":"44","population":186,"surface_km2":10.18,"lat":48.3033,"lon":5.6997},{"code_insee":"88105","nom":"Claudon","codes_postaux":["88410"],"code_dep":"88","code_region":"44","population":218,"surface_km2":21.77,"lat":48.0332,"lon":6.0454},{"code_insee":"88106","nom":"Ban-sur-Meurthe-Clefcy","codes_postaux":["88230"],"code_dep":"88","code_region":"44","population":957,"surface_km2":45.0,"lat":48.1285,"lon":6.9702},{"code_insee":"88107","nom":"Clérey-la-Côte","codes_postaux":["88630"],"code_dep":"88","code_region":"44","population":25,"surface_km2":3.22,"lat":48.4852,"lon":5.7624},{"code_insee":"88108","nom":"Le Clerjus","codes_postaux":["88240"],"code_dep":"88","code_region":"44","population":457,"surface_km2":32.71,"lat":47.979,"lon":6.3306},{"code_insee":"88109","nom":"Cleurie","codes_postaux":["88120"],"code_dep":"88","code_region":"44","population":652,"surface_km2":11.04,"lat":48.0552,"lon":6.674},{"code_insee":"88110","nom":"Clézentaine","codes_postaux":["88700"],"code_dep":"88","code_region":"44","population":217,"surface_km2":13.04,"lat":48.4063,"lon":6.5242},{"code_insee":"88111","nom":"Coinches","codes_postaux":["88100"],"code_dep":"88","code_region":"44","population":346,"surface_km2":5.64,"lat":48.2423,"lon":7.023},{"code_insee":"88113","nom":"Combrimont","codes_postaux":["88490"],"code_dep":"88","code_region":"44","population":136,"surface_km2":4.76,"lat":48.2742,"lon":7.0752},{"code_insee":"88114","nom":"Contrexéville","codes_postaux":["88140"],"code_dep":"88","code_region":"44","population":2923,"surface_km2":15.04,"lat":48.186,"lon":5.8906},{"code_insee":"88115","nom":"Corcieux","codes_postaux":["88430"],"code_dep":"88","code_region":"44","population":1509,"surface_km2":17.59,"lat":48.165,"lon":6.879},{"code_insee":"88116","nom":"Cornimont","codes_postaux":["88310"],"code_dep":"88","code_region":"44","population":3027,"surface_km2":40.25,"lat":47.9613,"lon":6.8768},{"code_insee":"88117","nom":"Courcelles-sous-Châtenois","codes_postaux":["88170"],"code_dep":"88","code_region":"44","population":74,"surface_km2":2.38,"lat":48.3269,"lon":5.8147},{"code_insee":"88118","nom":"Coussey","codes_postaux":["88630"],"code_dep":"88","code_region":"44","population":716,"surface_km2":16.24,"lat":48.4136,"lon":5.6671},{"code_insee":"88119","nom":"Crainvilliers","codes_postaux":["88140"],"code_dep":"88","code_region":"44","population":182,"surface_km2":10.41,"lat":48.1497,"lon":5.8382},{"code_insee":"88120","nom":"La Croix-aux-Mines","codes_postaux":["88520"],"code_dep":"88","code_region":"44","population":448,"surface_km2":16.7,"lat":48.2037,"lon":7.0675},{"code_insee":"88121","nom":"Damas-aux-Bois","codes_postaux":["88330"],"code_dep":"88","code_region":"44","population":273,"surface_km2":29.91,"lat":48.3843,"lon":6.4031},{"code_insee":"88122","nom":"Damas-et-Bettegney","codes_postaux":["88270"],"code_dep":"88","code_region":"44","population":390,"surface_km2":15.06,"lat":48.212,"lon":6.2642},{"code_insee":"88123","nom":"Damblain","codes_postaux":["88320"],"code_dep":"88","code_region":"44","population":260,"surface_km2":13.29,"lat":48.0892,"lon":5.6685},{"code_insee":"88124","nom":"Darney","codes_postaux":["88260"],"code_dep":"88","code_region":"44","population":1091,"surface_km2":7.87,"lat":48.0799,"lon":6.0556},{"code_insee":"88125","nom":"Darney-aux-Chênes","codes_postaux":["88170"],"code_dep":"88","code_region":"44","population":59,"surface_km2":2.48,"lat":48.2832,"lon":5.8101},{"code_insee":"88126","nom":"Darnieulles","codes_postaux":["88390"],"code_dep":"88","code_region":"44","population":1364,"surface_km2":10.11,"lat":48.198,"lon":6.3356},{"code_insee":"88127","nom":"Deinvillers","codes_postaux":["88700"],"code_dep":"88","code_region":"44","population":57,"surface_km2":5.57,"lat":48.4137,"lon":6.5628},{"code_insee":"88128","nom":"Denipaire","codes_postaux":["88210"],"code_dep":"88","code_region":"44","population":243,"surface_km2":6.98,"lat":48.3402,"lon":6.9594},{"code_insee":"88129","nom":"Derbamont","codes_postaux":["88270"],"code_dep":"88","code_region":"44","population":100,"surface_km2":6.83,"lat":48.2655,"lon":6.2735},{"code_insee":"88130","nom":"Destord","codes_postaux":["88600"],"code_dep":"88","code_region":"44","population":234,"surface_km2":5.11,"lat":48.2735,"lon":6.6209},{"code_insee":"88131","nom":"Deycimont","codes_postaux":["88600"],"code_dep":"88","code_region":"44","population":292,"surface_km2":6.38,"lat":48.1745,"lon":6.6422},{"code_insee":"88132","nom":"Deyvillers","codes_postaux":["88000"],"code_dep":"88","code_region":"44","population":1379,"surface_km2":8.7,"lat":48.1975,"lon":6.5283},{"code_insee":"88133","nom":"Dignonville","codes_postaux":["88000"],"code_dep":"88","code_region":"44","population":208,"surface_km2":5.94,"lat":48.2414,"lon":6.5002},{"code_insee":"88134","nom":"Dinozé","codes_postaux":["88000"],"code_dep":"88","code_region":"44","population":648,"surface_km2":2.93,"lat":48.1383,"lon":6.4852},{"code_insee":"88135","nom":"Docelles","codes_postaux":["88460"],"code_dep":"88","code_region":"44","population":856,"surface_km2":8.68,"lat":48.1388,"lon":6.6254},{"code_insee":"88136","nom":"Dogneville","codes_postaux":["88000"],"code_dep":"88","code_region":"44","population":1521,"surface_km2":11.43,"lat":48.2198,"lon":6.4667},{"code_insee":"88137","nom":"Dolaincourt","codes_postaux":["88170"],"code_dep":"88","code_region":"44","population":85,"surface_km2":2.62,"lat":48.3405,"lon":5.8085},{"code_insee":"88138","nom":"Dombasle-devant-Darney","codes_postaux":["88260"],"code_dep":"88","code_region":"44","population":78,"surface_km2":8.83,"lat":48.1279,"lon":6.0752},{"code_insee":"88139","nom":"Dombasle-en-Xaintois","codes_postaux":["88500"],"code_dep":"88","code_region":"44","population":123,"surface_km2":4.74,"lat":48.3036,"lon":5.9952},{"code_insee":"88140","nom":"Dombrot-le-Sec","codes_postaux":["88140"],"code_dep":"88","code_region":"44","population":355,"surface_km2":18.98,"lat":48.1452,"lon":5.8978},{"code_insee":"88141","nom":"Dombrot-sur-Vair","codes_postaux":["88170"],"code_dep":"88","code_region":"44","population":239,"surface_km2":9.14,"lat":48.2659,"lon":5.9007},{"code_insee":"88142","nom":"Domèvre-sur-Avière","codes_postaux":["88390"],"code_dep":"88","code_region":"44","population":439,"surface_km2":9.2,"lat":48.2242,"lon":6.39},{"code_insee":"88143","nom":"Domèvre-sur-Durbion","codes_postaux":["88330"],"code_dep":"88","code_region":"44","population":267,"surface_km2":12.77,"lat":48.2871,"lon":6.4886},{"code_insee":"88144","nom":"Domèvre-sous-Montfort","codes_postaux":["88500"],"code_dep":"88","code_region":"44","population":61,"surface_km2":3.26,"lat":48.2581,"lon":6.0721},{"code_insee":"88145","nom":"Domfaing","codes_postaux":["88600"],"code_dep":"88","code_region":"44","population":210,"surface_km2":3.92,"lat":48.244,"lon":6.7534},{"code_insee":"88146","nom":"Domjulien","codes_postaux":["88800"],"code_dep":"88","code_region":"44","population":178,"surface_km2":11.9,"lat":48.2569,"lon":5.9993},{"code_insee":"88147","nom":"Dommartin-aux-Bois","codes_postaux":["88390"],"code_dep":"88","code_region":"44","population":411,"surface_km2":15.84,"lat":48.1485,"lon":6.2917},{"code_insee":"88148","nom":"Dommartin-lès-Remiremont","codes_postaux":["88200"],"code_dep":"88","code_region":"44","population":1921,"surface_km2":21.05,"lat":47.9888,"lon":6.6521},{"code_insee":"88149","nom":"Dommartin-lès-Vallois","codes_postaux":["88260"],"code_dep":"88","code_region":"44","population":52,"surface_km2":5.0,"lat":48.1558,"lon":6.0853},{"code_insee":"88150","nom":"Dommartin-sur-Vraine","codes_postaux":["88170"],"code_dep":"88","code_region":"44","population":278,"surface_km2":7.05,"lat":48.343,"lon":5.9118},{"code_insee":"88151","nom":"Dompaire","codes_postaux":["88270"],"code_dep":"88","code_region":"44","population":1077,"surface_km2":16.75,"lat":48.226,"lon":6.2093},{"code_insee":"88152","nom":"Dompierre","codes_postaux":["88600"],"code_dep":"88","code_region":"44","population":238,"surface_km2":8.81,"lat":48.2485,"lon":6.5663},{"code_insee":"88153","nom":"Domptail","codes_postaux":["88700"],"code_dep":"88","code_region":"44","population":334,"surface_km2":18.76,"lat":48.4452,"lon":6.6174},{"code_insee":"88154","nom":"Domrémy-la-Pucelle","codes_postaux":["88630"],"code_dep":"88","code_region":"44","population":102,"surface_km2":8.98,"lat":48.4409,"lon":5.6566},{"code_insee":"88155","nom":"Domvallier","codes_postaux":["88500"],"code_dep":"88","code_region":"44","population":93,"surface_km2":3.25,"lat":48.303,"lon":6.0803},{"code_insee":"88156","nom":"Doncières","codes_postaux":["88700"],"code_dep":"88","code_region":"44","population":157,"surface_km2":7.7,"lat":48.3901,"lon":6.6344},{"code_insee":"88157","nom":"Dounoux","codes_postaux":["88220"],"code_dep":"88","code_region":"44","population":880,"surface_km2":9.32,"lat":48.1068,"lon":6.4423},{"code_insee":"88158","nom":"Éloyes","codes_postaux":["88510"],"code_dep":"88","code_region":"44","population":3138,"surface_km2":12.51,"lat":48.0915,"lon":6.6238},{"code_insee":"88159","nom":"Entre-deux-Eaux","codes_postaux":["88650"],"code_dep":"88","code_region":"44","population":510,"surface_km2":8.56,"lat":48.2392,"lon":7.0005},{"code_insee":"88160","nom":"Épinal","codes_postaux":["88000"],"code_dep":"88","code_region":"44","population":32251,"surface_km2":59.34,"lat":48.1637,"lon":6.4867},{"code_insee":"88161","nom":"Escles","codes_postaux":["88260"],"code_dep":"88","code_region":"44","population":382,"surface_km2":22.44,"lat":48.1189,"lon":6.1649},{"code_insee":"88162","nom":"Esley","codes_postaux":["88260"],"code_dep":"88","code_region":"44","population":166,"surface_km2":11.12,"lat":48.1753,"lon":6.0604},{"code_insee":"88163","nom":"Essegney","codes_postaux":["88130"],"code_dep":"88","code_region":"44","population":747,"surface_km2":8.51,"lat":48.3793,"lon":6.3449},{"code_insee":"88164","nom":"Estrennes","codes_postaux":["88500"],"code_dep":"88","code_region":"44","population":107,"surface_km2":6.02,"lat":48.2603,"lon":6.0565},{"code_insee":"88165","nom":"Étival-Clairefontaine","codes_postaux":["88480"],"code_dep":"88","code_region":"44","population":2437,"surface_km2":27.24,"lat":48.3666,"lon":6.8351},{"code_insee":"88166","nom":"Évaux-et-Ménil","codes_postaux":["88450"],"code_dep":"88","code_region":"44","population":350,"surface_km2":5.0,"lat":48.3253,"lon":6.3023},{"code_insee":"88167","nom":"Faucompierre","codes_postaux":["88460"],"code_dep":"88","code_region":"44","population":227,"surface_km2":2.48,"lat":48.1398,"lon":6.6639},{"code_insee":"88168","nom":"Fauconcourt","codes_postaux":["88700"],"code_dep":"88","code_region":"44","population":126,"surface_km2":4.9,"lat":48.372,"lon":6.5388},{"code_insee":"88169","nom":"Fays","codes_postaux":["88600"],"code_dep":"88","code_region":"44","population":222,"surface_km2":4.87,"lat":48.1971,"lon":6.669},{"code_insee":"88170","nom":"Ferdrupt","codes_postaux":["88360"],"code_dep":"88","code_region":"44","population":738,"surface_km2":14.82,"lat":47.9099,"lon":6.7224},{"code_insee":"88171","nom":"Fignévelle","codes_postaux":["88410"],"code_dep":"88","code_region":"44","population":50,"surface_km2":4.45,"lat":47.9846,"lon":5.9105},{"code_insee":"88172","nom":"Fiménil","codes_postaux":["88600"],"code_dep":"88","code_region":"44","population":237,"surface_km2":5.2,"lat":48.172,"lon":6.7111},{"code_insee":"88173","nom":"Florémont","codes_postaux":["88130"],"code_dep":"88","code_region":"44","population":467,"surface_km2":8.04,"lat":48.3712,"lon":6.2534},{"code_insee":"88174","nom":"Fomerey","codes_postaux":["88390"],"code_dep":"88","code_region":"44","population":138,"surface_km2":5.12,"lat":48.218,"lon":6.343},{"code_insee":"88175","nom":"Fontenay","codes_postaux":["88600"],"code_dep":"88","code_region":"44","population":469,"surface_km2":6.53,"lat":48.2145,"lon":6.588},{"code_insee":"88176","nom":"Fontenoy-le-Château","codes_postaux":["88240"],"code_dep":"88","code_region":"44","population":500,"surface_km2":38.2,"lat":47.9779,"lon":6.2062},{"code_insee":"88177","nom":"La Forge","codes_postaux":["88530"],"code_dep":"88","code_region":"44","population":517,"surface_km2":4.68,"lat":48.0696,"lon":6.7201},{"code_insee":"88178","nom":"Les Forges","codes_postaux":["88390"],"code_dep":"88","code_region":"44","population":1776,"surface_km2":7.1,"lat":48.1739,"lon":6.394},{"code_insee":"88179","nom":"Fouchécourt","codes_postaux":["88320"],"code_dep":"88","code_region":"44","population":40,"surface_km2":4.68,"lat":48.0046,"lon":5.8647},{"code_insee":"88180","nom":"Frain","codes_postaux":["88320"],"code_dep":"88","code_region":"44","population":125,"surface_km2":7.64,"lat":48.0835,"lon":5.8801},{"code_insee":"88181","nom":"Fraize","codes_postaux":["88230"],"code_dep":"88","code_region":"44","population":2843,"surface_km2":15.51,"lat":48.1876,"lon":7.0268},{"code_insee":"88182","nom":"Frapelle","codes_postaux":["88490"],"code_dep":"88","code_region":"44","population":201,"surface_km2":4.55,"lat":48.2945,"lon":7.0531},{"code_insee":"88183","nom":"Frebécourt","codes_postaux":["88630"],"code_dep":"88","code_region":"44","population":341,"surface_km2":10.56,"lat":48.3821,"lon":5.6756},{"code_insee":"88184","nom":"Fremifontaine","codes_postaux":["88600"],"code_dep":"88","code_region":"44","population":428,"surface_km2":9.65,"lat":48.2625,"lon":6.7007},{"code_insee":"88185","nom":"Frenelle-la-Grande","codes_postaux":["88500"],"code_dep":"88","code_region":"44","population":97,"surface_km2":5.51,"lat":48.3531,"lon":6.093},{"code_insee":"88186","nom":"Frenelle-la-Petite","codes_postaux":["88500"],"code_dep":"88","code_region":"44","population":49,"surface_km2":3.5,"lat":48.3496,"lon":6.0631},{"code_insee":"88187","nom":"Frénois","codes_postaux":["88270"],"code_dep":"88","code_region":"44","population":48,"surface_km2":4.91,"lat":48.1853,"lon":6.1229},{"code_insee":"88188","nom":"Fresse-sur-Moselle","codes_postaux":["88160"],"code_dep":"88","code_region":"44","population":1662,"surface_km2":18.51,"lat":47.8653,"lon":6.8086},{"code_insee":"88189","nom":"Fréville","codes_postaux":["88350"],"code_dep":"88","code_region":"44","population":133,"surface_km2":6.38,"lat":48.3247,"lon":5.6235},{"code_insee":"88190","nom":"Frizon","codes_postaux":["88440"],"code_dep":"88","code_region":"44","population":485,"surface_km2":11.8,"lat":48.2856,"lon":6.3517},{"code_insee":"88192","nom":"Gelvécourt-et-Adompt","codes_postaux":["88270"],"code_dep":"88","code_region":"44","population":108,"surface_km2":3.81,"lat":48.2001,"lon":6.1794},{"code_insee":"88193","nom":"Gemaingoutte","codes_postaux":["88520"],"code_dep":"88","code_region":"44","population":150,"surface_km2":3.89,"lat":48.2448,"lon":7.1046},{"code_insee":"88194","nom":"Gemmelaincourt","codes_postaux":["88170"],"code_dep":"88","code_region":"44","population":120,"surface_km2":7.43,"lat":48.2756,"lon":5.9683},{"code_insee":"88195","nom":"Gendreville","codes_postaux":["88140"],"code_dep":"88","code_region":"44","population":103,"surface_km2":8.15,"lat":48.2349,"lon":5.716},{"code_insee":"88196","nom":"Gérardmer","codes_postaux":["88400"],"code_dep":"88","code_region":"44","population":7581,"surface_km2":55.61,"lat":48.0658,"lon":6.8531},{"code_insee":"88197","nom":"Gerbamont","codes_postaux":["88120"],"code_dep":"88","code_region":"44","population":354,"surface_km2":9.76,"lat":48.0039,"lon":6.7693},{"code_insee":"88198","nom":"Gerbépal","codes_postaux":["88430"],"code_dep":"88","code_region":"44","population":544,"surface_km2":19.3,"lat":48.1299,"lon":6.9255},{"code_insee":"88199","nom":"Gignéville","codes_postaux":["88320"],"code_dep":"88","code_region":"44","population":77,"surface_km2":5.6,"lat":48.1127,"lon":5.9189},{"code_insee":"88200","nom":"Gigney","codes_postaux":["88390"],"code_dep":"88","code_region":"44","population":58,"surface_km2":5.16,"lat":48.2301,"lon":6.3371},{"code_insee":"88201","nom":"Girancourt","codes_postaux":["88390"],"code_dep":"88","code_region":"44","population":877,"surface_km2":17.71,"lat":48.1456,"lon":6.3242},{"code_insee":"88202","nom":"Gircourt-lès-Viéville","codes_postaux":["88500"],"code_dep":"88","code_region":"44","population":183,"surface_km2":8.71,"lat":48.3415,"lon":6.1956},{"code_insee":"88203","nom":"Girecourt-sur-Durbion","codes_postaux":["88600"],"code_dep":"88","code_region":"44","population":350,"surface_km2":6.91,"lat":48.2484,"lon":6.5978},{"code_insee":"88205","nom":"Girmont-Val-d'Ajol","codes_postaux":["88340"],"code_dep":"88","code_region":"44","population":264,"surface_km2":16.7,"lat":47.9501,"lon":6.5656},{"code_insee":"88206","nom":"Gironcourt-sur-Vraine","codes_postaux":["88170"],"code_dep":"88","code_region":"44","population":849,"surface_km2":7.49,"lat":48.2998,"lon":5.9316},{"code_insee":"88208","nom":"Godoncourt","codes_postaux":["88410"],"code_dep":"88","code_region":"44","population":117,"surface_km2":11.64,"lat":47.9968,"lon":5.9306},{"code_insee":"88209","nom":"Golbey","codes_postaux":["88190"],"code_dep":"88","code_region":"44","population":8832,"surface_km2":9.47,"lat":48.1987,"lon":6.4258},{"code_insee":"88210","nom":"Gorhey","codes_postaux":["88270"],"code_dep":"88","code_region":"44","population":174,"surface_km2":6.35,"lat":48.1899,"lon":6.2941},{"code_insee":"88212","nom":"Grand","codes_postaux":["88350"],"code_dep":"88","code_region":"44","population":372,"surface_km2":36.64,"lat":48.3946,"lon":5.4732},{"code_insee":"88213","nom":"La Grande-Fosse","codes_postaux":["88490"],"code_dep":"88","code_region":"44","population":126,"surface_km2":6.72,"lat":48.3415,"lon":7.0794},{"code_insee":"88214","nom":"Grandrupt-de-Bains","codes_postaux":["88240"],"code_dep":"88","code_region":"44","population":72,"surface_km2":3.58,"lat":48.0644,"lon":6.179},{"code_insee":"88215","nom":"Grandrupt","codes_postaux":["88210"],"code_dep":"88","code_region":"44","population":74,"surface_km2":6.35,"lat":48.3666,"lon":7.0608},{"code_insee":"88216","nom":"Grandvillers","codes_postaux":["88600"],"code_dep":"88","code_region":"44","population":716,"surface_km2":17.5,"lat":48.2359,"lon":6.6794},{"code_insee":"88218","nom":"Granges-Aumontzey","codes_postaux":["88640"],"code_dep":"88","code_region":"44","population":2529,"surface_km2":33.25,"lat":48.1342,"lon":6.8151},{"code_insee":"88219","nom":"Greux","codes_postaux":["88630"],"code_dep":"88","code_region":"44","population":130,"surface_km2":8.12,"lat":48.4581,"lon":5.6665},{"code_insee":"88220","nom":"Grignoncourt","codes_postaux":["88410"],"code_dep":"88","code_region":"44","population":46,"surface_km2":5.37,"lat":47.9602,"lon":5.904},{"code_insee":"88221","nom":"Gruey-lès-Surance","codes_postaux":["88240"],"code_dep":"88","code_region":"44","population":204,"surface_km2":27.05,"lat":48.0346,"lon":6.1777},{"code_insee":"88222","nom":"Gugnécourt","codes_postaux":["88600"],"code_dep":"88","code_region":"44","population":223,"surface_km2":5.12,"lat":48.2465,"lon":6.6244},{"code_insee":"88223","nom":"Gugney-aux-Aulx","codes_postaux":["88450"],"code_dep":"88","code_region":"44","population":172,"surface_km2":8.69,"lat":48.2982,"lon":6.2738},{"code_insee":"88224","nom":"Hadigny-les-Verrières","codes_postaux":["88330"],"code_dep":"88","code_region":"44","population":374,"surface_km2":14.04,"lat":48.3207,"lon":6.4754},{"code_insee":"88225","nom":"Hadol","codes_postaux":["88220"],"code_dep":"88","code_region":"44","population":2311,"surface_km2":49.17,"lat":48.0845,"lon":6.4475},{"code_insee":"88226","nom":"Hagécourt","codes_postaux":["88270"],"code_dep":"88","code_region":"44","population":128,"surface_km2":7.62,"lat":48.2311,"lon":6.1555},{"code_insee":"88227","nom":"Hagnéville-et-Roncourt","codes_postaux":["88300"],"code_dep":"88","code_region":"44","population":78,"surface_km2":8.56,"lat":48.2459,"lon":5.7871},{"code_insee":"88228","nom":"Haillainville","codes_postaux":["88330"],"code_dep":"88","code_region":"44","population":181,"surface_km2":12.53,"lat":48.3968,"lon":6.4964},{"code_insee":"88229","nom":"Harchéchamp","codes_postaux":["88300"],"code_dep":"88","code_region":"44","population":87,"surface_km2":7.45,"lat":48.4074,"lon":5.8015},{"code_insee":"88230","nom":"Hardancourt","codes_postaux":["88700"],"code_dep":"88","code_region":"44","population":34,"surface_km2":3.34,"lat":48.3794,"lon":6.5601},{"code_insee":"88231","nom":"Haréville","codes_postaux":["88800"],"code_dep":"88","code_region":"44","population":465,"surface_km2":6.57,"lat":48.2025,"lon":6.0188},{"code_insee":"88232","nom":"Harmonville","codes_postaux":["88300"],"code_dep":"88","code_region":"44","population":208,"surface_km2":15.2,"lat":48.4618,"lon":5.8698},{"code_insee":"88233","nom":"Harol","codes_postaux":["88270"],"code_dep":"88","code_region":"44","population":614,"surface_km2":27.35,"lat":48.1465,"lon":6.2492},{"code_insee":"88236","nom":"La Haye","codes_postaux":["88240"],"code_dep":"88","code_region":"44","population":125,"surface_km2":7.42,"lat":48.061,"lon":6.1983},{"code_insee":"88237","nom":"Hennecourt","codes_postaux":["88270"],"code_dep":"88","code_region":"44","population":343,"surface_km2":7.17,"lat":48.218,"lon":6.2902},{"code_insee":"88238","nom":"Hennezel","codes_postaux":["88260"],"code_dep":"88","code_region":"44","population":386,"surface_km2":32.12,"lat":48.0488,"lon":6.1137},{"code_insee":"88239","nom":"Hergugney","codes_postaux":["88130"],"code_dep":"88","code_region":"44","population":134,"surface_km2":5.46,"lat":48.3897,"lon":6.2104},{"code_insee":"88240","nom":"Herpelmont","codes_postaux":["88600"],"code_dep":"88","code_region":"44","population":261,"surface_km2":5.67,"lat":48.1663,"lon":6.7312},{"code_insee":"88241","nom":"Houécourt","codes_postaux":["88170"],"code_dep":"88","code_region":"44","population":421,"surface_km2":9.88,"lat":48.2915,"lon":5.8977},{"code_insee":"88242","nom":"Houéville","codes_postaux":["88300"],"code_dep":"88","code_region":"44","population":43,"surface_km2":3.22,"lat":48.3703,"lon":5.8074},{"code_insee":"88243","nom":"Housseras","codes_postaux":["88700"],"code_dep":"88","code_region":"44","population":485,"surface_km2":19.59,"lat":48.307,"lon":6.7322},{"code_insee":"88244","nom":"La Houssière","codes_postaux":["88430"],"code_dep":"88","code_region":"44","population":507,"surface_km2":19.73,"lat":48.2092,"lon":6.8642},{"code_insee":"88245","nom":"Hurbache","codes_postaux":["88210"],"code_dep":"88","code_region":"44","population":285,"surface_km2":9.96,"lat":48.3439,"lon":6.9295},{"code_insee":"88246","nom":"Hymont","codes_postaux":["88500"],"code_dep":"88","code_region":"44","population":491,"surface_km2":4.21,"lat":48.2635,"lon":6.136},{"code_insee":"88247","nom":"Igney","codes_postaux":["88150"],"code_dep":"88","code_region":"44","population":1133,"surface_km2":7.82,"lat":48.2767,"lon":6.3934},{"code_insee":"88248","nom":"Isches","codes_postaux":["88320"],"code_dep":"88","code_region":"44","population":176,"surface_km2":13.54,"lat":48.0178,"lon":5.8203},{"code_insee":"88249","nom":"Jainvillotte","codes_postaux":["88300"],"code_dep":"88","code_region":"44","population":71,"surface_km2":7.42,"lat":48.2573,"lon":5.704},{"code_insee":"88250","nom":"Jarménil","codes_postaux":["88550"],"code_dep":"88","code_region":"44","population":415,"surface_km2":5.23,"lat":48.1154,"lon":6.593},{"code_insee":"88251","nom":"Jeanménil","codes_postaux":["88700"],"code_dep":"88","code_region":"44","population":1106,"surface_km2":18.29,"lat":48.3295,"lon":6.7228},{"code_insee":"88252","nom":"Jésonville","codes_postaux":["88260"],"code_dep":"88","code_region":"44","population":148,"surface_km2":7.01,"lat":48.124,"lon":6.1149},{"code_insee":"88253","nom":"Jeuxey","codes_postaux":["88000"],"code_dep":"88","code_region":"44","population":663,"surface_km2":8.55,"lat":48.2033,"lon":6.4918},{"code_insee":"88254","nom":"Jorxey","codes_postaux":["88500"],"code_dep":"88","code_region":"44","population":81,"surface_km2":5.42,"lat":48.3064,"lon":6.2363},{"code_insee":"88255","nom":"Jubainville","codes_postaux":["88630"],"code_dep":"88","code_region":"44","population":88,"surface_km2":4.35,"lat":48.4572,"lon":5.7508},{"code_insee":"88256","nom":"Jussarupt","codes_postaux":["88640"],"code_dep":"88","code_region":"44","population":256,"surface_km2":6.59,"lat":48.1576,"lon":6.747},{"code_insee":"88257","nom":"Juvaincourt","codes_postaux":["88500"],"code_dep":"88","code_region":"44","population":184,"surface_km2":8.93,"lat":48.3328,"lon":6.0631},{"code_insee":"88258","nom":"Lamarche","codes_postaux":["88320"],"code_dep":"88","code_region":"44","population":786,"surface_km2":33.66,"lat":48.0617,"lon":5.7727},{"code_insee":"88259","nom":"Landaville","codes_postaux":["88300"],"code_dep":"88","code_region":"44","population":288,"surface_km2":13.21,"lat":48.2841,"lon":5.7467},{"code_insee":"88260","nom":"Langley","codes_postaux":["88130"],"code_dep":"88","code_region":"44","population":140,"surface_km2":2.7,"lat":48.3605,"lon":6.3319},{"code_insee":"88261","nom":"Laval-sur-Vologne","codes_postaux":["88600"],"code_dep":"88","code_region":"44","population":628,"surface_km2":3.69,"lat":48.1953,"lon":6.6883},{"code_insee":"88262","nom":"Laveline-devant-Bruyères","codes_postaux":["88600"],"code_dep":"88","code_region":"44","population":581,"surface_km2":3.11,"lat":48.1866,"lon":6.7574},{"code_insee":"88263","nom":"Laveline-du-Houx","codes_postaux":["88640"],"code_dep":"88","code_region":"44","population":213,"surface_km2":8.33,"lat":48.1397,"lon":6.7091},{"code_insee":"88264","nom":"Légéville-et-Bonfays","codes_postaux":["88270"],"code_dep":"88","code_region":"44","population":66,"surface_km2":5.2,"lat":48.1857,"lon":6.1546},{"code_insee":"88265","nom":"Lemmecourt","codes_postaux":["88300"],"code_dep":"88","code_region":"44","population":23,"surface_km2":1.84,"lat":48.2635,"lon":5.7328},{"code_insee":"88266","nom":"Lépanges-sur-Vologne","codes_postaux":["88600"],"code_dep":"88","code_region":"44","population":844,"surface_km2":7.67,"lat":48.18,"lon":6.6691},{"code_insee":"88267","nom":"Lerrain","codes_postaux":["88260"],"code_dep":"88","code_region":"44","population":461,"surface_km2":12.67,"lat":48.1325,"lon":6.1457},{"code_insee":"88268","nom":"Lesseux","codes_postaux":["88490"],"code_dep":"88","code_region":"44","population":137,"surface_km2":2.94,"lat":48.2807,"lon":7.0855},{"code_insee":"88269","nom":"Liézey","codes_postaux":["88400"],"code_dep":"88","code_region":"44","population":304,"surface_km2":13.24,"lat":48.0971,"lon":6.804},{"code_insee":"88270","nom":"Liffol-le-Grand","codes_postaux":["88350"],"code_dep":"88","code_region":"44","population":2097,"surface_km2":34.13,"lat":48.3161,"lon":5.5728},{"code_insee":"88271","nom":"Lignéville","codes_postaux":["88800"],"code_dep":"88","code_region":"44","population":298,"surface_km2":12.54,"lat":48.1618,"lon":5.9513},{"code_insee":"88272","nom":"Lironcourt","codes_postaux":["88410"],"code_dep":"88","code_region":"44","population":68,"surface_km2":4.87,"lat":47.9709,"lon":5.8806},{"code_insee":"88273","nom":"Longchamp","codes_postaux":["88000"],"code_dep":"88","code_region":"44","population":459,"surface_km2":10.38,"lat":48.2166,"lon":6.5271},{"code_insee":"88274","nom":"Longchamp-sous-Châtenois","codes_postaux":["88170"],"code_dep":"88","code_region":"44","population":82,"surface_km2":4.95,"lat":48.2868,"lon":5.8346},{"code_insee":"88275","nom":"Lubine","codes_postaux":["88490"],"code_dep":"88","code_region":"44","population":245,"surface_km2":14.87,"lat":48.3199,"lon":7.1678},{"code_insee":"88276","nom":"Lusse","codes_postaux":["88490"],"code_dep":"88","code_region":"44","population":354,"surface_km2":19.44,"lat":48.2877,"lon":7.1249},{"code_insee":"88277","nom":"Luvigny","codes_postaux":["88110"],"code_dep":"88","code_region":"44","population":123,"surface_km2":3.97,"lat":48.4984,"lon":7.0741},{"code_insee":"88278","nom":"Maconcourt","codes_postaux":["88170"],"code_dep":"88","code_region":"44","population":65,"surface_km2":4.91,"lat":48.3634,"lon":5.9364},{"code_insee":"88279","nom":"Madecourt","codes_postaux":["88270"],"code_dep":"88","code_region":"44","population":52,"surface_km2":4.48,"lat":48.2403,"lon":6.1141},{"code_insee":"88280","nom":"Madegney","codes_postaux":["88450"],"code_dep":"88","code_region":"44","population":117,"surface_km2":3.05,"lat":48.2843,"lon":6.2875},{"code_insee":"88281","nom":"Madonne-et-Lamerey","codes_postaux":["88270"],"code_dep":"88","code_region":"44","population":407,"surface_km2":7.04,"lat":48.2237,"lon":6.2452},{"code_insee":"88283","nom":"Malaincourt","codes_postaux":["88140"],"code_dep":"88","code_region":"44","population":80,"surface_km2":6.03,"lat":48.2265,"lon":5.7673},{"code_insee":"88284","nom":"Mandray","codes_postaux":["88650"],"code_dep":"88","code_region":"44","population":586,"surface_km2":12.48,"lat":48.2121,"lon":7.0008},{"code_insee":"88285","nom":"Mandres-sur-Vair","codes_postaux":["88800"],"code_dep":"88","code_region":"44","population":421,"surface_km2":12.01,"lat":48.2212,"lon":5.8867},{"code_insee":"88286","nom":"Marainville-sur-Madon","codes_postaux":["88130"],"code_dep":"88","code_region":"44","population":94,"surface_km2":4.93,"lat":48.3962,"lon":6.1657},{"code_insee":"88287","nom":"Marey","codes_postaux":["88320"],"code_dep":"88","code_region":"44","population":72,"surface_km2":7.9,"lat":48.1051,"lon":5.9076},{"code_insee":"88288","nom":"Maroncourt","codes_postaux":["88270"],"code_dep":"88","code_region":"44","population":5,"surface_km2":2.27,"lat":48.2448,"lon":6.1634},{"code_insee":"88289","nom":"Martigny-les-Bains","codes_postaux":["88320"],"code_dep":"88","code_region":"44","population":807,"surface_km2":29.25,"lat":48.1094,"lon":5.8075},{"code_insee":"88290","nom":"Martigny-les-Gerbonvaux","codes_postaux":["88300"],"code_dep":"88","code_region":"44","population":121,"surface_km2":8.93,"lat":48.4471,"lon":5.7929},{"code_insee":"88291","nom":"Martinvelle","codes_postaux":["88410"],"code_dep":"88","code_region":"44","population":119,"surface_km2":24.98,"lat":47.9889,"lon":6.0167},{"code_insee":"88292","nom":"Mattaincourt","codes_postaux":["88500"],"code_dep":"88","code_region":"44","population":802,"surface_km2":7.0,"lat":48.2786,"lon":6.1222},{"code_insee":"88293","nom":"Maxey-sur-Meuse","codes_postaux":["88630"],"code_dep":"88","code_region":"44","population":213,"surface_km2":10.89,"lat":48.4492,"lon":5.7167},{"code_insee":"88294","nom":"Mazeley","codes_postaux":["88150"],"code_dep":"88","code_region":"44","population":266,"surface_km2":10.59,"lat":48.2507,"lon":6.3392},{"code_insee":"88295","nom":"Mazirot","codes_postaux":["88500"],"code_dep":"88","code_region":"44","population":234,"surface_km2":6.59,"lat":48.322,"lon":6.1599},{"code_insee":"88296","nom":"Médonville","codes_postaux":["88140"],"code_dep":"88","code_region":"44","population":52,"surface_km2":7.36,"lat":48.2151,"lon":5.7336},{"code_insee":"88297","nom":"Méménil","codes_postaux":["88600"],"code_dep":"88","code_region":"44","population":181,"surface_km2":9.2,"lat":48.2091,"lon":6.617},{"code_insee":"88298","nom":"Ménarmont","codes_postaux":["88700"],"code_dep":"88","code_region":"44","population":58,"surface_km2":5.25,"lat":48.4172,"lon":6.6456},{"code_insee":"88299","nom":"Ménil-en-Xaintois","codes_postaux":["88500"],"code_dep":"88","code_region":"44","population":167,"surface_km2":4.24,"lat":48.2988,"lon":5.9726},{"code_insee":"88300","nom":"Ménil-de-Senones","codes_postaux":["88210"],"code_dep":"88","code_region":"44","population":121,"surface_km2":7.21,"lat":48.374,"lon":6.996},{"code_insee":"88301","nom":"Ménil-sur-Belvitte","codes_postaux":["88700"],"code_dep":"88","code_region":"44","population":288,"surface_km2":8.6,"lat":48.3856,"lon":6.696},{"code_insee":"88302","nom":"Le Ménil","codes_postaux":["88160"],"code_dep":"88","code_region":"44","population":970,"surface_km2":20.31,"lat":47.9165,"lon":6.8206},{"code_insee":"88303","nom":"Midrevaux","codes_postaux":["88630"],"code_dep":"88","code_region":"44","population":173,"surface_km2":14.24,"lat":48.3869,"lon":5.5827},{"code_insee":"88304","nom":"Mirecourt","codes_postaux":["88500"],"code_dep":"88","code_region":"44","population":4700,"surface_km2":12.2,"lat":48.2937,"lon":6.1187},{"code_insee":"88305","nom":"Moncel-sur-Vair","codes_postaux":["88630"],"code_dep":"88","code_region":"44","population":171,"surface_km2":7.3,"lat":48.4221,"lon":5.7044},{"code_insee":"88306","nom":"Le Mont","codes_postaux":["88210"],"code_dep":"88","code_region":"44","population":53,"surface_km2":3.94,"lat":48.4114,"lon":7.0243},{"code_insee":"88307","nom":"Mont-lès-Lamarche","codes_postaux":["88320"],"code_dep":"88","code_region":"44","population":91,"surface_km2":7.1,"lat":48.0229,"lon":5.7984},{"code_insee":"88308","nom":"Mont-lès-Neufchâteau","codes_postaux":["88300"],"code_dep":"88","code_region":"44","population":267,"surface_km2":11.49,"lat":48.3513,"lon":5.6452},{"code_insee":"88309","nom":"Monthureux-le-Sec","codes_postaux":["88800"],"code_dep":"88","code_region":"44","population":175,"surface_km2":11.43,"lat":48.1691,"lon":6.0254},{"code_insee":"88310","nom":"Monthureux-sur-Saône","codes_postaux":["88410"],"code_dep":"88","code_region":"44","population":857,"surface_km2":19.31,"lat":48.0289,"lon":5.9635},{"code_insee":"88311","nom":"Montmotier","codes_postaux":["88240"],"code_dep":"88","code_region":"44","population":35,"surface_km2":4.25,"lat":47.9815,"lon":6.1718},{"code_insee":"88312","nom":"Morelmaison","codes_postaux":["88170"],"code_dep":"88","code_region":"44","population":195,"surface_km2":5.54,"lat":48.322,"lon":5.9132},{"code_insee":"88313","nom":"Moriville","codes_postaux":["88330"],"code_dep":"88","code_region":"44","population":443,"surface_km2":25.51,"lat":48.3515,"lon":6.4136},{"code_insee":"88314","nom":"Morizécourt","codes_postaux":["88320"],"code_dep":"88","code_region":"44","population":98,"surface_km2":10.55,"lat":48.0697,"lon":5.8589},{"code_insee":"88315","nom":"Mortagne","codes_postaux":["88600"],"code_dep":"88","code_region":"44","population":196,"surface_km2":22.19,"lat":48.2735,"lon":6.7961},{"code_insee":"88316","nom":"Morville","codes_postaux":["88140"],"code_dep":"88","code_region":"44","population":42,"surface_km2":3.46,"lat":48.234,"lon":5.7951},{"code_insee":"88317","nom":"Moussey","codes_postaux":["88210"],"code_dep":"88","code_region":"44","population":548,"surface_km2":29.21,"lat":48.4497,"lon":7.0593},{"code_insee":"88318","nom":"Moyemont","codes_postaux":["88700"],"code_dep":"88","code_region":"44","population":220,"surface_km2":12.32,"lat":48.3438,"lon":6.5455},{"code_insee":"88319","nom":"Moyenmoutier","codes_postaux":["88420"],"code_dep":"88","code_region":"44","population":3134,"surface_km2":34.29,"lat":48.3893,"lon":6.9146},{"code_insee":"88320","nom":"Nayemont-les-Fosses","codes_postaux":["88100"],"code_dep":"88","code_region":"44","population":778,"surface_km2":8.87,"lat":48.2939,"lon":7.0115},{"code_insee":"88321","nom":"Neufchâteau","codes_postaux":["88300"],"code_dep":"88","code_region":"44","population":6732,"surface_km2":31.96,"lat":48.3568,"lon":5.7026},{"code_insee":"88322","nom":"La Neuveville-devant-Lépanges","codes_postaux":["88600"],"code_dep":"88","code_region":"44","population":493,"surface_km2":8.82,"lat":48.1545,"lon":6.6618},{"code_insee":"88324","nom":"La Neuveville-sous-Châtenois","codes_postaux":["88170"],"code_dep":"88","code_region":"44","population":363,"surface_km2":7.45,"lat":48.2862,"lon":5.874},{"code_insee":"88325","nom":"La Neuveville-sous-Montfort","codes_postaux":["88800"],"code_dep":"88","code_region":"44","population":178,"surface_km2":10.34,"lat":48.23,"lon":6.0196},{"code_insee":"88326","nom":"Neuvillers-sur-Fave","codes_postaux":["88100"],"code_dep":"88","code_region":"44","population":357,"surface_km2":5.01,"lat":48.2854,"lon":7.0351},{"code_insee":"88327","nom":"Nomexy","codes_postaux":["88440"],"code_dep":"88","code_region":"44","population":1905,"surface_km2":8.17,"lat":48.3073,"lon":6.3713},{"code_insee":"88328","nom":"Nompatelize","codes_postaux":["88470"],"code_dep":"88","code_region":"44","population":547,"surface_km2":6.95,"lat":48.3274,"lon":6.8608},{"code_insee":"88330","nom":"Nonville","codes_postaux":["88260"],"code_dep":"88","code_region":"44","population":185,"surface_km2":8.95,"lat":48.0908,"lon":5.983},{"code_insee":"88331","nom":"Nonzeville","codes_postaux":["88600"],"code_dep":"88","code_region":"44","population":56,"surface_km2":1.61,"lat":48.2662,"lon":6.6313},{"code_insee":"88332","nom":"Norroy","codes_postaux":["88800"],"code_dep":"88","code_region":"44","population":203,"surface_km2":7.25,"lat":48.2153,"lon":5.919},{"code_insee":"88333","nom":"Nossoncourt","codes_postaux":["88700"],"code_dep":"88","code_region":"44","population":122,"surface_km2":5.37,"lat":48.4,"lon":6.6759},{"code_insee":"88334","nom":"Oëlleville","codes_postaux":["88500"],"code_dep":"88","code_region":"44","population":266,"surface_km2":10.12,"lat":48.3363,"lon":6.0203},{"code_insee":"88335","nom":"Offroicourt","codes_postaux":["88500"],"code_dep":"88","code_region":"44","population":145,"surface_km2":9.29,"lat":48.2814,"lon":6.0296},{"code_insee":"88336","nom":"Ollainville","codes_postaux":["88170"],"code_dep":"88","code_region":"44","population":72,"surface_km2":6.32,"lat":48.2701,"lon":5.8026},{"code_insee":"88338","nom":"Ortoncourt","codes_postaux":["88700"],"code_dep":"88","code_region":"44","population":94,"surface_km2":4.36,"lat":48.3687,"lon":6.511},{"code_insee":"88340","nom":"Padoux","codes_postaux":["88700"],"code_dep":"88","code_region":"44","population":488,"surface_km2":19.27,"lat":48.2919,"lon":6.5663},{"code_insee":"88341","nom":"Pair-et-Grandrupt","codes_postaux":["88100"],"code_dep":"88","code_region":"44","population":486,"surface_km2":4.64,"lat":48.2824,"lon":7.0107},{"code_insee":"88342","nom":"Pallegney","codes_postaux":["88330"],"code_dep":"88","code_region":"44","population":178,"surface_km2":6.1,"lat":48.2888,"lon":6.4479},{"code_insee":"88343","nom":"Parey-sous-Montfort","codes_postaux":["88800"],"code_dep":"88","code_region":"44","population":164,"surface_km2":7.1,"lat":48.2512,"lon":5.9463},{"code_insee":"88344","nom":"Pargny-sous-Mureau","codes_postaux":["88350"],"code_dep":"88","code_region":"44","population":190,"surface_km2":17.86,"lat":48.3638,"lon":5.59},{"code_insee":"88345","nom":"La Petite-Fosse","codes_postaux":["88490"],"code_dep":"88","code_region":"44","population":91,"surface_km2":5.03,"lat":48.3184,"lon":7.0526},{"code_insee":"88346","nom":"La Petite-Raon","codes_postaux":["88210"],"code_dep":"88","code_region":"44","population":734,"surface_km2":8.91,"lat":48.4205,"lon":6.994},{"code_insee":"88347","nom":"Pierrefitte","codes_postaux":["88270"],"code_dep":"88","code_region":"44","population":134,"surface_km2":8.85,"lat":48.1633,"lon":6.1738},{"code_insee":"88348","nom":"Pierrepont-sur-l'Arentèle","codes_postaux":["88600"],"code_dep":"88","code_region":"44","population":146,"surface_km2":6.33,"lat":48.2628,"lon":6.6581},{"code_insee":"88349","nom":"Plainfaing","codes_postaux":["88230"],"code_dep":"88","code_region":"44","population":1569,"surface_km2":38.56,"lat":48.143,"lon":7.0407},{"code_insee":"88350","nom":"Pleuvezain","codes_postaux":["88170"],"code_dep":"88","code_region":"44","population":70,"surface_km2":3.8,"lat":48.3772,"lon":5.9153},{"code_insee":"88351","nom":"Plombières-les-Bains","codes_postaux":["88370"],"code_dep":"88","code_region":"44","population":1573,"surface_km2":27.26,"lat":47.9686,"lon":6.4434},{"code_insee":"88352","nom":"Pompierre","codes_postaux":["88300"],"code_dep":"88","code_region":"44","population":187,"surface_km2":12.63,"lat":48.2782,"lon":5.6767},{"code_insee":"88353","nom":"Pont-lès-Bonfays","codes_postaux":["88260"],"code_dep":"88","code_region":"44","population":100,"surface_km2":4.47,"lat":48.1675,"lon":6.1411},{"code_insee":"88354","nom":"Pont-sur-Madon","codes_postaux":["88500"],"code_dep":"88","code_region":"44","population":178,"surface_km2":3.46,"lat":48.37,"lon":6.1515},{"code_insee":"88355","nom":"Portieux","codes_postaux":["88330"],"code_dep":"88","code_region":"44","population":1224,"surface_km2":7.88,"lat":48.3447,"lon":6.3601},{"code_insee":"88356","nom":"Les Poulières","codes_postaux":["88600"],"code_dep":"88","code_region":"44","population":307,"surface_km2":3.01,"lat":48.2036,"lon":6.786},{"code_insee":"88357","nom":"Poussay","codes_postaux":["88500"],"code_dep":"88","code_region":"44","population":653,"surface_km2":8.79,"lat":48.3237,"lon":6.1194},{"code_insee":"88358","nom":"Pouxeux","codes_postaux":["88550"],"code_dep":"88","code_region":"44","population":1947,"surface_km2":14.38,"lat":48.0949,"lon":6.5705},{"code_insee":"88359","nom":"Prey","codes_postaux":["88600"],"code_dep":"88","code_region":"44","population":88,"surface_km2":2.12,"lat":48.1769,"lon":6.6888},{"code_insee":"88360","nom":"Provenchères-lès-Darney","codes_postaux":["88260"],"code_dep":"88","code_region":"44","population":143,"surface_km2":9.06,"lat":48.1216,"lon":5.9633},{"code_insee":"88361","nom":"Provenchères-et-Colroy","codes_postaux":["88490"],"code_dep":"88","code_region":"44","population":1283,"surface_km2":19.26,"lat":48.3212,"lon":7.0984},{"code_insee":"88362","nom":"Le Puid","codes_postaux":["88210"],"code_dep":"88","code_region":"44","population":116,"surface_km2":5.4,"lat":48.3907,"lon":7.0441},{"code_insee":"88363","nom":"Punerot","codes_postaux":["88630"],"code_dep":"88","code_region":"44","population":149,"surface_km2":13.81,"lat":48.4767,"lon":5.814},{"code_insee":"88364","nom":"Puzieux","codes_postaux":["88500"],"code_dep":"88","code_region":"44","population":146,"surface_km2":5.47,"lat":48.3352,"lon":6.1012},{"code_insee":"88365","nom":"Racécourt","codes_postaux":["88270"],"code_dep":"88","code_region":"44","population":143,"surface_km2":7.23,"lat":48.2562,"lon":6.1974},{"code_insee":"88366","nom":"Rainville","codes_postaux":["88170"],"code_dep":"88","code_region":"44","population":271,"surface_km2":8.64,"lat":48.3572,"lon":5.8874},{"code_insee":"88367","nom":"Rambervillers","codes_postaux":["88700"],"code_dep":"88","code_region":"44","population":5018,"surface_km2":20.67,"lat":48.3457,"lon":6.6312},{"code_insee":"88368","nom":"Ramecourt","codes_postaux":["88500"],"code_dep":"88","code_region":"44","population":144,"surface_km2":3.24,"lat":48.3076,"lon":6.0987},{"code_insee":"88369","nom":"Ramonchamp","codes_postaux":["88160"],"code_dep":"88","code_region":"44","population":1815,"surface_km2":15.56,"lat":47.8957,"lon":6.7407},{"code_insee":"88370","nom":"Rancourt","codes_postaux":["88270"],"code_dep":"88","code_region":"44","population":75,"surface_km2":5.58,"lat":48.2185,"lon":6.1101},{"code_insee":"88371","nom":"Raon-aux-Bois","codes_postaux":["88220"],"code_dep":"88","code_region":"44","population":1202,"surface_km2":23.99,"lat":48.0595,"lon":6.506},{"code_insee":"88372","nom":"Raon-l'Étape","codes_postaux":["88110"],"code_dep":"88","code_region":"44","population":5886,"surface_km2":23.72,"lat":48.4039,"lon":6.8679},{"code_insee":"88373","nom":"Raon-sur-Plaine","codes_postaux":["88110"],"code_dep":"88","code_region":"44","population":135,"surface_km2":3.53,"lat":48.5055,"lon":7.1067},{"code_insee":"88374","nom":"Rapey","codes_postaux":["88130"],"code_dep":"88","code_region":"44","population":24,"surface_km2":2.95,"lat":48.3172,"lon":6.2532},{"code_insee":"88375","nom":"Raves","codes_postaux":["88520"],"code_dep":"88","code_region":"44","population":481,"surface_km2":4.05,"lat":48.2594,"lon":7.0436},{"code_insee":"88376","nom":"Rebeuville","codes_postaux":["88300"],"code_dep":"88","code_region":"44","population":294,"surface_km2":8.71,"lat":48.3367,"lon":5.722},{"code_insee":"88377","nom":"Regnévelle","codes_postaux":["88410"],"code_dep":"88","code_region":"44","population":122,"surface_km2":8.66,"lat":47.9859,"lon":5.9709},{"code_insee":"88378","nom":"Regney","codes_postaux":["88450"],"code_dep":"88","code_region":"44","population":99,"surface_km2":3.84,"lat":48.2825,"lon":6.3105},{"code_insee":"88379","nom":"Rehaincourt","codes_postaux":["88330"],"code_dep":"88","code_region":"44","population":364,"surface_km2":15.56,"lat":48.3591,"lon":6.4628},{"code_insee":"88380","nom":"Rehaupal","codes_postaux":["88640"],"code_dep":"88","code_region":"44","population":210,"surface_km2":4.8,"lat":48.1149,"lon":6.7413},{"code_insee":"88381","nom":"Relanges","codes_postaux":["88260"],"code_dep":"88","code_region":"44","population":189,"surface_km2":13.88,"lat":48.1105,"lon":6.0184},{"code_insee":"88382","nom":"Remicourt","codes_postaux":["88500"],"code_dep":"88","code_region":"44","population":63,"surface_km2":4.25,"lat":48.2841,"lon":6.065},{"code_insee":"88383","nom":"Remiremont","codes_postaux":["88200"],"code_dep":"88","code_region":"44","population":7388,"surface_km2":17.19,"lat":48.0037,"lon":6.581},{"code_insee":"88385","nom":"Remoncourt","codes_postaux":["88800"],"code_dep":"88","code_region":"44","population":567,"surface_km2":14.7,"lat":48.2233,"lon":6.0566},{"code_insee":"88386","nom":"Remomeix","codes_postaux":["88100"],"code_dep":"88","code_region":"44","population":428,"surface_km2":4.64,"lat":48.2639,"lon":7.0105},{"code_insee":"88387","nom":"Removille","codes_postaux":["88170"],"code_dep":"88","code_region":"44","population":189,"surface_km2":7.53,"lat":48.3684,"lon":5.8457},{"code_insee":"88388","nom":"Renauvoid","codes_postaux":["88390"],"code_dep":"88","code_region":"44","population":118,"surface_km2":9.33,"lat":48.1419,"lon":6.3832},{"code_insee":"88389","nom":"Repel","codes_postaux":["88500"],"code_dep":"88","code_region":"44","population":83,"surface_km2":3.5,"lat":48.345,"lon":5.9807},{"code_insee":"88390","nom":"Robécourt","codes_postaux":["88320"],"code_dep":"88","code_region":"44","population":104,"surface_km2":8.79,"lat":48.1373,"lon":5.7107},{"code_insee":"88391","nom":"Rochesson","codes_postaux":["88120"],"code_dep":"88","code_region":"44","population":676,"surface_km2":21.54,"lat":48.0193,"lon":6.8226},{"code_insee":"88394","nom":"Romain-aux-Bois","codes_postaux":["88320"],"code_dep":"88","code_region":"44","population":47,"surface_km2":8.11,"lat":48.077,"lon":5.7145},{"code_insee":"88395","nom":"Romont","codes_postaux":["88700"],"code_dep":"88","code_region":"44","population":358,"surface_km2":19.39,"lat":48.347,"lon":6.5804},{"code_insee":"88398","nom":"Les Rouges-Eaux","codes_postaux":["88600"],"code_dep":"88","code_region":"44","population":80,"surface_km2":5.98,"lat":48.2637,"lon":6.8139},{"code_insee":"88399","nom":"Le Roulier","codes_postaux":["88460"],"code_dep":"88","code_region":"44","population":208,"surface_km2":5.69,"lat":48.1747,"lon":6.6159},{"code_insee":"88400","nom":"Rouvres-en-Xaintois","codes_postaux":["88500"],"code_dep":"88","code_region":"44","population":259,"surface_km2":11.1,"lat":48.2999,"lon":6.0182},{"code_insee":"88401","nom":"Rouvres-la-Chétive","codes_postaux":["88170"],"code_dep":"88","code_region":"44","population":468,"surface_km2":11.31,"lat":48.3048,"lon":5.7783},{"code_insee":"88402","nom":"Roville-aux-Chênes","codes_postaux":["88700"],"code_dep":"88","code_region":"44","population":350,"surface_km2":8.64,"lat":48.3827,"lon":6.6131},{"code_insee":"88403","nom":"Rozerotte","codes_postaux":["88500"],"code_dep":"88","code_region":"44","population":181,"surface_km2":6.42,"lat":48.2409,"lon":6.0855},{"code_insee":"88404","nom":"Rozières-sur-Mouzon","codes_postaux":["88320"],"code_dep":"88","code_region":"44","population":69,"surface_km2":4.73,"lat":48.1148,"lon":5.7248},{"code_insee":"88406","nom":"Rugney","codes_postaux":["88130"],"code_dep":"88","code_region":"44","population":130,"surface_km2":5.76,"lat":48.3452,"lon":6.2499},{"code_insee":"88407","nom":"Ruppes","codes_postaux":["88630"],"code_dep":"88","code_region":"44","population":149,"surface_km2":7.54,"lat":48.4642,"lon":5.7704},{"code_insee":"88408","nom":"Rupt-sur-Moselle","codes_postaux":["88360"],"code_dep":"88","code_region":"44","population":3419,"surface_km2":45.82,"lat":47.9287,"lon":6.6657},{"code_insee":"88409","nom":"Saint-Amé","codes_postaux":["88120"],"code_dep":"88","code_region":"44","population":2129,"surface_km2":8.04,"lat":48.0235,"lon":6.6526},{"code_insee":"88410","nom":"Sainte-Barbe","codes_postaux":["88700"],"code_dep":"88","code_region":"44","population":267,"surface_km2":30.18,"lat":48.396,"lon":6.7548},{"code_insee":"88411","nom":"Saint-Baslemont","codes_postaux":["88260"],"code_dep":"88","code_region":"44","population":87,"surface_km2":12.65,"lat":48.1417,"lon":5.9941},{"code_insee":"88412","nom":"Saint-Benoît-la-Chipotte","codes_postaux":["88700"],"code_dep":"88","code_region":"44","population":442,"surface_km2":20.66,"lat":48.355,"lon":6.7489},{"code_insee":"88413","nom":"Saint-Dié-des-Vosges","codes_postaux":["88100"],"code_dep":"88","code_region":"44","population":19251,"surface_km2":46.24,"lat":48.2973,"lon":6.9386},{"code_insee":"88415","nom":"Saint-Étienne-lès-Remiremont","codes_postaux":["88200"],"code_dep":"88","code_region":"44","population":3818,"surface_km2":33.91,"lat":48.0306,"lon":6.6311},{"code_insee":"88416","nom":"Saint-Genest","codes_postaux":["88700"],"code_dep":"88","code_region":"44","population":131,"surface_km2":6.24,"lat":48.3456,"lon":6.51},{"code_insee":"88417","nom":"Saint-Gorgon","codes_postaux":["88700"],"code_dep":"88","code_region":"44","population":359,"surface_km2":5.82,"lat":48.3218,"lon":6.6549},{"code_insee":"88418","nom":"Sainte-Hélène","codes_postaux":["88700"],"code_dep":"88","code_region":"44","population":447,"surface_km2":17.05,"lat":48.2947,"lon":6.6638},{"code_insee":"88419","nom":"Saint-Jean-d'Ormont","codes_postaux":["88210"],"code_dep":"88","code_region":"44","population":134,"surface_km2":5.32,"lat":48.3312,"lon":6.9895},{"code_insee":"88421","nom":"Saint-Julien","codes_postaux":["88410"],"code_dep":"88","code_region":"44","population":103,"surface_km2":14.23,"lat":48.0202,"lon":5.9082},{"code_insee":"88423","nom":"Saint-Léonard","codes_postaux":["88650"],"code_dep":"88","code_region":"44","population":1389,"surface_km2":14.44,"lat":48.2144,"lon":6.9203},{"code_insee":"88424","nom":"Sainte-Marguerite","codes_postaux":["88100"],"code_dep":"88","code_region":"44","population":2234,"surface_km2":5.6,"lat":48.2686,"lon":6.9694},{"code_insee":"88425","nom":"Saint-Maurice-sur-Mortagne","codes_postaux":["88700"],"code_dep":"88","code_region":"44","population":182,"surface_km2":6.85,"lat":48.3904,"lon":6.572},{"code_insee":"88426","nom":"Saint-Maurice-sur-Moselle","codes_postaux":["88560"],"code_dep":"88","code_region":"44","population":1306,"surface_km2":36.53,"lat":47.844,"lon":6.8543},{"code_insee":"88427","nom":"Saint-Menge","codes_postaux":["88170"],"code_dep":"88","code_region":"44","population":115,"surface_km2":6.7,"lat":48.2883,"lon":5.9528},{"code_insee":"88428","nom":"Saint-Michel-sur-Meurthe","codes_postaux":["88470"],"code_dep":"88","code_region":"44","population":1785,"surface_km2":15.47,"lat":48.3132,"lon":6.8768},{"code_insee":"88429","nom":"Saint-Nabord","codes_postaux":["88200"],"code_dep":"88","code_region":"44","population":3953,"surface_km2":38.11,"lat":48.0423,"lon":6.5608},{"code_insee":"88430","nom":"Saint-Ouen-lès-Parey","codes_postaux":["88140"],"code_dep":"88","code_region":"44","population":487,"surface_km2":21.33,"lat":48.1681,"lon":5.7752},{"code_insee":"88431","nom":"Saint-Paul","codes_postaux":["88170"],"code_dep":"88","code_region":"44","population":145,"surface_km2":4.93,"lat":48.3317,"lon":5.888},{"code_insee":"88432","nom":"Saint-Pierremont","codes_postaux":["88700"],"code_dep":"88","code_region":"44","population":153,"surface_km2":5.53,"lat":48.4398,"lon":6.5813},{"code_insee":"88433","nom":"Saint-Prancher","codes_postaux":["88500"],"code_dep":"88","code_region":"44","population":66,"surface_km2":4.44,"lat":48.3451,"lon":5.9468},{"code_insee":"88434","nom":"Saint-Remimont","codes_postaux":["88800"],"code_dep":"88","code_region":"44","population":206,"surface_km2":4.62,"lat":48.2413,"lon":5.9123},{"code_insee":"88435","nom":"Saint-Remy","codes_postaux":["88480"],"code_dep":"88","code_region":"44","population":518,"surface_km2":12.25,"lat":48.3441,"lon":6.8146},{"code_insee":"88436","nom":"Saint-Stail","codes_postaux":["88210"],"code_dep":"88","code_region":"44","population":71,"surface_km2":6.16,"lat":48.3772,"lon":7.086},{"code_insee":"88437","nom":"Saint-Vallier","codes_postaux":["88270"],"code_dep":"88","code_region":"44","population":100,"surface_km2":4.42,"lat":48.2796,"lon":6.3198},{"code_insee":"88438","nom":"La Salle","codes_postaux":["88470"],"code_dep":"88","code_region":"44","population":401,"surface_km2":4.61,"lat":48.3241,"lon":6.8099},{"code_insee":"88439","nom":"Sanchey","codes_postaux":["88390"],"code_dep":"88","code_region":"44","population":963,"surface_km2":5.55,"lat":48.1676,"lon":6.371},{"code_insee":"88440","nom":"Sandaucourt","codes_postaux":["88170"],"code_dep":"88","code_region":"44","population":181,"surface_km2":10.83,"lat":48.2609,"lon":5.846},{"code_insee":"88441","nom":"Sans-Vallois","codes_postaux":["88260"],"code_dep":"88","code_region":"44","population":126,"surface_km2":4.47,"lat":48.1578,"lon":6.1018},{"code_insee":"88442","nom":"Sapois","codes_postaux":["88120"],"code_dep":"88","code_region":"44","population":625,"surface_km2":17.05,"lat":48.0341,"lon":6.7876},{"code_insee":"88443","nom":"Sartes","codes_postaux":["88300"],"code_dep":"88","code_region":"44","population":88,"surface_km2":6.9,"lat":48.2424,"lon":5.6652},{"code_insee":"88444","nom":"Le Saulcy","codes_postaux":["88210"],"code_dep":"88","code_region":"44","population":293,"surface_km2":9.89,"lat":48.423,"lon":7.07},{"code_insee":"88445","nom":"Saulcy-sur-Meurthe","codes_postaux":["88580"],"code_dep":"88","code_region":"44","population":2319,"surface_km2":16.46,"lat":48.2426,"lon":6.9462},{"code_insee":"88446","nom":"Saulxures-lès-Bulgnéville","codes_postaux":["88140"],"code_dep":"88","code_region":"44","population":227,"surface_km2":9.59,"lat":48.1901,"lon":5.8152},{"code_insee":"88447","nom":"Saulxures-sur-Moselotte","codes_postaux":["88290"],"code_dep":"88","code_region":"44","population":2566,"surface_km2":31.88,"lat":47.9519,"lon":6.7687},{"code_insee":"88448","nom":"Sauville","codes_postaux":["88140"],"code_dep":"88","code_region":"44","population":168,"surface_km2":14.55,"lat":48.1473,"lon":5.7415},{"code_insee":"88449","nom":"Savigny","codes_postaux":["88130"],"code_dep":"88","code_region":"44","population":211,"surface_km2":6.29,"lat":48.3546,"lon":6.2195},{"code_insee":"88450","nom":"Senaide","codes_postaux":["88320"],"code_dep":"88","code_region":"44","population":185,"surface_km2":12.05,"lat":47.9708,"lon":5.8095},{"code_insee":"88451","nom":"Senones","codes_postaux":["88210"],"code_dep":"88","code_region":"44","population":2205,"surface_km2":18.46,"lat":48.4036,"lon":6.9609},{"code_insee":"88452","nom":"Senonges","codes_postaux":["88260"],"code_dep":"88","code_region":"44","population":131,"surface_km2":5.86,"lat":48.1433,"lon":6.0548},{"code_insee":"88453","nom":"Seraumont","codes_postaux":["88630"],"code_dep":"88","code_region":"44","population":33,"surface_km2":10.42,"lat":48.4322,"lon":5.6075},{"code_insee":"88454","nom":"Sercœur","codes_postaux":["88600"],"code_dep":"88","code_region":"44","population":225,"surface_km2":9.35,"lat":48.26,"lon":6.5347},{"code_insee":"88455","nom":"Serécourt","codes_postaux":["88320"],"code_dep":"88","code_region":"44","population":100,"surface_km2":13.74,"lat":48.0529,"lon":5.8484},{"code_insee":"88456","nom":"Serocourt","codes_postaux":["88320"],"code_dep":"88","code_region":"44","population":84,"surface_km2":11.11,"lat":48.0973,"lon":5.8951},{"code_insee":"88457","nom":"Sionne","codes_postaux":["88630"],"code_dep":"88","code_region":"44","population":139,"surface_km2":11.89,"lat":48.395,"lon":5.6355},{"code_insee":"88458","nom":"Socourt","codes_postaux":["88130"],"code_dep":"88","code_region":"44","population":282,"surface_km2":3.81,"lat":48.3967,"lon":6.2499},{"code_insee":"88459","nom":"Soncourt","codes_postaux":["88170"],"code_dep":"88","code_region":"44","population":42,"surface_km2":3.9,"lat":48.3875,"lon":5.9093},{"code_insee":"88460","nom":"Soulosse-sous-Saint-Élophe","codes_postaux":["88630"],"code_dep":"88","code_region":"44","population":649,"surface_km2":19.59,"lat":48.4109,"lon":5.744},{"code_insee":"88461","nom":"Suriauville","codes_postaux":["88140"],"code_dep":"88","code_region":"44","population":200,"surface_km2":13.49,"lat":48.168,"lon":5.8649},{"code_insee":"88462","nom":"Le Syndicat","codes_postaux":["88120"],"code_dep":"88","code_region":"44","population":1842,"surface_km2":18.28,"lat":48.0275,"lon":6.6948},{"code_insee":"88463","nom":"Taintrux","codes_postaux":["88100"],"code_dep":"88","code_region":"44","population":1439,"surface_km2":31.71,"lat":48.2506,"lon":6.8801},{"code_insee":"88464","nom":"Tendon","codes_postaux":["88460"],"code_dep":"88","code_region":"44","population":499,"surface_km2":21.99,"lat":48.1067,"lon":6.6754},{"code_insee":"88465","nom":"Thaon-les-Vosges","codes_postaux":["88150"],"code_dep":"88","code_region":"44","population":8547,"surface_km2":27.87,"lat":48.2498,"lon":6.4244},{"code_insee":"88466","nom":"They-sous-Montfort","codes_postaux":["88800"],"code_dep":"88","code_region":"44","population":121,"surface_km2":10.32,"lat":48.2297,"lon":5.9708},{"code_insee":"88467","nom":"Thiéfosse","codes_postaux":["88290"],"code_dep":"88","code_region":"44","population":593,"surface_km2":7.69,"lat":47.9642,"lon":6.7353},{"code_insee":"88468","nom":"Le Thillot","codes_postaux":["88160"],"code_dep":"88","code_region":"44","population":3167,"surface_km2":15.2,"lat":47.8827,"lon":6.7775},{"code_insee":"88469","nom":"Thiraucourt","codes_postaux":["88500"],"code_dep":"88","code_region":"44","population":101,"surface_km2":3.02,"lat":48.2917,"lon":6.0741},{"code_insee":"88470","nom":"Le Tholy","codes_postaux":["88530"],"code_dep":"88","code_region":"44","population":1489,"surface_km2":30.7,"lat":48.0862,"lon":6.7373},{"code_insee":"88471","nom":"Les Thons","codes_postaux":["88410"],"code_dep":"88","code_region":"44","population":97,"surface_km2":10.14,"lat":47.9867,"lon":5.8749},{"code_insee":"88472","nom":"Thuillières","codes_postaux":["88260"],"code_dep":"88","code_region":"44","population":108,"surface_km2":7.53,"lat":48.1514,"lon":6.0122},{"code_insee":"88473","nom":"Tignécourt","codes_postaux":["88320"],"code_dep":"88","code_region":"44","population":80,"surface_km2":18.99,"lat":48.0447,"lon":5.8909},{"code_insee":"88474","nom":"Tilleux","codes_postaux":["88300"],"code_dep":"88","code_region":"44","population":67,"surface_km2":3.89,"lat":48.3,"lon":5.7344},{"code_insee":"88475","nom":"Tollaincourt","codes_postaux":["88320"],"code_dep":"88","code_region":"44","population":116,"surface_km2":14.22,"lat":48.0941,"lon":5.7233},{"code_insee":"88476","nom":"Totainville","codes_postaux":["88500"],"code_dep":"88","code_region":"44","population":111,"surface_km2":5.07,"lat":48.3262,"lon":5.9855},{"code_insee":"88477","nom":"Trampot","codes_postaux":["88350"],"code_dep":"88","code_region":"44","population":99,"surface_km2":13.18,"lat":48.3557,"lon":5.4458},{"code_insee":"88478","nom":"Tranqueville-Graux","codes_postaux":["88300"],"code_dep":"88","code_region":"44","population":82,"surface_km2":14.97,"lat":48.4397,"lon":5.8461},{"code_insee":"88479","nom":"Trémonzey","codes_postaux":["88240"],"code_dep":"88","code_region":"44","population":234,"surface_km2":9.16,"lat":47.9616,"lon":6.2467},{"code_insee":"88480","nom":"Ubexy","codes_postaux":["88130"],"code_dep":"88","code_region":"44","population":170,"surface_km2":5.02,"lat":48.3393,"lon":6.2817},{"code_insee":"88481","nom":"Uriménil","codes_postaux":["88220"],"code_dep":"88","code_region":"44","population":1323,"surface_km2":15.7,"lat":48.1027,"lon":6.3978},{"code_insee":"88482","nom":"Urville","codes_postaux":["88140"],"code_dep":"88","code_region":"44","population":54,"surface_km2":3.96,"lat":48.1895,"lon":5.7475},{"code_insee":"88483","nom":"Uxegney","codes_postaux":["88390"],"code_dep":"88","code_region":"44","population":2237,"surface_km2":9.0,"lat":48.1954,"lon":6.3844},{"code_insee":"88484","nom":"Uzemain","codes_postaux":["88220"],"code_dep":"88","code_region":"44","population":1046,"surface_km2":27.64,"lat":48.1039,"lon":6.3444},{"code_insee":"88485","nom":"La Vacheresse-et-la-Rouillie","codes_postaux":["88140"],"code_dep":"88","code_region":"44","population":134,"surface_km2":9.4,"lat":48.1469,"lon":5.7952},{"code_insee":"88486","nom":"Vagney","codes_postaux":["88120"],"code_dep":"88","code_region":"44","population":3843,"surface_km2":24.7,"lat":48.0135,"lon":6.727},{"code_insee":"88487","nom":"Le Val-d'Ajol","codes_postaux":["88340"],"code_dep":"88","code_region":"44","population":3885,"surface_km2":73.25,"lat":47.9387,"lon":6.5128},{"code_insee":"88488","nom":"Valfroicourt","codes_postaux":["88270"],"code_dep":"88","code_region":"44","population":228,"surface_km2":13.89,"lat":48.1976,"lon":6.0863},{"code_insee":"88489","nom":"Valleroy-aux-Saules","codes_postaux":["88270"],"code_dep":"88","code_region":"44","population":255,"surface_km2":5.07,"lat":48.2433,"lon":6.1392},{"code_insee":"88490","nom":"Valleroy-le-Sec","codes_postaux":["88800"],"code_dep":"88","code_region":"44","population":190,"surface_km2":5.95,"lat":48.1844,"lon":6.0027},{"code_insee":"88491","nom":"Les Vallois","codes_postaux":["88260"],"code_dep":"88","code_region":"44","population":128,"surface_km2":5.29,"lat":48.1585,"lon":6.1228},{"code_insee":"88492","nom":"Le Valtin","codes_postaux":["88230"],"code_dep":"88","code_region":"44","population":74,"surface_km2":19.65,"lat":48.0848,"lon":7.0347},{"code_insee":"88493","nom":"Varmonzey","codes_postaux":["88450"],"code_dep":"88","code_region":"44","population":25,"surface_km2":2.6,"lat":48.324,"lon":6.2773},{"code_insee":"88494","nom":"Vaubexy","codes_postaux":["88500"],"code_dep":"88","code_region":"44","population":125,"surface_km2":6.48,"lat":48.2844,"lon":6.2395},{"code_insee":"88495","nom":"Vaudéville","codes_postaux":["88000"],"code_dep":"88","code_region":"44","population":199,"surface_km2":3.27,"lat":48.2284,"lon":6.5387},{"code_insee":"88496","nom":"Vaudoncourt","codes_postaux":["88140"],"code_dep":"88","code_region":"44","population":146,"surface_km2":5.75,"lat":48.2223,"lon":5.8035},{"code_insee":"88497","nom":"Vaxoncourt","codes_postaux":["88330"],"code_dep":"88","code_region":"44","population":507,"surface_km2":8.65,"lat":48.2886,"lon":6.422},{"code_insee":"88498","nom":"Vecoux","codes_postaux":["88200"],"code_dep":"88","code_region":"44","population":871,"surface_km2":13.92,"lat":47.9702,"lon":6.6635},{"code_insee":"88499","nom":"Velotte-et-Tatignécourt","codes_postaux":["88270"],"code_dep":"88","code_region":"44","population":158,"surface_km2":5.39,"lat":48.2548,"lon":6.1705},{"code_insee":"88500","nom":"Ventron","codes_postaux":["88310"],"code_dep":"88","code_region":"44","population":805,"surface_km2":24.43,"lat":47.9375,"lon":6.8821},{"code_insee":"88501","nom":"Le Vermont","codes_postaux":["88210"],"code_dep":"88","code_region":"44","population":72,"surface_km2":4.37,"lat":48.3884,"lon":7.0672},{"code_insee":"88502","nom":"Vervezelle","codes_postaux":["88600"],"code_dep":"88","code_region":"44","population":108,"surface_km2":1.9,"lat":48.2216,"lon":6.7413},{"code_insee":"88503","nom":"Vexaincourt","codes_postaux":["88110"],"code_dep":"88","code_region":"44","population":146,"surface_km2":11.39,"lat":48.4794,"lon":7.074},{"code_insee":"88504","nom":"Vicherey","codes_postaux":["88170"],"code_dep":"88","code_region":"44","population":154,"surface_km2":5.94,"lat":48.3817,"lon":5.9331},{"code_insee":"88505","nom":"Vienville","codes_postaux":["88430"],"code_dep":"88","code_region":"44","population":117,"surface_km2":3.37,"lat":48.1762,"lon":6.8436},{"code_insee":"88506","nom":"Vieux-Moulin","codes_postaux":["88210"],"code_dep":"88","code_region":"44","population":326,"surface_km2":3.86,"lat":48.3928,"lon":7.0054},{"code_insee":"88507","nom":"Villers","codes_postaux":["88500"],"code_dep":"88","code_region":"44","population":188,"surface_km2":4.97,"lat":48.305,"lon":6.1731},{"code_insee":"88508","nom":"Ville-sur-Illon","codes_postaux":["88270"],"code_dep":"88","code_region":"44","population":517,"surface_km2":17.89,"lat":48.1668,"lon":6.2166},{"code_insee":"88509","nom":"Villoncourt","codes_postaux":["88150"],"code_dep":"88","code_region":"44","population":101,"surface_km2":6.59,"lat":48.2711,"lon":6.5151},{"code_insee":"88510","nom":"Villotte","codes_postaux":["88320"],"code_dep":"88","code_region":"44","population":116,"surface_km2":8.28,"lat":48.1062,"lon":5.7666},{"code_insee":"88511","nom":"Villouxel","codes_postaux":["88350"],"code_dep":"88","code_region":"44","population":83,"surface_km2":4.62,"lat":48.3477,"lon":5.5797},{"code_insee":"88512","nom":"Viménil","codes_postaux":["88600"],"code_dep":"88","code_region":"44","population":233,"surface_km2":8.16,"lat":48.2173,"lon":6.6379},{"code_insee":"88513","nom":"Vincey","codes_postaux":["88450"],"code_dep":"88","code_region":"44","population":2053,"surface_km2":12.95,"lat":48.3325,"lon":6.3314},{"code_insee":"88514","nom":"Viocourt","codes_postaux":["88170"],"code_dep":"88","code_region":"44","population":165,"surface_km2":4.79,"lat":48.3242,"lon":5.8724},{"code_insee":"88515","nom":"Vioménil","codes_postaux":["88260"],"code_dep":"88","code_region":"44","population":153,"surface_km2":23.5,"lat":48.0894,"lon":6.1625},{"code_insee":"88516","nom":"Vittel","codes_postaux":["88800"],"code_dep":"88","code_region":"44","population":4780,"surface_km2":24.15,"lat":48.2062,"lon":5.9552},{"code_insee":"88517","nom":"Viviers-le-Gras","codes_postaux":["88260"],"code_dep":"88","code_region":"44","population":181,"surface_km2":9.13,"lat":48.1215,"lon":5.931},{"code_insee":"88518","nom":"Viviers-lès-Offroicourt","codes_postaux":["88500"],"code_dep":"88","code_region":"44","population":26,"surface_km2":4.56,"lat":48.2693,"lon":6.017},{"code_insee":"88519","nom":"La Voivre","codes_postaux":["88470"],"code_dep":"88","code_region":"44","population":648,"surface_km2":5.84,"lat":48.3436,"lon":6.9006},{"code_insee":"88520","nom":"Les Voivres","codes_postaux":["88240"],"code_dep":"88","code_region":"44","population":283,"surface_km2":12.85,"lat":48.0312,"lon":6.2931},{"code_insee":"88521","nom":"Vomécourt","codes_postaux":["88700"],"code_dep":"88","code_region":"44","population":267,"surface_km2":7.07,"lat":48.3144,"lon":6.6128},{"code_insee":"88522","nom":"Vomécourt-sur-Madon","codes_postaux":["88500"],"code_dep":"88","code_region":"44","population":67,"surface_km2":3.56,"lat":48.3621,"lon":6.1704},{"code_insee":"88523","nom":"Vouxey","codes_postaux":["88170"],"code_dep":"88","code_region":"44","population":172,"surface_km2":23.28,"lat":48.3455,"lon":5.7951},{"code_insee":"88524","nom":"Vrécourt","codes_postaux":["88140"],"code_dep":"88","code_region":"44","population":341,"surface_km2":12.54,"lat":48.1679,"lon":5.7062},{"code_insee":"88525","nom":"Vroville","codes_postaux":["88500"],"code_dep":"88","code_region":"44","population":135,"surface_km2":6.83,"lat":48.2919,"lon":6.1735},{"code_insee":"88526","nom":"Wisembach","codes_postaux":["88520"],"code_dep":"88","code_region":"44","population":427,"surface_km2":11.2,"lat":48.2588,"lon":7.1154},{"code_insee":"88527","nom":"Xaffévillers","codes_postaux":["88700"],"code_dep":"88","code_region":"44","population":131,"surface_km2":8.33,"lat":48.4104,"lon":6.611},{"code_insee":"88528","nom":"Xamontarupt","codes_postaux":["88460"],"code_dep":"88","code_region":"44","population":152,"surface_km2":5.01,"lat":48.1241,"lon":6.6414},{"code_insee":"88529","nom":"Xaronval","codes_postaux":["88130"],"code_dep":"88","code_region":"44","population":107,"surface_km2":5.28,"lat":48.372,"lon":6.1858},{"code_insee":"88530","nom":"Xertigny","codes_postaux":["88220"],"code_dep":"88","code_region":"44","population":2589,"surface_km2":50.59,"lat":48.0318,"lon":6.369},{"code_insee":"88531","nom":"Xonrupt-Longemer","codes_postaux":["88400"],"code_dep":"88","code_region":"44","population":1479,"surface_km2":30.91,"lat":48.0726,"lon":6.9566},{"code_insee":"88532","nom":"Zincourt","codes_postaux":["88330"],"code_dep":"88","code_region":"44","population":75,"surface_km2":4.56,"lat":48.3092,"lon":6.4441}]