[{"code_insee":"89002","nom":"Aigremont","codes_postaux":["89800"],"code_dep":"89","code_region":"27","population":69,"surface_km2":6.85,"lat":47.7171,"lon":3.8866,"fibre_pct":100.0},{"code_insee":"89003","nom":"Montholon","codes_postaux":["89110","89710"],"code_dep":"89","code_region":"27","population":2709,"surface_km2":49.73,"lat":47.9004,"lon":3.3211,"fibre_pct":94.1},{"code_insee":"89004","nom":"Aisy-sur-Armançon","codes_postaux":["89390"],"code_dep":"89","code_region":"27","population":232,"surface_km2":18.11,"lat":47.6551,"lon":4.2134,"fibre_pct":100.0},{"code_insee":"89005","nom":"Ancy-le-Franc","codes_postaux":["89160"],"code_dep":"89","code_region":"27","population":834,"surface_km2":19.73,"lat":47.7718,"lon":4.1635,"fibre_pct":100.0},{"code_insee":"89006","nom":"Ancy-le-Libre","codes_postaux":["89160"],"code_dep":"89","code_region":"27","population":137,"surface_km2":21.91,"lat":47.8034,"lon":4.1492,"fibre_pct":100.0},{"code_insee":"89007","nom":"Andryes","codes_postaux":["89480"],"code_dep":"89","code_region":"27","population":450,"surface_km2":29.72,"lat":47.5346,"lon":3.4539,"fibre_pct":96.8},{"code_insee":"89008","nom":"Angely","codes_postaux":["89440"],"code_dep":"89","code_region":"27","population":152,"surface_km2":8.67,"lat":47.5603,"lon":4.0112,"fibre_pct":100.0},{"code_insee":"89009","nom":"Annay-la-Côte","codes_postaux":["89200"],"code_dep":"89","code_region":"27","population":329,"surface_km2":12.83,"lat":47.5515,"lon":3.8699,"fibre_pct":99.6},{"code_insee":"89010","nom":"Annay-sur-Serein","codes_postaux":["89310"],"code_dep":"89","code_region":"27","population":205,"surface_km2":27.14,"lat":47.7324,"lon":3.9563,"fibre_pct":82.0},{"code_insee":"89011","nom":"Annéot","codes_postaux":["89200"],"code_dep":"89","code_region":"27","population":112,"surface_km2":6.13,"lat":47.5198,"lon":3.8808,"fibre_pct":100.0},{"code_insee":"89012","nom":"Annoux","codes_postaux":["89440"],"code_dep":"89","code_region":"27","population":85,"surface_km2":8.86,"lat":47.6267,"lon":4.0518,"fibre_pct":100.0},{"code_insee":"89013","nom":"Appoigny","codes_postaux":["89380"],"code_dep":"89","code_region":"27","population":3114,"surface_km2":22.38,"lat":47.8669,"lon":3.5206,"fibre_pct":98.6},{"code_insee":"89014","nom":"Arces-Dilo","codes_postaux":["89320"],"code_dep":"89","code_region":"27","population":615,"surface_km2":27.13,"lat":48.1047,"lon":3.5877,"fibre_pct":100.0},{"code_insee":"89015","nom":"Arcy-sur-Cure","codes_postaux":["89270"],"code_dep":"89","code_region":"27","population":486,"surface_km2":26.47,"lat":47.5909,"lon":3.7658,"fibre_pct":98.4},{"code_insee":"89016","nom":"Argentenay","codes_postaux":["89160"],"code_dep":"89","code_region":"27","population":82,"surface_km2":5.16,"lat":47.8202,"lon":4.1159,"fibre_pct":100.0},{"code_insee":"89017","nom":"Argenteuil-sur-Armançon","codes_postaux":["89160"],"code_dep":"89","code_region":"27","population":219,"surface_km2":30.64,"lat":47.7421,"lon":4.0928,"fibre_pct":98.6},{"code_insee":"89018","nom":"Armeau","codes_postaux":["89500"],"code_dep":"89","code_region":"27","population":753,"surface_km2":10.24,"lat":48.0474,"lon":3.3336,"fibre_pct":100.0},{"code_insee":"89019","nom":"Arthonnay","codes_postaux":["89740"],"code_dep":"89","code_region":"27","population":150,"surface_km2":25.74,"lat":47.9357,"lon":4.2403,"fibre_pct":100.0},{"code_insee":"89020","nom":"Asnières-sous-Bois","codes_postaux":["89660"],"code_dep":"89","code_region":"27","population":113,"surface_km2":18.13,"lat":47.4788,"lon":3.6429,"fibre_pct":100.0},{"code_insee":"89021","nom":"Asquins","codes_postaux":["89450"],"code_dep":"89","code_region":"27","population":305,"surface_km2":21.73,"lat":47.491,"lon":3.7436,"fibre_pct":100.0},{"code_insee":"89022","nom":"Athie","codes_postaux":["89440"],"code_dep":"89","code_region":"27","population":135,"surface_km2":4.88,"lat":47.5399,"lon":3.9925,"fibre_pct":100.0},{"code_insee":"89023","nom":"Augy","codes_postaux":["89290"],"code_dep":"89","code_region":"27","population":954,"surface_km2":5.11,"lat":47.7712,"lon":3.6214,"fibre_pct":97.6},{"code_insee":"89024","nom":"Auxerre","codes_postaux":["89000","89290"],"code_dep":"89","code_region":"27","population":35097,"surface_km2":49.87,"lat":47.7939,"lon":3.5821,"fibre_pct":98.0},{"code_insee":"89025","nom":"Avallon","codes_postaux":["89200"],"code_dep":"89","code_region":"27","population":6305,"surface_km2":26.67,"lat":47.4808,"lon":3.9197,"fibre_pct":97.0},{"code_insee":"89027","nom":"Bagneaux","codes_postaux":["89190"],"code_dep":"89","code_region":"27","population":196,"surface_km2":16.29,"lat":48.2513,"lon":3.593,"fibre_pct":100.0},{"code_insee":"89028","nom":"Baon","codes_postaux":["89430"],"code_dep":"89","code_region":"27","population":58,"surface_km2":8.62,"lat":47.8611,"lon":4.1377,"fibre_pct":100.0},{"code_insee":"89029","nom":"Bassou","codes_postaux":["89400"],"code_dep":"89","code_region":"27","population":869,"surface_km2":4.09,"lat":47.9245,"lon":3.5082,"fibre_pct":98.1},{"code_insee":"89030","nom":"Bazarnes","codes_postaux":["89460"],"code_dep":"89","code_region":"27","population":422,"surface_km2":19.38,"lat":47.6634,"lon":3.6431,"fibre_pct":100.0},{"code_insee":"89031","nom":"Beaumont","codes_postaux":["89250"],"code_dep":"89","code_region":"27","population":618,"surface_km2":6.47,"lat":47.9121,"lon":3.5506,"fibre_pct":99.7},{"code_insee":"89032","nom":"Beauvilliers","codes_postaux":["89630"],"code_dep":"89","code_region":"27","population":75,"surface_km2":6.29,"lat":47.4135,"lon":4.0362,"fibre_pct":100.0},{"code_insee":"89033","nom":"Beauvoir","codes_postaux":["89240"],"code_dep":"89","code_region":"27","population":386,"surface_km2":6.75,"lat":47.7902,"lon":3.3823,"fibre_pct":100.0},{"code_insee":"89034","nom":"Beine","codes_postaux":["89800"],"code_dep":"89","code_region":"27","population":437,"surface_km2":21.42,"lat":47.8158,"lon":3.7252,"fibre_pct":100.0},{"code_insee":"89035","nom":"Bellechaume","codes_postaux":["89210"],"code_dep":"89","code_region":"27","population":436,"surface_km2":24.54,"lat":48.0533,"lon":3.5797,"fibre_pct":100.0},{"code_insee":"89036","nom":"La Belliole","codes_postaux":["89150"],"code_dep":"89","code_region":"27","population":216,"surface_km2":8.62,"lat":48.1436,"lon":3.0835,"fibre_pct":95.4},{"code_insee":"89037","nom":"Béon","codes_postaux":["89410"],"code_dep":"89","code_region":"27","population":519,"surface_km2":15.52,"lat":47.9468,"lon":3.3161,"fibre_pct":94.0},{"code_insee":"89038","nom":"Bernouil","codes_postaux":["89360"],"code_dep":"89","code_region":"27","population":109,"surface_km2":4.59,"lat":47.9049,"lon":3.8974,"fibre_pct":0.0},{"code_insee":"89039","nom":"Béru","codes_postaux":["89700"],"code_dep":"89","code_region":"27","population":75,"surface_km2":5.23,"lat":47.8054,"lon":3.8855,"fibre_pct":0.0},{"code_insee":"89040","nom":"Bessy-sur-Cure","codes_postaux":["89270"],"code_dep":"89","code_region":"27","population":184,"surface_km2":10.65,"lat":47.6212,"lon":3.7277,"fibre_pct":100.0},{"code_insee":"89041","nom":"Beugnon","codes_postaux":["89570"],"code_dep":"89","code_region":"27","population":279,"surface_km2":7.64,"lat":48.0199,"lon":3.7924,"fibre_pct":99.4},{"code_insee":"89042","nom":"Bierry-les-Belles-Fontaines","codes_postaux":["89420"],"code_dep":"89","code_region":"27","population":163,"surface_km2":27.07,"lat":47.6137,"lon":4.1786,"fibre_pct":100.0},{"code_insee":"89043","nom":"Blacy","codes_postaux":["89440"],"code_dep":"89","code_region":"27","population":99,"surface_km2":8.45,"lat":47.5814,"lon":4.0401,"fibre_pct":100.0},{"code_insee":"89044","nom":"Blannay","codes_postaux":["89200"],"code_dep":"89","code_region":"27","population":105,"surface_km2":7.37,"lat":47.5335,"lon":3.7628,"fibre_pct":100.0},{"code_insee":"89045","nom":"Bleigny-le-Carreau","codes_postaux":["89230"],"code_dep":"89","code_region":"27","population":279,"surface_km2":10.37,"lat":47.8302,"lon":3.6759,"fibre_pct":100.0},{"code_insee":"89046","nom":"Bléneau","codes_postaux":["89220"],"code_dep":"89","code_region":"27","population":1153,"surface_km2":39.47,"lat":47.6993,"lon":2.9539,"fibre_pct":94.7},{"code_insee":"89048","nom":"Bœurs-en-Othe","codes_postaux":["89770"],"code_dep":"89","code_region":"27","population":334,"surface_km2":22.29,"lat":48.1442,"lon":3.7041,"fibre_pct":98.4},{"code_insee":"89049","nom":"Bois-d'Arcy","codes_postaux":["89660"],"code_dep":"89","code_region":"27","population":24,"surface_km2":3.44,"lat":47.5513,"lon":3.7237,"fibre_pct":100.0},{"code_insee":"89050","nom":"Bonnard","codes_postaux":["89400"],"code_dep":"89","code_region":"27","population":909,"surface_km2":4.07,"lat":47.9318,"lon":3.5363,"fibre_pct":100.0},{"code_insee":"89051","nom":"Les Bordes","codes_postaux":["89500"],"code_dep":"89","code_region":"27","population":551,"surface_km2":18.83,"lat":48.1082,"lon":3.3914,"fibre_pct":100.0},{"code_insee":"89053","nom":"Branches","codes_postaux":["89113"],"code_dep":"89","code_region":"27","population":434,"surface_km2":11.05,"lat":47.8745,"lon":3.4839,"fibre_pct":99.2},{"code_insee":"89054","nom":"Brannay","codes_postaux":["89150"],"code_dep":"89","code_region":"27","population":773,"surface_km2":10.85,"lat":48.2306,"lon":3.127,"fibre_pct":100.0},{"code_insee":"89055","nom":"Brienon-sur-Armançon","codes_postaux":["89210"],"code_dep":"89","code_region":"27","population":3032,"surface_km2":26.0,"lat":48.001,"lon":3.6183,"fibre_pct":89.9},{"code_insee":"89056","nom":"Brion","codes_postaux":["89400"],"code_dep":"89","code_region":"27","population":612,"surface_km2":16.77,"lat":48.0027,"lon":3.4787,"fibre_pct":100.0},{"code_insee":"89057","nom":"Brosses","codes_postaux":["89660"],"code_dep":"89","code_region":"27","population":265,"surface_km2":20.09,"lat":47.5318,"lon":3.6928,"fibre_pct":100.0},{"code_insee":"89058","nom":"Bussières","codes_postaux":["89630"],"code_dep":"89","code_region":"27","population":112,"surface_km2":11.78,"lat":47.4259,"lon":4.0466,"fibre_pct":100.0},{"code_insee":"89059","nom":"Bussy-en-Othe","codes_postaux":["89400"],"code_dep":"89","code_region":"27","population":698,"surface_km2":57.46,"lat":48.0411,"lon":3.5128,"fibre_pct":99.6},{"code_insee":"89060","nom":"Bussy-le-Repos","codes_postaux":["89500"],"code_dep":"89","code_region":"27","population":453,"surface_km2":23.78,"lat":48.0613,"lon":3.217,"fibre_pct":100.0},{"code_insee":"89061","nom":"Butteaux","codes_postaux":["89360"],"code_dep":"89","code_region":"27","population":264,"surface_km2":7.59,"lat":47.9838,"lon":3.822,"fibre_pct":100.0},{"code_insee":"89062","nom":"Carisey","codes_postaux":["89360"],"code_dep":"89","code_region":"27","population":377,"surface_km2":11.39,"lat":47.9229,"lon":3.8433,"fibre_pct":96.0},{"code_insee":"89063","nom":"La Celle-Saint-Cyr","codes_postaux":["89116"],"code_dep":"89","code_region":"27","population":840,"surface_km2":18.74,"lat":47.9796,"lon":3.2788,"fibre_pct":100.0},{"code_insee":"89064","nom":"Censy","codes_postaux":["89310"],"code_dep":"89","code_region":"27","population":51,"surface_km2":4.82,"lat":47.7006,"lon":4.0476,"fibre_pct":100.0},{"code_insee":"89065","nom":"Cérilly","codes_postaux":["89320"],"code_dep":"89","code_region":"27","population":51,"surface_km2":7.24,"lat":48.1777,"lon":3.6223,"fibre_pct":100.0},{"code_insee":"89066","nom":"Cerisiers","codes_postaux":["89320"],"code_dep":"89","code_region":"27","population":988,"surface_km2":26.0,"lat":48.1245,"lon":3.5135,"fibre_pct":100.0},{"code_insee":"89067","nom":"Cézy","codes_postaux":["89410"],"code_dep":"89","code_region":"27","population":1070,"surface_km2":16.25,"lat":47.9977,"lon":3.3166,"fibre_pct":96.6},{"code_insee":"89068","nom":"Chablis","codes_postaux":["89800"],"code_dep":"89","code_region":"27","population":2139,"surface_km2":38.63,"lat":47.806,"lon":3.7932,"fibre_pct":98.3},{"code_insee":"89069","nom":"Chailley","codes_postaux":["89770"],"code_dep":"89","code_region":"27","population":533,"surface_km2":16.94,"lat":48.0911,"lon":3.6795,"fibre_pct":100.0},{"code_insee":"89071","nom":"Chamoux","codes_postaux":["89660"],"code_dep":"89","code_region":"27","population":94,"surface_km2":7.0,"lat":47.4596,"lon":3.6584,"fibre_pct":100.0},{"code_insee":"89072","nom":"Champcevrais","codes_postaux":["89220"],"code_dep":"89","code_region":"27","population":309,"surface_km2":33.06,"lat":47.754,"lon":2.9716,"fibre_pct":100.0},{"code_insee":"89073","nom":"Champignelles","codes_postaux":["89350"],"code_dep":"89","code_region":"27","population":905,"surface_km2":53.6,"lat":47.7773,"lon":3.0939,"fibre_pct":100.0},{"code_insee":"89074","nom":"Champigny","codes_postaux":["89340"],"code_dep":"89","code_region":"27","population":2128,"surface_km2":21.17,"lat":48.3045,"lon":3.1348,"fibre_pct":93.0},{"code_insee":"89075","nom":"Champlay","codes_postaux":["89300"],"code_dep":"89","code_region":"27","population":733,"surface_km2":21.01,"lat":47.9455,"lon":3.4153,"fibre_pct":100.0},{"code_insee":"89076","nom":"Champlost","codes_postaux":["89210"],"code_dep":"89","code_region":"27","population":767,"surface_km2":23.14,"lat":48.046,"lon":3.6475,"fibre_pct":100.0},{"code_insee":"89077","nom":"Champs-sur-Yonne","codes_postaux":["89290"],"code_dep":"89","code_region":"27","population":1513,"surface_km2":4.45,"lat":47.7496,"lon":3.6047,"fibre_pct":99.0},{"code_insee":"89079","nom":"Chamvres","codes_postaux":["89300"],"code_dep":"89","code_region":"27","population":651,"surface_km2":5.62,"lat":47.9593,"lon":3.3553,"fibre_pct":100.0},{"code_insee":"89080","nom":"La Chapelle-sur-Oreuse","codes_postaux":["89260"],"code_dep":"89","code_region":"27","population":667,"surface_km2":17.98,"lat":48.2955,"lon":3.3016,"fibre_pct":100.0},{"code_insee":"89081","nom":"La Chapelle-Vaupelteigne","codes_postaux":["89800"],"code_dep":"89","code_region":"27","population":88,"surface_km2":5.09,"lat":47.8444,"lon":3.7725,"fibre_pct":100.0},{"code_insee":"89083","nom":"Charbuy","codes_postaux":["89113"],"code_dep":"89","code_region":"27","population":1868,"surface_km2":23.53,"lat":47.8286,"lon":3.4609,"fibre_pct":99.9},{"code_insee":"89084","nom":"Charentenay","codes_postaux":["89580"],"code_dep":"89","code_region":"27","population":288,"surface_km2":14.76,"lat":47.6444,"lon":3.5541,"fibre_pct":100.0},{"code_insee":"89085","nom":"Charmoy","codes_postaux":["89400"],"code_dep":"89","code_region":"27","population":1104,"surface_km2":6.95,"lat":47.9424,"lon":3.4947,"fibre_pct":98.6},{"code_insee":"89086","nom":"Charny Orée de Puisaye","codes_postaux":["89120"],"code_dep":"89","code_region":"27","population":4900,"surface_km2":229.78,"lat":47.8786,"lon":3.1073,"fibre_pct":99.7},{"code_insee":"89087","nom":"Chassignelles","codes_postaux":["89160"],"code_dep":"89","code_region":"27","population":289,"surface_km2":13.24,"lat":47.7735,"lon":4.1967,"fibre_pct":100.0},{"code_insee":"89088","nom":"Chassy","codes_postaux":["89110"],"code_dep":"89","code_region":"27","population":472,"surface_km2":16.65,"lat":47.8503,"lon":3.3281,"fibre_pct":100.0},{"code_insee":"89089","nom":"Chastellux-sur-Cure","codes_postaux":["89630"],"code_dep":"89","code_region":"27","population":129,"surface_km2":10.54,"lat":47.3876,"lon":3.8847,"fibre_pct":100.0},{"code_insee":"89091","nom":"Châtel-Censoir","codes_postaux":["89660"],"code_dep":"89","code_region":"27","population":561,"surface_km2":25.08,"lat":47.5264,"lon":3.6335,"fibre_pct":100.0},{"code_insee":"89092","nom":"Châtel-Gérard","codes_postaux":["89310"],"code_dep":"89","code_region":"27","population":199,"surface_km2":30.85,"lat":47.631,"lon":4.1054,"fibre_pct":99.0},{"code_insee":"89093","nom":"Chaumont","codes_postaux":["89340"],"code_dep":"89","code_region":"27","population":645,"surface_km2":8.96,"lat":48.3095,"lon":3.1023,"fibre_pct":86.8},{"code_insee":"89094","nom":"Chaumot","codes_postaux":["89500"],"code_dep":"89","code_region":"27","population":708,"surface_km2":14.98,"lat":48.0813,"lon":3.2062,"fibre_pct":100.0},{"code_insee":"89095","nom":"Chemilly-sur-Serein","codes_postaux":["89800"],"code_dep":"89","code_region":"27","population":134,"surface_km2":13.05,"lat":47.7671,"lon":3.8595,"fibre_pct":100.0},{"code_insee":"89096","nom":"Chemilly-sur-Yonne","codes_postaux":["89250"],"code_dep":"89","code_region":"27","population":887,"surface_km2":5.77,"lat":47.8957,"lon":3.5547,"fibre_pct":99.8},{"code_insee":"89098","nom":"Cheney","codes_postaux":["89700"],"code_dep":"89","code_region":"27","population":235,"surface_km2":5.98,"lat":47.9152,"lon":3.9591,"fibre_pct":97.9},{"code_insee":"89099","nom":"Cheny","codes_postaux":["89400"],"code_dep":"89","code_region":"27","population":2206,"surface_km2":9.71,"lat":47.9446,"lon":3.534,"fibre_pct":96.9},{"code_insee":"89100","nom":"Chéroy","codes_postaux":["89690"],"code_dep":"89","code_region":"27","population":1760,"surface_km2":10.51,"lat":48.2042,"lon":3.005,"fibre_pct":96.8},{"code_insee":"89101","nom":"Chéu","codes_postaux":["89600"],"code_dep":"89","code_region":"27","population":522,"surface_km2":7.64,"lat":47.9749,"lon":3.7552,"fibre_pct":98.7},{"code_insee":"89102","nom":"Chevannes","codes_postaux":["89240"],"code_dep":"89","code_region":"27","population":2137,"surface_km2":24.2,"lat":47.7487,"lon":3.4893,"fibre_pct":96.7},{"code_insee":"89104","nom":"Chichée","codes_postaux":["89800"],"code_dep":"89","code_region":"27","population":297,"surface_km2":18.82,"lat":47.7806,"lon":3.8392,"fibre_pct":100.0},{"code_insee":"89105","nom":"Chichery","codes_postaux":["89400"],"code_dep":"89","code_region":"27","population":426,"surface_km2":6.81,"lat":47.9051,"lon":3.5096,"fibre_pct":100.0},{"code_insee":"89108","nom":"Chitry","codes_postaux":["89530"],"code_dep":"89","code_region":"27","population":346,"surface_km2":15.06,"lat":47.7703,"lon":3.6982,"fibre_pct":100.0},{"code_insee":"89111","nom":"Les Clérimois","codes_postaux":["89190"],"code_dep":"89","code_region":"27","population":298,"surface_km2":12.44,"lat":48.2295,"lon":3.4591,"fibre_pct":100.0},{"code_insee":"89112","nom":"Collan","codes_postaux":["89700"],"code_dep":"89","code_region":"27","population":155,"surface_km2":13.16,"lat":47.8402,"lon":3.8724,"fibre_pct":100.0},{"code_insee":"89113","nom":"Collemiers","codes_postaux":["89100"],"code_dep":"89","code_region":"27","population":663,"surface_km2":10.61,"lat":48.1548,"lon":3.2163,"fibre_pct":100.0},{"code_insee":"89115","nom":"Compigny","codes_postaux":["89140"],"code_dep":"89","code_region":"27","population":178,"surface_km2":7.84,"lat":48.3671,"lon":3.2815,"fibre_pct":100.0},{"code_insee":"89116","nom":"Cornant","codes_postaux":["89500"],"code_dep":"89","code_region":"27","population":367,"surface_km2":5.04,"lat":48.1342,"lon":3.1893,"fibre_pct":100.0},{"code_insee":"89117","nom":"Coulangeron","codes_postaux":["89580"],"code_dep":"89","code_region":"27","population":212,"surface_km2":8.56,"lat":47.6818,"lon":3.47,"fibre_pct":100.0},{"code_insee":"89118","nom":"Coulanges-la-Vineuse","codes_postaux":["89580"],"code_dep":"89","code_region":"27","population":783,"surface_km2":10.72,"lat":47.6988,"lon":3.5849,"fibre_pct":98.3},{"code_insee":"89119","nom":"Coulanges-sur-Yonne","codes_postaux":["89480"],"code_dep":"89","code_region":"27","population":518,"surface_km2":10.59,"lat":47.5418,"lon":3.5236,"fibre_pct":100.0},{"code_insee":"89120","nom":"Coulours","codes_postaux":["89320"],"code_dep":"89","code_region":"27","population":141,"surface_km2":17.69,"lat":48.1619,"lon":3.5956,"fibre_pct":100.0},{"code_insee":"89122","nom":"Courgenay","codes_postaux":["89190"],"code_dep":"89","code_region":"27","population":564,"surface_km2":29.93,"lat":48.2877,"lon":3.5517,"fibre_pct":100.0},{"code_insee":"89123","nom":"Courgis","codes_postaux":["89800"],"code_dep":"89","code_region":"27","population":231,"surface_km2":10.27,"lat":47.7781,"lon":3.7443,"fibre_pct":100.0},{"code_insee":"89124","nom":"Courlon-sur-Yonne","codes_postaux":["89140"],"code_dep":"89","code_region":"27","population":1183,"surface_km2":16.86,"lat":48.3436,"lon":3.1787,"fibre_pct":99.4},{"code_insee":"89125","nom":"Courson-les-Carrières","codes_postaux":["89560"],"code_dep":"89","code_region":"27","population":900,"surface_km2":34.6,"lat":47.5992,"lon":3.5002,"fibre_pct":99.9},{"code_insee":"89126","nom":"Courtoin","codes_postaux":["89150"],"code_dep":"89","code_region":"27","population":39,"surface_km2":6.03,"lat":48.1225,"lon":3.1124,"fibre_pct":100.0},{"code_insee":"89127","nom":"Courtois-sur-Yonne","codes_postaux":["89100"],"code_dep":"89","code_region":"27","population":783,"surface_km2":4.26,"lat":48.2301,"lon":3.2491,"fibre_pct":100.0},{"code_insee":"89128","nom":"Coutarnoux","codes_postaux":["89440"],"code_dep":"89","code_region":"27","population":124,"surface_km2":8.64,"lat":47.6011,"lon":3.9445,"fibre_pct":100.0},{"code_insee":"89129","nom":"Crain","codes_postaux":["89480"],"code_dep":"89","code_region":"27","population":410,"surface_km2":9.99,"lat":47.5403,"lon":3.5734,"fibre_pct":100.0},{"code_insee":"89130","nom":"Deux Rivières","codes_postaux":["89460"],"code_dep":"89","code_region":"27","population":1245,"surface_km2":31.9,"lat":47.6742,"lon":3.721,"fibre_pct":99.7},{"code_insee":"89131","nom":"Cruzy-le-Châtel","codes_postaux":["89740"],"code_dep":"89","code_region":"27","population":222,"surface_km2":59.41,"lat":47.8725,"lon":4.2254,"fibre_pct":100.0},{"code_insee":"89132","nom":"Cry","codes_postaux":["89390"],"code_dep":"89","code_region":"27","population":157,"surface_km2":11.24,"lat":47.7046,"lon":4.2261,"fibre_pct":93.4},{"code_insee":"89133","nom":"Cudot","codes_postaux":["89116"],"code_dep":"89","code_region":"27","population":395,"surface_km2":18.98,"lat":47.9807,"lon":3.1759,"fibre_pct":99.7},{"code_insee":"89134","nom":"Cussy-les-Forges","codes_postaux":["89420"],"code_dep":"89","code_region":"27","population":322,"surface_km2":13.71,"lat":47.4635,"lon":4.0264,"fibre_pct":100.0},{"code_insee":"89136","nom":"Cuy","codes_postaux":["89140"],"code_dep":"89","code_region":"27","population":861,"surface_km2":7.19,"lat":48.2562,"lon":3.2666,"fibre_pct":98.7},{"code_insee":"89137","nom":"Dannemoine","codes_postaux":["89700"],"code_dep":"89","code_region":"27","population":452,"surface_km2":10.26,"lat":47.8978,"lon":3.9818,"fibre_pct":100.0},{"code_insee":"89139","nom":"Diges","codes_postaux":["89240"],"code_dep":"89","code_region":"27","population":1052,"surface_km2":36.0,"lat":47.7193,"lon":3.3886,"fibre_pct":99.7},{"code_insee":"89141","nom":"Dissangis","codes_postaux":["89440"],"code_dep":"89","code_region":"27","population":119,"surface_km2":7.32,"lat":47.5945,"lon":3.9788,"fibre_pct":100.0},{"code_insee":"89142","nom":"Dixmont","codes_postaux":["89500"],"code_dep":"89","code_region":"27","population":887,"surface_km2":41.97,"lat":48.0773,"lon":3.4215,"fibre_pct":94.2},{"code_insee":"89143","nom":"Dollot","codes_postaux":["89150"],"code_dep":"89","code_region":"27","population":327,"surface_km2":15.28,"lat":48.2101,"lon":3.0645,"fibre_pct":100.0},{"code_insee":"89144","nom":"Domats","codes_postaux":["89150"],"code_dep":"89","code_region":"27","population":779,"surface_km2":23.95,"lat":48.1166,"lon":3.0611,"fibre_pct":100.0},{"code_insee":"89145","nom":"Domecy-sur-Cure","codes_postaux":["89450"],"code_dep":"89","code_region":"27","population":403,"surface_km2":20.68,"lat":47.4085,"lon":3.8133,"fibre_pct":100.0},{"code_insee":"89146","nom":"Domecy-sur-le-Vault","codes_postaux":["89200"],"code_dep":"89","code_region":"27","population":83,"surface_km2":6.21,"lat":47.4901,"lon":3.8097,"fibre_pct":100.0},{"code_insee":"89147","nom":"Dracy","codes_postaux":["89130"],"code_dep":"89","code_region":"27","population":236,"surface_km2":22.15,"lat":47.7476,"lon":3.2331,"fibre_pct":100.0},{"code_insee":"89148","nom":"Druyes-les-Belles-Fontaines","codes_postaux":["89560"],"code_dep":"89","code_region":"27","population":265,"surface_km2":39.7,"lat":47.5538,"lon":3.4147,"fibre_pct":100.0},{"code_insee":"89149","nom":"Dyé","codes_postaux":["89360"],"code_dep":"89","code_region":"27","population":186,"surface_km2":17.04,"lat":47.8888,"lon":3.8675,"fibre_pct":96.1},{"code_insee":"89150","nom":"Égleny","codes_postaux":["89240"],"code_dep":"89","code_region":"27","population":457,"surface_km2":8.0,"lat":47.8099,"lon":3.3761,"fibre_pct":100.0},{"code_insee":"89151","nom":"Égriselles-le-Bocage","codes_postaux":["89500"],"code_dep":"89","code_region":"27","population":1381,"surface_km2":23.59,"lat":48.1108,"lon":3.1818,"fibre_pct":99.9},{"code_insee":"89152","nom":"Épineau-les-Voves","codes_postaux":["89400"],"code_dep":"89","code_region":"27","population":708,"surface_km2":7.09,"lat":47.9443,"lon":3.4718,"fibre_pct":99.7},{"code_insee":"89153","nom":"Épineuil","codes_postaux":["89700"],"code_dep":"89","code_region":"27","population":508,"surface_km2":6.2,"lat":47.8809,"lon":3.9907,"fibre_pct":100.0},{"code_insee":"89154","nom":"Escamps","codes_postaux":["89240"],"code_dep":"89","code_region":"27","population":836,"surface_km2":22.27,"lat":47.7219,"lon":3.4736,"fibre_pct":94.3},{"code_insee":"89155","nom":"Escolives-Sainte-Camille","codes_postaux":["89290"],"code_dep":"89","code_region":"27","population":719,"surface_km2":7.55,"lat":47.7212,"lon":3.6001,"fibre_pct":98.8},{"code_insee":"89156","nom":"Esnon","codes_postaux":["89210"],"code_dep":"89","code_region":"27","population":375,"surface_km2":12.11,"lat":48.0104,"lon":3.5676,"fibre_pct":100.0},{"code_insee":"89158","nom":"Étais-la-Sauvin","codes_postaux":["89480"],"code_dep":"89","code_region":"27","population":631,"surface_km2":44.77,"lat":47.5094,"lon":3.3494,"fibre_pct":100.0},{"code_insee":"89159","nom":"Étaule","codes_postaux":["89200"],"code_dep":"89","code_region":"27","population":382,"surface_km2":8.89,"lat":47.53,"lon":3.9136,"fibre_pct":99.6},{"code_insee":"89160","nom":"Étigny","codes_postaux":["89510"],"code_dep":"89","code_region":"27","population":747,"surface_km2":7.01,"lat":48.1379,"lon":3.2777,"fibre_pct":99.8},{"code_insee":"89161","nom":"Étivey","codes_postaux":["89310"],"code_dep":"89","code_region":"27","population":181,"surface_km2":27.91,"lat":47.6685,"lon":4.1413,"fibre_pct":100.0},{"code_insee":"89162","nom":"Évry","codes_postaux":["89140"],"code_dep":"89","code_region":"27","population":402,"surface_km2":4.6,"lat":48.2681,"lon":3.2611,"fibre_pct":97.7},{"code_insee":"89163","nom":"La Ferté-Loupière","codes_postaux":["89110"],"code_dep":"89","code_region":"27","population":559,"surface_km2":30.58,"lat":47.8874,"lon":3.2414,"fibre_pct":95.3},{"code_insee":"89164","nom":"Festigny","codes_postaux":["89480"],"code_dep":"89","code_region":"27","population":92,"surface_km2":5.53,"lat":47.5614,"lon":3.5333,"fibre_pct":100.0},{"code_insee":"89165","nom":"Flacy","codes_postaux":["89190"],"code_dep":"89","code_region":"27","population":123,"surface_km2":12.56,"lat":48.2102,"lon":3.59,"fibre_pct":100.0},{"code_insee":"89167","nom":"Fleury-la-Vallée","codes_postaux":["89113"],"code_dep":"89","code_region":"27","population":1007,"surface_km2":15.2,"lat":47.8642,"lon":3.4463,"fibre_pct":100.0},{"code_insee":"89168","nom":"Fleys","codes_postaux":["89800"],"code_dep":"89","code_region":"27","population":164,"surface_km2":8.13,"lat":47.8172,"lon":3.8629,"fibre_pct":100.0},{"code_insee":"89169","nom":"Flogny-la-Chapelle","codes_postaux":["89360"],"code_dep":"89","code_region":"27","population":935,"surface_km2":23.79,"lat":47.9621,"lon":3.8786,"fibre_pct":100.0},{"code_insee":"89170","nom":"Foissy-lès-Vézelay","codes_postaux":["89450"],"code_dep":"89","code_region":"27","population":115,"surface_km2":5.69,"lat":47.4379,"lon":3.763,"fibre_pct":100.0},{"code_insee":"89171","nom":"Foissy-sur-Vanne","codes_postaux":["89190"],"code_dep":"89","code_region":"27","population":298,"surface_km2":15.79,"lat":48.2234,"lon":3.5055,"fibre_pct":100.0},{"code_insee":"89172","nom":"Fontaine-la-Gaillarde","codes_postaux":["89100"],"code_dep":"89","code_region":"27","population":526,"surface_km2":10.44,"lat":48.2241,"lon":3.401,"fibre_pct":97.5},{"code_insee":"89173","nom":"Fontaines","codes_postaux":["89130"],"code_dep":"89","code_region":"27","population":459,"surface_km2":25.4,"lat":47.6909,"lon":3.2665,"fibre_pct":100.0},{"code_insee":"89175","nom":"Fontenay-près-Chablis","codes_postaux":["89800"],"code_dep":"89","code_region":"27","population":134,"surface_km2":5.05,"lat":47.8435,"lon":3.8129,"fibre_pct":0.0},{"code_insee":"89176","nom":"Fontenay-près-Vézelay","codes_postaux":["89450"],"code_dep":"89","code_region":"27","population":135,"surface_km2":15.78,"lat":47.4171,"lon":3.7331,"fibre_pct":100.0},{"code_insee":"89177","nom":"Fontenay-sous-Fouronnes","codes_postaux":["89660"],"code_dep":"89","code_region":"27","population":90,"surface_km2":12.36,"lat":47.6234,"lon":3.6015,"fibre_pct":81.5},{"code_insee":"89179","nom":"Fontenoy","codes_postaux":["89520"],"code_dep":"89","code_region":"27","population":305,"surface_km2":15.89,"lat":47.6498,"lon":3.2941,"fibre_pct":99.7},{"code_insee":"89180","nom":"Fouchères","codes_postaux":["89150"],"code_dep":"89","code_region":"27","population":442,"surface_km2":14.73,"lat":48.1786,"lon":3.1464,"fibre_pct":92.8},{"code_insee":"89181","nom":"Fournaudin","codes_postaux":["89320"],"code_dep":"89","code_region":"27","population":136,"surface_km2":9.22,"lat":48.148,"lon":3.646,"fibre_pct":100.0},{"code_insee":"89182","nom":"Fouronnes","codes_postaux":["89560"],"code_dep":"89","code_region":"27","population":183,"surface_km2":17.95,"lat":47.6078,"lon":3.5542,"fibre_pct":86.8},{"code_insee":"89183","nom":"Fresnes","codes_postaux":["89310"],"code_dep":"89","code_region":"27","population":61,"surface_km2":4.9,"lat":47.763,"lon":3.9931,"fibre_pct":88.1},{"code_insee":"89184","nom":"Fulvy","codes_postaux":["89160"],"code_dep":"89","code_region":"27","population":128,"surface_km2":3.84,"lat":47.7415,"lon":4.1633,"fibre_pct":100.0},{"code_insee":"89186","nom":"Germigny","codes_postaux":["89600"],"code_dep":"89","code_region":"27","population":530,"surface_km2":11.84,"lat":47.9958,"lon":3.7937,"fibre_pct":97.3},{"code_insee":"89187","nom":"Gigny","codes_postaux":["89160"],"code_dep":"89","code_region":"27","population":83,"surface_km2":10.85,"lat":47.8297,"lon":4.303,"fibre_pct":100.0},{"code_insee":"89188","nom":"Girolles","codes_postaux":["89200"],"code_dep":"89","code_region":"27","population":200,"surface_km2":16.3,"lat":47.547,"lon":3.8385,"fibre_pct":100.0},{"code_insee":"89189","nom":"Gisy-les-Nobles","codes_postaux":["89140"],"code_dep":"89","code_region":"27","population":545,"surface_km2":11.11,"lat":48.2863,"lon":3.2543,"fibre_pct":90.9},{"code_insee":"89190","nom":"Givry","codes_postaux":["89200"],"code_dep":"89","code_region":"27","population":181,"surface_km2":8.57,"lat":47.512,"lon":3.7957,"fibre_pct":95.2},{"code_insee":"89191","nom":"Gland","codes_postaux":["89740"],"code_dep":"89","code_region":"27","population":36,"surface_km2":16.77,"lat":47.817,"lon":4.2211,"fibre_pct":100.0},{"code_insee":"89194","nom":"Grimault","codes_postaux":["89310"],"code_dep":"89","code_region":"27","population":115,"surface_km2":23.96,"lat":47.6612,"lon":3.9694,"fibre_pct":100.0},{"code_insee":"89195","nom":"Gron","codes_postaux":["89100"],"code_dep":"89","code_region":"27","population":1288,"surface_km2":11.79,"lat":48.1558,"lon":3.2542,"fibre_pct":98.9},{"code_insee":"89196","nom":"Valravillon","codes_postaux":["89110","89113"],"code_dep":"89","code_region":"27","population":1779,"surface_km2":37.23,"lat":47.9025,"lon":3.4344,"fibre_pct":99.0},{"code_insee":"89197","nom":"Guillon-Terre-Plaine","codes_postaux":["89420"],"code_dep":"89","code_region":"27","population":703,"surface_km2":49.1,"lat":47.5243,"lon":4.0701,"fibre_pct":100.0},{"code_insee":"89198","nom":"Gurgy","codes_postaux":["89250"],"code_dep":"89","code_region":"27","population":1723,"surface_km2":13.23,"lat":47.8805,"lon":3.5675,"fibre_pct":98.7},{"code_insee":"89199","nom":"Gy-l'Évêque","codes_postaux":["89580"],"code_dep":"89","code_region":"27","population":442,"surface_km2":15.13,"lat":47.7108,"lon":3.5289,"fibre_pct":100.0},{"code_insee":"89200","nom":"Hauterive","codes_postaux":["89250"],"code_dep":"89","code_region":"27","population":390,"surface_km2":9.57,"lat":47.9338,"lon":3.6086,"fibre_pct":99.6},{"code_insee":"89201","nom":"Héry","codes_postaux":["89550"],"code_dep":"89","code_region":"27","population":1784,"surface_km2":21.36,"lat":47.8984,"lon":3.6357,"fibre_pct":96.1},{"code_insee":"89202","nom":"Irancy","codes_postaux":["89290"],"code_dep":"89","code_region":"27","population":247,"surface_km2":12.25,"lat":47.7117,"lon":3.7016,"fibre_pct":99.0},{"code_insee":"89203","nom":"Island","codes_postaux":["89200"],"code_dep":"89","code_region":"27","population":187,"surface_km2":20.68,"lat":47.4567,"lon":3.8534,"fibre_pct":100.0},{"code_insee":"89204","nom":"L'Isle-sur-Serein","codes_postaux":["89440"],"code_dep":"89","code_region":"27","population":666,"surface_km2":4.41,"lat":47.5868,"lon":4.0215,"fibre_pct":95.9},{"code_insee":"89205","nom":"Jaulges","codes_postaux":["89360"],"code_dep":"89","code_region":"27","population":418,"surface_km2":12.38,"lat":47.9594,"lon":3.7898,"fibre_pct":96.5},{"code_insee":"89206","nom":"Joigny","codes_postaux":["89300"],"code_dep":"89","code_region":"27","population":9016,"surface_km2":47.19,"lat":48.0093,"lon":3.4092,"fibre_pct":89.3},{"code_insee":"89207","nom":"Jouancy","codes_postaux":["89310"],"code_dep":"89","code_region":"27","population":29,"surface_km2":5.98,"lat":47.6719,"lon":4.039,"fibre_pct":100.0},{"code_insee":"89208","nom":"Joux-la-Ville","codes_postaux":["89440"],"code_dep":"89","code_region":"27","population":1175,"surface_km2":43.7,"lat":47.6171,"lon":3.8576,"fibre_pct":96.8},{"code_insee":"89209","nom":"Jouy","codes_postaux":["89150"],"code_dep":"89","code_region":"27","population":510,"surface_km2":17.62,"lat":48.1671,"lon":2.9701,"fibre_pct":100.0},{"code_insee":"89210","nom":"Jully","codes_postaux":["89160"],"code_dep":"89","code_region":"27","population":127,"surface_km2":19.94,"lat":47.7731,"lon":4.2983,"fibre_pct":100.0},{"code_insee":"89211","nom":"Junay","codes_postaux":["89700"],"code_dep":"89","code_region":"27","population":61,"surface_km2":3.62,"lat":47.8802,"lon":3.9395,"fibre_pct":90.8},{"code_insee":"89212","nom":"Jussy","codes_postaux":["89290"],"code_dep":"89","code_region":"27","population":351,"surface_km2":7.42,"lat":47.7136,"lon":3.5715,"fibre_pct":96.4},{"code_insee":"89214","nom":"Lailly","codes_postaux":["89190"],"code_dep":"89","code_region":"27","population":199,"surface_km2":22.51,"lat":48.2637,"lon":3.5034,"fibre_pct":100.0},{"code_insee":"89215","nom":"Lain","codes_postaux":["89560"],"code_dep":"89","code_region":"27","population":172,"surface_km2":10.33,"lat":47.6128,"lon":3.3432,"fibre_pct":100.0},{"code_insee":"89216","nom":"Lainsecq","codes_postaux":["89520"],"code_dep":"89","code_region":"27","population":328,"surface_km2":25.17,"lat":47.5462,"lon":3.28,"fibre_pct":100.0},{"code_insee":"89217","nom":"Lalande","codes_postaux":["89130"],"code_dep":"89","code_region":"27","population":123,"surface_km2":10.27,"lat":47.6807,"lon":3.3088,"fibre_pct":100.0},{"code_insee":"89218","nom":"Laroche-Saint-Cydroine","codes_postaux":["89400"],"code_dep":"89","code_region":"27","population":1185,"surface_km2":9.02,"lat":47.9743,"lon":3.4682,"fibre_pct":98.8},{"code_insee":"89219","nom":"Lasson","codes_postaux":["89570"],"code_dep":"89","code_region":"27","population":141,"surface_km2":7.09,"lat":48.0641,"lon":3.8097,"fibre_pct":100.0},{"code_insee":"89220","nom":"Lavau","codes_postaux":["89170"],"code_dep":"89","code_region":"27","population":392,"surface_km2":55.34,"lat":47.6011,"lon":3.0021,"fibre_pct":100.0},{"code_insee":"89221","nom":"Leugny","codes_postaux":["89130"],"code_dep":"89","code_region":"27","population":315,"surface_km2":13.45,"lat":47.6854,"lon":3.3762,"fibre_pct":100.0},{"code_insee":"89222","nom":"Levis","codes_postaux":["89520"],"code_dep":"89","code_region":"27","population":223,"surface_km2":12.1,"lat":47.6577,"lon":3.3307,"fibre_pct":99.4},{"code_insee":"89223","nom":"Lézinnes","codes_postaux":["89160"],"code_dep":"89","code_region":"27","population":666,"surface_km2":16.16,"lat":47.8026,"lon":4.0638,"fibre_pct":98.0},{"code_insee":"89224","nom":"Lichères-près-Aigremont","codes_postaux":["89800"],"code_dep":"89","code_region":"27","population":154,"surface_km2":16.42,"lat":47.7185,"lon":3.8389,"fibre_pct":100.0},{"code_insee":"89225","nom":"Lichères-sur-Yonne","codes_postaux":["89660"],"code_dep":"89","code_region":"27","population":49,"surface_km2":14.31,"lat":47.4901,"lon":3.5955,"fibre_pct":100.0},{"code_insee":"89226","nom":"Lignorelles","codes_postaux":["89800"],"code_dep":"89","code_region":"27","population":185,"surface_km2":11.45,"lat":47.862,"lon":3.7295,"fibre_pct":100.0},{"code_insee":"89227","nom":"Ligny-le-Châtel","codes_postaux":["89144"],"code_dep":"89","code_region":"27","population":1200,"surface_km2":27.48,"lat":47.9223,"lon":3.7594,"fibre_pct":98.2},{"code_insee":"89228","nom":"Lindry","codes_postaux":["89240"],"code_dep":"89","code_region":"27","population":1326,"surface_km2":15.16,"lat":47.7998,"lon":3.425,"fibre_pct":100.0},{"code_insee":"89229","nom":"Lixy","codes_postaux":["89140"],"code_dep":"89","code_region":"27","population":480,"surface_km2":12.28,"lat":48.248,"lon":3.1104,"fibre_pct":100.0},{"code_insee":"89230","nom":"Looze","codes_postaux":["89300"],"code_dep":"89","code_region":"27","population":443,"surface_km2":6.38,"lat":48.0025,"lon":3.4415,"fibre_pct":100.0},{"code_insee":"89232","nom":"Lucy-le-Bois","codes_postaux":["89200"],"code_dep":"89","code_region":"27","population":326,"surface_km2":10.67,"lat":47.5653,"lon":3.8883,"fibre_pct":100.0},{"code_insee":"89233","nom":"Lucy-sur-Cure","codes_postaux":["89270"],"code_dep":"89","code_region":"27","population":210,"surface_km2":10.54,"lat":47.6365,"lon":3.772,"fibre_pct":100.0},{"code_insee":"89234","nom":"Lucy-sur-Yonne","codes_postaux":["89480"],"code_dep":"89","code_region":"27","population":126,"surface_km2":8.16,"lat":47.5143,"lon":3.5668,"fibre_pct":100.0},{"code_insee":"89235","nom":"Magny","codes_postaux":["89200"],"code_dep":"89","code_region":"27","population":870,"surface_km2":30.5,"lat":47.4685,"lon":3.9757,"fibre_pct":97.3},{"code_insee":"89236","nom":"Maillot","codes_postaux":["89100"],"code_dep":"89","code_region":"27","population":1268,"surface_km2":6.23,"lat":48.1629,"lon":3.314,"fibre_pct":100.0},{"code_insee":"89237","nom":"Mailly-la-Ville","codes_postaux":["89270"],"code_dep":"89","code_region":"27","population":493,"surface_km2":23.71,"lat":47.5839,"lon":3.6881,"fibre_pct":100.0},{"code_insee":"89238","nom":"Mailly-le-Château","codes_postaux":["89660"],"code_dep":"89","code_region":"27","population":514,"surface_km2":37.42,"lat":47.5788,"lon":3.5972,"fibre_pct":100.0},{"code_insee":"89239","nom":"Malay-le-Grand","codes_postaux":["89100"],"code_dep":"89","code_region":"27","population":1630,"surface_km2":22.13,"lat":48.1657,"lon":3.3511,"fibre_pct":96.1},{"code_insee":"89240","nom":"Malay-le-Petit","codes_postaux":["89100"],"code_dep":"89","code_region":"27","population":305,"surface_km2":10.91,"lat":48.1871,"lon":3.3781,"fibre_pct":93.1},{"code_insee":"89242","nom":"Maligny","codes_postaux":["89800"],"code_dep":"89","code_region":"27","population":776,"surface_km2":22.22,"lat":47.8673,"lon":3.8004,"fibre_pct":87.8},{"code_insee":"89244","nom":"Marmeaux","codes_postaux":["89420"],"code_dep":"89","code_region":"27","population":84,"surface_km2":10.87,"lat":47.5881,"lon":4.1075,"fibre_pct":100.0},{"code_insee":"89245","nom":"Marsangy","codes_postaux":["89500"],"code_dep":"89","code_region":"27","population":870,"surface_km2":14.64,"lat":48.116,"lon":3.2471,"fibre_pct":99.8},{"code_insee":"89246","nom":"Massangis","codes_postaux":["89440"],"code_dep":"89","code_region":"27","population":332,"surface_km2":41.94,"lat":47.6232,"lon":3.9775,"fibre_pct":100.0},{"code_insee":"89247","nom":"Mélisey","codes_postaux":["89430"],"code_dep":"89","code_region":"27","population":223,"surface_km2":22.26,"lat":47.9217,"lon":4.0751,"fibre_pct":100.0},{"code_insee":"89248","nom":"Menades","codes_postaux":["89450"],"code_dep":"89","code_region":"27","population":36,"surface_km2":5.73,"lat":47.4409,"lon":3.8281,"fibre_pct":100.0},{"code_insee":"89249","nom":"Mercy","codes_postaux":["89210"],"code_dep":"89","code_region":"27","population":77,"surface_km2":2.68,"lat":48.0307,"lon":3.6265,"fibre_pct":100.0},{"code_insee":"89250","nom":"Méré","codes_postaux":["89144"],"code_dep":"89","code_region":"27","population":159,"surface_km2":11.81,"lat":47.9001,"lon":3.8182,"fibre_pct":99.2},{"code_insee":"89251","nom":"Merry-la-Vallée","codes_postaux":["89110"],"code_dep":"89","code_region":"27","population":358,"surface_km2":18.36,"lat":47.7879,"lon":3.3119,"fibre_pct":100.0},{"code_insee":"89252","nom":"Merry-Sec","codes_postaux":["89560"],"code_dep":"89","code_region":"27","population":172,"surface_km2":14.2,"lat":47.6635,"lon":3.4834,"fibre_pct":100.0},{"code_insee":"89253","nom":"Merry-sur-Yonne","codes_postaux":["89660"],"code_dep":"89","code_region":"27","population":187,"surface_km2":23.75,"lat":47.5583,"lon":3.642,"fibre_pct":100.0},{"code_insee":"89254","nom":"Mézilles","codes_postaux":["89130"],"code_dep":"89","code_region":"27","population":520,"surface_km2":52.53,"lat":47.696,"lon":3.1736,"fibre_pct":99.2},{"code_insee":"89255","nom":"Michery","codes_postaux":["89140"],"code_dep":"89","code_region":"27","population":1078,"surface_km2":17.08,"lat":48.3143,"lon":3.2441,"fibre_pct":98.8},{"code_insee":"89256","nom":"Migé","codes_postaux":["89580"],"code_dep":"89","code_region":"27","population":384,"surface_km2":14.78,"lat":47.6772,"lon":3.5325,"fibre_pct":96.0},{"code_insee":"89257","nom":"Migennes","codes_postaux":["89400"],"code_dep":"89","code_region":"27","population":6688,"surface_km2":16.61,"lat":47.9715,"lon":3.5337,"fibre_pct":95.7},{"code_insee":"89259","nom":"Môlay","codes_postaux":["89310"],"code_dep":"89","code_region":"27","population":101,"surface_km2":12.06,"lat":47.7361,"lon":3.9363,"fibre_pct":100.0},{"code_insee":"89261","nom":"Molinons","codes_postaux":["89190"],"code_dep":"89","code_region":"27","population":273,"surface_km2":11.95,"lat":48.2229,"lon":3.5431,"fibre_pct":89.5},{"code_insee":"89262","nom":"Molosmes","codes_postaux":["89700"],"code_dep":"89","code_region":"27","population":155,"surface_km2":24.62,"lat":47.9021,"lon":4.0279,"fibre_pct":100.0},{"code_insee":"89263","nom":"Monéteau","codes_postaux":["89470"],"code_dep":"89","code_region":"27","population":4114,"surface_km2":18.59,"lat":47.8483,"lon":3.5916,"fibre_pct":97.2},{"code_insee":"89264","nom":"Montacher-Villegardin","codes_postaux":["89150"],"code_dep":"89","code_region":"27","population":719,"surface_km2":29.15,"lat":48.165,"lon":3.0334,"fibre_pct":100.0},{"code_insee":"89265","nom":"Montigny-la-Resle","codes_postaux":["89230"],"code_dep":"89","code_region":"27","population":572,"surface_km2":16.09,"lat":47.8614,"lon":3.6801,"fibre_pct":100.0},{"code_insee":"89266","nom":"Montillot","codes_postaux":["89660"],"code_dep":"89","code_region":"27","population":247,"surface_km2":22.72,"lat":47.5093,"lon":3.7198,"fibre_pct":87.6},{"code_insee":"89267","nom":"Montréal","codes_postaux":["89420"],"code_dep":"89","code_region":"27","population":161,"surface_km2":7.45,"lat":47.5467,"lon":4.0517,"fibre_pct":100.0},{"code_insee":"89268","nom":"Mont-Saint-Sulpice","codes_postaux":["89250"],"code_dep":"89","code_region":"27","population":781,"surface_km2":19.82,"lat":47.9522,"lon":3.6322,"fibre_pct":100.0},{"code_insee":"89270","nom":"Mouffy","codes_postaux":["89560"],"code_dep":"89","code_region":"27","population":137,"surface_km2":4.92,"lat":47.6483,"lon":3.5134,"fibre_pct":100.0},{"code_insee":"89271","nom":"Moulins-en-Tonnerrois","codes_postaux":["89310"],"code_dep":"89","code_region":"27","population":111,"surface_km2":15.25,"lat":47.7314,"lon":4.043,"fibre_pct":97.5},{"code_insee":"89272","nom":"Moulins-sur-Ouanne","codes_postaux":["89130"],"code_dep":"89","code_region":"27","population":272,"surface_km2":10.15,"lat":47.703,"lon":3.3459,"fibre_pct":100.0},{"code_insee":"89273","nom":"Moutiers-en-Puisaye","codes_postaux":["89520"],"code_dep":"89","code_region":"27","population":268,"surface_km2":31.78,"lat":47.6113,"lon":3.1726,"fibre_pct":93.1},{"code_insee":"89274","nom":"Nailly","codes_postaux":["89100"],"code_dep":"89","code_region":"27","population":1283,"surface_km2":21.57,"lat":48.2182,"lon":3.2101,"fibre_pct":100.0},{"code_insee":"89276","nom":"Neuvy-Sautour","codes_postaux":["89570"],"code_dep":"89","code_region":"27","population":873,"surface_km2":19.15,"lat":48.0443,"lon":3.7906,"fibre_pct":99.7},{"code_insee":"89277","nom":"Nitry","codes_postaux":["89310"],"code_dep":"89","code_region":"27","population":372,"surface_km2":34.67,"lat":47.6763,"lon":3.8724,"fibre_pct":100.0},{"code_insee":"89278","nom":"Noé","codes_postaux":["89320"],"code_dep":"89","code_region":"27","population":559,"surface_km2":8.62,"lat":48.1512,"lon":3.3943,"fibre_pct":99.7},{"code_insee":"89279","nom":"Noyers","codes_postaux":["89310"],"code_dep":"89","code_region":"27","population":587,"surface_km2":35.4,"lat":47.703,"lon":3.9714,"fibre_pct":98.3},{"code_insee":"89280","nom":"Nuits","codes_postaux":["89390"],"code_dep":"89","code_region":"27","population":362,"surface_km2":11.6,"lat":47.7224,"lon":4.1888,"fibre_pct":100.0},{"code_insee":"89281","nom":"Les Ormes","codes_postaux":["89110"],"code_dep":"89","code_region":"27","population":281,"surface_km2":8.65,"lat":47.8459,"lon":3.2598,"fibre_pct":100.0},{"code_insee":"89282","nom":"Ormoy","codes_postaux":["89400"],"code_dep":"89","code_region":"27","population":638,"surface_km2":13.44,"lat":47.9519,"lon":3.5751,"fibre_pct":100.0},{"code_insee":"89283","nom":"Ouanne","codes_postaux":["89560"],"code_dep":"89","code_region":"27","population":578,"surface_km2":38.74,"lat":47.6592,"lon":3.4163,"fibre_pct":96.9},{"code_insee":"89284","nom":"Pacy-sur-Armançon","codes_postaux":["89160"],"code_dep":"89","code_region":"27","population":178,"surface_km2":13.56,"lat":47.7699,"lon":4.0815,"fibre_pct":100.0},{"code_insee":"89285","nom":"Pailly","codes_postaux":["89140"],"code_dep":"89","code_region":"27","population":279,"surface_km2":14.73,"lat":48.3461,"lon":3.3379,"fibre_pct":100.0},{"code_insee":"89286","nom":"Parly","codes_postaux":["89240"],"code_dep":"89","code_region":"27","population":817,"surface_km2":20.87,"lat":47.7579,"lon":3.3408,"fibre_pct":99.4},{"code_insee":"89287","nom":"Paron","codes_postaux":["89100"],"code_dep":"89","code_region":"27","population":4834,"surface_km2":10.51,"lat":48.1857,"lon":3.2355,"fibre_pct":99.7},{"code_insee":"89288","nom":"Paroy-en-Othe","codes_postaux":["89210"],"code_dep":"89","code_region":"27","population":150,"surface_km2":5.31,"lat":48.0298,"lon":3.5718,"fibre_pct":100.0},{"code_insee":"89289","nom":"Paroy-sur-Tholon","codes_postaux":["89300"],"code_dep":"89","code_region":"27","population":306,"surface_km2":4.29,"lat":47.9537,"lon":3.3734,"fibre_pct":100.0},{"code_insee":"89290","nom":"Pasilly","codes_postaux":["89310"],"code_dep":"89","code_region":"27","population":54,"surface_km2":10.07,"lat":47.7018,"lon":4.0836,"fibre_pct":100.0},{"code_insee":"89291","nom":"Passy","codes_postaux":["89510"],"code_dep":"89","code_region":"27","population":324,"surface_km2":5.67,"lat":48.1142,"lon":3.3043,"fibre_pct":99.5},{"code_insee":"89292","nom":"Percey","codes_postaux":["89360"],"code_dep":"89","code_region":"27","population":248,"surface_km2":9.53,"lat":47.9691,"lon":3.8355,"fibre_pct":87.9},{"code_insee":"89295","nom":"Perrigny","codes_postaux":["89000"],"code_dep":"89","code_region":"27","population":1247,"surface_km2":12.81,"lat":47.8265,"lon":3.5297,"fibre_pct":98.8},{"code_insee":"89296","nom":"Perrigny-sur-Armançon","codes_postaux":["89390"],"code_dep":"89","code_region":"27","population":123,"surface_km2":14.04,"lat":47.689,"lon":4.2224,"fibre_pct":100.0},{"code_insee":"89297","nom":"Pierre-Perthuis","codes_postaux":["89450"],"code_dep":"89","code_region":"27","population":103,"surface_km2":7.47,"lat":47.4324,"lon":3.7897,"fibre_pct":100.0},{"code_insee":"89298","nom":"Piffonds","codes_postaux":["89330"],"code_dep":"89","code_region":"27","population":582,"surface_km2":24.6,"lat":48.0563,"lon":3.1444,"fibre_pct":97.9},{"code_insee":"89299","nom":"Pimelles","codes_postaux":["89740"],"code_dep":"89","code_region":"27","population":61,"surface_km2":9.96,"lat":47.842,"lon":4.1724,"fibre_pct":100.0},{"code_insee":"89300","nom":"Pisy","codes_postaux":["89420"],"code_dep":"89","code_region":"27","population":80,"surface_km2":12.23,"lat":47.5756,"lon":4.1421,"fibre_pct":100.0},{"code_insee":"89302","nom":"Plessis-Saint-Jean","codes_postaux":["89140"],"code_dep":"89","code_region":"27","population":217,"surface_km2":11.1,"lat":48.3422,"lon":3.303,"fibre_pct":100.0},{"code_insee":"89303","nom":"Poilly-sur-Serein","codes_postaux":["89310"],"code_dep":"89","code_region":"27","population":240,"surface_km2":21.26,"lat":47.7636,"lon":3.8898,"fibre_pct":100.0},{"code_insee":"89304","nom":"Poilly-sur-Tholon","codes_postaux":["89110"],"code_dep":"89","code_region":"27","population":666,"surface_km2":19.65,"lat":47.8516,"lon":3.4018,"fibre_pct":98.1},{"code_insee":"89306","nom":"Pontaubert","codes_postaux":["89200"],"code_dep":"89","code_region":"27","population":355,"surface_km2":3.86,"lat":47.4919,"lon":3.87,"fibre_pct":99.6},{"code_insee":"89307","nom":"Pontigny","codes_postaux":["89230"],"code_dep":"89","code_region":"27","population":752,"surface_km2":12.02,"lat":47.9038,"lon":3.7114,"fibre_pct":100.0},{"code_insee":"89308","nom":"Pont-sur-Vanne","codes_postaux":["89190"],"code_dep":"89","code_region":"27","population":216,"surface_km2":10.61,"lat":48.1974,"lon":3.4403,"fibre_pct":100.0},{"code_insee":"89309","nom":"Pont-sur-Yonne","codes_postaux":["89140"],"code_dep":"89","code_region":"27","population":3391,"surface_km2":13.96,"lat":48.2807,"lon":3.1885,"fibre_pct":98.3},{"code_insee":"89310","nom":"La Postolle","codes_postaux":["89260"],"code_dep":"89","code_region":"27","population":159,"surface_km2":11.66,"lat":48.288,"lon":3.4534,"fibre_pct":99.1},{"code_insee":"89311","nom":"Pourrain","codes_postaux":["89240"],"code_dep":"89","code_region":"27","population":1270,"surface_km2":23.91,"lat":47.7689,"lon":3.4162,"fibre_pct":99.9},{"code_insee":"89312","nom":"Précy-le-Sec","codes_postaux":["89440"],"code_dep":"89","code_region":"27","population":233,"surface_km2":15.73,"lat":47.5905,"lon":3.8263,"fibre_pct":99.6},{"code_insee":"89313","nom":"Précy-sur-Vrin","codes_postaux":["89116"],"code_dep":"89","code_region":"27","population":427,"surface_km2":21.55,"lat":47.9746,"lon":3.229,"fibre_pct":100.0},{"code_insee":"89314","nom":"Prégilbert","codes_postaux":["89460"],"code_dep":"89","code_region":"27","population":180,"surface_km2":6.7,"lat":47.638,"lon":3.6843,"fibre_pct":100.0},{"code_insee":"89315","nom":"Préhy","codes_postaux":["89800"],"code_dep":"89","code_region":"27","population":157,"surface_km2":14.31,"lat":47.7531,"lon":3.7857,"fibre_pct":100.0},{"code_insee":"89316","nom":"Provency","codes_postaux":["89200"],"code_dep":"89","code_region":"27","population":250,"surface_km2":12.03,"lat":47.5408,"lon":3.9546,"fibre_pct":100.0},{"code_insee":"89318","nom":"Quarré-les-Tombes","codes_postaux":["89630"],"code_dep":"89","code_region":"27","population":619,"surface_km2":46.62,"lat":47.3598,"lon":4.0186,"fibre_pct":100.0},{"code_insee":"89319","nom":"Quenne","codes_postaux":["89290"],"code_dep":"89","code_region":"27","population":479,"surface_km2":8.77,"lat":47.7781,"lon":3.6564,"fibre_pct":100.0},{"code_insee":"89320","nom":"Quincerot","codes_postaux":["89740"],"code_dep":"89","code_region":"27","population":46,"surface_km2":9.95,"lat":47.9415,"lon":4.1639,"fibre_pct":100.0},{"code_insee":"89321","nom":"Ravières","codes_postaux":["89390"],"code_dep":"89","code_region":"27","population":735,"surface_km2":22.11,"lat":47.7384,"lon":4.2592,"fibre_pct":98.0},{"code_insee":"89323","nom":"Roffey","codes_postaux":["89700"],"code_dep":"89","code_region":"27","population":148,"surface_km2":8.67,"lat":47.91,"lon":3.9122,"fibre_pct":1.8},{"code_insee":"89324","nom":"Rogny-les-Sept-Écluses","codes_postaux":["89220"],"code_dep":"89","code_region":"27","population":700,"surface_km2":32.77,"lat":47.7342,"lon":2.8928,"fibre_pct":100.0},{"code_insee":"89325","nom":"Ronchères","codes_postaux":["89170"],"code_dep":"89","code_region":"27","population":86,"surface_km2":11.34,"lat":47.6592,"lon":3.122,"fibre_pct":94.0},{"code_insee":"89326","nom":"Rosoy","codes_postaux":["89100"],"code_dep":"89","code_region":"27","population":1072,"surface_km2":6.01,"lat":48.1485,"lon":3.314,"fibre_pct":97.9},{"code_insee":"89327","nom":"Rousson","codes_postaux":["89500"],"code_dep":"89","code_region":"27","population":386,"surface_km2":5.71,"lat":48.0905,"lon":3.2627,"fibre_pct":100.0},{"code_insee":"89328","nom":"Rouvray","codes_postaux":["89230"],"code_dep":"89","code_region":"27","population":368,"surface_km2":7.66,"lat":47.8974,"lon":3.6685,"fibre_pct":95.3},{"code_insee":"89329","nom":"Rugny","codes_postaux":["89430"],"code_dep":"89","code_region":"27","population":78,"surface_km2":13.93,"lat":47.8976,"lon":4.1459,"fibre_pct":98.3},{"code_insee":"89331","nom":"Sainpuits","codes_postaux":["89520"],"code_dep":"89","code_region":"27","population":280,"surface_km2":22.95,"lat":47.5123,"lon":3.2507,"fibre_pct":98.9},{"code_insee":"89332","nom":"Saint-Agnan","codes_postaux":["89340"],"code_dep":"89","code_region":"27","population":913,"surface_km2":13.24,"lat":48.3024,"lon":3.0557,"fibre_pct":87.5},{"code_insee":"89333","nom":"Saint-André-en-Terre-Plaine","codes_postaux":["89420"],"code_dep":"89","code_region":"27","population":164,"surface_km2":14.3,"lat":47.4836,"lon":4.0582,"fibre_pct":100.0},{"code_insee":"89334","nom":"Le Val d'Ocre","codes_postaux":["89110"],"code_dep":"89","code_region":"27","population":563,"surface_km2":29.6,"lat":47.8243,"lon":3.296,"fibre_pct":98.3},{"code_insee":"89335","nom":"Saint-Aubin-sur-Yonne","codes_postaux":["89300"],"code_dep":"89","code_region":"27","population":434,"surface_km2":8.9,"lat":47.9964,"lon":3.3626,"fibre_pct":100.0},{"code_insee":"89336","nom":"Saint-Brancher","codes_postaux":["89630"],"code_dep":"89","code_region":"27","population":273,"surface_km2":22.23,"lat":47.4327,"lon":3.9907,"fibre_pct":100.0},{"code_insee":"89337","nom":"Saint-Bris-le-Vineux","codes_postaux":["89530"],"code_dep":"89","code_region":"27","population":1024,"surface_km2":31.4,"lat":47.7428,"lon":3.6606,"fibre_pct":99.7},{"code_insee":"89338","nom":"Saint-Clément","codes_postaux":["89100"],"code_dep":"89","code_region":"27","population":2849,"surface_km2":8.47,"lat":48.2234,"lon":3.3183,"fibre_pct":89.2},{"code_insee":"89339","nom":"Sainte-Colombe","codes_postaux":["89440"],"code_dep":"89","code_region":"27","population":184,"surface_km2":18.52,"lat":47.5748,"lon":3.9521,"fibre_pct":100.0},{"code_insee":"89341","nom":"Saint-Cyr-les-Colons","codes_postaux":["89800"],"code_dep":"89","code_region":"27","population":446,"surface_km2":34.5,"lat":47.7294,"lon":3.7674,"fibre_pct":100.0},{"code_insee":"89342","nom":"Saint-Denis-lès-Sens","codes_postaux":["89100"],"code_dep":"89","code_region":"27","population":628,"surface_km2":6.82,"lat":48.2321,"lon":3.2643,"fibre_pct":95.4},{"code_insee":"89344","nom":"Saint-Fargeau","codes_postaux":["89170"],"code_dep":"89","code_region":"27","population":1439,"surface_km2":69.08,"lat":47.6481,"lon":3.0814,"fibre_pct":90.5},{"code_insee":"89345","nom":"Saint-Florentin","codes_postaux":["89600"],"code_dep":"89","code_region":"27","population":4164,"surface_km2":28.49,"lat":47.9942,"lon":3.7125,"fibre_pct":90.8},{"code_insee":"89346","nom":"Saint-Georges-sur-Baulche","codes_postaux":["89000"],"code_dep":"89","code_region":"27","population":3151,"surface_km2":9.69,"lat":47.8028,"lon":3.5163,"fibre_pct":97.0},{"code_insee":"89347","nom":"Saint-Germain-des-Champs","codes_postaux":["89630"],"code_dep":"89","code_region":"27","population":342,"surface_km2":36.45,"lat":47.4191,"lon":3.9247,"fibre_pct":100.0},{"code_insee":"89348","nom":"Saint-Julien-du-Sault","codes_postaux":["89330"],"code_dep":"89","code_region":"27","population":2173,"surface_km2":24.22,"lat":48.0289,"lon":3.2761,"fibre_pct":97.9},{"code_insee":"89349","nom":"Saint-Léger-Vauban","codes_postaux":["89630"],"code_dep":"89","code_region":"27","population":356,"surface_km2":33.87,"lat":47.3726,"lon":4.0605,"fibre_pct":100.0},{"code_insee":"89350","nom":"Saint-Loup-d'Ordon","codes_postaux":["89330"],"code_dep":"89","code_region":"27","population":242,"surface_km2":18.04,"lat":48.0104,"lon":3.1416,"fibre_pct":100.0},{"code_insee":"89351","nom":"Sainte-Magnance","codes_postaux":["89420"],"code_dep":"89","code_region":"27","population":477,"surface_km2":19.44,"lat":47.4542,"lon":4.079,"fibre_pct":99.7},{"code_insee":"89352","nom":"Saint-Martin-des-Champs","codes_postaux":["89170"],"code_dep":"89","code_region":"27","population":258,"surface_km2":34.32,"lat":47.6571,"lon":3.0283,"fibre_pct":100.0},{"code_insee":"89353","nom":"Saint-Martin-d'Ordon","codes_postaux":["89330"],"code_dep":"89","code_region":"27","population":419,"surface_km2":10.2,"lat":48.0252,"lon":3.1644,"fibre_pct":100.0},{"code_insee":"89354","nom":"Saint-Martin-du-Tertre","codes_postaux":["89100"],"code_dep":"89","code_region":"27","population":1536,"surface_km2":6.9,"lat":48.2054,"lon":3.2353,"fibre_pct":100.0},{"code_insee":"89355","nom":"Saint-Martin-sur-Armançon","codes_postaux":["89700"],"code_dep":"89","code_region":"27","population":138,"surface_km2":14.21,"lat":47.8764,"lon":4.0667,"fibre_pct":97.6},{"code_insee":"89359","nom":"Saint-Maurice-aux-Riches-Hommes","codes_postaux":["89190"],"code_dep":"89","code_region":"27","population":407,"surface_km2":33.16,"lat":48.3301,"lon":3.5008,"fibre_pct":100.0},{"code_insee":"89360","nom":"Saint-Maurice-le-Vieil","codes_postaux":["89110"],"code_dep":"89","code_region":"27","population":370,"surface_km2":4.92,"lat":47.8215,"lon":3.3718,"fibre_pct":100.0},{"code_insee":"89361","nom":"Saint-Maurice-Thizouaille","codes_postaux":["89110"],"code_dep":"89","code_region":"27","population":256,"surface_km2":1.96,"lat":47.8331,"lon":3.3626,"fibre_pct":100.0},{"code_insee":"89362","nom":"Saint-Moré","codes_postaux":["89270"],"code_dep":"89","code_region":"27","population":176,"surface_km2":12.11,"lat":47.5746,"lon":3.7748,"fibre_pct":100.0},{"code_insee":"89363","nom":"Sainte-Pallaye","codes_postaux":["89460"],"code_dep":"89","code_region":"27","population":97,"surface_km2":4.09,"lat":47.6542,"lon":3.6807,"fibre_pct":100.0},{"code_insee":"89364","nom":"Saint-Père","codes_postaux":["89450"],"code_dep":"89","code_region":"27","population":289,"surface_km2":15.72,"lat":47.465,"lon":3.7738,"fibre_pct":100.0},{"code_insee":"89365","nom":"Saint-Privé","codes_postaux":["89220"],"code_dep":"89","code_region":"27","population":515,"surface_km2":41.5,"lat":47.6865,"lon":3.0046,"fibre_pct":98.3},{"code_insee":"89367","nom":"Saints-en-Puisaye","codes_postaux":["89520"],"code_dep":"89","code_region":"27","population":548,"surface_km2":27.68,"lat":47.6241,"lon":3.2732,"fibre_pct":100.0},{"code_insee":"89368","nom":"Saint-Sauveur-en-Puisaye","codes_postaux":["89520"],"code_dep":"89","code_region":"27","population":905,"surface_km2":30.71,"lat":47.6358,"lon":3.196,"fibre_pct":97.4},{"code_insee":"89369","nom":"Saint-Sérotin","codes_postaux":["89140"],"code_dep":"89","code_region":"27","population":596,"surface_km2":14.15,"lat":48.2486,"lon":3.162,"fibre_pct":94.2},{"code_insee":"89370","nom":"Saint-Valérien","codes_postaux":["89150"],"code_dep":"89","code_region":"27","population":1823,"surface_km2":22.18,"lat":48.1809,"lon":3.0987,"fibre_pct":99.5},{"code_insee":"89371","nom":"Sainte-Vertu","codes_postaux":["89310"],"code_dep":"89","code_region":"27","population":66,"surface_km2":14.49,"lat":47.734,"lon":3.9058,"fibre_pct":100.0},{"code_insee":"89373","nom":"Saligny","codes_postaux":["89100"],"code_dep":"89","code_region":"27","population":647,"surface_km2":9.92,"lat":48.2169,"lon":3.351,"fibre_pct":91.4},{"code_insee":"89374","nom":"Sambourg","codes_postaux":["89160"],"code_dep":"89","code_region":"27","population":63,"surface_km2":12.65,"lat":47.7731,"lon":4.0111,"fibre_pct":100.0},{"code_insee":"89375","nom":"Santigny","codes_postaux":["89420"],"code_dep":"89","code_region":"27","population":83,"surface_km2":9.44,"lat":47.5833,"lon":4.1183,"fibre_pct":100.0},{"code_insee":"89376","nom":"Sarry","codes_postaux":["89310"],"code_dep":"89","code_region":"27","population":133,"surface_km2":25.66,"lat":47.6646,"lon":4.075,"fibre_pct":100.0},{"code_insee":"89377","nom":"Sauvigny-le-Beuréal","codes_postaux":["89420"],"code_dep":"89","code_region":"27","population":67,"surface_km2":4.78,"lat":47.4787,"lon":4.1086,"fibre_pct":100.0},{"code_insee":"89378","nom":"Sauvigny-le-Bois","codes_postaux":["89200"],"code_dep":"89","code_region":"27","population":742,"surface_km2":15.42,"lat":47.5125,"lon":3.9618,"fibre_pct":99.8},{"code_insee":"89379","nom":"Savigny-en-Terre-Plaine","codes_postaux":["89420"],"code_dep":"89","code_region":"27","population":137,"surface_km2":8.87,"lat":47.4903,"lon":4.0857,"fibre_pct":100.0},{"code_insee":"89380","nom":"Savigny-sur-Clairis","codes_postaux":["89150"],"code_dep":"89","code_region":"27","population":450,"surface_km2":16.44,"lat":48.0774,"lon":3.0843,"fibre_pct":95.9},{"code_insee":"89382","nom":"Seignelay","codes_postaux":["89250"],"code_dep":"89","code_region":"27","population":1476,"surface_km2":13.6,"lat":47.8998,"lon":3.5944,"fibre_pct":97.0},{"code_insee":"89383","nom":"Sementron","codes_postaux":["89560"],"code_dep":"89","code_region":"27","population":107,"surface_km2":11.77,"lat":47.6232,"lon":3.3598,"fibre_pct":100.0},{"code_insee":"89384","nom":"Senan","codes_postaux":["89710"],"code_dep":"89","code_region":"27","population":672,"surface_km2":17.93,"lat":47.9189,"lon":3.3444,"fibre_pct":99.8},{"code_insee":"89385","nom":"Sennevoy-le-Bas","codes_postaux":["89160"],"code_dep":"89","code_region":"27","population":75,"surface_km2":8.74,"lat":47.8012,"lon":4.3095,"fibre_pct":100.0},{"code_insee":"89386","nom":"Sennevoy-le-Haut","codes_postaux":["89160"],"code_dep":"89","code_region":"27","population":121,"surface_km2":8.89,"lat":47.814,"lon":4.2639,"fibre_pct":100.0},{"code_insee":"89387","nom":"Sens","codes_postaux":["89100"],"code_dep":"89","code_region":"27","population":27106,"surface_km2":21.83,"lat":48.1949,"lon":3.3039,"fibre_pct":93.7},{"code_insee":"89388","nom":"Sépeaux-Saint Romain","codes_postaux":["89116"],"code_dep":"89","code_region":"27","population":506,"surface_km2":30.54,"lat":47.9346,"lon":3.2402,"fibre_pct":100.0},{"code_insee":"89390","nom":"Serbonnes","codes_postaux":["89140"],"code_dep":"89","code_region":"27","population":716,"surface_km2":9.9,"lat":48.3304,"lon":3.2058,"fibre_pct":96.8},{"code_insee":"89391","nom":"Sergines","codes_postaux":["89140"],"code_dep":"89","code_region":"27","population":1223,"surface_km2":18.89,"lat":48.3459,"lon":3.2497,"fibre_pct":99.2},{"code_insee":"89392","nom":"Sermizelles","codes_postaux":["89200"],"code_dep":"89","code_region":"27","population":248,"surface_km2":7.16,"lat":47.5405,"lon":3.7972,"fibre_pct":100.0},{"code_insee":"89393","nom":"Serrigny","codes_postaux":["89700"],"code_dep":"89","code_region":"27","population":112,"surface_km2":7.44,"lat":47.8317,"lon":3.914,"fibre_pct":98.9},{"code_insee":"89394","nom":"Sery","codes_postaux":["89270"],"code_dep":"89","code_region":"27","population":79,"surface_km2":4.34,"lat":47.6192,"lon":3.6891,"fibre_pct":100.0},{"code_insee":"89395","nom":"Les Sièges","codes_postaux":["89190"],"code_dep":"89","code_region":"27","population":439,"surface_km2":23.71,"lat":48.1729,"lon":3.5356,"fibre_pct":100.0},{"code_insee":"89397","nom":"Sommecaise","codes_postaux":["89110"],"code_dep":"89","code_region":"27","population":388,"surface_km2":15.68,"lat":47.838,"lon":3.2205,"fibre_pct":99.7},{"code_insee":"89398","nom":"Sormery","codes_postaux":["89570"],"code_dep":"89","code_region":"27","population":374,"surface_km2":31.12,"lat":48.1057,"lon":3.7579,"fibre_pct":100.0},{"code_insee":"89399","nom":"Soucy","codes_postaux":["89100"],"code_dep":"89","code_region":"27","population":1536,"surface_km2":21.5,"lat":48.2539,"lon":3.3253,"fibre_pct":98.2},{"code_insee":"89400","nom":"Sougères-en-Puisaye","codes_postaux":["89520"],"code_dep":"89","code_region":"27","population":289,"surface_km2":26.82,"lat":47.567,"lon":3.3481,"fibre_pct":100.0},{"code_insee":"89402","nom":"Soumaintrain","codes_postaux":["89570"],"code_dep":"89","code_region":"27","population":211,"surface_km2":10.79,"lat":48.0202,"lon":3.8419,"fibre_pct":100.0},{"code_insee":"89403","nom":"Stigny","codes_postaux":["89160"],"code_dep":"89","code_region":"27","population":89,"surface_km2":18.05,"lat":47.7804,"lon":4.2383,"fibre_pct":100.0},{"code_insee":"89404","nom":"Subligny","codes_postaux":["89100"],"code_dep":"89","code_region":"27","population":508,"surface_km2":7.87,"lat":48.1679,"lon":3.1957,"fibre_pct":98.6},{"code_insee":"89405","nom":"Les Hauts de Forterre","codes_postaux":["89560"],"code_dep":"89","code_region":"27","population":462,"surface_km2":33.12,"lat":47.6146,"lon":3.4304,"fibre_pct":99.8},{"code_insee":"89406","nom":"Talcy","codes_postaux":["89420"],"code_dep":"89","code_region":"27","population":83,"surface_km2":6.9,"lat":47.5783,"lon":4.0757,"fibre_pct":100.0},{"code_insee":"89407","nom":"Tanlay","codes_postaux":["89430"],"code_dep":"89","code_region":"27","population":897,"surface_km2":38.63,"lat":47.8482,"lon":4.0831,"fibre_pct":99.7},{"code_insee":"89408","nom":"Tannerre-en-Puisaye","codes_postaux":["89350"],"code_dep":"89","code_region":"27","population":269,"surface_km2":29.12,"lat":47.7394,"lon":3.1468,"fibre_pct":100.0},{"code_insee":"89409","nom":"Tharoiseau","codes_postaux":["89450"],"code_dep":"89","code_region":"27","population":66,"surface_km2":3.46,"lat":47.4645,"lon":3.8171,"fibre_pct":100.0},{"code_insee":"89410","nom":"Tharot","codes_postaux":["89200"],"code_dep":"89","code_region":"27","population":113,"surface_km2":2.41,"lat":47.5347,"lon":3.8638,"fibre_pct":94.8},{"code_insee":"89411","nom":"Les Vallées de la Vanne","codes_postaux":["89190","89320"],"code_dep":"89","code_region":"27","population":1021,"surface_km2":33.85,"lat":48.1767,"lon":3.4641,"fibre_pct":100.0},{"code_insee":"89412","nom":"Thizy","codes_postaux":["89420"],"code_dep":"89","code_region":"27","population":186,"surface_km2":5.56,"lat":47.5827,"lon":4.0584,"fibre_pct":100.0},{"code_insee":"89413","nom":"Thorey","codes_postaux":["89430"],"code_dep":"89","code_region":"27","population":44,"surface_km2":6.98,"lat":47.8983,"lon":4.114,"fibre_pct":0.0},{"code_insee":"89414","nom":"Thorigny-sur-Oreuse","codes_postaux":["89260"],"code_dep":"89","code_region":"27","population":1396,"surface_km2":49.68,"lat":48.2986,"lon":3.3831,"fibre_pct":96.5},{"code_insee":"89415","nom":"Thory","codes_postaux":["89200"],"code_dep":"89","code_region":"27","population":191,"surface_km2":8.28,"lat":47.5701,"lon":3.9168,"fibre_pct":100.0},{"code_insee":"89416","nom":"Thury","codes_postaux":["89520"],"code_dep":"89","code_region":"27","population":418,"surface_km2":23.3,"lat":47.5895,"lon":3.3029,"fibre_pct":100.0},{"code_insee":"89417","nom":"Tissey","codes_postaux":["89700"],"code_dep":"89","code_region":"27","population":108,"surface_km2":6.0,"lat":47.8595,"lon":3.897,"fibre_pct":98.8},{"code_insee":"89418","nom":"Tonnerre","codes_postaux":["89700"],"code_dep":"89","code_region":"27","population":4261,"surface_km2":58.6,"lat":47.8403,"lon":3.9771,"fibre_pct":98.2},{"code_insee":"89419","nom":"Toucy","codes_postaux":["89130"],"code_dep":"89","code_region":"27","population":2571,"surface_km2":35.23,"lat":47.7328,"lon":3.2882,"fibre_pct":98.4},{"code_insee":"89420","nom":"Treigny-Perreuse-Sainte-Colombe","codes_postaux":["89520"],"code_dep":"89","code_region":"27","population":1083,"surface_km2":67.73,"lat":47.5591,"lon":3.1888,"fibre_pct":100.0},{"code_insee":"89422","nom":"Trichey","codes_postaux":["89430"],"code_dep":"89","code_region":"27","population":42,"surface_km2":6.62,"lat":47.925,"lon":4.1422,"fibre_pct":100.0},{"code_insee":"89423","nom":"Tronchoy","codes_postaux":["89700"],"code_dep":"89","code_region":"27","population":119,"surface_km2":6.59,"lat":47.9234,"lon":3.9497,"fibre_pct":100.0},{"code_insee":"89424","nom":"Trucy-sur-Yonne","codes_postaux":["89460"],"code_dep":"89","code_region":"27","population":132,"surface_km2":8.46,"lat":47.6296,"lon":3.6472,"fibre_pct":96.7},{"code_insee":"89425","nom":"Turny","codes_postaux":["89570"],"code_dep":"89","code_region":"27","population":645,"surface_km2":25.17,"lat":48.0651,"lon":3.7237,"fibre_pct":100.0},{"code_insee":"89426","nom":"Val-de-Mercy","codes_postaux":["89580"],"code_dep":"89","code_region":"27","population":363,"surface_km2":13.44,"lat":47.6696,"lon":3.5913,"fibre_pct":95.9},{"code_insee":"89427","nom":"Vallan","codes_postaux":["89580"],"code_dep":"89","code_region":"27","population":674,"surface_km2":11.84,"lat":47.7466,"lon":3.5411,"fibre_pct":90.2},{"code_insee":"89428","nom":"Vallery","codes_postaux":["89150"],"code_dep":"89","code_region":"27","population":575,"surface_km2":12.43,"lat":48.2334,"lon":3.0476,"fibre_pct":100.0},{"code_insee":"89430","nom":"Varennes","codes_postaux":["89144"],"code_dep":"89","code_region":"27","population":331,"surface_km2":10.16,"lat":47.9139,"lon":3.7848,"fibre_pct":100.0},{"code_insee":"89431","nom":"Vassy-sous-Pisy","codes_postaux":["89420"],"code_dep":"89","code_region":"27","population":61,"surface_km2":7.5,"lat":47.5727,"lon":4.1711,"fibre_pct":100.0},{"code_insee":"89432","nom":"Vaudeurs","codes_postaux":["89320"],"code_dep":"89","code_region":"27","population":469,"surface_km2":27.64,"lat":48.1251,"lon":3.549,"fibre_pct":98.6},{"code_insee":"89433","nom":"Vault-de-Lugny","codes_postaux":["89200"],"code_dep":"89","code_region":"27","population":271,"surface_km2":15.29,"lat":47.5004,"lon":3.8441,"fibre_pct":100.0},{"code_insee":"89434","nom":"Vaumort","codes_postaux":["89320"],"code_dep":"89","code_region":"27","population":342,"surface_km2":14.64,"lat":48.1369,"lon":3.4412,"fibre_pct":100.0},{"code_insee":"89436","nom":"Venizy","codes_postaux":["89210"],"code_dep":"89","code_region":"27","population":824,"surface_km2":44.21,"lat":48.0697,"lon":3.6752,"fibre_pct":99.8},{"code_insee":"89437","nom":"Venouse","codes_postaux":["89230"],"code_dep":"89","code_region":"27","population":288,"surface_km2":8.04,"lat":47.9001,"lon":3.6916,"fibre_pct":99.4},{"code_insee":"89438","nom":"Venoy","codes_postaux":["89290"],"code_dep":"89","code_region":"27","population":1741,"surface_km2":23.1,"lat":47.8078,"lon":3.6568,"fibre_pct":90.6},{"code_insee":"89439","nom":"Vergigny","codes_postaux":["89600"],"code_dep":"89","code_region":"27","population":1486,"surface_km2":33.59,"lat":47.9519,"lon":3.6957,"fibre_pct":100.0},{"code_insee":"89440","nom":"Verlin","codes_postaux":["89330"],"code_dep":"89","code_region":"27","population":406,"surface_km2":14.15,"lat":48.0184,"lon":3.227,"fibre_pct":100.0},{"code_insee":"89441","nom":"Vermenton","codes_postaux":["89270"],"code_dep":"89","code_region":"27","population":1303,"surface_km2":53.39,"lat":47.6696,"lon":3.7903,"fibre_pct":99.9},{"code_insee":"89442","nom":"Vernoy","codes_postaux":["89150"],"code_dep":"89","code_region":"27","population":244,"surface_km2":14.47,"lat":48.0946,"lon":3.1265,"fibre_pct":100.0},{"code_insee":"89443","nom":"Véron","codes_postaux":["89510"],"code_dep":"89","code_region":"27","population":1849,"surface_km2":15.87,"lat":48.1275,"lon":3.333,"fibre_pct":98.9},{"code_insee":"89445","nom":"Vézannes","codes_postaux":["89700"],"code_dep":"89","code_region":"27","population":52,"surface_km2":9.06,"lat":47.8714,"lon":3.885,"fibre_pct":100.0},{"code_insee":"89446","nom":"Vézelay","codes_postaux":["89450"],"code_dep":"89","code_region":"27","population":476,"surface_km2":22.02,"lat":47.4505,"lon":3.7145,"fibre_pct":100.0},{"code_insee":"89447","nom":"Vézinnes","codes_postaux":["89700"],"code_dep":"89","code_region":"27","population":158,"surface_km2":6.26,"lat":47.894,"lon":3.9342,"fibre_pct":100.0},{"code_insee":"89449","nom":"Villeblevin","codes_postaux":["89340"],"code_dep":"89","code_region":"27","population":1795,"surface_km2":7.38,"lat":48.3313,"lon":3.0826,"fibre_pct":99.4},{"code_insee":"89450","nom":"Villebougis","codes_postaux":["89150"],"code_dep":"89","code_region":"27","population":632,"surface_km2":11.79,"lat":48.2073,"lon":3.1556,"fibre_pct":99.7},{"code_insee":"89451","nom":"Villechétive","codes_postaux":["89320"],"code_dep":"89","code_region":"27","population":260,"surface_km2":9.6,"lat":48.0953,"lon":3.5263,"fibre_pct":100.0},{"code_insee":"89452","nom":"Villecien","codes_postaux":["89300"],"code_dep":"89","code_region":"27","population":335,"surface_km2":7.67,"lat":48.015,"lon":3.3394,"fibre_pct":98.5},{"code_insee":"89453","nom":"Villefargeau","codes_postaux":["89240"],"code_dep":"89","code_region":"27","population":1098,"surface_km2":14.04,"lat":47.7915,"lon":3.4936,"fibre_pct":99.0},{"code_insee":"89456","nom":"Villemanoche","codes_postaux":["89140"],"code_dep":"89","code_region":"27","population":667,"surface_km2":14.58,"lat":48.2975,"lon":3.1655,"fibre_pct":100.0},{"code_insee":"89458","nom":"Villenavotte","codes_postaux":["89140"],"code_dep":"89","code_region":"27","population":162,"surface_km2":2.22,"lat":48.2428,"lon":3.2305,"fibre_pct":100.0},{"code_insee":"89459","nom":"Villeneuve-la-Dondagre","codes_postaux":["89150"],"code_dep":"89","code_region":"27","population":334,"surface_km2":14.59,"lat":48.1393,"lon":3.1437,"fibre_pct":98.1},{"code_insee":"89460","nom":"Villeneuve-la-Guyard","codes_postaux":["89340"],"code_dep":"89","code_region":"27","population":3455,"surface_km2":16.94,"lat":48.331,"lon":3.0578,"fibre_pct":98.2},{"code_insee":"89461","nom":"Villeneuve-l'Archevêque","codes_postaux":["89190"],"code_dep":"89","code_region":"27","population":1112,"surface_km2":7.0,"lat":48.2334,"lon":3.5646,"fibre_pct":98.9},{"code_insee":"89462","nom":"Villeneuve-les-Genêts","codes_postaux":["89350"],"code_dep":"89","code_region":"27","population":312,"surface_km2":25.03,"lat":47.7393,"lon":3.0707,"fibre_pct":100.0},{"code_insee":"89463","nom":"Villeneuve-Saint-Salves","codes_postaux":["89230"],"code_dep":"89","code_region":"27","population":256,"surface_km2":7.1,"lat":47.8503,"lon":3.6421,"fibre_pct":100.0},{"code_insee":"89464","nom":"Villeneuve-sur-Yonne","codes_postaux":["89500"],"code_dep":"89","code_region":"27","population":5135,"surface_km2":40.35,"lat":48.0829,"lon":3.3137,"fibre_pct":96.0},{"code_insee":"89465","nom":"Villeperrot","codes_postaux":["89140"],"code_dep":"89","code_region":"27","population":282,"surface_km2":8.18,"lat":48.2604,"lon":3.2108,"fibre_pct":100.0},{"code_insee":"89466","nom":"Villeroy","codes_postaux":["89100"],"code_dep":"89","code_region":"27","population":384,"surface_km2":7.06,"lat":48.1815,"lon":3.1806,"fibre_pct":95.3},{"code_insee":"89467","nom":"Villethierry","codes_postaux":["89140"],"code_dep":"89","code_region":"27","population":789,"surface_km2":21.08,"lat":48.2654,"lon":3.0736,"fibre_pct":100.0},{"code_insee":"89468","nom":"Villevallier","codes_postaux":["89330"],"code_dep":"89","code_region":"27","population":416,"surface_km2":8.45,"lat":48.0267,"lon":3.3457,"fibre_pct":100.0},{"code_insee":"89469","nom":"Perceneige","codes_postaux":["89260"],"code_dep":"89","code_region":"27","population":940,"surface_km2":61.14,"lat":48.3471,"lon":3.4051,"fibre_pct":86.6},{"code_insee":"89470","nom":"Villiers-les-Hauts","codes_postaux":["89160"],"code_dep":"89","code_region":"27","population":124,"surface_km2":19.14,"lat":47.724,"lon":4.1555,"fibre_pct":100.0},{"code_insee":"89471","nom":"Villiers-Louis","codes_postaux":["89320"],"code_dep":"89","code_region":"27","population":451,"surface_km2":11.16,"lat":48.1952,"lon":3.3949,"fibre_pct":100.0},{"code_insee":"89472","nom":"Villiers-Saint-Benoît","codes_postaux":["89130"],"code_dep":"89","code_region":"27","population":427,"surface_km2":34.26,"lat":47.7815,"lon":3.2218,"fibre_pct":100.0},{"code_insee":"89474","nom":"Villiers-Vineux","codes_postaux":["89360"],"code_dep":"89","code_region":"27","population":288,"surface_km2":11.22,"lat":47.9427,"lon":3.8239,"fibre_pct":100.0},{"code_insee":"89475","nom":"Villon","codes_postaux":["89740"],"code_dep":"89","code_region":"27","population":112,"surface_km2":9.45,"lat":47.8985,"lon":4.1881,"fibre_pct":97.9},{"code_insee":"89477","nom":"Villy","codes_postaux":["89800"],"code_dep":"89","code_region":"27","population":97,"surface_km2":5.87,"lat":47.8638,"lon":3.7476,"fibre_pct":97.2},{"code_insee":"89478","nom":"Vincelles","codes_postaux":["89290"],"code_dep":"89","code_region":"27","population":913,"surface_km2":12.58,"lat":47.6896,"lon":3.6356,"fibre_pct":98.5},{"code_insee":"89479","nom":"Vincelottes","codes_postaux":["89290"],"code_dep":"89","code_region":"27","population":285,"surface_km2":1.87,"lat":47.7093,"lon":3.641,"fibre_pct":100.0},{"code_insee":"89480","nom":"Vinneuf","codes_postaux":["89140"],"code_dep":"89","code_region":"27","population":1536,"surface_km2":15.3,"lat":48.353,"lon":3.144,"fibre_pct":99.8},{"code_insee":"89481","nom":"Vireaux","codes_postaux":["89160"],"code_dep":"89","code_region":"27","population":97,"surface_km2":14.7,"lat":47.7867,"lon":4.0392,"fibre_pct":96.5},{"code_insee":"89482","nom":"Viviers","codes_postaux":["89700"],"code_dep":"89","code_region":"27","population":106,"surface_km2":9.24,"lat":47.8055,"lon":3.9211,"fibre_pct":98.7},{"code_insee":"89483","nom":"Voisines","codes_postaux":["89260"],"code_dep":"89","code_region":"27","population":523,"surface_km2":27.04,"lat":48.2536,"lon":3.4178,"fibre_pct":92.9},{"code_insee":"89485","nom":"Voutenay-sur-Cure","codes_postaux":["89270"],"code_dep":"89","code_region":"27","population":212,"surface_km2":10.23,"lat":47.5573,"lon":3.7861,"fibre_pct":100.0},{"code_insee":"89486","nom":"Yrouerre","codes_postaux":["89700"],"code_dep":"89","code_region":"27","population":144,"surface_km2":14.46,"lat":47.7879,"lon":3.9581,"fibre_pct":94.1}]