[{"code_insee":"94001","nom":"Ablon-sur-Seine","codes_postaux":["94480"],"code_dep":"94","code_region":"11","population":5988,"surface_km2":1.14,"lat":48.7236,"lon":2.4229,"fibre_pct":99.5},{"code_insee":"94002","nom":"Alfortville","codes_postaux":["94140"],"code_dep":"94","code_region":"11","population":45531,"surface_km2":3.67,"lat":48.7963,"lon":2.4214,"fibre_pct":90.6},{"code_insee":"94003","nom":"Arcueil","codes_postaux":["94110"],"code_dep":"94","code_region":"11","population":22200,"surface_km2":2.33,"lat":48.8053,"lon":2.3328,"fibre_pct":94.4},{"code_insee":"94004","nom":"Boissy-Saint-Léger","codes_postaux":["94470"],"code_dep":"94","code_region":"11","population":17325,"surface_km2":8.92,"lat":48.7453,"lon":2.5251,"fibre_pct":97.9},{"code_insee":"94011","nom":"Bonneuil-sur-Marne","codes_postaux":["94380"],"code_dep":"94","code_region":"11","population":18270,"surface_km2":5.49,"lat":48.7721,"lon":2.493,"fibre_pct":94.1},{"code_insee":"94015","nom":"Bry-sur-Marne","codes_postaux":["94360"],"code_dep":"94","code_region":"11","population":18503,"surface_km2":3.34,"lat":48.8392,"lon":2.5224,"fibre_pct":97.2},{"code_insee":"94016","nom":"Cachan","codes_postaux":["94230"],"code_dep":"94","code_region":"11","population":31103,"surface_km2":2.79,"lat":48.7914,"lon":2.3318,"fibre_pct":96.8},{"code_insee":"94017","nom":"Champigny-sur-Marne","codes_postaux":["94500"],"code_dep":"94","code_region":"11","population":78072,"surface_km2":11.3,"lat":48.8173,"lon":2.5206,"fibre_pct":95.4},{"code_insee":"94018","nom":"Charenton-le-Pont","codes_postaux":["94220"],"code_dep":"94","code_region":"11","population":28830,"surface_km2":1.85,"lat":48.8229,"lon":2.405,"fibre_pct":99.0},{"code_insee":"94019","nom":"Chennevières-sur-Marne","codes_postaux":["94430"],"code_dep":"94","code_region":"11","population":18710,"surface_km2":5.22,"lat":48.7951,"lon":2.5443,"fibre_pct":98.0},{"code_insee":"94021","nom":"Chevilly-Larue","codes_postaux":["94550"],"code_dep":"94","code_region":"11","population":19826,"surface_km2":4.22,"lat":48.7679,"lon":2.3507,"fibre_pct":97.9},{"code_insee":"94022","nom":"Choisy-le-Roi","codes_postaux":["94600"],"code_dep":"94","code_region":"11","population":45946,"surface_km2":5.42,"lat":48.7635,"lon":2.4202,"fibre_pct":97.2},{"code_insee":"94028","nom":"Créteil","codes_postaux":["94000"],"code_dep":"94","code_region":"11","population":93397,"surface_km2":11.42,"lat":48.7845,"lon":2.4523,"fibre_pct":96.5},{"code_insee":"94033","nom":"Fontenay-sous-Bois","codes_postaux":["94120"],"code_dep":"94","code_region":"11","population":53757,"surface_km2":5.56,"lat":48.8503,"lon":2.4736,"fibre_pct":95.2},{"code_insee":"94034","nom":"Fresnes","codes_postaux":["94260"],"code_dep":"94","code_region":"11","population":29528,"surface_km2":3.55,"lat":48.7572,"lon":2.3263,"fibre_pct":99.1},{"code_insee":"94037","nom":"Gentilly","codes_postaux":["94250"],"code_dep":"94","code_region":"11","population":19963,"surface_km2":1.18,"lat":48.812,"lon":2.3426,"fibre_pct":98.3},{"code_insee":"94038","nom":"L'Haÿ-les-Roses","codes_postaux":["94240"],"code_dep":"94","code_region":"11","population":31188,"surface_km2":3.9,"lat":48.7777,"lon":2.3416,"fibre_pct":94.0},{"code_insee":"94041","nom":"Ivry-sur-Seine","codes_postaux":["94200"],"code_dep":"94","code_region":"11","population":65064,"surface_km2":6.11,"lat":48.8125,"lon":2.3872,"fibre_pct":86.9},{"code_insee":"94042","nom":"Joinville-le-Pont","codes_postaux":["94340"],"code_dep":"94","code_region":"11","population":20525,"surface_km2":2.29,"lat":48.8199,"lon":2.4685,"fibre_pct":92.3},{"code_insee":"94043","nom":"Le Kremlin-Bicêtre","codes_postaux":["94270"],"code_dep":"94","code_region":"11","population":24110,"surface_km2":1.54,"lat":48.8087,"lon":2.356,"fibre_pct":92.8},{"code_insee":"94044","nom":"Limeil-Brévannes","codes_postaux":["94450"],"code_dep":"94","code_region":"11","population":27406,"surface_km2":6.95,"lat":48.7463,"lon":2.4924,"fibre_pct":95.5},{"code_insee":"94046","nom":"Maisons-Alfort","codes_postaux":["94700"],"code_dep":"94","code_region":"11","population":56799,"surface_km2":5.35,"lat":48.8017,"lon":2.44,"fibre_pct":97.1},{"code_insee":"94047","nom":"Mandres-les-Roses","codes_postaux":["94520"],"code_dep":"94","code_region":"11","population":4922,"surface_km2":3.37,"lat":48.7068,"lon":2.5477,"fibre_pct":97.4},{"code_insee":"94048","nom":"Marolles-en-Brie","codes_postaux":["94440"],"code_dep":"94","code_region":"11","population":4781,"surface_km2":4.6,"lat":48.7385,"lon":2.5539,"fibre_pct":97.0},{"code_insee":"94052","nom":"Nogent-sur-Marne","codes_postaux":["94130"],"code_dep":"94","code_region":"11","population":32455,"surface_km2":2.8,"lat":48.837,"lon":2.4811,"fibre_pct":97.4},{"code_insee":"94053","nom":"Noiseau","codes_postaux":["94880"],"code_dep":"94","code_region":"11","population":4628,"surface_km2":4.59,"lat":48.7757,"lon":2.556,"fibre_pct":97.1},{"code_insee":"94054","nom":"Orly","codes_postaux":["94310"],"code_dep":"94","code_region":"11","population":24658,"surface_km2":6.69,"lat":48.7402,"lon":2.403,"fibre_pct":79.2},{"code_insee":"94055","nom":"Ormesson-sur-Marne","codes_postaux":["94490"],"code_dep":"94","code_region":"11","population":10977,"surface_km2":3.43,"lat":48.7873,"lon":2.5371,"fibre_pct":92.2},{"code_insee":"94056","nom":"Périgny","codes_postaux":["94520"],"code_dep":"94","code_region":"11","population":2724,"surface_km2":2.76,"lat":48.6974,"lon":2.562,"fibre_pct":99.7},{"code_insee":"94058","nom":"Le Perreux-sur-Marne","codes_postaux":["94170"],"code_dep":"94","code_region":"11","population":35260,"surface_km2":3.96,"lat":48.8433,"lon":2.5045,"fibre_pct":94.5},{"code_insee":"94059","nom":"Le Plessis-Trévise","codes_postaux":["94420"],"code_dep":"94","code_region":"11","population":21112,"surface_km2":4.32,"lat":48.808,"lon":2.5763,"fibre_pct":98.6},{"code_insee":"94060","nom":"La Queue-en-Brie","codes_postaux":["94510"],"code_dep":"94","code_region":"11","population":12241,"surface_km2":9.39,"lat":48.7769,"lon":2.5855,"fibre_pct":99.5},{"code_insee":"94065","nom":"Rungis","codes_postaux":["94150"],"code_dep":"94","code_region":"11","population":5611,"surface_km2":4.2,"lat":48.7493,"lon":2.3499,"fibre_pct":97.9},{"code_insee":"94067","nom":"Saint-Mandé","codes_postaux":["94160"],"code_dep":"94","code_region":"11","population":21071,"surface_km2":0.91,"lat":48.8414,"lon":2.4195,"fibre_pct":96.1},{"code_insee":"94068","nom":"Saint-Maur-des-Fossés","codes_postaux":["94100","94210"],"code_dep":"94","code_region":"11","population":76572,"surface_km2":11.26,"lat":48.7999,"lon":2.4921,"fibre_pct":99.7},{"code_insee":"94069","nom":"Saint-Maurice","codes_postaux":["94410"],"code_dep":"94","code_region":"11","population":14506,"surface_km2":1.45,"lat":48.8179,"lon":2.4423,"fibre_pct":99.1},{"code_insee":"94070","nom":"Santeny","codes_postaux":["94440"],"code_dep":"94","code_region":"11","population":3913,"surface_km2":10.03,"lat":48.7362,"lon":2.5771,"fibre_pct":97.3},{"code_insee":"94071","nom":"Sucy-en-Brie","codes_postaux":["94370"],"code_dep":"94","code_region":"11","population":27764,"surface_km2":10.39,"lat":48.7688,"lon":2.5374,"fibre_pct":97.0},{"code_insee":"94073","nom":"Thiais","codes_postaux":["94320"],"code_dep":"94","code_region":"11","population":32918,"surface_km2":6.42,"lat":48.7605,"lon":2.3869,"fibre_pct":90.0},{"code_insee":"94074","nom":"Valenton","codes_postaux":["94460"],"code_dep":"94","code_region":"11","population":14406,"surface_km2":5.31,"lat":48.7497,"lon":2.46,"fibre_pct":94.9},{"code_insee":"94075","nom":"Villecresnes","codes_postaux":["94440"],"code_dep":"94","code_region":"11","population":11647,"surface_km2":5.62,"lat":48.7221,"lon":2.5328,"fibre_pct":98.6},{"code_insee":"94076","nom":"Villejuif","codes_postaux":["94800"],"code_dep":"94","code_region":"11","population":60183,"surface_km2":5.28,"lat":48.7934,"lon":2.3603,"fibre_pct":95.1},{"code_insee":"94077","nom":"Villeneuve-le-Roi","codes_postaux":["94290"],"code_dep":"94","code_region":"11","population":21000,"surface_km2":8.44,"lat":48.732,"lon":2.4076,"fibre_pct":99.8},{"code_insee":"94078","nom":"Villeneuve-Saint-Georges","codes_postaux":["94190"],"code_dep":"94","code_region":"11","population":36221,"surface_km2":8.07,"lat":48.7389,"lon":2.4493,"fibre_pct":95.7},{"code_insee":"94079","nom":"Villiers-sur-Marne","codes_postaux":["94350"],"code_dep":"94","code_region":"11","population":33162,"surface_km2":4.32,"lat":48.8278,"lon":2.5482,"fibre_pct":94.1},{"code_insee":"94080","nom":"Vincennes","codes_postaux":["94300"],"code_dep":"94","code_region":"11","population":48193,"surface_km2":1.9,"lat":48.8471,"lon":2.4383,"fibre_pct":98.5},{"code_insee":"94081","nom":"Vitry-sur-Seine","codes_postaux":["94400"],"code_dep":"94","code_region":"11","population":93963,"surface_km2":11.66,"lat":48.7893,"lon":2.3951,"fibre_pct":94.2}]