[{"code_insee":"95002","nom":"Ableiges","codes_postaux":["95450"],"code_dep":"95","code_region":"11","population":1108,"surface_km2":7.98,"lat":49.0873,"lon":1.973},{"code_insee":"95008","nom":"Aincourt","codes_postaux":["95510"],"code_dep":"95","code_region":"11","population":854,"surface_km2":10.09,"lat":49.0733,"lon":1.773},{"code_insee":"95011","nom":"Ambleville","codes_postaux":["95420","95710"],"code_dep":"95","code_region":"11","population":388,"surface_km2":8.05,"lat":49.151,"lon":1.6959},{"code_insee":"95012","nom":"Amenucourt","codes_postaux":["95510"],"code_dep":"95","code_region":"11","population":212,"surface_km2":8.78,"lat":49.1084,"lon":1.6469},{"code_insee":"95014","nom":"Andilly","codes_postaux":["95580"],"code_dep":"95","code_region":"11","population":2742,"surface_km2":2.73,"lat":49.0098,"lon":2.302},{"code_insee":"95018","nom":"Argenteuil","codes_postaux":["95100"],"code_dep":"95","code_region":"11","population":106130,"surface_km2":17.39,"lat":48.9501,"lon":2.2478},{"code_insee":"95019","nom":"Arnouville","codes_postaux":["95400"],"code_dep":"95","code_region":"11","population":15023,"surface_km2":2.84,"lat":48.9867,"lon":2.4168},{"code_insee":"95023","nom":"Arronville","codes_postaux":["95810"],"code_dep":"95","code_region":"11","population":618,"surface_km2":15.89,"lat":49.1734,"lon":2.1189},{"code_insee":"95024","nom":"Arthies","codes_postaux":["95420"],"code_dep":"95","code_region":"11","population":265,"surface_km2":7.5,"lat":49.0935,"lon":1.7977},{"code_insee":"95026","nom":"Asnières-sur-Oise","codes_postaux":["95270"],"code_dep":"95","code_region":"11","population":3127,"surface_km2":14.18,"lat":49.1387,"lon":2.3895},{"code_insee":"95028","nom":"Attainville","codes_postaux":["95570"],"code_dep":"95","code_region":"11","population":1904,"surface_km2":7.24,"lat":49.0607,"lon":2.3522},{"code_insee":"95039","nom":"Auvers-sur-Oise","codes_postaux":["95430"],"code_dep":"95","code_region":"11","population":6863,"surface_km2":12.78,"lat":49.0847,"lon":2.1569},{"code_insee":"95040","nom":"Avernes","codes_postaux":["95450"],"code_dep":"95","code_region":"11","population":871,"surface_km2":17.19,"lat":49.0933,"lon":1.8632},{"code_insee":"95042","nom":"Baillet-en-France","codes_postaux":["95560"],"code_dep":"95","code_region":"11","population":2021,"surface_km2":8.03,"lat":49.0594,"lon":2.3034},{"code_insee":"95046","nom":"Banthelu","codes_postaux":["95420"],"code_dep":"95","code_region":"11","population":146,"surface_km2":8.22,"lat":49.1258,"lon":1.8151},{"code_insee":"95051","nom":"Beauchamp","codes_postaux":["95250"],"code_dep":"95","code_region":"11","population":9849,"surface_km2":3.03,"lat":49.0136,"lon":2.194},{"code_insee":"95052","nom":"Beaumont-sur-Oise","codes_postaux":["95260"],"code_dep":"95","code_region":"11","population":10232,"surface_km2":5.6,"lat":49.1372,"lon":2.2953},{"code_insee":"95054","nom":"Le Bellay-en-Vexin","codes_postaux":["95750"],"code_dep":"95","code_region":"11","population":224,"surface_km2":5.15,"lat":49.1505,"lon":1.8762},{"code_insee":"95055","nom":"Bellefontaine","codes_postaux":["95270"],"code_dep":"95","code_region":"11","population":474,"surface_km2":7.56,"lat":49.0916,"lon":2.4694},{"code_insee":"95056","nom":"Belloy-en-France","codes_postaux":["95270"],"code_dep":"95","code_region":"11","population":2250,"surface_km2":9.47,"lat":49.091,"lon":2.37},{"code_insee":"95058","nom":"Bernes-sur-Oise","codes_postaux":["95340"],"code_dep":"95","code_region":"11","population":2684,"surface_km2":5.51,"lat":49.1678,"lon":2.2997},{"code_insee":"95059","nom":"Berville","codes_postaux":["95810"],"code_dep":"95","code_region":"11","population":374,"surface_km2":8.51,"lat":49.192,"lon":2.0669},{"code_insee":"95060","nom":"Bessancourt","codes_postaux":["95550"],"code_dep":"95","code_region":"11","population":8869,"surface_km2":6.38,"lat":49.0364,"lon":2.1998},{"code_insee":"95061","nom":"Béthemont-la-Forêt","codes_postaux":["95840"],"code_dep":"95","code_region":"11","population":435,"surface_km2":3.79,"lat":49.0562,"lon":2.2485},{"code_insee":"95063","nom":"Bezons","codes_postaux":["95870"],"code_dep":"95","code_region":"11","population":36434,"surface_km2":4.19,"lat":48.925,"lon":2.2147},{"code_insee":"95074","nom":"Boisemont","codes_postaux":["95000"],"code_dep":"95","code_region":"11","population":892,"surface_km2":2.01,"lat":49.0181,"lon":2.0033},{"code_insee":"95078","nom":"Boissy-l'Aillerie","codes_postaux":["95650"],"code_dep":"95","code_region":"11","population":2120,"surface_km2":5.7,"lat":49.0821,"lon":2.0316},{"code_insee":"95088","nom":"Bonneuil-en-France","codes_postaux":["95500"],"code_dep":"95","code_region":"11","population":1185,"surface_km2":4.76,"lat":48.9675,"lon":2.4373},{"code_insee":"95091","nom":"Bouffémont","codes_postaux":["95570"],"code_dep":"95","code_region":"11","population":6593,"surface_km2":4.56,"lat":49.0406,"lon":2.2995},{"code_insee":"95094","nom":"Bouqueval","codes_postaux":["95720"],"code_dep":"95","code_region":"11","population":314,"surface_km2":2.82,"lat":49.0236,"lon":2.4273},{"code_insee":"95101","nom":"Bray-et-Lû","codes_postaux":["95710"],"code_dep":"95","code_region":"11","population":954,"surface_km2":3.74,"lat":49.1429,"lon":1.6651},{"code_insee":"95102","nom":"Bréançon","codes_postaux":["95640"],"code_dep":"95","code_region":"11","population":432,"surface_km2":10.68,"lat":49.1477,"lon":2.0272},{"code_insee":"95110","nom":"Brignancourt","codes_postaux":["95640"],"code_dep":"95","code_region":"11","population":262,"surface_km2":3.07,"lat":49.1389,"lon":1.9435},{"code_insee":"95116","nom":"Bruyères-sur-Oise","codes_postaux":["95820"],"code_dep":"95","code_region":"11","population":4921,"surface_km2":8.91,"lat":49.1643,"lon":2.3342},{"code_insee":"95119","nom":"Buhy","codes_postaux":["95770"],"code_dep":"95","code_region":"11","population":329,"surface_km2":6.94,"lat":49.1926,"lon":1.7031},{"code_insee":"95120","nom":"Butry-sur-Oise","codes_postaux":["95430"],"code_dep":"95","code_region":"11","population":2252,"surface_km2":2.78,"lat":49.0833,"lon":2.1899},{"code_insee":"95127","nom":"Cergy","codes_postaux":["95000","95800"],"code_dep":"95","code_region":"11","population":70906,"surface_km2":14.55,"lat":49.0373,"lon":2.0455},{"code_insee":"95134","nom":"Champagne-sur-Oise","codes_postaux":["95660"],"code_dep":"95","code_region":"11","population":5036,"surface_km2":9.48,"lat":49.1455,"lon":2.228},{"code_insee":"95139","nom":"La Chapelle-en-Vexin","codes_postaux":["95420"],"code_dep":"95","code_region":"11","population":320,"surface_km2":3.67,"lat":49.1836,"lon":1.7274},{"code_insee":"95141","nom":"Charmont","codes_postaux":["95420"],"code_dep":"95","code_region":"11","population":32,"surface_km2":3.59,"lat":49.1388,"lon":1.7901},{"code_insee":"95142","nom":"Chars","codes_postaux":["95750"],"code_dep":"95","code_region":"11","population":2006,"surface_km2":16.88,"lat":49.1572,"lon":1.9304},{"code_insee":"95144","nom":"Châtenay-en-France","codes_postaux":["95190"],"code_dep":"95","code_region":"11","population":68,"surface_km2":3.07,"lat":49.0652,"lon":2.462},{"code_insee":"95149","nom":"Chaumontel","codes_postaux":["95270"],"code_dep":"95","code_region":"11","population":3332,"surface_km2":4.25,"lat":49.1277,"lon":2.4367},{"code_insee":"95150","nom":"Chaussy","codes_postaux":["95710"],"code_dep":"95","code_region":"11","population":631,"surface_km2":14.79,"lat":49.1153,"lon":1.7075},{"code_insee":"95151","nom":"Chauvry","codes_postaux":["95560"],"code_dep":"95","code_region":"11","population":297,"surface_km2":5.01,"lat":49.0558,"lon":2.2689},{"code_insee":"95154","nom":"Chennevières-lès-Louvres","codes_postaux":["95380"],"code_dep":"95","code_region":"11","population":282,"surface_km2":4.59,"lat":49.0412,"lon":2.5484},{"code_insee":"95157","nom":"Chérence","codes_postaux":["95510"],"code_dep":"95","code_region":"11","population":137,"surface_km2":8.61,"lat":49.0912,"lon":1.678},{"code_insee":"95166","nom":"Cléry-en-Vexin","codes_postaux":["95420"],"code_dep":"95","code_region":"11","population":476,"surface_km2":5.15,"lat":49.1317,"lon":1.8493},{"code_insee":"95169","nom":"Commeny","codes_postaux":["95450"],"code_dep":"95","code_region":"11","population":646,"surface_km2":5.51,"lat":49.1243,"lon":1.8915},{"code_insee":"95170","nom":"Condécourt","codes_postaux":["95450"],"code_dep":"95","code_region":"11","population":564,"surface_km2":6.97,"lat":49.037,"lon":1.9366},{"code_insee":"95176","nom":"Cormeilles-en-Parisis","codes_postaux":["95240"],"code_dep":"95","code_region":"11","population":27292,"surface_km2":8.43,"lat":48.9701,"lon":2.201},{"code_insee":"95177","nom":"Cormeilles-en-Vexin","codes_postaux":["95830"],"code_dep":"95","code_region":"11","population":1297,"surface_km2":9.55,"lat":49.1145,"lon":2.0171},{"code_insee":"95181","nom":"Courcelles-sur-Viosne","codes_postaux":["95650"],"code_dep":"95","code_region":"11","population":310,"surface_km2":3.62,"lat":49.0738,"lon":1.9952},{"code_insee":"95183","nom":"Courdimanche","codes_postaux":["95800"],"code_dep":"95","code_region":"11","population":7311,"surface_km2":5.64,"lat":49.0421,"lon":1.9999},{"code_insee":"95197","nom":"Deuil-la-Barre","codes_postaux":["95170"],"code_dep":"95","code_region":"11","population":23099,"surface_km2":3.75,"lat":48.9704,"lon":2.327},{"code_insee":"95199","nom":"Domont","codes_postaux":["95330"],"code_dep":"95","code_region":"11","population":16065,"surface_km2":8.52,"lat":49.0289,"lon":2.3243},{"code_insee":"95203","nom":"Eaubonne","codes_postaux":["95600"],"code_dep":"95","code_region":"11","population":26211,"surface_km2":4.41,"lat":48.9912,"lon":2.2781},{"code_insee":"95205","nom":"Écouen","codes_postaux":["95440"],"code_dep":"95","code_region":"11","population":7202,"surface_km2":7.59,"lat":49.0258,"lon":2.3858},{"code_insee":"95210","nom":"Enghien-les-Bains","codes_postaux":["95880"],"code_dep":"95","code_region":"11","population":11432,"surface_km2":1.75,"lat":48.9706,"lon":2.305},{"code_insee":"95211","nom":"Ennery","codes_postaux":["95300"],"code_dep":"95","code_region":"11","population":2243,"surface_km2":7.47,"lat":49.0767,"lon":2.1089},{"code_insee":"95212","nom":"Épiais-lès-Louvres","codes_postaux":["95380"],"code_dep":"95","code_region":"11","population":156,"surface_km2":3.46,"lat":49.0322,"lon":2.5475},{"code_insee":"95213","nom":"Épiais-Rhus","codes_postaux":["95810"],"code_dep":"95","code_region":"11","population":603,"surface_km2":10.46,"lat":49.1249,"lon":2.0703},{"code_insee":"95214","nom":"Épinay-Champlâtreux","codes_postaux":["95270"],"code_dep":"95","code_region":"11","population":57,"surface_km2":3.6,"lat":49.0908,"lon":2.4071},{"code_insee":"95218","nom":"Éragny","codes_postaux":["95610"],"code_dep":"95","code_region":"11","population":18436,"surface_km2":4.72,"lat":49.0224,"lon":2.1002},{"code_insee":"95219","nom":"Ermont","codes_postaux":["95120"],"code_dep":"95","code_region":"11","population":29489,"surface_km2":4.15,"lat":48.9891,"lon":2.258},{"code_insee":"95229","nom":"Ézanville","codes_postaux":["95460"],"code_dep":"95","code_region":"11","population":9858,"surface_km2":5.18,"lat":49.0382,"lon":2.3617},{"code_insee":"95241","nom":"Fontenay-en-Parisis","codes_postaux":["95190"],"code_dep":"95","code_region":"11","population":2219,"surface_km2":11.03,"lat":49.0483,"lon":2.4468},{"code_insee":"95250","nom":"Fosses","codes_postaux":["95470"],"code_dep":"95","code_region":"11","population":10570,"surface_km2":3.63,"lat":49.1003,"lon":2.5043},{"code_insee":"95252","nom":"Franconville","codes_postaux":["95130"],"code_dep":"95","code_region":"11","population":37754,"surface_km2":6.23,"lat":48.9879,"lon":2.2235},{"code_insee":"95253","nom":"Frémainville","codes_postaux":["95450"],"code_dep":"95","code_region":"11","population":507,"surface_km2":5.61,"lat":49.0663,"lon":1.8685},{"code_insee":"95254","nom":"Frémécourt","codes_postaux":["95830"],"code_dep":"95","code_region":"11","population":526,"surface_km2":4.32,"lat":49.1221,"lon":1.9937},{"code_insee":"95256","nom":"Frépillon","codes_postaux":["95740"],"code_dep":"95","code_region":"11","population":3317,"surface_km2":3.38,"lat":49.0498,"lon":2.2021},{"code_insee":"95257","nom":"La Frette-sur-Seine","codes_postaux":["95530"],"code_dep":"95","code_region":"11","population":4570,"surface_km2":2.04,"lat":48.9728,"lon":2.1759},{"code_insee":"95258","nom":"Frouville","codes_postaux":["95690"],"code_dep":"95","code_region":"11","population":347,"surface_km2":7.47,"lat":49.1575,"lon":2.1459},{"code_insee":"95268","nom":"Garges-lès-Gonesse","codes_postaux":["95140"],"code_dep":"95","code_region":"11","population":41791,"surface_km2":5.46,"lat":48.9696,"lon":2.4035},{"code_insee":"95270","nom":"Genainville","codes_postaux":["95420"],"code_dep":"95","code_region":"11","population":522,"surface_km2":10.59,"lat":49.1142,"lon":1.7558},{"code_insee":"95271","nom":"Génicourt","codes_postaux":["95650"],"code_dep":"95","code_region":"11","population":514,"surface_km2":6.43,"lat":49.0946,"lon":2.0626},{"code_insee":"95277","nom":"Gonesse","codes_postaux":["95500"],"code_dep":"95","code_region":"11","population":27707,"surface_km2":20.3,"lat":48.9856,"lon":2.4602},{"code_insee":"95280","nom":"Goussainville","codes_postaux":["95190"],"code_dep":"95","code_region":"11","population":31301,"surface_km2":11.42,"lat":49.0266,"lon":2.4683},{"code_insee":"95287","nom":"Grisy-les-Plâtres","codes_postaux":["95810"],"code_dep":"95","code_region":"11","population":709,"surface_km2":7.16,"lat":49.1306,"lon":2.0486},{"code_insee":"95288","nom":"Groslay","codes_postaux":["95410"],"code_dep":"95","code_region":"11","population":8453,"surface_km2":3.08,"lat":48.9852,"lon":2.3514},{"code_insee":"95295","nom":"Guiry-en-Vexin","codes_postaux":["95450"],"code_dep":"95","code_region":"11","population":161,"surface_km2":6.19,"lat":49.116,"lon":1.8556},{"code_insee":"95298","nom":"Haravilliers","codes_postaux":["95640"],"code_dep":"95","code_region":"11","population":589,"surface_km2":11.02,"lat":49.1763,"lon":2.0377},{"code_insee":"95301","nom":"Haute-Isle","codes_postaux":["95780"],"code_dep":"95","code_region":"11","population":293,"surface_km2":2.52,"lat":49.0848,"lon":1.6675},{"code_insee":"95303","nom":"Le Heaulme","codes_postaux":["95640"],"code_dep":"95","code_region":"11","population":207,"surface_km2":1.97,"lat":49.167,"lon":2.0007},{"code_insee":"95304","nom":"Hédouville","codes_postaux":["95690"],"code_dep":"95","code_region":"11","population":278,"surface_km2":5.34,"lat":49.1584,"lon":2.179},{"code_insee":"95306","nom":"Herblay-sur-Seine","codes_postaux":["95220"],"code_dep":"95","code_region":"11","population":31779,"surface_km2":12.59,"lat":49.0052,"lon":2.1556},{"code_insee":"95308","nom":"Hérouville-en-Vexin","codes_postaux":["95300"],"code_dep":"95","code_region":"11","population":584,"surface_km2":8.48,"lat":49.1047,"lon":2.1283},{"code_insee":"95309","nom":"Hodent","codes_postaux":["95420"],"code_dep":"95","code_region":"11","population":225,"surface_km2":4.43,"lat":49.1425,"lon":1.7624},{"code_insee":"95313","nom":"L'Isle-Adam","codes_postaux":["95290"],"code_dep":"95","code_region":"11","population":12493,"surface_km2":15.67,"lat":49.1078,"lon":2.2352},{"code_insee":"95316","nom":"Jagny-sous-Bois","codes_postaux":["95850"],"code_dep":"95","code_region":"11","population":269,"surface_km2":4.24,"lat":49.0817,"lon":2.4424},{"code_insee":"95323","nom":"Jouy-le-Moutier","codes_postaux":["95280"],"code_dep":"95","code_region":"11","population":17854,"surface_km2":7.31,"lat":49.0118,"lon":2.0357},{"code_insee":"95328","nom":"Labbeville","codes_postaux":["95690"],"code_dep":"95","code_region":"11","population":641,"surface_km2":8.04,"lat":49.1349,"lon":2.1355},{"code_insee":"95331","nom":"Lassy","codes_postaux":["95270"],"code_dep":"95","code_region":"11","population":196,"surface_km2":1.96,"lat":49.0953,"lon":2.4373},{"code_insee":"95341","nom":"Livilliers","codes_postaux":["95300"],"code_dep":"95","code_region":"11","population":389,"surface_km2":6.56,"lat":49.1001,"lon":2.0947},{"code_insee":"95348","nom":"Longuesse","codes_postaux":["95450"],"code_dep":"95","code_region":"11","population":496,"surface_km2":8.52,"lat":49.0622,"lon":1.9294},{"code_insee":"95351","nom":"Louvres","codes_postaux":["95380"],"code_dep":"95","code_region":"11","population":12560,"surface_km2":11.38,"lat":49.0444,"lon":2.5011},{"code_insee":"95352","nom":"Luzarches","codes_postaux":["95270"],"code_dep":"95","code_region":"11","population":5008,"surface_km2":20.49,"lat":49.1168,"lon":2.4457},{"code_insee":"95353","nom":"Maffliers","codes_postaux":["95560"],"code_dep":"95","code_region":"11","population":1856,"surface_km2":6.85,"lat":49.0864,"lon":2.3116},{"code_insee":"95355","nom":"Magny-en-Vexin","codes_postaux":["95420"],"code_dep":"95","code_region":"11","population":5779,"surface_km2":14.52,"lat":49.162,"lon":1.8058},{"code_insee":"95365","nom":"Mareil-en-France","codes_postaux":["95850"],"code_dep":"95","code_region":"11","population":734,"surface_km2":6.98,"lat":49.0699,"lon":2.4179},{"code_insee":"95369","nom":"Margency","codes_postaux":["95580"],"code_dep":"95","code_region":"11","population":3012,"surface_km2":0.72,"lat":49.0017,"lon":2.2892},{"code_insee":"95370","nom":"Marines","codes_postaux":["95640"],"code_dep":"95","code_region":"11","population":3594,"surface_km2":8.22,"lat":49.1499,"lon":1.9825},{"code_insee":"95371","nom":"Marly-la-Ville","codes_postaux":["95670"],"code_dep":"95","code_region":"11","population":6022,"surface_km2":8.77,"lat":49.0805,"lon":2.5069},{"code_insee":"95379","nom":"Maudétour-en-Vexin","codes_postaux":["95420"],"code_dep":"95","code_region":"11","population":208,"surface_km2":6.66,"lat":49.1093,"lon":1.7775},{"code_insee":"95387","nom":"Menouville","codes_postaux":["95810"],"code_dep":"95","code_region":"11","population":62,"surface_km2":2.8,"lat":49.1522,"lon":2.1092},{"code_insee":"95388","nom":"Menucourt","codes_postaux":["95180"],"code_dep":"95","code_region":"11","population":6184,"surface_km2":3.71,"lat":49.0273,"lon":1.974},{"code_insee":"95392","nom":"Mériel","codes_postaux":["95630"],"code_dep":"95","code_region":"11","population":5347,"surface_km2":5.33,"lat":49.0772,"lon":2.2125},{"code_insee":"95394","nom":"Méry-sur-Oise","codes_postaux":["95540"],"code_dep":"95","code_region":"11","population":9983,"surface_km2":9.88,"lat":49.0518,"lon":2.173},{"code_insee":"95395","nom":"Le Mesnil-Aubry","codes_postaux":["95720"],"code_dep":"95","code_region":"11","population":914,"surface_km2":6.73,"lat":49.0539,"lon":2.3948},{"code_insee":"95409","nom":"Moisselles","codes_postaux":["95570"],"code_dep":"95","code_region":"11","population":1261,"surface_km2":1.48,"lat":49.0451,"lon":2.3373},{"code_insee":"95422","nom":"Montgeroult","codes_postaux":["95650"],"code_dep":"95","code_region":"11","population":361,"surface_km2":5.0,"lat":49.0899,"lon":2.0095},{"code_insee":"95424","nom":"Montigny-lès-Cormeilles","codes_postaux":["95370"],"code_dep":"95","code_region":"11","population":22457,"surface_km2":4.06,"lat":48.9934,"lon":2.1937},{"code_insee":"95426","nom":"Montlignon","codes_postaux":["95680"],"code_dep":"95","code_region":"11","population":3038,"surface_km2":2.84,"lat":49.0157,"lon":2.2882},{"code_insee":"95427","nom":"Montmagny","codes_postaux":["95360"],"code_dep":"95","code_region":"11","population":15105,"surface_km2":2.92,"lat":48.9677,"lon":2.3471},{"code_insee":"95428","nom":"Montmorency","codes_postaux":["95160"],"code_dep":"95","code_region":"11","population":21763,"surface_km2":5.2,"lat":48.9922,"lon":2.322},{"code_insee":"95429","nom":"Montreuil-sur-Epte","codes_postaux":["95770"],"code_dep":"95","code_region":"11","population":377,"surface_km2":7.33,"lat":49.1689,"lon":1.6894},{"code_insee":"95430","nom":"Montsoult","codes_postaux":["95560"],"code_dep":"95","code_region":"11","population":4023,"surface_km2":3.86,"lat":49.0716,"lon":2.3025},{"code_insee":"95436","nom":"Mours","codes_postaux":["95260"],"code_dep":"95","code_region":"11","population":1693,"surface_km2":2.48,"lat":49.1315,"lon":2.2572},{"code_insee":"95438","nom":"Moussy","codes_postaux":["95640"],"code_dep":"95","code_region":"11","population":108,"surface_km2":4.77,"lat":49.1355,"lon":1.9082},{"code_insee":"95445","nom":"Nerville-la-Forêt","codes_postaux":["95590"],"code_dep":"95","code_region":"11","population":756,"surface_km2":6.7,"lat":49.0882,"lon":2.2768},{"code_insee":"95446","nom":"Nesles-la-Vallée","codes_postaux":["95690"],"code_dep":"95","code_region":"11","population":1842,"surface_km2":13.47,"lat":49.1339,"lon":2.1672},{"code_insee":"95447","nom":"Neuilly-en-Vexin","codes_postaux":["95640"],"code_dep":"95","code_region":"11","population":240,"surface_km2":3.0,"lat":49.174,"lon":1.9809},{"code_insee":"95450","nom":"Neuville-sur-Oise","codes_postaux":["95000"],"code_dep":"95","code_region":"11","population":2058,"surface_km2":4.26,"lat":49.0177,"lon":2.0607},{"code_insee":"95452","nom":"Nointel","codes_postaux":["95590"],"code_dep":"95","code_region":"11","population":903,"surface_km2":3.24,"lat":49.1294,"lon":2.2952},{"code_insee":"95456","nom":"Noisy-sur-Oise","codes_postaux":["95270"],"code_dep":"95","code_region":"11","population":549,"surface_km2":3.81,"lat":49.1343,"lon":2.3272},{"code_insee":"95459","nom":"Nucourt","codes_postaux":["95420"],"code_dep":"95","code_region":"11","population":719,"surface_km2":7.71,"lat":49.1584,"lon":1.8582},{"code_insee":"95462","nom":"Omerville","codes_postaux":["95420"],"code_dep":"95","code_region":"11","population":327,"surface_km2":12.31,"lat":49.1404,"lon":1.7183},{"code_insee":"95476","nom":"Osny","codes_postaux":["95520"],"code_dep":"95","code_region":"11","population":17954,"surface_km2":12.31,"lat":49.0668,"lon":2.0618},{"code_insee":"95480","nom":"Parmain","codes_postaux":["95620"],"code_dep":"95","code_region":"11","population":5655,"surface_km2":8.86,"lat":49.125,"lon":2.1991},{"code_insee":"95483","nom":"Le Perchay","codes_postaux":["95450"],"code_dep":"95","code_region":"11","population":504,"surface_km2":5.47,"lat":49.1154,"lon":1.928},{"code_insee":"95487","nom":"Persan","codes_postaux":["95340"],"code_dep":"95","code_region":"11","population":14359,"surface_km2":5.18,"lat":49.1479,"lon":2.2672},{"code_insee":"95488","nom":"Pierrelaye","codes_postaux":["95220","95480"],"code_dep":"95","code_region":"11","population":10130,"surface_km2":8.97,"lat":49.0185,"lon":2.1629},{"code_insee":"95489","nom":"Piscop","codes_postaux":["95350"],"code_dep":"95","code_region":"11","population":768,"surface_km2":4.15,"lat":49.0162,"lon":2.3421},{"code_insee":"95491","nom":"Le Plessis-Bouchard","codes_postaux":["95130"],"code_dep":"95","code_region":"11","population":8518,"surface_km2":2.66,"lat":49.003,"lon":2.2339},{"code_insee":"95492","nom":"Le Plessis-Gassot","codes_postaux":["95720"],"code_dep":"95","code_region":"11","population":102,"surface_km2":4.15,"lat":49.0362,"lon":2.4168},{"code_insee":"95493","nom":"Le Plessis-Luzarches","codes_postaux":["95270"],"code_dep":"95","code_region":"11","population":152,"surface_km2":0.91,"lat":49.0955,"lon":2.4567},{"code_insee":"95500","nom":"Pontoise","codes_postaux":["95000","95300"],"code_dep":"95","code_region":"11","population":31970,"surface_km2":7.16,"lat":49.0488,"lon":2.0996},{"code_insee":"95504","nom":"Presles","codes_postaux":["95590"],"code_dep":"95","code_region":"11","population":4017,"surface_km2":10.18,"lat":49.1094,"lon":2.2876},{"code_insee":"95509","nom":"Puiseux-en-France","codes_postaux":["95380"],"code_dep":"95","code_region":"11","population":3765,"surface_km2":5.2,"lat":49.0703,"lon":2.4896},{"code_insee":"95510","nom":"Puiseux-Pontoise","codes_postaux":["95650"],"code_dep":"95","code_region":"11","population":603,"surface_km2":3.88,"lat":49.0659,"lon":2.0135},{"code_insee":"95523","nom":"La Roche-Guyon","codes_postaux":["95780"],"code_dep":"95","code_region":"11","population":399,"surface_km2":4.67,"lat":49.0899,"lon":1.6337},{"code_insee":"95527","nom":"Roissy-en-France","codes_postaux":["95700"],"code_dep":"95","code_region":"11","population":2674,"surface_km2":14.19,"lat":49.0036,"lon":2.5188},{"code_insee":"95529","nom":"Ronquerolles","codes_postaux":["95340"],"code_dep":"95","code_region":"11","population":907,"surface_km2":4.78,"lat":49.1674,"lon":2.2111},{"code_insee":"95535","nom":"Sagy","codes_postaux":["95450"],"code_dep":"95","code_region":"11","population":1096,"surface_km2":10.55,"lat":49.0531,"lon":1.9674},{"code_insee":"95539","nom":"Saint-Brice-sous-Forêt","codes_postaux":["95350"],"code_dep":"95","code_region":"11","population":15063,"surface_km2":6.0,"lat":49.0034,"lon":2.3453},{"code_insee":"95541","nom":"Saint-Clair-sur-Epte","codes_postaux":["95770"],"code_dep":"95","code_region":"11","population":964,"surface_km2":12.33,"lat":49.211,"lon":1.7047},{"code_insee":"95543","nom":"Saint-Cyr-en-Arthies","codes_postaux":["95510"],"code_dep":"95","code_region":"11","population":236,"surface_km2":3.93,"lat":49.0604,"lon":1.7416},{"code_insee":"95554","nom":"Saint-Gervais","codes_postaux":["95420"],"code_dep":"95","code_region":"11","population":878,"surface_km2":13.43,"lat":49.1655,"lon":1.7583},{"code_insee":"95555","nom":"Saint-Gratien","codes_postaux":["95210"],"code_dep":"95","code_region":"11","population":21336,"surface_km2":2.72,"lat":48.9679,"lon":2.285},{"code_insee":"95563","nom":"Saint-Leu-la-Forêt","codes_postaux":["95320"],"code_dep":"95","code_region":"11","population":16138,"surface_km2":5.22,"lat":49.0211,"lon":2.243},{"code_insee":"95566","nom":"Saint-Martin-du-Tertre","codes_postaux":["95270"],"code_dep":"95","code_region":"11","population":2689,"surface_km2":11.72,"lat":49.1008,"lon":2.3353},{"code_insee":"95572","nom":"Saint-Ouen-l'Aumône","codes_postaux":["95310"],"code_dep":"95","code_region":"11","population":25578,"surface_km2":13.99,"lat":49.045,"lon":2.1293},{"code_insee":"95574","nom":"Saint-Prix","codes_postaux":["95390"],"code_dep":"95","code_region":"11","population":7612,"surface_km2":7.91,"lat":49.0191,"lon":2.2748},{"code_insee":"95580","nom":"Saint-Witz","codes_postaux":["95470"],"code_dep":"95","code_region":"11","population":2724,"surface_km2":7.64,"lat":49.0844,"lon":2.5533},{"code_insee":"95582","nom":"Sannois","codes_postaux":["95110"],"code_dep":"95","code_region":"11","population":26924,"surface_km2":4.77,"lat":48.9731,"lon":2.2509},{"code_insee":"95584","nom":"Santeuil","codes_postaux":["95640"],"code_dep":"95","code_region":"11","population":658,"surface_km2":5.37,"lat":49.1312,"lon":1.9563},{"code_insee":"95585","nom":"Sarcelles","codes_postaux":["95200"],"code_dep":"95","code_region":"11","population":59173,"surface_km2":8.42,"lat":48.9925,"lon":2.3858},{"code_insee":"95592","nom":"Seraincourt","codes_postaux":["95450"],"code_dep":"95","code_region":"11","population":1305,"surface_km2":11.38,"lat":49.0401,"lon":1.8798},{"code_insee":"95594","nom":"Seugy","codes_postaux":["95270"],"code_dep":"95","code_region":"11","population":1044,"surface_km2":1.71,"lat":49.1224,"lon":2.3956},{"code_insee":"95598","nom":"Soisy-sous-Montmorency","codes_postaux":["95230"],"code_dep":"95","code_region":"11","population":18008,"surface_km2":3.95,"lat":48.9888,"lon":2.3003},{"code_insee":"95604","nom":"Survilliers","codes_postaux":["95470"],"code_dep":"95","code_region":"11","population":4091,"surface_km2":5.44,"lat":49.1077,"lon":2.5451},{"code_insee":"95607","nom":"Taverny","codes_postaux":["95150"],"code_dep":"95","code_region":"11","population":27593,"surface_km2":10.42,"lat":49.0274,"lon":2.2179},{"code_insee":"95610","nom":"Théméricourt","codes_postaux":["95450"],"code_dep":"95","code_region":"11","population":283,"surface_km2":7.55,"lat":49.0882,"lon":1.9064},{"code_insee":"95611","nom":"Theuville","codes_postaux":["95810"],"code_dep":"95","code_region":"11","population":53,"surface_km2":5.0,"lat":49.1567,"lon":2.0678},{"code_insee":"95612","nom":"Le Thillay","codes_postaux":["95500"],"code_dep":"95","code_region":"11","population":4560,"surface_km2":3.99,"lat":49.003,"lon":2.4673},{"code_insee":"95625","nom":"Us","codes_postaux":["95450"],"code_dep":"95","code_region":"11","population":1374,"surface_km2":10.98,"lat":49.1053,"lon":1.9562},{"code_insee":"95627","nom":"Vallangoujard","codes_postaux":["95810"],"code_dep":"95","code_region":"11","population":625,"surface_km2":7.56,"lat":49.1323,"lon":2.1078},{"code_insee":"95628","nom":"Valmondois","codes_postaux":["95760"],"code_dep":"95","code_region":"11","population":1208,"surface_km2":4.6,"lat":49.0977,"lon":2.1841},{"code_insee":"95633","nom":"Vaudherland","codes_postaux":["95500"],"code_dep":"95","code_region":"11","population":104,"surface_km2":0.1,"lat":49.0005,"lon":2.4864},{"code_insee":"95637","nom":"Vauréal","codes_postaux":["95490"],"code_dep":"95","code_region":"11","population":16079,"surface_km2":3.74,"lat":49.0293,"lon":2.0254},{"code_insee":"95641","nom":"Vémars","codes_postaux":["95470"],"code_dep":"95","code_region":"11","population":3124,"surface_km2":8.23,"lat":49.0602,"lon":2.5706},{"code_insee":"95651","nom":"Vétheuil","codes_postaux":["95510"],"code_dep":"95","code_region":"11","population":849,"surface_km2":4.39,"lat":49.0619,"lon":1.7097},{"code_insee":"95652","nom":"Viarmes","codes_postaux":["95270"],"code_dep":"95","code_region":"11","population":5558,"surface_km2":8.28,"lat":49.1229,"lon":2.3836},{"code_insee":"95656","nom":"Vienne-en-Arthies","codes_postaux":["95510"],"code_dep":"95","code_region":"11","population":379,"surface_km2":3.78,"lat":49.0655,"lon":1.7236},{"code_insee":"95658","nom":"Vigny","codes_postaux":["95450"],"code_dep":"95","code_region":"11","population":1137,"surface_km2":6.8,"lat":49.0811,"lon":1.9296},{"code_insee":"95660","nom":"Villaines-sous-Bois","codes_postaux":["95570"],"code_dep":"95","code_region":"11","population":778,"surface_km2":1.89,"lat":49.0751,"lon":2.3548},{"code_insee":"95675","nom":"Villeron","codes_postaux":["95380"],"code_dep":"95","code_region":"11","population":1766,"surface_km2":5.62,"lat":49.059,"lon":2.5348},{"code_insee":"95676","nom":"Villers-en-Arthies","codes_postaux":["95510"],"code_dep":"95","code_region":"11","population":498,"surface_km2":8.32,"lat":49.0864,"lon":1.7322},{"code_insee":"95678","nom":"Villiers-Adam","codes_postaux":["95840"],"code_dep":"95","code_region":"11","population":858,"surface_km2":9.85,"lat":49.0704,"lon":2.2383},{"code_insee":"95680","nom":"Villiers-le-Bel","codes_postaux":["95400"],"code_dep":"95","code_region":"11","population":30053,"surface_km2":7.31,"lat":49.008,"lon":2.4036},{"code_insee":"95682","nom":"Villiers-le-Sec","codes_postaux":["95720"],"code_dep":"95","code_region":"11","population":205,"surface_km2":3.24,"lat":49.0751,"lon":2.3862},{"code_insee":"95690","nom":"Wy-dit-Joli-Village","codes_postaux":["95420"],"code_dep":"95","code_region":"11","population":326,"surface_km2":8.47,"lat":49.0964,"lon":1.8249}]