[{"code_insee":"97101","nom":"Les Abymes","codes_postaux":["97139","97142"],"code_dep":"971","code_region":"01","population":51055,"surface_km2":70.43,"lat":16.2678,"lon":-61.4967},{"code_insee":"97102","nom":"Anse-Bertrand","codes_postaux":["97121"],"code_dep":"971","code_region":"01","population":4412,"surface_km2":64.19,"lat":16.4668,"lon":-61.4698},{"code_insee":"97103","nom":"Baie-Mahault","codes_postaux":["97122"],"code_dep":"971","code_region":"01","population":30924,"surface_km2":46.74,"lat":16.2498,"lon":-61.5951},{"code_insee":"97104","nom":"Baillif","codes_postaux":["97123"],"code_dep":"971","code_region":"01","population":5096,"surface_km2":24.4,"lat":16.0497,"lon":-61.7158},{"code_insee":"97105","nom":"Basse-Terre","codes_postaux":["97100"],"code_dep":"971","code_region":"01","population":9417,"surface_km2":4.5,"lat":15.9992,"lon":-61.7294},{"code_insee":"97106","nom":"Bouillante","codes_postaux":["97125"],"code_dep":"971","code_region":"01","population":6127,"surface_km2":43.67,"lat":16.1387,"lon":-61.7578},{"code_insee":"97107","nom":"Capesterre-Belle-Eau","codes_postaux":["97130"],"code_dep":"971","code_region":"01","population":17684,"surface_km2":103.63,"lat":16.0486,"lon":-61.6197},{"code_insee":"97108","nom":"Capesterre-de-Marie-Galante","codes_postaux":["97140"],"code_dep":"971","code_region":"01","population":3123,"surface_km2":46.39,"lat":15.9176,"lon":-61.2296},{"code_insee":"97109","nom":"Gourbeyre","codes_postaux":["97113"],"code_dep":"971","code_region":"01","population":7307,"surface_km2":22.76,"lat":16.0057,"lon":-61.689},{"code_insee":"97110","nom":"La Désirade","codes_postaux":["97127"],"code_dep":"971","code_region":"01","population":1306,"surface_km2":21.17,"lat":16.2972,"lon":-61.0814},{"code_insee":"97111","nom":"Deshaies","codes_postaux":["97126"],"code_dep":"971","code_region":"01","population":3710,"surface_km2":31.57,"lat":16.3194,"lon":-61.7831},{"code_insee":"97112","nom":"Grand-Bourg","codes_postaux":["97112"],"code_dep":"971","code_region":"01","population":4617,"surface_km2":55.83,"lat":15.9085,"lon":-61.2929},{"code_insee":"97113","nom":"Le Gosier","codes_postaux":["97190"],"code_dep":"971","code_region":"01","population":27757,"surface_km2":45.75,"lat":16.2274,"lon":-61.4749},{"code_insee":"97114","nom":"Goyave","codes_postaux":["97128"],"code_dep":"971","code_region":"01","population":7565,"surface_km2":60.37,"lat":16.1231,"lon":-61.615},{"code_insee":"97115","nom":"Lamentin","codes_postaux":["97129"],"code_dep":"971","code_region":"01","population":18628,"surface_km2":65.8,"lat":16.2443,"lon":-61.6695},{"code_insee":"97116","nom":"Morne-à-l'Eau","codes_postaux":["97111"],"code_dep":"971","code_region":"01","population":16228,"surface_km2":70.01,"lat":16.3212,"lon":-61.4988},{"code_insee":"97117","nom":"Le Moule","codes_postaux":["97160"],"code_dep":"971","code_region":"01","population":23014,"surface_km2":83.38,"lat":16.3354,"lon":-61.36},{"code_insee":"97118","nom":"Petit-Bourg","codes_postaux":["97170"],"code_dep":"971","code_region":"01","population":24665,"surface_km2":131.92,"lat":16.1695,"lon":-61.658},{"code_insee":"97119","nom":"Petit-Canal","codes_postaux":["97131"],"code_dep":"971","code_region":"01","population":8212,"surface_km2":74.21,"lat":16.3921,"lon":-61.4547},{"code_insee":"97120","nom":"Pointe-à-Pitre","codes_postaux":["97110"],"code_dep":"971","code_region":"01","population":15040,"surface_km2":2.78,"lat":16.2351,"lon":-61.5379},{"code_insee":"97121","nom":"Pointe-Noire","codes_postaux":["97116"],"code_dep":"971","code_region":"01","population":5762,"surface_km2":60.06,"lat":16.227,"lon":-61.7651},{"code_insee":"97122","nom":"Port-Louis","codes_postaux":["97117"],"code_dep":"971","code_region":"01","population":5607,"surface_km2":44.38,"lat":16.4201,"lon":-61.488},{"code_insee":"97124","nom":"Saint-Claude","codes_postaux":["97120"],"code_dep":"971","code_region":"01","population":10177,"surface_km2":34.6,"lat":16.0406,"lon":-61.6953},{"code_insee":"97125","nom":"Saint-François","codes_postaux":["97118"],"code_dep":"971","code_region":"01","population":13942,"surface_km2":61.2,"lat":16.2784,"lon":-61.2539},{"code_insee":"97126","nom":"Saint-Louis","codes_postaux":["97134"],"code_dep":"971","code_region":"01","population":2610,"surface_km2":57.67,"lat":15.9654,"lon":-61.2732},{"code_insee":"97128","nom":"Sainte-Anne","codes_postaux":["97180"],"code_dep":"971","code_region":"01","population":23973,"surface_km2":80.96,"lat":16.2565,"lon":-61.3896},{"code_insee":"97129","nom":"Sainte-Rose","codes_postaux":["97115"],"code_dep":"971","code_region":"01","population":17700,"surface_km2":123.11,"lat":16.2937,"lon":-61.6836},{"code_insee":"97130","nom":"Terre-de-Bas","codes_postaux":["97136"],"code_dep":"971","code_region":"01","population":873,"surface_km2":6.81,"lat":15.8554,"lon":-61.6326},{"code_insee":"97131","nom":"Terre-de-Haut","codes_postaux":["97137"],"code_dep":"971","code_region":"01","population":1463,"surface_km2":5.82,"lat":15.8579,"lon":-61.5892},{"code_insee":"97132","nom":"Trois-Rivières","codes_postaux":["97114"],"code_dep":"971","code_region":"01","population":7415,"surface_km2":31.39,"lat":15.9931,"lon":-61.6493},{"code_insee":"97133","nom":"Vieux-Fort","codes_postaux":["97141"],"code_dep":"971","code_region":"01","population":1674,"surface_km2":7.38,"lat":15.9607,"lon":-61.6929},{"code_insee":"97134","nom":"Vieux-Habitants","codes_postaux":["97119"],"code_dep":"971","code_region":"01","population":7077,"surface_km2":60.04,"lat":16.0847,"lon":-61.717}]